t_wall,t_rel,x,y,z,yaw,speed_est
1776265232.184597,3.314070701599121,-0.003094045872366985,-0.581807651368894,0.0016969340263864596,0.0016555837267664241,0.0
1776265232.1854312,3.3149049282073975,-0.003094045872366985,-0.581807651368894,0.0016969340263864596,0.0016555837267664241,0.0
1776265232.1856935,3.315167188644409,-0.003094045872366985,-0.581807651368894,0.0016969340263864596,0.0016555837267664241,0.0
1776265232.1957438,3.3252174854278564,-0.003094045872366985,-0.581807651368894,0.0016969340263864596,0.0016555837267664241,0.0
1776265232.2042103,3.333683967590332,-0.003094045872366985,-0.581807651368894,0.0016969340263864596,0.0016555837267664241,0.0
1776265232.2468987,3.3763723373413086,-0.003094045872366985,-0.581807651368894,0.0016969340263864596,0.0016555837267664241,0.0
1776265232.3351388,3.4646124839782715,-0.003094045872366985,-0.581807651368894,0.0016969340263864596,0.0016555837267664241,0.0
1776265232.3357434,3.465217113494873,-0.003094045872366985,-0.581807651368894,0.0016969340263864596,0.0016555837267664241,0.0
1776265232.3359659,3.465439558029175,-0.003094045872366985,-0.581807651368894,0.0016969340263864596,0.0016555837267664241,0.0
1776265232.3361819,3.465655565261841,-0.003094045872366985,-0.581807651368894,0.0016969340263864596,0.0016555837267664241,0.0
1776265232.3363721,3.465845823287964,-0.003094045872366985,-0.581807651368894,0.0016969340263864596,0.0016555837267664241,0.0
1776265232.336554,3.4660277366638184,-0.003094045872366985,-0.581807651368894,0.0016969340263864596,0.0016555837267664241,0.0
1776265232.348256,3.4777297973632812,-0.003094045872366985,-0.581807651368894,0.0016969340263864596,0.0016555837267664241,0.0
1776265232.3562455,3.4857192039489746,-0.003094045872366985,-0.581807651368894,0.0016969340263864596,0.0016555837267664241,0.0
1776265232.394245,3.5237185955047607,-0.003094045872366985,-0.581807651368894,0.0016969340263864596,0.0016555837267664241,0.0
1776265232.409121,3.5385947227478027,-0.003094045872366985,-0.581807651368894,0.0016969340263864596,0.0016555837267664241,0.0
1776265232.4217951,3.5512688159942627,-0.003094045872366985,-0.581807651368894,0.0016969340263864596,0.0016555837267664241,0.0
1776265232.4290333,3.558506965637207,-0.003094045872366985,-0.581807651368894,0.0016969340263864596,0.0016555837267664241,0.0
1776265232.472439,3.6019127368927,-0.003094045872366985,-0.581807651368894,0.0016969340263864596,0.0016555837267664241,0.0
1776265232.4832678,3.612741470336914,-0.003094045872366985,-0.581807651368894,0.0016969340263864596,0.0016555837267664241,0.0
1776265232.4961908,3.625664472579956,-0.003094045872366985,-0.581807651368894,0.0016969340263864596,0.0016555837267664241,0.0
1776265232.5149124,3.644386053085327,-0.003094034931332095,-0.5818076520568815,0.0016986793053531332,0.0016555837286375127,9.322468237851551e-05
1776265232.5421662,3.671639919281006,-0.0030939920470806786,-0.5818076519862365,0.001704617620749277,0.001655583734992849,0.00021789459883491747
1776265232.5511353,3.6806089878082275,-0.003093359734590733,-0.5818081582047543,0.0017115529253215744,0.0016576081866048651,0.0007785027052962853
1776265232.5912738,3.720747470855713,-0.003093359734590733,-0.5818081582047543,0.0017115529253215744,0.0016576081866048651,0.0
1776265232.5918958,3.721369504928589,-0.0030941466132959924,-0.5818073025395983,0.001721362912706241,0.001653845665795337,0.01588116067072698
1776265232.592136,3.721609592437744,-0.0030930790738101224,-0.5818082596455966,0.0017359492862864256,0.0016580947907296668,0.06104720080141227
1776265232.6300237,3.7594974040985107,-0.0030891395618283433,-0.581812063757713,0.0017524883351434928,0.0016749393334799826,0.0004598351009198399
1776265232.637725,3.7671988010406494,-0.003083681003344316,-0.5818172166561772,0.0017701017555431312,0.0016970036790326592,0.0024860814325189566
1776265232.6572046,3.7866783142089844,-0.003083681003344316,-0.5818172166561772,0.0017701017555431312,0.0016970036790326592,0.0
1776265232.657791,3.787264585494995,-0.00307083120832892,-0.581819061766412,0.0017881230770140505,0.0017210342578600107,0.03788370060500426
1776265232.664061,3.793534755706787,-0.0030627949952712827,-0.5818101971857976,0.0018103866581871894,0.00174908886850778,0.004031000297739283
1776265232.6894352,3.818908929824829,-0.003052748660471043,-0.5817967947002055,0.0018367590439632916,0.0017952849273082368,0.0012312491403465742
1776265232.7153912,3.844864845275879,-0.0030511692590966173,-0.581781083230837,0.001867048986105846,0.0018404168929686592,0.0013160323999196867
1776265232.7303154,3.8597891330718994,-0.0030638981239238454,-0.581768967374745,0.0019022810051528768,0.0018931916989035923,0.0026380807375775243
1776265232.734526,3.863999605178833,-0.003083741869071991,-0.5817568348667794,0.0019360123694648554,0.0019440342241799095,0.009731184325403685
1776265232.7478335,3.877307176589966,-0.003118738316171649,-0.5817442783067306,0.0019668318764432466,0.001990778457122152,0.003629023036197945
1776265232.7803805,3.9098541736602783,-0.0031233522519577093,-0.5817531564895692,0.002007201236603577,0.0020233558941825268,0.0012778694600817132
1776265232.7931814,3.9226551055908203,-0.003121247139436391,-0.5817647700452293,0.002046098777706132,0.00205591084710585,0.0031754562429977752
1776265232.8052719,3.9347455501556396,-0.0031071801760567262,-0.5817780985273772,0.0020834013412662777,0.002084647653336429,0.003476779339604083
1776265232.8152418,3.9447154998779297,-0.003090673409167381,-0.581792537346184,0.002121789286588509,0.0021105857840389825,0.004434396835137859
1776265232.8525672,3.9820408821105957,-0.0030912953654211274,-0.5818077967912929,0.002160525641676965,0.0021327917791426365,0.0011155474785499375
1776265232.8661296,3.995603322982788,-0.003098388334653491,-0.5818262603121058,0.002200040298344731,0.002154350809719809,0.003258149426971141
1776265232.8741605,4.003634214401245,-0.0031085941808758374,-0.5818497614668169,0.0022402043677226605,0.0021761402921246257,0.005932154341125688
1776265232.8961303,4.025604009628296,-0.003125376254990109,-0.5818754985638558,0.00228295036214813,0.0021954119206998315,0.002396140782941801
1776265232.9375463,4.067019939422607,-0.0031444507425831244,-0.5819043975013293,0.002328570560736515,0.0022143600481760108,0.0013828717282243785
1776265232.9748306,4.104304313659668,-0.0031744394824295887,-0.581935349352505,0.0023747461401577435,0.0022316357604271982,0.0016940794622246804
1776265232.9759977,4.10547137260437,-0.0032117487517756434,-0.5819652848514463,0.0024187535113636485,0.0022489168104024887,0.05569400580391751
1776265232.985726,4.11519980430603,-0.0032283525841981403,-0.5819928423921814,0.002458452694886225,0.002264143826632595,0.005252565205622544
1776265233.014346,4.143819570541382,-0.0032064687023054556,-0.5820179374676374,0.002459299378099078,0.0022785178807406816,0.0011637906433877407
1776265233.0301719,4.1596455574035645,-0.003162770701411528,-0.5820387893835105,0.0023825243250872735,0.0022916055342560955,0.005735340949508571
1776265233.0633402,4.192813873291016,-0.003120950922859682,-0.5820579948233116,0.0022061017584316736,0.00230470752470381,0.005496984273367628
1776265233.0727491,4.20222282409668,-0.0030923951552467885,-0.5820715294417451,0.0019320287797581284,0.002315199352606559,0.029321948780407274
1776265233.1026192,4.23209285736084,-0.003093109416121073,-0.582070078169222,0.001661690154638809,0.0023186395211794884,0.009050658287800249
1776265233.1242857,4.253759384155273,-0.0030912662469153133,-0.5820681736228331,0.0016706276108151771,0.0023243731128726633,0.0004302563791851474
1776265233.1280751,4.257548809051514,-0.003091266548436465,-0.5820681775703523,0.0016717047688873665,0.0023243731383424926,0.0002842556264350272
1776265233.1485457,4.278019428253174,-0.003091266548436465,-0.5820681775703523,0.0016717047688873665,0.0023243731383424926,0.0
1776265233.1560807,4.2855544090271,-0.0030912668503176866,-0.5820681813948811,0.0016727391610875733,0.0023243731457114588,0.00013727962228629096
1776265233.188083,4.317556619644165,-0.0030912671409308156,-0.5820681850682555,0.0016737327981653366,0.002324373152419079,3.104922726033611e-05
1776265233.2022824,4.331756114959717,-0.003091267420503071,-0.5820681885972017,0.0016746872598737902,0.0023243731594378334,6.721846459883218e-05
1776265233.2100084,4.339482069015503,-0.003091267420503071,-0.5820681885972017,0.0016746872598737902,0.0023243731594378334,0.0
1776265233.2299917,4.3594653606414795,-0.0030912677536658905,-0.5820681928136681,0.0016758276270715453,0.0023243731650050116,5.706642643541966e-05
1776265233.269148,4.3986217975616455,-0.0030912677536658905,-0.5820681928136681,0.0016758276270715453,0.0023243731650050116,0.0
1776265233.2855284,4.415002107620239,-0.003091268069739335,-0.582068196823426,0.0016769120675096533,0.0023243731754245137,6.620435714451793e-05
1776265233.29515,4.424623727798462,-0.003091268370762029,-0.5820682006353292,0.0016779432941399566,0.0023243731814415534,0.000107178801533876
1776265233.3127038,4.4421775341033936,-0.003091268370762029,-0.5820682006353292,0.0016779432941399566,0.0023243731814415534,0.0
1776265233.3447688,4.474242448806763,-0.00309126865764348,-0.5820682042606458,0.0016789240398313587,0.0023243731847361754,3.058646632568328e-05
1776265233.3897767,4.519250392913818,-0.00309126865764348,-0.5820682042606458,0.0016789240398313587,0.0023243731847361754,0.0
1776265233.390417,4.519890785217285,-0.00309126865764348,-0.5820682042606458,0.0016789240398313587,0.0023243731847361754,0.0
1776265233.3906484,4.520122051239014,-0.0030912689302321377,-0.5820682077091947,0.0016798567088735922,0.002324373188793358,0.004032911754995395
1776265233.3908572,4.520330905914307,-0.0030912689302321377,-0.5820682077091947,0.0016798567088735922,0.002324373188793358,0.0
1776265233.4248168,4.554290533065796,-0.0030912692376214523,-0.5820682116240237,0.001680915762543797,0.002324373197031613,3.118588274590271e-05
1776265233.442724,4.572197675704956,-0.0030912692376214523,-0.5820682116240237,0.001680915762543797,0.002324373197031613,0.0
1776265233.446136,4.5756096839904785,-0.0030912695267323537,-0.5820682153098126,0.0016819127996541908,0.002324373201497529,0.000292216161731692
1776265233.46649,4.595963716506958,-0.0030912695267323537,-0.5820682153098126,0.0016819127996541908,0.002324373201497529,0.0
1776265233.5052989,4.634772539138794,-0.00309126979827772,-0.582068218780354,0.0016828514625828322,0.002324373203995938,2.418701006883189e-05
1776265233.5122445,4.641718149185181,-0.00309126979827772,-0.582068218780354,0.0016828514625828322,0.002324373203995938,0.0
1776265233.5253778,4.65485143661499,-0.003091270095991952,-0.5820682225745996,0.0016838773497440049,0.0023243732118130864,7.811404618546498e-05
1776265233.5326152,4.662088871002197,-0.003091270095991952,-0.5820682225745996,0.0016838773497440049,0.0023243732118130864,0.0
1776265233.5835216,4.712995290756226,-0.003091270375771543,-0.5820682261111128,0.00168483377543905,0.0023243732123792403,1.8788048323429517e-05
1776265233.5915225,4.720996141433716,-0.003091270375771543,-0.5820682261111128,0.00168483377543905,0.0023243732123792403,0.0
1776265233.60769,4.737163782119751,-0.003091270375771543,-0.5820682261111128,0.00168483377543905,0.0023243732123792403,0.0
1776265233.627727,4.757200717926025,-0.0030912706718987546,-0.5820682298578979,0.0016858474729398304,0.002324373221887612,5.05917909885829e-05
1776265233.6396146,4.769088268280029,-0.0030912706718987546,-0.5820682298578979,0.0016858474729398304,0.002324373221887612,0.0
1776265233.6783123,4.807785987854004,-0.0030912706718987546,-0.5820682298578979,0.0016858474729398304,0.002324373221887612,0.0
1776265233.6919317,4.821405410766602,-0.003091270946488831,-0.5820682333148627,0.0016867828937320306,0.002324373230823715,6.868332280356196e-05
1776265233.7043388,4.833812475204468,-0.003091270946488831,-0.5820682333148627,0.0016867828937320306,0.002324373230823715,0.0
1776265233.710544,4.840017795562744,-0.003091270946488831,-0.5820682333148627,0.0016867828937320306,0.002324373230823715,0.0
1776265233.7600076,4.88948130607605,-0.0030912712295413035,-0.5820682368860209,0.001687749136956157,0.002324373227435521,1.953459944298273e-05
1776265233.7796729,4.909146547317505,-0.0030912712295413035,-0.5820682368860209,0.001687749136956157,0.002324373227435521,0.0
1776265233.7808046,4.9102783203125,-0.0030912712295413035,-0.5820682368860209,0.001687749136956157,0.002324373227435521,0.0
1776265233.799127,4.928600788116455,-0.0030912715164559184,-0.5820682404946235,0.0016887249598721635,0.00232437323283917,5.325863529561875e-05
1776265233.8563602,4.9858338832855225,-0.0030912715164559184,-0.5820682404946235,0.0016887249598721635,0.00232437323283917,0.0
1776265233.8801367,5.009610414505005,-0.0030912715164559184,-0.5820682404946235,0.0016887249598721635,0.00232437323283917,0.0
1776265233.8805013,5.009974956512451,-0.0030912715164559184,-0.5820682404946235,0.0016887249598721635,0.00232437323283917,0.0
1776265233.8909993,5.020473003387451,-0.003091271796722205,-0.5820682440658755,0.0016896907767858863,0.0023243732329434113,9.20003090558808e-05
1776265233.9376283,5.067101955413818,-0.0030933676461319913,-0.582068725413838,0.0017101106207881092,0.0023238448975499678,0.000440343627076644
1776265233.9473252,5.076798915863037,-0.0031008030540467216,-0.5820704239802005,0.001857000120292697,0.0023191894263909813,0.015168399871967279
1776265233.9603162,5.089789867401123,-0.0030877114952897093,-0.5820762163616572,0.00220051990308065,0.0023175129379490577,0.02646595575113149
1776265233.9780033,5.1074769496917725,-0.003059584859405592,-0.5820819065338206,0.002768376314153817,0.0023150515276150986,0.032146683216985786
1776265234.005957,5.135430574417114,-0.0030311494615041113,-0.5820849544111352,0.0035691648365158285,0.00231524174337232,0.02866529931497197
1776265234.029117,5.158590793609619,-0.0030079415060544562,-0.5820869984791948,0.0046025027207776265,0.0023179486495186626,0.044628268852524224
1776265234.029479,5.158952713012695,-0.0029905984381809656,-0.5820862667677712,0.005865635561551993,0.0023207218032121734,3.490423829849699
1776265234.0442429,5.1737165451049805,-0.0029804221969834733,-0.5820826366718952,0.0073559275680752725,0.0023244458433415893,0.10094473855613073
1776265234.0794048,5.208878517150879,-0.0029832154794688114,-0.5820749447312358,0.009068509695839513,0.0023290897148916423,0.048706075907533716
1776265234.0908613,5.220335006713867,-0.0029888865657119066,-0.5820680040280822,0.011001929220995778,0.002332073955959853,0.16876376394991188
1776265234.1343403,5.2638139724731445,-0.0029940420253858286,-0.5820696902546513,0.013153889872595692,0.0023359391242323614,0.04949444979036425
1776265234.1429129,5.27238655090332,-0.0030151809223059466,-0.5820797801615176,0.015520061468695036,0.0023386509441320567,0.27602984921015167
1776265234.1545,5.283973693847656,-0.003046156740591845,-0.5820952683181547,0.018094784264760314,0.0023435302239417162,0.2222252468216816
1776265234.1830192,5.312492847442627,-0.0030949926208517064,-0.5821125819991364,0.020874170738237274,0.002347881631376726,0.09747376933115544
1776265234.2056274,5.335101127624512,-0.0031686256432646477,-0.5821259463446987,0.023854254814049493,0.002351596350721326,0.13185538865887578
1776265234.2141805,5.343654155731201,-0.0032432604661260843,-0.5821336436863003,0.02703102316292924,0.00235428168841861,0.3715238912243351
1776265234.2262516,5.355725288391113,-0.0033073320933484653,-0.5821344436311984,0.03039865165462132,0.002355166261640894,0.27903247619944893
1776265234.2725222,5.401995897293091,-0.0033619259728402654,-0.5821225677263417,0.033952095624378155,0.002354239501892612,0.07680649234548005
1776265234.280875,5.410348653793335,-0.0034009427309694557,-0.582097992290069,0.03768607099234526,0.0023567724198003126,0.4470691890676925
1776265234.29648,5.42595362663269,-0.0034291351271803156,-0.5820616886045217,0.04159427175417427,0.0023565670350992234,0.25046317556183467
1776265234.307204,5.436677694320679,-0.0034645648902683337,-0.5820116487850404,0.04567141215372389,0.002356745847349162,0.3802289865977835
1776265234.3539946,5.483468294143677,-0.003515711200697897,-0.581950286379051,0.04991157853054273,0.0023552725588523752,0.09063612792276178
1776265234.3702567,5.499730348587036,-0.003586586125924559,-0.5818799194342207,0.05430911534668457,0.0023536378738291145,0.2704867835630582
1776265234.3812082,5.510681867599487,-0.0036678710706029662,-0.5818041495892916,0.05886148307826819,0.002349642763564177,0.4158075035977192
1776265234.3889568,5.518430471420288,-0.003752160692403085,-0.5817248235153376,0.06356388882926475,0.0023427570941498056,0.6070551762172497
1776265234.436796,5.566269636154175,-0.003835451209289826,-0.581639008440532,0.0684133786597852,0.00233587280660257,0.10140152266013366
1776265234.458202,5.58767557144165,-0.0039057360348049297,-0.581549133668359,0.07340683988516444,0.0023297895227308235,0.23333549485002988
1776265234.4664187,5.595892429351807,-0.003963896761649464,-0.5814578219098283,0.07854059481698408,0.0023227739297271527,0.6249221265833756
1776265234.47646,5.605933666229248,-0.003989787312789439,-0.5813636110468285,0.08381175500573546,0.002318006714362379,0.5250414534873873
1776265234.5134077,5.642881393432617,-0.003985619294307144,-0.5812646338668843,0.08921551510411713,0.0023133368175705066,0.14627876974110357
1776265234.524328,5.653801679611206,-0.003950547241405158,-0.5811623203597638,0.09474923849299123,0.0023109582747388416,0.5068347276244052
1776265234.5458214,5.675295114517212,-0.0038989051867376655,-0.5810525560338647,0.10040856692933756,0.0023106698471280526,0.26336545960923907
1776265234.5535216,5.682995319366455,-0.003859769669873935,-0.5809336127634148,0.10619063439568727,0.002310258865765249,0.7510739335335497
1776265234.588954,5.718427658081055,-0.0038517908759703357,-0.5808043459328659,0.11209111259453941,0.002308741155673251,0.16656815824114604
1776265234.6058242,5.735297918319702,-0.0038831872947615435,-0.5806653205387793,0.11810662222218868,0.002307051545761987,0.35667486792553876
1776265234.6112642,5.7407379150390625,-0.003959055191618911,-0.5805201250368484,0.12423104663648402,0.0023062756875857123,1.1262166826195616
1776265234.6256661,5.7551398277282715,-0.004052730045860859,-0.5803695153927714,0.1304624409370138,0.0023069654473036926,0.4328534756268055
1776265234.6432788,5.772752523422241,-0.004147390269784577,-0.580216347229585,0.1367956212524588,0.0023083736167777997,0.35972570732255693
1776265234.6798697,5.809343338012695,-0.004232100565252262,-0.5800621323952153,0.14322569969926008,0.002309395675809033,0.17579508279056535
1776265234.682566,5.812039613723755,-0.0042864622985549,-0.5799093636425989,0.1497498146914569,0.0023110181077964,2.4204237550499106
1776265234.7009733,5.83044695854187,-0.004312812247526579,-0.579761560591034,0.15636364251091855,0.0023126187682843157,0.35939629945025564
1776265234.7147272,5.844200849533081,-0.004321798573830006,-0.5796119405854053,0.1630642932197186,0.0023085044726385722,0.487304063623292
1776265234.7393775,5.868851184844971,-0.004314509371324406,-0.579454361725246,0.16984994380397458,0.0023068716458429167,0.27535057202020213
1776265234.7511258,5.880599498748779,-0.00430063107075016,-0.5792883500548529,0.17671653026673492,0.002306152530374473,0.5846461932422795
1776265234.7641335,5.893607139587402,-0.004300976984182005,-0.5791166162054024,0.18366072580609216,0.0023066791322984294,0.5340183394325229
1776265234.7851155,5.914589166641235,-0.004320560086540094,-0.5789424565857693,0.19067950489334365,0.002305751119139099,0.3346181373207051
1776265234.809726,5.939199686050415,-0.004339575555565012,-0.5787646127448155,0.19777143503896794,0.002305797498246268,0.28825824644016956
1776265234.8247235,5.95419716835022,-0.004345274733542665,-0.5785862505571926,0.2049328451122675,0.0023090807436223714,0.47765571570450555
1776265234.8353512,5.964824914932251,-0.004352025824246496,-0.5784126358533895,0.21216225402262048,0.0023146773048777804,0.6804355362914247
1776265234.848036,5.9775097370147705,-0.004359332784385954,-0.5782482639264578,0.21945408095321195,0.0023183107558608263,0.5749929276944878
1776265234.8879652,6.017438888549805,-0.0043637296872015684,-0.5780913665014412,0.226804389512295,0.002316543825720014,0.18412573126700568
1776265234.9118102,6.041283845901489,-0.004358385931206813,-0.5779436610898301,0.23421010632135386,0.0023127991303541337,0.310639748986913
1776265234.9182892,6.047762870788574,-0.004346977213613705,-0.5778075971210378,0.24166727892298004,0.0023067821826831102,1.1511643602485733
1776265234.9321806,6.061654329299927,-0.004326490561255651,-0.5776847033762451,0.24917404512340335,0.002302497989867896,0.5404616101838124
1776265234.9606142,6.090087890625,-0.004286142428367697,-0.5775679922626727,0.25672657148705236,0.002300458965894449,0.2656556373557291
1776265234.9739206,6.103394269943237,-0.004221817602663402,-0.5774580245104287,0.2643203534664584,0.0022968619132897445,0.5707676294869205
1776265234.9906962,6.1201698780059814,-0.004131269407213782,-0.5773552237289917,0.27195463886254795,0.0022889993066506848,0.45515574715552176
1776265235.0014153,6.130888938903809,-0.0040374816571615,-0.5772507884535572,0.27962987535325495,0.0022780336684957185,0.716156013249608
1776265235.0297275,6.159201145172119,-0.003951490048474892,-0.5771346735948101,0.2873417851466463,0.0022687902018768843,0.27243596529987996
1776265235.0455027,6.174976348876953,-0.0038707862002589593,-0.5770086603101141,0.2950870521480916,0.0022602445371921525,0.4910689312868452
1776265235.0560753,6.185549020767212,-0.003796077453161602,-0.5768724366891946,0.30286313762798583,0.002252915788343678,0.7356359385316041
1776265235.0680547,6.19752836227417,-0.0037133489280575666,-0.5767296936715971,0.31066653723199295,0.0022444683915185384,0.6515502950808403
1776265235.0809755,6.21044921875,-0.003595795507584357,-0.5765838871539,0.31849835676267546,0.0022366275478324523,0.6063110987625803
1776265235.1157517,6.245225429534912,-0.0034564572335290143,-0.5764411472270001,0.3263548282268475,0.0022315496079526238,0.22598791461219864
1776265235.1345432,6.26401686668396,-0.003301269459185861,-0.5763058611744224,0.33422995407041833,0.0022278921670984115,0.41922373606582347
1776265235.1432273,6.272701025009155,-0.0031410281337415718,-0.5761818962309738,0.3421227527670169,0.0022238688665128306,0.9091725532632263
1776265235.1571767,6.2866504192352295,-0.002997564501819657,-0.5760753756865694,0.35003231723078493,0.002221535710281134,0.5671631629193818
1776265235.198245,6.327718734741211,-0.0028489100145013386,-0.5759851787173227,0.357958833291652,0.002212679873500041,0.19305449602144334
1776265235.2112217,6.340695381164551,-0.0026843525225354616,-0.5759099422015795,0.3658989376082873,0.0022014186381879497,0.6120353022582142
1776265235.2190278,6.348501443862915,-0.0025329005463992213,-0.5758510117561073,0.3738502286312735,0.0021948133664107844,1.0188172866190186
1776265235.2388222,6.368295907974243,-0.002412565913502709,-0.5758080120604581,0.3818072706708693,0.002190191772403608,0.4020350349432731
1776265235.2808094,6.410283088684082,-0.0023265995571461326,-0.5757769510564308,0.3897653571816532,0.002189723130341593,0.1895486026138077
1776265235.2812042,6.410677909851074,-0.0022536977763467155,-0.5757558229107559,0.3977223431194197,0.002191434780622231,20.15430936332753
1776265235.2902524,6.419726133346558,-0.0021559463568618896,-0.5757480368506436,0.4056792458714456,0.0021871749732543066,0.8794551754752838
1776265235.3069525,6.436426162719727,-0.00203838192716276,-0.5757547067391212,0.41363202709162944,0.002172947849868206,0.47626580515452815
1776265235.3439183,6.473392009735107,-0.0019394789995236666,-0.5757696850323839,0.4215819276719754,0.002157796513125728,0.21507771421764307
1776265235.3615923,6.491065979003906,-0.0018613501726277657,-0.5757966358464215,0.42952362030758334,0.0021442750022647996,0.44936836435675326
1776265235.368593,6.498066663742065,-0.0018033315191362442,-0.5758365930049258,0.437451960030841,0.0021327287710930566,1.1325538841238236
1776265235.3793814,6.508855104446411,-0.001747381557922225,-0.5758885375077016,0.44536667918565065,0.0021200752331524916,0.7336637033754202
1776265235.4161446,6.545618295669556,-0.0016957124054204548,-0.5759562659597345,0.4532666796929721,0.002102238466649896,0.2149013598940645
1776265235.4403856,6.569859266281128,-0.0016649121546605788,-0.576043967151826,0.46115086444589565,0.0020890670226747137,0.32526472649928245
1776265235.4428127,6.572286367416382,-0.001670463985440859,-0.5761555091549128,0.46901637716839756,0.0020798408745676105,3.2410291538743388
1776265235.4571717,6.5866453647613525,-0.0017138724337406738,-0.5762866087942803,0.476862344927627,0.0020746011912960963,0.5464993718075821
1776265235.4897728,6.619246482849121,-0.0017811799345862885,-0.576433787722931,0.4846896618953345,0.0020687208457908996,0.24014482811991433
1776265235.5010254,6.6304991245269775,-0.0018448777576901517,-0.5765952508900835,0.4925000186543887,0.002062339089453274,0.6942623297556212
1776265235.5119503,6.641423940658569,-0.001896411101665578,-0.5767603445059707,0.5002906894062081,0.0020556126185811655,0.7132925741753892
1776265235.5293515,6.658825159072876,-0.00196921690562504,-0.5769238216806546,0.5080649793878604,0.0020505426106030384,0.4468853403072613
1776265235.537101,6.666574716567993,-0.0020782825912611796,-0.5770799701682617,0.5158207926038614,0.002045305148182709,1.0011089806351363
1776265235.5776966,6.707170248031616,-0.0021993604524823307,-0.5772309343229085,0.5235547520969335,0.002039155237898385,0.19057221268063407
1776265235.587931,6.71740460395813,-0.0022895670838873313,-0.5773785151731037,0.5312666753093755,0.002034716247255805,0.7537223353456932
1776265235.6003723,6.729846000671387,-0.0023469927557443378,-0.5775292513047672,0.5389512510901605,0.002032403326840209,0.6177978818575978
1776265235.6182933,6.747766971588135,-0.002382447482204283,-0.5776881534905673,0.5466073559280665,0.002031247197910591,0.42731143174429165
1776265235.6539025,6.783376216888428,-0.002418503676058601,-0.5778544323289979,0.5542326597022896,0.0020327453714690915,0.21419161438456313
1776265235.6656742,6.795147895812988,-0.00247045457193576,-0.5780272184266766,0.5618238671574082,0.0020378479296575317,0.6450525356392538
1776265235.6870964,6.816570043563843,-0.002547362812923755,-0.5782025420030422,0.5693791943399233,0.0020420882882232544,0.3528008739429186
1776265235.6927123,6.82218599319458,-0.002643952801743999,-0.5783788752233453,0.5768953490216305,0.002048196467643652,1.338837377784222
1776265235.7455544,6.875028133392334,-0.002733243540304857,-0.5785522685775536,0.5843722871805738,0.0020562815551528075,0.14154387753408193
1776265235.7539961,6.883469820022583,-0.0028038743582006506,-0.5787226832803131,0.5918069242705859,0.002063911037723686,0.880976239442754
1776265235.766414,6.895887613296509,-0.0028593972990958927,-0.5788860166821219,0.5991965226450446,0.002069880037181663,0.5952435846492387
1776265235.7863262,6.915799856185913,-0.0029129220835273175,-0.5790420033688627,0.6065403141543864,0.0020736090429591043,0.3689008315053763
1776265235.8257678,6.955241441726685,-0.002961956980066742,-0.5791938753638107,0.6138401151219308,0.002076041562692199,0.18512301659610142
1776265235.8408003,6.970273971557617,-0.0030079567617001916,-0.5793425797742338,0.6210952869266627,0.002075579684247703,0.4827425235375855
1776265235.8554263,6.984899997711182,-0.0030486747857998053,-0.5794880633524815,0.6283041090848247,0.002075707188466527,0.49298455570623356
1776265235.8651538,6.994627475738525,-0.0030998377774213394,-0.579628683573227,0.6354664509690638,0.002075175221208032,0.7364606579796509
1776265235.896777,7.026250600814819,-0.0031589438503147474,-0.5797589338266503,0.6425830823712583,0.0020765860842942656,0.22509061401556613
1776265235.9082205,7.037694215774536,-0.003226292167981513,-0.5798793825955896,0.6496519714196319,0.002083132757350293,0.617832385401178
1776265235.9345589,7.064032554626465,-0.0033069085759606406,-0.5799941448749844,0.6566742856074435,0.0020945464214517113,0.2666726470264895
1776265235.9466202,7.076093912124634,-0.0034100483101053396,-0.58010522896287,0.6636486574022902,0.0021006427172827833,0.5783775898288486
1776265235.9779992,7.107472896575928,-0.003504086903884846,-0.5802179861611795,0.670576652142863,0.002103395122093852,0.2208341190239475
1776265235.9881003,7.117573976516724,-0.003559217467973727,-0.5803314510122135,0.6774559202330206,0.0021127712265874826,0.6811573288879829
1776265236.0011177,7.13059139251709,-0.00358147897579811,-0.5804398201240925,0.6842834561310989,0.002122631784468783,0.524561262252511
1776265236.0195074,7.148981094360352,-0.003591105154332987,-0.5805432046695282,0.6910557762542964,0.002132393077276597,0.368310269344845
1776265236.0250175,7.154491186141968,-0.00359512422918132,-0.5806411219408366,0.6977717160788185,0.0021364963629563775,1.2189733064189965
1776265236.0768566,7.206330299377441,-0.0036211637448219634,-0.5807326805530367,0.7044358976969386,0.0021378443423512557,0.12856819877056389
1776265236.077768,7.207241773605347,-0.003671940456437293,-0.5808193205379665,0.7110463982328297,0.0021379785971656355,7.253373790478196
1776265236.0992017,7.228675365447998,-0.0037268736596442393,-0.5808948832692723,0.7176007372870714,0.002138661553574003,0.30582857226957494
1776265236.1152966,7.244770288467407,-0.003765129843274043,-0.5809614847471034,0.7240985005694943,0.002141703863890614,0.40374329263114717
1776265236.1377378,7.267211437225342,-0.003799202799059107,-0.5810191393875682,0.7305370736219451,0.0021470524735864426,0.28692476511780846
1776265236.157164,7.286637783050537,-0.0038501073753230007,-0.5810721863947504,0.7369157562055166,0.0021526763036201903,0.3283739682273146
1776265236.1677527,7.297226428985596,-0.003927845835089604,-0.5811315214848344,0.7432347816087084,0.002155830084043163,0.5968451634575619
1776265236.1855636,7.315037250518799,-0.004038981895169226,-0.581203028968734,0.7494948213249377,0.0021571177317110447,0.3515522555747293
1776265236.207196,7.336669683456421,-0.004166253644613608,-0.5812858109129282,0.7556976269224052,0.0021547107490563723,0.2868222656125792
1776265236.2137823,7.343255996704102,-0.004284410874063512,-0.5813765222177693,0.761845314760065,0.0021524391486867495,0.9336774699957793
1776265236.225572,7.355045795440674,-0.004380558439687951,-0.5814706630452199,0.7679356682243395,0.00215157857388441,0.516704308344323
1776265236.234829,7.364302635192871,-0.0044580924373842125,-0.5815586829698093,0.7739676225974126,0.002148750789688704,0.651744541158683
1776265236.2795484,7.409022092819214,-0.004544123867259286,-0.5816379484352049,0.7799408212915659,0.0021500057751602667,0.13359607621851835
1776265236.2945137,7.42398738861084,-0.004639455092566157,-0.5817119446402783,0.7858522507026019,0.0021519266845819985,0.39509149515667824
1776265236.311171,7.44064474105835,-0.004728006899344945,-0.5817786349628512,0.7917023510195784,0.002154760401291675,0.3512653386460943
1776265236.3265302,7.456003904342651,-0.004796168442839852,-0.5818363589828116,0.797490504597989,0.0021551364940470908,0.3768983115499429
1776265236.359391,7.4888646602630615,-0.004840942977707117,-0.5818884207723346,0.803215244381766,0.002154050589738073,0.17422458596025822
1776265236.3731074,7.5025811195373535,-0.004861567470002499,-0.581937670706701,0.8088755872345704,0.002150014418724826,0.41268628931949136
1776265236.3846574,7.51413106918335,-0.004875137211274734,-0.581989465332702,0.814472008729782,0.0021451491649401504,0.48456294535774813
1776265236.393576,7.523049592971802,-0.00488902686215867,-0.5820520298940283,0.8200032114266157,0.002139784694239926,0.6202342557242687
1776265236.4392715,7.568745136260986,-0.004918821607228558,-0.5821243964959605,0.8254679064853726,0.0021331298901653196,0.11960149765865244
1776265236.4526517,7.582125425338745,-0.004967346739874304,-0.5822004046373465,0.830866496517331,0.0021245759839562785,0.4035296323435345
1776265236.4851308,7.614604473114014,-0.004967346739874304,-0.5822004046373465,0.830866496517331,0.0021245759839562785,0.0
1776265236.485732,7.615205764770508,-0.005021996881160964,-0.5822767461593419,0.8362015469629693,0.00212030014294405,8.874023833553736
1776265236.4859664,7.615440130233765,-0.00506991216025449,-0.5823531819690121,0.8414758691816758,0.002117047291650108,22.507982155810286
1776265236.486159,7.615632772445679,-0.005097375058931899,-0.5824298405886796,0.8466922804826764,0.0021080632034193338,27.0815351275524
1776265236.5308921,7.66036581993103,-0.005099999847399564,-0.5825034099154195,0.8518496856760335,0.0020996585460581517,0.11530469865453248
1776265236.5379763,7.667449951171875,-0.0050978912523325344,-0.5825702639557899,0.8569481695298565,0.002093214094719731,0.7197668155128131
1776265236.553576,7.68304967880249,-0.005118022650454284,-0.5826269144791228,0.8619885210973365,0.0020865953743112666,0.3231280850459746
1776265236.5653663,7.694839954376221,-0.005159803796511744,-0.5826737531258891,0.866967169182099,0.0020816953546255682,0.42230087666305
1776265236.6111646,7.740638256072998,-0.005217240193144636,-0.5827114954073822,0.8718837253809102,0.002073729698530972,0.10736285739234866
1776265236.6270294,7.756503105163574,-0.005304858477668445,-0.5827425364587632,0.8767410347028547,0.0020678984903754233,0.30622407100368715
1776265236.635412,7.764885663986206,-0.005411715571834496,-0.5827698536154998,0.8815405381967255,0.00206110894912523,0.5727094449250184
1776265236.6472418,7.776715517044067,-0.005520066361307545,-0.5827916828582692,0.8862805746382775,0.0020537951489187456,0.4007932206864825
1776265236.6754677,7.804941415786743,-0.005575125475882585,-0.5828102139671286,0.8909650306082761,0.0020487508513098948,0.16597580197473205
1776265236.689434,7.818907737731934,-0.005582519090378565,-0.5828291181362248,0.8955927379833815,0.0020465918132120575,0.33135079594443007
1776265236.7109127,7.840386390686035,-0.005549176635275059,-0.582850842629148,0.9001581975285854,0.0020458779870927988,0.21256607629704585
1776265236.7192254,7.84869909286499,-0.005477010072667088,-0.5828780348050578,0.9046572265885536,0.002040696349736198,0.5413029220114667
1776265236.7544007,7.883874416351318,-0.005382913731535778,-0.5829157387602735,0.9090929220632596,0.0020342798430355636,0.126135403493928
1776265236.7646456,7.8941192626953125,-0.005301053597538876,-0.5829613858292111,0.9134668970617055,0.0020271774022163854,0.4270419429873951
1776265236.7788444,7.908318042755127,-0.005245683585680616,-0.5830116869509261,0.9177768455244691,0.002021413281100759,0.3035892940223835
1776265236.7864552,7.915928840637207,-0.005207588794417434,-0.5830675283086635,0.9220216503236722,0.002016025257307563,0.5578052490099911
1776265236.832151,7.961624622344971,-0.00518468741056966,-0.5831292835028468,0.9262020970771255,0.0020111081356373323,0.09149565737337462
1776265236.8462303,7.975703954696655,-0.005177362933522193,-0.5831952514408226,0.9303152751270833,0.002005755321938906,0.29218100951347803
1776265236.861531,7.991004705429077,-0.005164170432907269,-0.5832631734724164,0.9343618438415863,0.0020044350130823787,0.26450729678217294
1776265236.873279,8.002752780914307,-0.0051387639997278415,-0.5833292020576025,0.9383420218145188,0.0020082871799782004,0.33884755863073734
1776265236.9137392,8.043212890625,-0.005086270412337151,-0.58339289416318,0.9422594898821706,0.0020145552251175165,0.09684445918810414
1776265236.925002,8.054475784301758,-0.0050145974988865995,-0.5834576271732735,0.9461126128954758,0.0020215322793570383,0.34221518010417984
1776265236.9342341,8.063707828521729,-0.004935596070630197,-0.5835208519522798,0.9499000850572477,0.002031759934541261,0.41039919983925016
1776265236.9466782,8.076151847839355,-0.004858369964213776,-0.5835786524484333,0.9536233879339766,0.0020438580117710884,0.29930459794519304
1776265236.9603872,8.089860916137695,-0.00481430504483241,-0.5836271281724883,0.9572858934108016,0.002054990598245764,0.26720206181075357
1776265236.9943573,8.123831033706665,-0.004809276118336194,-0.5836706098579377,0.960889634497571,0.002060137195732304,0.10609344807721098
1776265236.998564,8.128037691116333,-0.004806236724355059,-0.5837139416238839,0.964437042218615,0.002066450655875006,0.8433474175604163
1776265237.0294912,8.15896487236023,-0.0048037614994642045,-0.5837640738347174,0.9679267075375166,0.002073775809057825,0.11284656845752851
1776265237.0299294,8.159403085708618,-0.0047934569708538545,-0.5838207299731623,0.971358269479827,0.002081881793514448,7.831904476636167
1776265237.0851536,8.214627265930176,-0.00477027821561461,-0.5838820843703842,0.9747320002574628,0.002090435295826279,0.061103093249721185
1776265237.0887418,8.218215465545654,-0.004747191122531702,-0.5839451185538485,0.9780473477943539,0.0020990195192097205,0.9241478841626725
1776265237.0951648,8.22463846206665,-0.0047480995892634804,-0.5840094474850077,0.9813057285736742,0.0021065486680079217,0.5073980413697471
1776265237.1053336,8.234807252883911,-0.004779625604737799,-0.584072641771635,0.9845072696646654,0.0021096124573301246,0.31491648919921245
1776265237.1473417,8.276815414428711,-0.004801260885157977,-0.5841330031365283,0.9876538872635802,0.0021101978850044034,0.07492046184846113
1776265237.1623528,8.291826486587524,-0.004800317313773111,-0.5841849447066945,0.990743880720747,0.002111502534359911,0.20587670862726418
1776265237.1780488,8.307522535324097,-0.004763341098240929,-0.5842288531915432,0.993776944286308,0.002112042212555088,0.1932719998677449
1776265237.2010183,8.33049201965332,-0.004700975318706805,-0.5842649602955751,0.996756255277866,0.002109891525119448,0.12974529020531891
1776265237.2215896,8.351063251495361,-0.004629503393110004,-0.5842931233553228,0.9996833234692217,0.0021089853034896616,0.14233839338558468
1776265237.2315464,8.3610200881958,-0.0045865331406142,-0.5843128292349807,1.002559215191922,0.002109809709790612,0.288874902455864
1776265237.2489488,8.378422498703003,-0.004564954502455798,-0.584330165107998,1.0053823557463155,0.0021080170898939124,0.16223478032600236
1776265237.2659173,8.39539098739624,-0.004549684530004004,-0.5843508398885455,1.0081527142382969,0.002110904420377086,0.16327191945654193
1776265237.293256,8.422729730606079,-0.004521528130326803,-0.5843742617281614,1.0108725884825878,0.00211384102551202,0.09949692266981355
1776265237.304969,8.43444275856018,-0.004489558443796359,-0.5843938061775579,1.0135397573405631,0.0021165400257959423,0.22773206591550296
1776265237.3174078,8.446881532669067,-0.0044392029690836915,-0.5844070242365256,1.0161514524697284,0.0021170383502280956,0.2100057408976505
1776265237.3288205,8.458294153213501,-0.004363792542592865,-0.5844165003054711,1.018704692272789,0.0021136332940961083,0.22381982805971776
1776265237.381183,8.510656595230103,-0.004259411950925869,-0.5844278257994784,1.0211891260743333,0.0017064880272771874,0.047489216405659514
1776265237.381592,8.51106572151184,-0.004142113886660459,-0.5844553942072207,1.0234681175133291,0.00014852808176940704,5.578166658801902
1776265237.3981564,8.527630090713501,-0.004022564114348022,-0.5845093350222821,1.0254300981100803,-0.0024423809924088227,0.11871019417592689
1776265237.4132812,8.542754888534546,-0.003906102749352805,-0.5845926739029398,1.027035499687279,-0.0059478524631104085,0.10656514682070375
1776265237.4191358,8.548609495162964,-0.003791630919503567,-0.5847031418122798,1.0282736161945323,-0.010222396236518062,0.21321579631793186
1776265237.464277,8.593750715255737,-0.00367056162392605,-0.58483280105764,1.029151712828269,-0.015130367465357173,0.0198451985688947
1776265237.4799788,8.609452486038208,-0.0035399150306579964,-0.5849756368282794,1.029686179843323,-0.02060117137953171,0.03620237283987486
1776265237.5021422,8.63161587715149,-0.0033896401892274074,-0.5851210863456769,1.029901226366212,-0.02660388733708871,0.01353456362424952
1776265237.5034883,8.632961988449097,-0.0032276492715858744,-0.5852682839999548,1.0298241400913748,-0.03311742899141827,0.17239072781570128
1776265237.546012,8.675485610961914,-0.0030855187124102625,-0.5854277336469703,1.0294808969225089,-0.040148430616220684,0.009507152540195457
1776265237.5688052,8.698278903961182,-0.002987253311803339,-0.5856041974672599,1.0288979909728233,-0.04768526839622246,0.027065310033084405
1776265237.5818067,8.711280345916748,-0.0029498006820338806,-0.5857967916241857,1.0281016311260331,-0.05571619046368097,0.06308325537425967
1776265237.5962768,8.72575044631958,-0.0029875364421102046,-0.5859973919364391,1.0271130045870955,-0.06422897709865785,0.06976306340605642
1776265237.6145957,8.744069337844849,-0.003097568604562006,-0.5861908419962271,1.025954788502544,-0.07321079451007007,0.06438185943463136
1776265237.6266677,8.756141424179077,-0.0032687350253902225,-0.5863537617128944,1.0246459195188218,-0.08262523657506754,0.11017396535649408
1776265237.6442735,8.773747205734253,-0.0035111556498678828,-0.586465093297641,1.0231968207786213,-0.09246029945807342,0.08369115619964626
1776265237.674708,8.804181575775146,-0.003838486260904852,-0.5865051546765009,1.0216168171908657,-0.10270777310072583,0.05303383286837474
1776265237.7007394,8.830213069915771,-0.004266829560149978,-0.5864556514590661,1.0199121777650546,-0.11337405706406943,0.06754625434747318
1776265237.7211077,8.850581407546997,-0.004801083709240372,-0.5862959576530655,1.0180921622724524,-0.12445603974738662,0.09345482222390215
1776265237.7312942,8.860767841339111,-0.0054409847054235246,-0.5860071495643685,1.0161691759421907,-0.13597057119084044,0.20096675455001445
1776265237.7439756,8.873449325561523,-0.00616574701027493,-0.5855739548412686,1.0141607291920665,-0.14788656978036857,0.17180279190777561
1776265237.7716248,8.901098489761353,-0.006976597467083778,-0.5849830430845429,1.012077221288658,-0.16019869373975223,0.08363727995584429
1776265237.7840765,8.91355013847351,-0.007870876872669103,-0.5842260864462326,1.0099340011101294,-0.17290402756752019,0.19616378459129793
1776265237.7991142,8.928587913513184,-0.008836588016600071,-0.5832938454982075,1.0077462220154185,-0.18597992885216647,0.17068478616643754
1776265237.8112082,8.94068193435669,-0.009845060909342085,-0.5821767599657334,1.0055320884011452,-0.19939713082063196,0.22136381665846808
1776265237.8589373,8.988410949707031,-0.010861972527978768,-0.5808738808154252,1.0033105069598238,-0.2131039455866683,0.05801376258093264
1776265237.8677373,8.99721097946167,-0.0118445660248929,-0.579394861438131,1.0010958886284524,-0.22702484195804162,0.3225645429235191
1776265237.8796577,9.00913143157959,-0.012765762901662224,-0.5777501338197263,0.9988964997909533,-0.24110323596225403,0.24300503299323345
1776265237.8977187,9.02719235420227,-0.013624830563060615,-0.575954550175704,0.9967173246812059,-0.2553346347036922,0.16341508011065053
1776265237.9103987,9.039872407913208,-0.014436861593529006,-0.5740287553060109,0.994561399079787,-0.2697222163502332,0.23680352221340378
1776265237.9519753,9.081449031829834,-0.015253334001596775,-0.5719770395465554,0.9924333450733219,-0.2843177720400999,0.07376070637815148
1776265237.9652493,9.094722986221313,-0.016109808450522657,-0.5698121420043448,0.9903345515259392,-0.29914461652806545,0.23614121728857704
1776265237.978979,9.108452796936035,-0.01698691804679707,-0.567554560551418,0.9882671205753328,-0.3141633082586612,0.23193170669442634
1776265237.9899907,9.11946439743042,-0.017844379578167167,-0.5652283674767075,0.9862339142423963,-0.32931336447870263,0.2911745045196186
1776265238.0296216,9.159095287322998,-0.018645042209807727,-0.5628558243025545,0.9842382549566284,-0.34457232256366555,0.08079506400268323
1776265238.0436158,9.173089504241943,-0.019367033808907114,-0.560468106697872,0.9822799169765085,-0.3599256687430243,0.22661967057706955
1776265238.050358,9.179831743240356,-0.020031766334340718,-0.5580777820903645,0.9803571408581503,-0.3753852242137313,0.46555504938939396
1776265238.0704505,9.199924230575562,-0.020658656634752543,-0.5556871733324036,0.9784665767382204,-0.3909618124075048,0.15486529079676764
1776265238.0951674,9.22464108467102,-0.021266315997125588,-0.5532996642669291,0.976606548235415,-0.4066584293654534,0.12489182515002951
1776265238.1086917,9.238165378570557,-0.021867622513835533,-0.5509232037757589,0.9747773142680906,-0.4224617945535008,0.22615836487107577
1776265238.129579,9.259052753448486,-0.022460386564422893,-0.5485648880260074,0.9729782576239486,-0.4383582484107271,0.14481643041440992
1776265238.1372004,9.266674041748047,-0.0230261908827658,-0.5462413409395298,0.9712102490366836,-0.45434037862166926,0.39022679762794954
1776265238.1826339,9.312107563018799,-0.023554786961260378,-0.5439651751493532,0.9694728338184802,-0.4703941608300046,0.06409066787077292
1776265238.1882112,9.317684888839722,-0.024046701483841547,-0.5417450656479861,0.967767229378846,-0.48650361373124323,0.5096574656655305
1776265238.2082362,9.337709903717041,-0.024534881346351817,-0.5395722476436858,0.9660974924283309,-0.5026617396630539,0.1389976188362977
1776265238.2218416,9.351315259933472,-0.025062696455278394,-0.5374287284197111,0.9644659647107424,-0.5188528405928549,0.20176039663456255
1776265238.2447276,9.37420129776001,-0.02564365295258894,-0.5353058281945625,0.9628702312437353,-0.5350413287129684,0.11878693663362584
1776265238.2551208,9.384594440460205,-0.02626092778689873,-0.5332152151556022,0.9613087289218726,-0.5512242957746024,0.25799837408068726
1776265238.2665305,9.39600419998169,-0.026873477869003265,-0.5311840248480405,0.9597850543404235,-0.5673954181878247,0.22892668721985965
1776265238.2902582,9.419731855392456,-0.027468187372469786,-0.5292235850448967,0.9582985242412444,-0.583550660193192,0.10667555754752245
1776265238.3170116,9.4464852809906,-0.02802718138928662,-0.527351655182262,0.9568469768021091,-0.5996940662958357,0.09097308852302308
1776265238.327692,9.457165718078613,-0.02853840795778726,-0.525577524717485,0.9554288179288651,-0.6158243476868029,0.21797830204508517
1776265238.3449228,9.474396467208862,-0.029025504671279106,-0.5238962802856432,0.9540431234087487,-0.6319330867343254,0.12956409172249217
1776265238.3556004,9.485074043273926,-0.029509614342480815,-0.5222982009660172,0.9526871772317043,-0.6480145629496034,0.2014504054101506
1776265238.367106,9.496579647064209,-0.030018239814684135,-0.5207681232678683,0.9513616214624522,-0.6640413645215043,0.18141832896818177
1776265238.4169736,9.546447277069092,-0.030582534007734388,-0.5192891844292459,0.9500671337917623,-0.6799791500446959,0.041005434702555146
1776265238.4318855,9.561359167098999,-0.031202818074811546,-0.5178601899157471,0.9488023106225614,-0.695827696877546,0.13456562763759009
1776265238.4435418,9.573015451431274,-0.031854093454034796,-0.5164943204571676,0.94756475974926,-0.7116001146880883,0.16770458344855727
1776265238.4569597,9.586433410644531,-0.032526814834324826,-0.5151947569276297,0.9463528799539391,-0.727272418514659,0.14160267840719676
1776265238.4973464,9.626820087432861,-0.03323002241186317,-0.513957325483122,0.9451677906557593,-0.7428258375333835,0.045858512580162505
1776265238.5144458,9.643919467926025,-0.033951460524787876,-0.5127879726839051,0.9440080741449528,-0.7582827554874171,0.10514996442973164
1776265238.5307453,9.660218954086304,-0.03469052475263172,-0.5116862791633331,0.9428733675018292,-0.7736466038360196,0.10710215469674517
1776265238.5372698,9.666743516921997,-0.035440244659512184,-0.5106577167314308,0.9417644810590484,-0.7888962590246331,0.25872853219930614
1776265238.5711517,9.7006254196167,-0.03619671854579061,-0.5097039533205734,0.9406820675420009,-0.8040240590876611,0.048077816371160015
1776265238.588366,9.71783971786499,-0.036956006762222327,-0.5088291565421398,0.9396267234480962,-0.8190352271197248,0.09102990903565394
1776265238.591135,9.720608711242676,-0.03772438325228438,-0.508025266576042,0.9385984186887901,-0.8339225587014809,0.5469904317750756
1776265238.6052094,9.7346830368042,-0.03849864478005951,-0.5072885062158103,0.9375943437072164,-0.8486946334736815,0.10419297198178133
1776265238.7057905,9.835264205932617,-0.039282492585965945,-0.5066183661597939,0.9366111596942187,-0.8633558336255124,0.014166025307239179
1776265238.7191336,9.848607301712036,-0.040066265005272904,-0.5060294126524933,0.9356484757261953,-0.8779058393742817,0.10297596353791726
1776265238.7323122,9.861785888671875,-0.04085474411108634,-0.5055137896525906,0.934708192485002,-0.8923468269913167,0.10100110320916024
1776265238.7439702,9.873443841934204,-0.041651728666289425,-0.5050722870266419,0.9337913233199758,-0.9066654532774301,0.11087521291804024
1776265238.7729828,9.902456521987915,-0.04246785967141585,-0.5046835555692114,0.9329016985323064,-0.9208479648290085,0.043715767134525504
1776265238.817443,9.946916580200195,-0.04246785967141585,-0.5046835555692114,0.9329016985323064,-0.9208479648290085,0.0
1776265238.8181453,9.947618961334229,-0.043309156454646884,-0.5043413052603759,0.9320360708988181,-0.9349024033983944,1.7863263568768477
1776265238.8183851,9.947858810424805,-0.044176010575463116,-0.504030899101434,0.9311483858855536,-0.948078830857635,5.332408428257489
1776265238.8186076,9.948081254959106,-0.0450456869036106,-0.5037457485029868,0.93004197580427,-0.9600892934166874,6.45506449213957
1776265238.8508062,9.980279922485352,-0.04590444233410647,-0.5034865752702897,0.9286155984433444,-0.971052433135242,0.052330980504945834
1776265238.8675625,9.997036218643188,-0.04674686837591045,-0.5032549623917466,0.9268313138537112,-0.9810641429232406,0.11856469998454992
1776265238.8760872,10.005560874938965,-0.04757067375964831,-0.5030536657500202,0.9246747226752343,-0.9901934532956884,0.27183960982231875
1776265238.8857462,10.015219926834106,-0.048375872646433685,-0.5028859631881506,0.9221403542107106,-0.9984871756999459,0.27585392360184224
1776265238.8995078,10.028981447219849,-0.049164387187412464,-0.5027536873177555,0.9192262396751839,-1.0059751242095283,0.21958378112625668
1776265238.9353592,10.064832925796509,-0.049937542018396786,-0.5026596992467249,0.9159317223207208,-1.0126775702946125,0.09442645866017786
1776265238.9454534,10.07492709159851,-0.05069722416529427,-0.5026089715441439,0.9122565706077241,-1.0186096225826535,0.3718176850243774
1776265238.9586337,10.088107347488403,-0.05144808523934567,-0.5026039581374906,0.9082008651261996,-1.0237795603479312,0.31293997937221596
1776265238.971144,10.10061764717102,-0.052194044287601285,-0.5026466454878049,0.9037648434377757,-1.0281929137036798,0.35958427437926394
1776265239.0135746,10.143048286437988,-0.052937988888239626,-0.5027431285732198,0.8989485875074572,-1.0318582323475427,0.11487757761067736
1776265239.0228622,10.15233588218689,-0.05368640164317393,-0.5028974571900339,0.8937522231450554,-1.0347801425573144,0.56551245732298
1776265239.0338435,10.163317203521729,-0.05444625631066828,-0.5031107485271762,0.8881762383159646,-1.037014739712475,0.5128309074099906
1776265239.047513,10.176986694335938,-0.05522188050860292,-0.503394053451016,0.8822239450195689,-1.0386293932212904,0.4396138123034479
1776265239.0686224,10.19809603691101,-0.05602149143009692,-0.5037682634060464,0.8759045119842704,-1.0396420668391693,0.3022738768597806
1776265239.0946631,10.22413682937622,-0.056856504895101675,-0.5042524774267358,0.8692299050909205,-1.040070290817403,0.2589798649810988
1776265239.099698,10.229171752929688,-0.05773509406365351,-0.5048672724623238,0.8622109013200733,-1.039949114061346,1.4102387019381175
1776265239.113358,10.242831707000732,-0.05866632467677124,-0.5056329961624041,0.854855704428378,-1.0393272657487995,0.5456351603431422
1776265239.1504376,10.279911279678345,-0.059663523355505656,-0.5065602630988529,0.8471710220805552,-1.0383048208992125,0.21047692401029838
1776265239.16199,10.291463613510132,-0.06073819954663766,-0.5076470557985245,0.8391663865013593,-1.0369614575111898,0.70542003171601
1776265239.1760807,10.305554389953613,-0.06189973819902343,-0.5088786573739639,0.8308597875290971,-1.03528245629884,0.6016246280037846
1776265239.1926491,10.322122812271118,-0.06316325779404088,-0.510228393025487,0.8222748690787853,-1.0332230591539076,0.5300292052373174
1776265239.2199798,10.349453449249268,-0.06454753955334501,-0.5116621029894597,0.8134385549684108,-1.0307137648739566,0.3314327197348288
1776265239.2332792,10.362752914428711,-0.06606692887732171,-0.5131603594919356,0.8043758951280262,-1.0277178298712613,0.7000645724423897
1776265239.2434216,10.372895240783691,-0.06773972223298107,-0.5147179303431182,0.7951086377067174,-1.024235784197337,0.9411019701674912
1776265239.260395,10.38986873626709,-0.06958988673311374,-0.5163291615707871,0.7856581960952776,-1.0202488903566214,0.5752326865870925
1776265239.295591,10.4250648021698,-0.07163511537686758,-0.5180002672111421,0.7760445256693465,-1.0157761977272317,0.2832664675841532
1776265239.3191447,10.448618412017822,-0.07389365817905713,-0.5197500908605241,0.766285143440487,-1.0108802181996739,0.43173823929190464
1776265239.326094,10.455567598342896,-0.07639064598386083,-0.5215877820171069,0.7563972328474899,-1.0055841585616334,1.4911916800557976
1776265239.3519938,10.481467485427856,-0.07914655531246291,-0.5235208369397251,0.746398173795555,-0.9999102955146951,0.4073567490201362
1776265239.3615758,10.491049528121948,-0.08218193807814583,-0.5255633958185117,0.7363024261588051,-0.9939180193613698,1.1206625241244688
1776265239.3852503,10.514724016189575,-0.0855320073253302,-0.5277162436725117,0.7261163592657461,-0.9875746721730031,0.4619657976856831
1776265239.3856256,10.515099287033081,-0.08923322788985388,-0.5299730958875384,0.7158390863811098,-0.9808012038452179,29.722895758058666
1776265239.399346,10.528819799423218,-0.0933157623054029,-0.5323441074291764,0.7054663080138547,-0.9735792039697568,0.8306275859363781
1776265239.413472,10.542945623397827,-0.09781422597945796,-0.5348402077331074,0.6949896325304953,-0.9658689537210454,0.8262633278742368
1776265239.4447992,10.574272871017456,-0.10276346885512219,-0.537464216381507,0.6844009486194619,-0.9575735000664475,0.3823883913579594
1776265239.4545717,10.58404541015625,-0.10819049482551572,-0.5402284202453446,0.673691358578718,-0.9486421625085344,1.260701813925254
1776265239.4652991,10.594772815704346,-0.1141214894689895,-0.5431563399611211,0.6628541940962275,-0.9390700598373397,1.1835296006804101
1776265239.4801238,10.609597444534302,-0.1205807823016267,-0.5462659158617211,0.6518838547770442,-0.9288240150739819,0.8839999558177661
1776265239.5218008,10.65127444267273,-0.1275840765721536,-0.5495784069714712,0.6407775071708158,-0.9179131125122106,0.32491318774249195
1776265239.5221703,10.651643991470337,-0.1351466479827591,-0.5531114575248887,0.6295297440071064,-0.9063126828692483,37.90211455599496
1776265239.5376835,10.667157173156738,-0.1432829559245454,-0.5568789532665401,0.6181388635056609,-0.89397375709495,0.9344570920005938
1776265239.5631194,10.692593097686768,-0.15200054299275084,-0.5608965134145414,0.6066074528117793,-0.8808795438263092,0.5898619651366344
1776265239.5964901,10.725963830947876,-0.1613073986426297,-0.5651790545066878,0.5949381820039602,-0.8670085162175809,0.465328352132028
1776265239.609916,10.739389657974243,-0.17120711992925408,-0.5697435949251819,0.5831371242229474,-0.8523284108097011,1.1966212751631322
1776265239.6222677,10.751741409301758,-0.18167737290481473,-0.5746344741066642,0.5712283739960038,-0.8370776794923523,1.3434639276454616
1776265239.6322265,10.76170015335083,-0.19269237427512426,-0.5798893381309873,0.5592360370102835,-0.8214889210490076,1.7181113099875116
1776265239.662669,10.792142629623413,-0.2042395122319361,-0.5855187992130788,0.5471781988802784,-0.8055819203173131,0.5787539297467448
1776265239.6733787,10.802852392196655,-0.21630249883780514,-0.591531734853811,0.535076666847321,-0.7893560240422918,1.6913569146041714
1776265239.68537,10.814843654632568,-0.22885413704691207,-0.5979444906093754,0.5229572558490363,-0.7729148197084721,1.550203700695668
1776265239.7025309,10.83200454711914,-0.24186141142202217,-0.6047697477313313,0.5108477726458245,-0.7563553688794634,1.1093330613632657
1776265239.7511806,10.880654335021973,-0.25529595537888605,-0.6120071726306285,0.4987741115908064,-0.7396970905771245,0.39997479837185285
1776265239.7681742,10.897647857666016,-0.2691313895718313,-0.6196523189963358,0.4867627631044134,-0.7229057891115606,1.1682662718048855
1776265239.771162,10.900635719299316,-0.2833261560952313,-0.6277142779068468,0.47484557659160725,-0.7060883149382835,6.764546581554727
1776265239.7891552,10.918628931045532,-0.29783535182488796,-0.6361998037889711,0.4630478872111111,-0.689341326194009,1.141291013048309
1776265239.804398,10.933871746063232,-0.3126114381326683,-0.6451100083342644,0.4513953812896669,-0.6727390539525098,1.3659413729136327
1776265239.8395886,10.969062328338623,-0.32760858761726214,-0.6544372400555282,0.43991036487178786,-0.6563184261350186,0.5986537169527665
1776265239.853946,10.98341965675354,-0.3427856523860492,-0.6641713167350187,0.4286084072851809,-0.640090832988205,1.4821558064284315
1776265239.8666117,10.996085405349731,-0.3581044721868157,-0.6743025515235347,0.41749903643246344,-0.624061587379981,1.6946914127606405
1776265239.8811274,11.010601043701172,-0.3735262361147706,-0.684816202287035,0.4065904421836778,-0.6082257524787192,1.4893336163641748
1776265239.941272,11.070745706558228,-0.3735262361147706,-0.684816202287035,0.4065904421836778,-0.6082257524787192,0.0
1776265239.942512,11.071985721588135,-0.3890184897715073,-0.6956897340878537,0.3958910765272581,-0.5925434519203158,17.5337600491032
1776265239.9438019,11.073275566101074,-0.4045580996841904,-0.7069004727811413,0.38540793336588597,-0.5769539488200081,16.9335305611109
1776265239.9441524,11.073626041412354,-0.4201214679630838,-0.7184287991777754,0.3751465481374099,-0.5614212497111037,62.53910311873265
1776265239.9509428,11.080416440963745,-0.4356755845254742,-0.7302589024439354,0.3651112339184498,-0.5459517710192775,3.2351436365852844
1776265239.9830785,11.112552165985107,-0.4511909455051997,-0.7423735712322721,0.35530569666862677,-0.5305384308393812,0.6843418312621352
1776265239.9922476,11.121721267700195,-0.466649016192755,-0.7547522692755325,0.34573349429907174,-0.5151464918151183,2.398894541500398
1776265240.0069766,11.136450290679932,-0.466649016192755,-0.7547522692755325,0.34573349429907174,-0.5151464918151183,0.0
1776265240.0163486,11.145822286605835,-0.4820288559815638,-0.7673782252317541,0.336397805178537,-0.4997603603927981,2.34525796707247
1776265240.0363538,11.165827512741089,-0.4973033585534204,-0.7802384807615804,0.3273005722488532,-0.48438697407594455,1.0968189585441914
1776265240.0702057,11.199679374694824,-0.5124517276123074,-0.7933151591745736,0.3184449681103786,-0.4690143923642134,0.6464534916641852
1776265240.0771616,11.206635236740112,-0.527461950647542,-0.8065874032056356,0.30983522178739453,-0.45361389967559856,3.1351911334122122
1776265240.0925078,11.221981525421143,-0.5423226899473381,-0.8200380073374313,0.3014748500847543,-0.4381660843555977,1.4151725052518849
1776265240.1047828,11.234256505966187,-0.5570189953897665,-0.8336529058492842,0.2933670235137568,-0.4226683142897277,1.7606642523330196
1776265240.154523,11.28399658203125,-0.5715387237486524,-0.8474163059095309,0.28551577447015664,-0.4071103267269291,0.4320813921938658
1776265240.1803615,11.309835195541382,-0.585876916704323,-0.8613121222200892,0.27792588882265357,-0.39148087623945527,0.8267007733572522
1776265240.1876824,11.317156076431274,-0.6000289766301521,-0.8753276422911738,0.2706027325018386,-0.37576904189105625,2.8987379500525448
1776265240.1995873,11.329061031341553,-0.6139871339592823,-0.889453233374532,0.2635506707815312,-0.3599758767801499,1.7701485934779146
1776265240.2293065,11.358780145645142,-0.6277462007517545,-0.9036788719125272,0.2567747976697278,-0.34409903203595005,0.7038812615387997
1776265240.241604,11.3710777759552,-0.6413079311107679,-0.9179940569031414,0.2502810816792333,-0.3281302700202465,1.6882002198724213
1776265240.2542107,11.383684396743774,-0.6546746827403352,-0.9323918949561985,0.2440748021561837,-0.312073138960521,1.6343039879724603
1776265240.2655945,11.395068168640137,-0.6678474808509672,-0.9468692336107761,0.23815907561624952,-0.29592974392583143,1.79622199109954
1776265240.2774014,11.406875133514404,-0.6808334124589963,-0.9614226290815441,0.2325363312244489,-0.2797000348687884,1.7192427904497756
1776265240.3197978,11.449271440505981,-0.6936402423900386,-0.9760507809042045,0.22720809661735958,-0.26338621946132773,0.47549100321691196
1776265240.3344357,11.463909387588501,-0.706272474524738,-0.9907555447384354,0.222175008660036,-0.2469922836617855,1.368249477727249
1776265240.3430982,11.472571849822998,-0.7187337492130328,-1.0055394661200865,0.21743706578047578,-0.23052209638681215,2.2980971340187293
1776265240.3566706,11.486144304275513,-0.7310257262669347,-1.0204057940946931,0.21299396125949707,-0.21397960384210876,1.4584678812908882
1776265240.4077144,11.537188053131104,-0.7431490947167256,-1.0353589082421297,0.2088451208622095,-0.19737179540040992,0.38579153530071686
1776265240.4254355,11.554909229278564,-0.7551036390947753,-1.0504023334291914,0.20499039373490613,-0.18070790849059004,1.105898589312085
1776265240.4302807,11.559754371643066,-0.7668887080323801,-1.0655396614397061,0.20142948772100333,-0.16399205322164698,4.027065199012618
1776265240.4453847,11.57485842704773,-0.7785040094532014,-1.0807732560647758,0.19816147236959109,-0.1472272188837811,1.2866354688205521
1776265240.4800324,11.609506130218506,-0.7899501848257302,-1.0961072575515949,0.19518588936309728,-0.13041984275223467,0.5589095707543624
1776265240.4975455,11.627019166946411,-0.8012295418264944,-1.1115445388954432,0.19250274273371798,-0.1135713378498127,1.102395323578134
1776265240.5028005,11.632274150848389,-0.8123441776718193,-1.127085531168526,0.1901116500533568,-0.09668021850344202,3.6642388107102564
1776265240.5215838,11.651057481765747,-0.8232944351976064,-1.1427292510153846,0.18801228777070153,-0.07974963505825558,1.0227393220092986
1776265240.5698285,11.699302196502686,-0.8340789873518412,-1.1584753779864192,0.18620438271582967,-0.06278042652168217,0.39736365950253266
1776265240.5819745,11.711448192596436,-0.8446944736632329,-1.1743247569177442,0.18468774652261963,-0.0457834368206836,1.5755094798916756
1776265240.5902581,11.71973180770874,-0.8551409296048422,-1.1902757141581604,0.18346259846841717,-0.02876070017825033,2.3065542840240405
1776265240.6001546,11.729628324508667,-0.8654199701326694,-1.2063271205808548,0.18252940919338068,-0.011716548659479964,1.928297280943058
1776265240.6506295,11.780103206634521,-0.8755352431376852,-1.2224808782236833,0.18188837633397734,0.005356076595701492,0.37781617662113737
1776265240.6655111,11.794984817504883,-0.885490366390477,-1.2387400424078852,0.1815395995987576,0.022456852565148788,1.2813092365158223
1776265240.6779845,11.80745816230774,-0.8952859744847177,-1.2551052960299112,0.18148263563300127,0.03958900762446142,1.52909937523556
1776265240.6973755,11.826849222183228,-0.904923070234925,-1.2715782252539756,0.1817167245916849,0.056754139449512395,0.984282082651402
1776265240.7321007,11.861574411392212,-0.9143999637994,-1.2881608481581004,0.18224126900619483,0.0739465315330637,0.5502290001817761
1776265240.7532542,11.882727861404419,-0.9237131317098827,-1.3048543040844887,0.18305535449977325,0.09116221117877818,0.9044830806521611
1776265240.7610106,11.89048433303833,-0.9328583834805241,-1.3216558490456132,0.1841587300058266,0.10839573706442605,2.4703278181879047
1776265240.776401,11.905874729156494,-0.9418350852505215,-1.338564859229698,0.1855523436107207,0.1256477473577309,1.2471893280657138
1776265240.7932394,11.922713041305542,-0.9506467081205001,-1.3555795723652577,0.1872372751446379,0.14292049166394555,1.1423337454996454
1776265240.8277802,11.95725393295288,-0.9592924469523628,-1.3726950194761305,0.18921303658590738,0.16021256804359593,0.5580833005919071
1776265240.837616,11.967089653015137,-0.9677760913052647,-1.3899110544393367,0.1914784856613997,0.17752955844335672,1.9648844517525104
1776265240.8492823,11.978755950927734,-0.9760941591294612,-1.407227105590016,0.19403240241917974,0.19486558590433398,1.66113779881647
1776265240.8689308,11.998404502868652,-0.9842500952820481,-1.4246427045569,0.1968749334918442,0.2122280885519438,0.9893711803851518
1776265240.9118638,12.041337490081787,-0.9922524192197565,-1.442159078868373,0.20000604930586102,0.22963386873801822,0.4544436605297227
1776265240.9236782,12.053151845932007,-1.0000936157207225,-1.459768818255639,0.20342536547600293,0.24707456437501646,1.6570952352554253
1776265240.9492486,12.07872223854065,-1.0077488640589118,-1.4774541529451544,0.20713517986004196,0.2645119971102533,0.767485195968855
1776265240.960975,12.09044861793518,-1.0151998835513565,-1.4951993792564318,0.2111358877051705,0.28191128301181007,1.6763466865682144
1776265240.9859579,12.115431547164917,-1.022448383487047,-1.5129971208960848,0.21542727063440448,0.29927400238407326,0.7881587234694045
1776265240.9991887,12.128662347793579,-1.029511380231754,-1.5308458996265164,0.2200106432053393,0.31662650744845905,1.491598944069342
1776265241.0095723,12.13904595375061,-1.0364043724134557,-1.5487412705374404,0.22488856715708064,0.3339747284810711,1.9056643267798528
1776265241.017668,12.147141695022583,-1.0431471982640772,-1.5666867834477989,0.2300624910233344,0.351344338992584,2.4526969631564617
1776265241.0576222,12.187095880508423,-1.0497469774510257,-1.5846816658198586,0.23553100233577323,0.368740157660242,0.49886691145094514
1776265241.0687962,12.198269844055176,-1.0561993450876912,-1.6027222328901305,0.24129382271206237,0.38613500013230656,1.7905579015877127
1776265241.08357,12.213043689727783,-1.0624923115462048,-1.620800927385874,0.24735067478907577,0.4035115877774497,1.3590232570780152
1776265241.0992026,12.228676319122314,-1.068619735100224,-1.6389118532378764,0.25370009263564514,0.420866309006292,1.2887222790134147
1776265241.1362767,12.265750408172607,-1.0745604316878148,-1.6570393321612165,0.26034226283757883,0.4381627757249791,0.5448387627775625
1776265241.1472812,12.27675485610962,-1.0802999555833876,-1.6751700147871704,0.26727793114191567,0.4553595471801366,1.839502487231638
1776265241.1693687,12.298842430114746,-1.0858415359361462,-1.6932967043546034,0.2745105634053501,0.4724262834902793,0.9185188216214266
1776265241.18114,12.310613632202148,-1.091195279223493,-1.7114161046269027,0.2820431802309176,0.4893646385085148,1.7279457621573437
1776265241.2186012,12.348074913024902,-1.0963904761613452,-1.7295424487205993,0.2898767536216564,0.5062086296889006,0.5450588235451105
1776265241.2379236,12.36739730834961,-1.1014477101282876,-1.7476838159030872,0.29801065433210217,0.5229675282047308,1.0616960580054495
1776265241.2454338,12.374907493591309,-1.1063660446013213,-1.7658358302444082,0.3064428701773537,0.539637657464037,2.744324235373382
1776265241.2550828,12.384556531906128,-1.11114081895674,-1.783989399742866,0.31517123719432577,0.5562007719798483,2.1454040246795008
1776265241.2668712,12.396344900131226,-1.1157606916124856,-1.8021351292068366,0.32419522581411203,0.5726467573892896,1.7632335446560665
1776265241.318485,12.447958707809448,-1.120198317674122,-1.8202504568356612,0.3335142966286125,0.5889508150878459,0.4039524719550096
1776265241.3225229,12.451996564865112,-1.124445819775259,-1.838321465867393,0.34312604780170475,0.6050941566287749,5.177069735220731
1776265241.328103,12.457576751708984,-1.1285100429479888,-1.8563490781838723,0.3530298801705097,0.6210678108816592,3.757330648980117
1776265241.3580763,12.487550020217896,-1.1324152778369156,-1.8743436317109206,0.36323061995162725,0.6369100117398246,0.7022983149508553
1776265241.3823488,12.51182246208191,-1.1361722323005239,-1.8923069713367868,0.3737289385081252,0.6526324475159225,0.8710550861441423
1776265241.4065394,12.536013126373291,-1.1397712565169846,-1.91022251718001,0.384525406614061,0.6682125964340834,0.8773879003247034
1776265241.4236627,12.553136348724365,-1.1432217192416543,-1.9280896387323283,0.39561932069337735,0.6836610038297735,1.244643785719665
1776265241.4342396,12.563713312149048,-1.1465290249959306,-1.9459063918643347,0.407009707606744,0.698956365502404,2.0236093129669595
1776265241.4633677,12.592841386795044,-1.149689555335716,-1.9636693142588093,0.41869678648566233,0.7140830427839571,0.7379982782202452
1776265241.4696329,12.599106550216675,-1.1526937419581198,-1.9813630067733388,0.4306787863914193,0.7290394094529954,3.444309447608958
1776265241.4842086,12.613682270050049,-1.155542761694338,-1.9989781290712034,0.44295477306183584,0.7438257196186848,1.4859596186611954
1776265241.4953878,12.624861478805542,-1.1582389502230586,-2.016511922674563,0.455524699734341,0.7584519443140348,1.944843583696639
1776265241.5405183,12.669991970062256,-1.1607892097697627,-2.033961116160109,0.46838711006104977,0.7729132736490385,0.48364291441939017
1776265241.5570858,12.686559438705444,-1.1632106226752483,-2.051329474810267,0.481542731420599,0.787224016000676,1.3232222266171283
1776265241.5733354,12.70280909538269,-1.1655098202977563,-2.0686179011250383,0.4949923754280128,0.8013981464505152,1.3553689552769927
1776265241.5822506,12.711724281311035,-1.1676986933174978,-2.085833308413725,0.5087381056830605,0.8154491330787769,2.483217911788412
1776265241.6315806,12.761054277420044,-1.1697955233227562,-2.102980376954853,0.5227836368927523,0.8293634251499006,0.45133233802910394
1776265241.6449983,12.774471998214722,-1.1717959027011702,-2.120047841632357,0.5371283460550308,0.8431429771610173,1.6682867026304782
1776265241.6613345,12.790808200836182,-1.1736707693990667,-2.1369992201366323,0.5517723613853794,0.8567608492042803,1.3760318878501487
1776265241.680247,12.809720754623413,-1.1754106727602218,-2.153822873628131,0.5667145096193588,0.870217308537568,1.1932999215473443
1776265241.7242453,12.853718996047974,-1.177025037256983,-2.170524748311559,0.5819546306295061,0.8835192540024976,0.515193312967719
1776265241.7397385,12.86921215057373,-1.1785295369486015,-2.1871244992549075,0.597494384016586,0.8966729418285406,1.4708519766268402
1776265241.7530715,12.882545232772827,-1.1799331964756963,-2.203632770321469,0.613336165683651,0.9096953510321487,1.7192432985454422
1776265241.7596757,12.88914942741394,-1.181245895133415,-2.2200546555915213,0.6294808590652143,0.9225886423764732,3.492668985977076
1776265241.7799582,12.90943193435669,-1.1824607295927771,-2.2363693967962948,0.6459261399505667,0.935327893196885,1.1436875346811832
1776265241.822034,12.951507568359375,-1.1835664025906605,-2.252565362981242,0.6626691152859718,0.9479146697640114,0.5542586935547236
1776265241.838802,12.968275785446167,-1.184573603323843,-2.2686536056758633,0.6797100918219504,0.9603523957269202,1.398909249370845
1776265241.8526142,12.982087850570679,-1.1854877946073623,-2.284645374026766,0.6970511938878802,0.9726277249509373,1.709151401258179
1776265241.8637462,12.99321985244751,-1.1863041725502412,-2.300531927655151,0.71468918869604,0.9847476983793159,2.13365021944958
1776265241.9063287,13.035802364349365,-1.1870311379671483,-2.3163164463503287,0.7326237198111509,0.9967029518344277,0.5613207097875661
1776265241.9158416,13.045315265655518,-1.1876759393937153,-2.332002770379923,0.7508547381218469,1.0084839449415575,2.529115929208918
1776265241.9291222,13.058595895767212,-1.1882469310864339,-2.347602411586702,0.769383837987548,1.0200973369410609,1.8243209677466576
1776265241.9630177,13.092491388320923,-1.1887420589912563,-2.363109825777587,0.7882095236066844,1.0315512951350065,0.7197215629476651
1776265241.9975295,13.127003192901611,-1.189155631428466,-2.37851108398447,0.8073312885243873,1.0428542447982518,0.711533246126213
1776265242.006267,13.135740756988525,-1.1894978076259854,-2.3938125882945336,0.8267501970456487,1.0540109193466933,2.8297858041913813
1776265242.017794,13.147267580032349,-1.1897638847654854,-2.4089979448469454,0.8464659466396274,1.0650087597033597,2.1590752662034296
1776265242.0302758,13.159749507904053,-1.1899448537205124,-2.4240430400861777,0.8664772472480464,1.075848496372199,2.0058414909656084
1776265242.078551,13.208024740219116,-1.190052282491467,-2.4389603736336354,0.88678528551112,1.0865223058164606,0.5219717905613489
1776265242.1012912,13.230764865875244,-1.1900970103170605,-2.4537718777154063,0.9073928279849928,1.0970384442944134,1.1160100328072504
1776265242.1120052,13.24147891998291,-1.1900744378495798,-2.4684758727222125,0.9282988263576738,1.107403705154023,2.3855696746396684
1776265242.1305034,13.259977102279663,-1.1899838360069652,-2.483075138538541,0.9495025686761298,1.1176156133567623,1.3916958283983771
1776265242.1605783,13.290051937103271,-1.1898320844317805,-2.497572137319655,0.9710025958308244,1.127671822724209,0.8622289589083377
1776265242.168391,13.29786467552185,-1.1896293912460547,-2.5119835546184626,0.9927925499507915,1.1375816385872184,3.3439383930683935
1776265242.1852958,13.314769506454468,-1.1893793105676274,-2.5263083638395285,1.014864705375604,1.1473511416491111,1.5566146120335373
1776265242.1997375,13.329211235046387,-1.1890788768881428,-2.5405306935708976,1.0372082637140985,1.156982857186221,1.834110358029121
1776265242.251626,13.381099700927734,-1.1887220493193222,-2.554634996222693,1.0598141525200044,1.1664845194101245,0.5135518574698968
1776265242.259496,13.388969659805298,-1.1883093262138333,-2.568620923016928,1.0826769710538924,1.1758680709109388,3.40593517400581
1776265242.2693286,13.398802280426025,-1.1878429528376966,-2.582487274514174,1.1057903862325393,1.1851418943901677,2.7416702559056816
1776265242.2996309,13.429104566574097,-1.187323742082337,-2.5962365589139393,1.1291465108176497,1.1943028233998727,0.894572146757107
1776265242.3120267,13.441500425338745,-1.1867504787923322,-2.6098647087292117,1.1527345167196703,1.2033458610248116,2.1981469845971504
1776265242.3472266,13.47670030593872,-1.1861259693842205,-2.623371678388178,1.1765435955411911,1.2122669596415472,0.7778622632212007
1776265242.4294295,13.558903217315674,-1.1861259693842205,-2.623371678388178,1.1765435955411911,1.2122669596415472,0.0
1776265242.4302366,13.559710264205933,-1.1854441984068036,-2.6367448946781895,1.2005605508788477,1.2210657380606418,34.071961101707664
1776265242.4310467,13.56052041053772,-1.1847117347996985,-2.649986287224203,1.2247709922389316,1.229732473121465,34.07365356788775
1776265242.4313648,13.560838460922241,-1.1839374154734776,-2.66310441398689,1.2491626129694406,1.2382763908342185,87.11275259436015
1776265242.4521883,13.581661939620972,-1.183124802257142,-2.6761123883783093,1.2737279417886231,1.2467031652507135,1.3354487123646799
1776265242.468939,13.59841275215149,-1.1822755752477576,-2.689018565765211,1.2984578799267927,1.255015837271629,1.6660726881939105
1776265242.4782577,13.607731342315674,-1.1813925882645158,-2.7018110407647518,1.3233420640284723,1.2631994745755644,3.0040750230649755
1776265242.4902184,13.619692087173462,-1.1804858640164233,-2.7145047349410443,1.3483677427621874,1.2712525164197395,2.3473079874807063
1776265242.5243077,13.653781414031982,-1.179557357964144,-2.7270945899090706,1.3735237051301459,1.27918484523054,0.8256499942081524
1776265242.537098,13.666571617126465,-1.178604503783454,-2.739566803960645,1.3987993700607588,1.2869972911651744,2.2049279877488455
1776265242.5514522,13.680925846099854,-1.1776210691555573,-2.751894715729179,1.4241877385842943,1.2946993205481334,1.9673844571564902
1776265242.5628932,13.6923668384552,-1.176605466200045,-2.7640638141915335,1.4496812058967594,1.3022897338261008,2.4706958334969937
1776265242.617446,13.746919631958008,-1.175557990240833,-2.7760699753902296,1.4752691984614303,1.3097662125676985,0.5184721271004484
1776265242.6335573,13.763031005859375,-1.174482817581289,-2.787928708084462,1.5009401582529731,1.3171261625777202,1.756406515425588
1776265242.642992,13.772465705871582,-1.1733849157489515,-2.799655833017563,1.5266848283223746,1.3243783325199772,3.000742876677989
1776265242.6548078,13.784281492233276,-1.172263910194725,-2.8112595208439193,1.5524969576021506,1.3315280306188306,2.3970114150912813
1776265242.6966088,13.826082468032837,-1.1711219554779932,-2.8227660846470477,1.5783754896480195,1.3385799102707827,0.6780792231687232
1776265242.709055,13.838528633117676,-1.1699594247931904,-2.8341727994236945,1.604313077312671,1.345530574419127,2.278519277898339
1776265242.7184675,13.847941160202026,-1.1687769440665918,-2.845467668587841,1.6302988383885577,1.3523737021117839,3.0128982504994806
1776265242.7268887,13.856362342834473,-1.1675729230433942,-2.8566561250746214,1.6563204783755028,1.3591139195629198,3.3665827255640686
1776265242.7852206,13.91469430923462,-1.1663473218308456,-2.8677261072147466,1.6823715610014918,1.36575870280499,0.4857038039341452
1776265242.79684,13.926313638687134,-1.165096707315234,-2.878654925599605,1.7084468094718692,1.372308067625878,2.435644846574295
1776265242.807314,13.936787605285645,-1.1638257262580398,-2.889436899041227,1.7345417357931416,1.3787709573390432,2.6984288793003195
1776265242.818212,13.947685718536377,-1.1625365075585394,-2.900068695341164,1.7606512584961842,1.3851558972288878,2.589497499229956
1776265242.834427,13.963900804519653,-1.1612242646219322,-2.9105407693189127,1.786772529734193,1.3914696236867319,1.7374442727257933
1776265242.8813615,14.01083517074585,-1.1598898435680087,-2.920867625356217,1.8129014507631827,1.3976941603342306,0.5992901326178354
1776265242.901243,14.03071665763855,-1.1585413134449711,-2.931072008162128,1.839028120876697,1.4038196172512245,1.4124269376016483
1776265242.9121108,14.041584491729736,-1.1571824103494326,-2.941165546550136,1.8651366695701292,1.4098473589226295,2.5786808570514204
1776265242.9256053,14.055078983306885,-1.155817717904758,-2.951145589138685,1.8912154473661111,1.4157740079724246,2.0716976921969428
1776265242.9666195,14.09609317779541,-1.1544543624612111,-2.961024850999412,1.9172599092389901,1.4216029764442315,0.6799737047915387
1776265242.9814458,14.11091947555542,-1.1530940032017785,-2.970804844225899,1.9432656662553451,1.4273451011060807,1.8762087268424792
1776265242.9868567,14.11633038520813,-1.1517323244166455,-2.9804548535930304,1.9692320106843735,1.433008094514521,5.1257477462499885
1776265242.9983358,14.127809524536133,-1.150360830915603,-2.9899411731108954,1.9951557189358495,1.4386005251913445,2.4077519461529464
1776265243.0460637,14.175537347793579,-1.1489796691911704,-2.9992764822088867,2.0210335974131315,1.444128473409552,0.5771240797922241
1776265243.0611098,14.19058346748352,-1.1475949003202341,-3.0084708953548827,2.046863383323901,1.4495829333427668,1.8245482081244997
1776265243.0819206,14.211394309997559,-1.1462066584401083,-3.0175380968764127,2.072636725631127,1.4549614290305257,1.3145560919499322
1776265243.0899827,14.219456434249878,-1.1448136544651282,-3.0264802921337774,2.098345459320493,1.4602615872963571,3.380639231288358
1776265243.1297035,14.259177207946777,-1.1434190076568957,-3.035302775706223,2.1239807777859494,1.4654735757914719,0.6834418212715416
1776265243.1520898,14.281563520431519,-1.1420304199257652,-3.0440155274133933,2.149536927951375,1.4706082493206436,1.2077119451813967
1776265243.1574404,14.286914110183716,-1.1406536517606438,-3.052597487531016,2.1750075284019457,1.4756695133635416,5.029869239863333
1776265243.1694455,14.298919200897217,-1.1392893191186402,-3.0610426208533785,2.2003842630580372,1.4806582177220495,2.230707805067075
1776265243.1984522,14.32792592048645,-1.1379329904972533,-3.069350844321011,2.2256615851280928,1.485578558940371,0.9184852792492136
1776265243.2213438,14.350817441940308,-1.1379329904972533,-3.069350844321011,2.2256615851280928,1.485578558940371,0.0
1776265243.2219665,14.351440191268921,-1.1365892724048319,-3.0775394550575013,2.2508426767359526,1.490434582149899,42.574328445759235
1776265243.2244935,14.353967189788818,-1.1352583967938954,-3.0856250311932825,2.275926234133559,1.4952108717073846,10.442473542428795
1776265243.234745,14.364218711853027,-1.1339423580432868,-3.093624725093831,2.3009047242296936,1.4999036700681958,2.5616905020663387
1776265243.2726517,14.402125358581543,-1.1326460061010133,-3.1015385879782826,2.325769296861481,1.5045159838146047,0.6892138680193398
1776265243.293132,14.422605752944946,-1.131363964866446,-3.1093687316147745,2.350515586403118,1.509053955232668,1.2688809345520096
1776265243.3010602,14.43053388595581,-1.1300930222026297,-3.117098436213646,2.375142211434596,1.513525611870286,3.2595933941261643
1776265243.3190966,14.448570251464844,-1.128834616287952,-3.124703986119767,2.399645747765454,1.5179370303803232,1.4242098985937317
1776265243.3215811,14.451054811477661,-1.1275973080901716,-3.132168229295956,2.4240202641080417,1.5222915715903154,10.272165775926675
1776265243.3628206,14.492294311523438,-1.1263855613721006,-3.139493339574056,2.448265855589179,1.526595809079959,0.6148701469285651
1776265243.399754,14.52922773361206,-1.125194905736959,-3.146681356878319,2.4723818213762043,1.5308368324946113,0.6821073753874566
1776265243.4001832,14.529656887054443,-1.124020563164234,-3.1537183395514585,2.49635996525363,1.5350162189680439,58.293802513000216
1776265243.402542,14.532015800476074,-1.1228655383911512,-3.1606349989073106,2.5201967919967068,1.5391279463929328,10.533198190659306
1776265243.4416263,14.571099996566772,-1.1217292761339117,-3.167445735163805,2.5438847747891375,1.5431691070516078,0.6312993402722431
1776265243.4594035,14.588877201080322,-1.120610774181209,-3.174160430924068,2.567420391271169,1.5471447357963592,1.3781848569165511
1776265243.4695573,14.5990309715271,-1.119512170432029,-3.1807646668410983,2.590797586608596,1.551062201365089,2.394873177827653
1776265243.4847612,14.614234924316406,-1.1184368477279665,-3.187226236041421,2.614015799011377,1.5549299589596994,1.5867283655299664
1776265243.5144439,14.643917560577393,-1.1173823548130226,-3.1935649362445013,2.637074258204609,1.55874140150456,0.8064336323517757
1776265243.5305228,14.659996509552002,-1.1163474609129156,-3.1997934870836384,2.6599717366057125,1.5624998292785908,1.4772147314197832
1776265243.5411577,14.670631408691406,-1.1153292315653798,-3.205900704523956,2.682705537633645,1.5661943577041193,2.2155213768942996
1776265243.551406,14.680879592895508,-1.1143245215855768,-3.2118920501120227,2.7052685235108016,1.569828246518884,2.280063857868468
1776265243.5869122,14.716385841369629,-1.1133337312162,-3.2177695116467295,2.7276603304875944,1.5734020899976358,0.6526039455813287
1776265243.6107574,14.740231037139893,-1.1123546111705296,-3.22352945636434,2.7498735965881944,1.576917512705764,0.9632455814319486
1776265243.6141734,14.74364709854126,-1.1113841072008923,-3.229154617921558,2.7719029100691195,1.5803776036778188,6.661726423246762
1776265243.6248891,14.75436282157898,-1.110424542499003,-3.234643964525104,2.793744163292587,1.5837849389598466,2.103538994191039
1776265243.6545212,14.783994913101196,-1.109476231120363,-3.240009882961219,2.815399166496927,1.5871424409347545,0.7535768803953865
1776265243.6634693,14.792943000793457,-1.108539266733941,-3.2452680177163105,2.8368676364506626,1.590444319132037,2.472356571842054
1776265243.676511,14.805984735488892,-1.1076176100006354,-3.250427204311813,2.85814545304822,1.593689165609325,1.680278246032375
1776265243.6902606,14.819734334945679,-1.1067184761177693,-3.255485357677691,2.879228899892413,1.5968821762676118,1.5782530768404321
1776265243.7325377,14.862011432647705,-1.105843585938472,-3.260420283879181,2.9001146567647593,1.6000201792031394,0.5080453227409608
1776265243.7454693,14.874943017959595,-1.1049879119157104,-3.2652205960980236,2.9207999848964104,1.6031154005839852,1.6434370456071832
1776265243.7688835,14.898357152938843,-1.104148440395392,-3.269899042833609,2.9412897083756513,1.6061688898600701,0.8983383042542031
1776265243.7784543,14.907927989959717,-1.103327947537378,-3.274461837238182,2.961585898800733,1.6091797116089313,2.175246028003412
1776265243.783322,14.912795782089233,-1.1025222609115328,-3.27892507162232,2.981687978846604,1.6121485463663114,4.233409666512233
1776265243.8331068,14.962580442428589,-1.1017313176097996,-3.2832995405154546,3.0015972660361614,1.615069037027728,0.40975555872860525
1776265243.841475,14.970948696136475,-1.100949276872134,-3.287578398550072,3.021312434971068,1.6179391231941505,2.4126068924864956
1776265243.8603275,14.989801168441772,-1.1001793632964636,-3.2917611918145977,3.0408252234460185,1.620760977521066,1.0593260416914347
1776265243.8698523,14.99932599067688,-1.0994291919523356,-3.295845293679302,3.0601345125266253,1.6235366637423343,2.0736060324157677
1776265243.9082909,15.037764549255371,-1.0987009995197081,-3.299801931437847,3.0792388917176066,1.6262693593498898,0.5079114680655266
1776265243.9222324,15.051706075668335,-1.0979931929295457,-3.3036247049745793,3.098136025973429,1.6289577421030677,1.383844687753068
1776265243.9331334,15.062607049942017,-1.0973004887236717,-3.3073279823014947,3.1168252652731017,1.631605125738353,1.7489443911244311
1776265243.959185,15.088658571243286,-1.0966253083771207,-3.310929178969605,3.135306754701123,1.634209130141796,0.7232275009398986
1776265243.982186,15.11165976524353,-1.0959610323221838,-3.3144558931666577,3.153586658559855,1.6367659256539133,0.809907731704468
1776265243.9933076,15.12278127670288,-1.0953026046168173,-3.3179388617928622,3.171672448907703,1.6392800271345378,1.6571379038464171
1776265244.006314,15.135787725448608,-1.0946464766933912,-3.3213888952899633,3.189563941002592,1.6417525940408262,1.4018355512624852
1776265244.0263865,15.155860185623169,-1.0939944294293604,-3.324773016281326,3.2072585863604544,1.6441848698319201,0.898103355470344
1776265244.0590827,15.188556432723999,-1.0933454558060225,-3.32805866374299,3.2247509944314148,1.646585054623226,0.5447150285549965
1776265244.0690777,15.198551416397095,-1.0927011753350986,-3.3312328729531178,3.242034527079277,1.6489480452921637,1.7593227580543458
1776265244.0807393,15.21021294593811,-1.0920609196630517,-3.3342781840423577,3.2591075644488776,1.6512730293808824,1.4881684931318857
1776265244.1078603,15.23733401298523,-1.091428672990142,-3.3372059611253757,3.2759732088335936,1.6535688224287026,0.6315958236518872
1776265244.1409132,15.270386934280396,-1.0908021095859795,-3.340011300628445,3.292631238870727,1.6558285345783275,0.511428765827986
1776265244.1512456,15.28071928024292,-1.0901834718655121,-3.3427010364841157,3.3090819212618228,1.6580516461120784,1.614405659044036
1776265244.1602714,15.289745092391968,-1.0895769958115638,-3.3452935291443997,3.3253255152099297,1.6602376177172509,1.8236975639565645
1776265244.1800358,15.309509515762329,-1.0889808848398963,-3.3477824884794,3.3413565806177097,1.662390639569056,0.8213788390760289
1776265244.214945,15.34441876411438,-1.0883917732315127,-3.350175373125003,3.3571750970722998,1.664509714559665,0.4585983205653034
1776265244.2308083,15.360281944274902,-1.0878045860888452,-3.35248037540769,3.3727840100455246,1.666599927521873,0.9953306743249185
1776265244.253419,15.382892608642578,-1.0872189454735695,-3.3547173190084076,3.3881922812579264,1.6686640665406092,0.6890913107431231
1776265244.261235,15.390708684921265,-1.0866383567676108,-3.3568578309430466,3.403402795263331,1.670699778552703,1.9666334213253487
1776265244.2736948,15.403168439865112,-1.0860626334803039,-3.3588684130045108,3.4184167202370435,1.6727124789429073,1.2166279828340694
1776265244.32271,15.452183723449707,-1.085494099673041,-3.3607416406434454,3.433231554623229,1.6746964195171088,0.3048765731422214
1776265244.3382993,15.467772960662842,-1.0849372814085065,-3.362488377175281,3.4478436486376176,1.676644080246257,0.9446682223642884
1776265244.3530037,15.48247742652893,-1.0843968614298511,-3.3641342903139755,3.4622550248796244,1.6785647602829188,0.9871235696760248
1776265244.3686593,15.498132944107056,-1.083870131948222,-3.3656917247726663,3.4764680546479387,1.6804652889719252,0.9139144800494525
1776265244.3921957,15.521669387817383,-1.0833596863365664,-3.3671870422229646,3.4904914549218855,1.6823429594177142,0.599586441053189
1776265244.4083533,15.537827014923096,-1.0828668161722965,-3.36861718239784,3.504324667170269,1.6841933621734544,0.8612449039985053
1776265244.4146707,15.54414439201355,-1.0823900980606576,-3.369981025398257,3.517961939537553,1.6860143949937743,2.170772598429108
1776265244.4286313,15.558104991912842,-1.0819207351588982,-3.371270828257304,3.5314003803388037,1.6878035157115094,0.9676054382311596
1776265244.4731324,15.602606058120728,-1.0814534339101238,-3.3725112215576405,3.544640696969809,1.6895597654352106,0.29901529765142953
1776265244.4885128,15.61798644065857,-1.0809943771497417,-3.37369635184247,3.5576807256606955,1.6912885715397095,0.8518524954924809
1776265244.4997132,15.629186868667603,-1.0805449363030486,-3.3748254718479247,3.570517449394027,1.6929839596295182,1.1512169097864926
1776265244.519448,15.648921728134155,-1.0801075623326641,-3.375890584386661,3.583151482591841,1.6946539458484657,0.6428417976099967
1776265244.559948,15.689421653747559,-1.0796820632581734,-3.3768932479506266,3.595583073855918,1.6963015291498074,0.3081293689940236
1776265244.5850396,15.714513301849365,-1.0792667832455214,-3.3778372689505303,3.607813323107513,1.69792608277173,0.4891530393067965
1776265244.593305,15.722778797149658,-1.0788630396083794,-3.3787255514110464,3.619845384294596,1.6995246887482551,1.4604762517878984
1776265244.6062136,15.735687255859375,-1.0784706259205674,-3.3795462394857245,3.6316816900731754,1.7010943433594092,0.9196458943345452
1776265244.6623764,15.791850090026855,-1.0780912258286524,-3.380290323860863,3.643323347007124,1.7026384212777583,0.20781679340667536
1776265244.679541,15.809014797210693,-1.0777246888778436,-3.3809616496884933,3.6547715644943297,1.7041598021924156,0.6684495082480004
1776265244.6935265,15.823000192642212,-1.0773687297011476,-3.3815924113648017,3.6660312322392046,1.7056560195512493,0.8067657318298697
1776265244.7057943,15.835268020629883,-1.0770221792598096,-3.3821975054327367,3.677100600634289,1.707132075572507,0.9040972692382567
1776265244.757993,15.887466669082642,-1.0766806340757153,-3.382782467029103,3.6879759043420712,1.7085813856722731,0.20874828755512825
1776265244.7661402,15.8956139087677,-1.0763458100134544,-3.383338364382992,3.6986558673698813,1.7100069076836297,1.3132866004930377
1776265244.7748575,15.90433120727539,-1.0760236808986645,-3.383840756934272,3.709140960168753,1.7114123821481386,1.2047383060397596
1776265244.7914965,15.92097020149231,-1.0757180722505,-3.3842683010694206,3.7194321506538888,1.7127996283774218,0.6193042922563126
1776265244.800118,15.929591655731201,-1.0754307653953372,-3.384623622740008,3.7295294737601625,1.714169343595665,1.172384246162482
1776265244.854858,15.984331607818604,-1.075158554235144,-3.3849429571218033,3.739442824364557,1.7155185764506902,0.18126116063367492
1776265244.8645663,15.99404001235962,-1.0749054389787753,-3.38521161315288,3.7491736287422683,1.716843214796096,1.0030280921729344
1776265244.871478,16.000951766967773,-1.0746683818471716,-3.3854053937837443,3.7587244575781913,1.7181456137652773,1.382533945744245
1776265244.8843312,16.01380491256714,-1.0744486903505477,-3.385519107657249,3.7680943778642098,1.719425298927987,0.7292522408640477
1776265244.9500155,16.07948923110962,-1.0742516124718264,-3.385568858216063,3.7772827186211293,1.72068521124564,0.13992059147577499
1776265244.9565563,16.08603000640869,-1.0740756788224497,-3.385564531607357,3.786292757378597,1.7219209991984938,1.3777812103330873
1776265244.9705994,16.100073099136353,-1.0739200562427216,-3.3854929515803054,3.7951211675010508,1.7231411723027554,0.6287839820187777
1776265244.9821332,16.11160683631897,-1.0737758844653271,-3.385382824504362,3.8037716779357993,1.7243431055920342,0.7501829189719426
1776265245.017283,16.146756649017334,-1.0736387237115128,-3.385228136094719,3.8122483113423415,1.725524549539291,0.2412290001519987
1776265245.0288696,16.15834331512451,-1.0735096621929427,-3.3850360638035073,3.820550896381409,1.7266844048900845,0.7168420280309274
1776265245.055485,16.184958696365356,-1.073387036691686,-3.3848098726548423,3.828679389755752,1.7278261724537325,0.30555881739038276
1776265245.0566134,16.186087131500244,-1.0732768586456591,-3.384543291191386,3.836630766982093,1.7289550453870424,7.051010168791175
1776265245.0992453,16.228718996047974,-1.0731830252586103,-3.384234539685101,3.844407565493805,1.7300712893320223,0.18257448437905105
1776265245.1172369,16.246710538864136,-1.0730974917414835,-3.383884195233304,3.8520144086299033,1.7311691138079153,0.42327593104418765
1776265245.1256635,16.2551372051239,-1.0730158847633868,-3.3834871323866045,3.8594518065950156,1.7322447952488231,0.883912608390354
1776265245.1415923,16.271065950393677,-1.0729365364029233,-3.3830617886344645,3.8667234062671323,1.733298819249337,0.4573154442693384
1776265245.1843436,16.313817262649536,-1.0728638637664265,-3.3825948629646,3.8738315816052276,1.7343342534586128,0.1666350101196268
1776265245.1960824,16.32555603981018,-1.072797876953751,-3.382103374028723,3.880776347563813,1.735353758402164,0.5931153183769781
1776265245.2022073,16.3316810131073,-1.0727340666351604,-3.381606290953975,3.887559596134207,1.7363589510443442,1.1104924943160046
1776265245.2202077,16.34968137741089,-1.0726722993532232,-3.3811011573015315,3.8941791989877816,1.7373454172653002,0.36883338352228495
1776265245.2623742,16.391847848892212,-1.0726087157583364,-3.3805954209351654,3.90063674011332,1.7383122193386784,0.15362032004873208
1776265245.2770085,16.406482219696045,-1.0725484400392866,-3.380084903271412,3.9069364650990828,1.7392660504139865,0.43190543122806346
1776265245.2849157,16.41438937187195,-1.072503985917721,-3.379519953143505,3.913084518938438,1.7402037349015598,0.7808267832391703
1776265245.3031592,16.43263292312622,-1.0724739027132646,-3.3789127449599827,3.9190854082506315,1.7411266126105107,0.33061582200838635
1776265245.321325,16.450798749923706,-1.07246029092405,-3.3782639993341146,3.9249417218109386,1.7420341268509791,0.32435368184917657
1776265245.3453407,16.474814414978027,-1.0724612197255436,-3.3775725077888015,3.9306513904379408,1.7429318658840067,0.23948490059633593
1776265245.3633842,16.492857933044434,-1.0724743054460772,-3.3768667546567883,3.93621342444843,1.7438160478868239,0.31072910113983043
1776265245.3663056,16.495779275894165,-1.0724964007975117,-3.376157329875257,3.941626803926829,1.7446864418652421,1.8689047227499598
1776265245.3822868,16.511760473251343,-1.0725248012140032,-3.3754384843447665,3.946893182327018,1.745539372554864,0.3325963580765261
1776265245.432869,16.562342643737793,-1.0725604398695618,-3.3746877903498143,3.9520126781353997,1.7463774031521093,0.10229621507276884
1776265245.4499924,16.579466104507446,-1.072599194046418,-3.3739107668721626,3.95698325163757,1.7472054101101342,0.29381269586540515
1776265245.4565942,16.58606791496277,-1.072638394056334,-3.373100169548346,3.9618072236610233,1.748023110487216,0.740972420590667
1776265245.478048,16.607521772384644,-1.0726720667102745,-3.372265546650534,3.9664869226666144,1.748828093391547,0.22157614439520804
1776265245.5101855,16.63965916633606,-1.0727003829823614,-3.3714199910782194,3.971024119216933,1.7496214049686156,0.1436146365847502
1776265245.525103,16.654576778411865,-1.0727222685748083,-3.3705758374732815,3.9754201000630065,1.7504016230142856,0.30007157852585786
1776265245.5356066,16.665080308914185,-1.0727390842342661,-3.3697112095013924,3.9796776992889717,1.751168458291045,0.4136265018815184
1776265245.543919,16.67339277267456,-1.0727547222898592,-3.368797005611412,3.983799942835103,1.7519168167826074,0.507963576562125
1776265245.596392,16.725865602493286,-1.0727674947192913,-3.3678483732172118,3.987789899862323,1.752653032785099,0.07815850304356052
1776265245.609293,16.73876667022705,-1.0727684160330702,-3.3669048475307806,3.9916507781404076,1.7533796546351996,0.3080750066294752
1776265245.6262193,16.755692958831787,-1.0727587767170623,-3.36598984462464,3.9953821170711743,1.7540963549041662,0.22697842460343684
1776265245.6312811,16.760754823684692,-1.0727458356563813,-3.3650987660241074,3.998984509142293,1.7548014744270726,0.7331262527396287
1776265245.6718566,16.80133032798767,-1.072733042840706,-3.3641974371019283,4.0024604824666445,1.7554966954540205,0.08850053006522389
1776265245.6904213,16.819895029067993,-1.072725193338257,-3.3632740204648246,4.005810823633688,1.7561823806833858,0.18719807839877634
1776265245.704123,16.83359670639038,-1.0727173179784364,-3.3623479248026578,4.009035071229121,1.7568619517712678,0.24483293326885097
1776265245.7179494,16.84742307662964,-1.0727178780801794,-3.3613972501824962,4.012136242940013,1.757530762403136,0.23459639264232784
1776265245.7602606,16.889734268188477,-1.0727324954517863,-3.3603992190006897,4.015118179264062,1.7581913175951913,0.07431969098832229
1776265245.7713037,16.900777339935303,-1.0727566075737394,-3.359353846719421,4.017980188022662,1.7588399022801118,0.27592361364240536
1776265245.7777681,16.907241821289062,-1.0727808065496507,-3.358292874994374,4.020726374035974,1.7594772325357981,0.4554286611867517
1776265245.788682,16.918155670166016,-1.0727981088856895,-3.3572366143166703,4.02335674700769,1.7601057751343525,0.25972329010517664
1776265245.801529,16.931002616882324,-1.072807526527606,-3.3561854061669414,4.025869659017054,1.7607262775413637,0.21203021708426922
1776265245.8409126,16.970386266708374,-1.0728078077195868,-3.3551441689183963,4.0282651426266085,1.7613408766442322,0.0663218063028035
1776265245.8478308,16.977304458618164,-1.0727964581636107,-3.3541279548372454,4.030547690133512,1.7619509001467688,0.3611591324797039
1776265245.8583727,16.98784637451172,-1.0727693293581626,-3.353146012064248,4.032718698693056,1.762551744539538,0.22604077120036495
1776265245.8760645,17.00553822517395,-1.0727327327310687,-3.3521754115730484,4.034781185566984,1.763144314471022,0.12885872218896297
1776265245.9104223,17.03989601135254,-1.072694606154473,-3.351214691549854,4.036739258151177,1.7637261188761182,0.06349056218564336
1776265245.9245827,17.054056406021118,-1.072657124341544,-3.3502490087529284,4.038593776742416,1.7642964861773414,0.14768068020381006
1776265245.9379249,17.06739854812622,-1.0726208800496508,-3.3492639162935838,4.040346930937453,1.7648594454814506,0.15074684038425157
1776265245.9440837,17.073557376861572,-1.0725983161075936,-3.348234280850827,4.042001894067986,1.7654153618664519,0.3164962706187134
1776265245.9923224,17.121796131134033,-1.0725892947819633,-3.3471647260476485,4.043559153373165,1.765963845128221,0.039163580159279954
1776265246.0070515,17.13652515411377,-1.0725945425650683,-3.3460633070309935,4.045018341639422,1.76650684368423,0.12412352144843472
1776265246.0147996,17.144273281097412,-1.072613405414961,-3.3449521839070058,4.0463821684634045,1.767042956440124,0.2270553677723144
1776265246.0244637,17.153937339782715,-1.0726359449896534,-3.3438663865994753,4.047655582227174,1.7675662824331582,0.1731811407487719
1776265246.0643172,17.193790912628174,-1.0726633391273617,-3.342820112194212,4.048839342357168,1.768075030646251,0.039647737352780765
1776265246.077196,17.206669569015503,-1.072706920737636,-3.3417729897254773,4.049937448903865,1.768577162640738,0.11786633915045619
1776265246.0904179,17.21989154815674,-1.072774058314836,-3.3407066639055922,4.050952378118801,1.7690771889148444,0.1114544467751394
1776265246.1132133,17.242686986923218,-1.0728664549406965,-3.3396344274151306,4.051883774243571,1.769570866567133,0.0624370677691282
1776265246.1408157,17.270289421081543,-1.0729789261098117,-3.3385683835367375,4.052729048725251,1.7700561193756865,0.04945698083698029
1776265246.1603878,17.28986144065857,-1.0731029676767163,-3.3375369889905926,4.0534908976785236,1.7705333125009322,0.06582074302358644
1776265246.1625369,17.29201054573059,-1.0732328671999716,-3.3365521402890392,4.054168873245857,1.770995996694746,0.5596214109856211
1776265246.1851969,17.31467056274414,-1.073374597341774,-3.3355940515875004,4.054765256085891,1.7714515729068936,0.05019443049120897
1776265246.2121692,17.3416428565979,-1.0735313550490422,-3.334633978186933,4.055285265948362,1.7718976912731135,0.04089575074745814
1776265246.2235305,17.353004217147827,-1.0737039418277787,-3.3336315294729886,4.0557312357262925,1.7723441462541356,0.09775817428422184
1776265246.2407134,17.370187044143677,-1.0738988337254176,-3.3325554163937334,4.056101817712795,1.772794136306401,0.06720084474514025
1776265246.2525458,17.382019519805908,-1.0741178107528933,-3.3313981837425195,4.056394374911324,1.773247085886148,0.10256180635977255
1776265246.2590873,17.388561010360718,-1.0743485995990807,-3.3302003861747145,4.056614325732134,1.7736974935008314,0.18948284632165568
1776265246.3037612,17.433234930038452,-1.0745743613633685,-3.3290236368609563,4.05676763234356,1.7741385107331713,0.027039887172130267
1776265246.3139606,17.443434238433838,-1.074788689958004,-3.3279131726640245,4.056855204985623,1.7745682211573963,0.1112177430243152
1776265246.3232205,17.452694177627563,-1.0749945165612074,-3.326879657007123,4.056873739716127,1.7749846772824251,0.11382091306827655
1776265246.3403506,17.46982431411743,-1.0751986633398019,-3.3259121250353316,4.056824701520893,1.7753880941992175,0.05779579644789721
1776265246.384899,17.51437258720398,-1.0754099352254396,-3.3249628385738452,4.056712155770585,1.775783924182629,0.02197623092436516
1776265246.4002295,17.52970314025879,-1.075635700071592,-3.323992015487838,4.056539712488367,1.776178466924823,0.06598166558003361
1776265246.4132679,17.542741537094116,-1.0758730716212648,-3.323009000165713,4.056303595692523,1.7765690858649166,0.07964689856434454
1776265246.4214983,17.55097198486328,-1.0761248794044016,-3.3219976025758755,4.056003634670357,1.7769562852626302,0.13177627311979292
1776265246.4624424,17.59191608428955,-1.076395936477986,-3.3209505403727286,4.055644241764806,1.7773393131912418,0.027836138078190405
1776265246.4760525,17.605526208877563,-1.076678045541865,-3.3199077473510012,4.0552288698109615,1.7777153406956803,0.08503842396651655
1776265246.4901974,17.6196711063385,-1.0769616469215182,-3.3188985822320953,4.054756990528492,1.7780820019232955,0.08127109041780871
1776265246.5137644,17.643238067626953,-1.077238651271541,-3.3179303046137023,4.054227736864117,1.7784448403394177,0.04827597635397369
1776265246.536454,17.66592764854431,-1.0775133790487217,-3.3170021896635142,4.0536411572020565,1.778801125736629,0.049881481697340316
1776265246.5481796,17.677653312683105,-1.0777901795935234,-3.316098354751916,4.052998642945218,1.7791503991357305,0.09747519130496983
1776265246.5570412,17.686514854431152,-1.0780765225035702,-3.3151872703766876,4.052302058092563,1.7794928889282373,0.13339364707227508
1776265246.5687478,17.698221445083618,-1.0783741894179681,-3.314261659194079,4.051549798705497,1.779829198574385,0.10501191137270963
1776265246.6201134,17.749587059020996,-1.0786781276123065,-3.3133318259400144,4.050742882354361,1.7801584998085556,0.024687758086057623
1776265246.6333184,17.762792110443115,-1.078981597075488,-3.312399238724872,4.049884287403504,1.7804878235550934,0.09870890328556521
1776265246.6462235,17.775697231292725,-1.079275328095244,-3.3114935229329254,4.048975799325818,1.780810999337482,0.10197777884327229
1776265246.658073,17.787546634674072,-1.079559056521822,-3.3106349514181996,4.048019087717268,1.7811271970803355,0.11109532306330186
1776265246.700407,17.829880714416504,-1.0798329578863246,-3.3098258678681813,4.047014177696314,1.7814352431992788,0.03115443526926314
1776265246.71333,17.842803716659546,-1.0800972334294683,-3.309035789663581,4.045963015119824,1.7817343350026056,0.10378942712772027
1776265246.7320132,17.86148691177368,-1.080358855147981,-3.3082355800924717,4.044866772399011,1.782032434293148,0.07398193932499941
1776265246.7440362,17.873509883880615,-1.080616657127014,-3.30742537678931,4.043727133415491,1.7823229011019608,0.11826142491030041
1776265246.7514987,17.880972385406494,-1.0808715387867174,-3.30660641125279,4.042543680687562,1.7826077006051784,0.19585719400942106
1776265246.8151145,17.94458818435669,-1.0808715387867174,-3.30660641125279,4.042543680687562,1.7826077006051784,0.0
1776265246.815734,17.945207595825195,-1.081128262102641,-3.305776365428677,4.041315337139646,1.782891795524115,2.4290207766164587
1776265246.8159723,17.945446014404297,-1.0813921293751807,-3.3049176190150233,4.040042071046159,1.783169983074273,6.535955655129145
1776265246.8221667,17.951640367507935,-1.081661615142762,-3.3040452955361683,4.038726422140423,1.7834400372459778,0.2585268393744719
1776265246.8272872,17.9567608833313,-1.0819320296152912,-3.3031921296907525,4.03737135994714,1.7837041345309959,0.3171455359520755
1776265246.8708081,18.000281810760498,-1.0821993004810178,-3.3023643945521686,4.035980158117361,1.7839627443771542,0.03769998150194822
1776265246.8844798,18.01395344734192,-1.082462514296499,-3.301565157476438,4.034551848985546,1.7842157441667121,0.1212545387806909
1776265246.8984797,18.027953386306763,-1.0827205165853129,-3.3007952050195106,4.033087203985087,1.7844630636273697,0.11962102995914896
1776265246.9195058,18.04897952079773,-1.082971387994154,-3.3000532226870813,4.0315906457615664,1.7847027444429238,0.08033479381488391
1776265246.9520423,18.08151602745056,-1.0832145569877585,-3.299343160292468,4.030064616135686,1.7849385857869466,0.0522678568605903
1776265246.977397,18.106870651245117,-1.0834513843945748,-3.2986578586690993,4.028507607809931,1.7851682933681778,0.06774135369415053
1776265246.9978943,18.127367973327637,-1.0836813492213477,-3.298003328475235,4.026917945137062,1.7853939013685682,0.08461842995215701
1776265247.0028262,18.13229990005493,-1.08390602801298,-3.297367859439417,4.025297771729179,1.7856167530693021,0.3558007007433278
1776265247.0311074,18.16058111190796,-1.0841237374644326,-3.296747317097683,4.0236474039004495,1.7858351590597772,0.06281786238022567
1776265247.0431974,18.17267107963562,-1.0843305819854834,-3.296154397909669,4.021966580654227,1.7860522746252174,0.14841212507983279
1776265247.060267,18.189740657806396,-1.0845284469931855,-3.295598886585926,4.020255635993578,1.7862681605281159,0.10602000923339526
1776265247.0713758,18.200849533081055,-1.0847190327013216,-3.2950876074076567,4.018515743525099,1.7864809061728661,0.16414316475040214
1776265247.0997336,18.229207277297974,-1.0849065142231555,-3.2946149607505117,4.0167495884514395,1.7866868511935807,0.06481094678548643
1776265247.1182804,18.247754096984863,-1.0850921652639167,-3.2941540629405215,4.014957986659609,1.7868876048663862,0.10024513030463447
1776265247.1449993,18.274472951889038,-1.0852773519193453,-3.2936791470364852,4.013143706478211,1.7870860545074996,0.07053182483111647
1776265247.1490653,18.278538942337036,-1.085465772677713,-3.293187803580291,4.011306918263463,1.7872807380475675,0.46991836268198334
1776265247.175226,18.304699659347534,-1.0856649095088307,-3.292678095482131,4.009447854232506,1.78747668285684,0.07407790410367954
1776265247.1904123,18.319885969161987,-1.0858789354818807,-3.2921449074254716,4.007567657239956,1.7876731848054852,0.12946006722902545
1776265247.1998425,18.32931613922119,-1.0861029004750886,-3.291614066935725,4.005669018308198,1.7878660023411665,0.210402620239503
1776265247.2100277,18.33950138092041,-1.0863316974455475,-3.2911047376266067,4.003710897042501,1.7888529433547458,0.1999141256234023
1776265247.2272851,18.35675883293152,-1.0865792155277716,-3.2906166856650216,4.00151418548749,1.790949888965218,0.1311808157281579
1776265247.2766705,18.40614414215088,-1.0865792155277716,-3.2906166856650216,4.00151418548749,1.790949888965218,0.0
1776265247.2777936,18.407267332077026,-1.0868538358471014,-3.29014743698684,3.9989892532745275,1.7940352860015132,2.299528508853532
1776265247.280982,18.41045570373535,-1.0871592613552665,-3.289701687540146,3.9961099018127793,1.797893276033533,0.9188435320802203
1776265247.29042,18.419893741607666,-1.0874935332437015,-3.2892747170258545,3.9928856254039378,1.8023751378854902,0.34642333185537677
1776265247.3131106,18.44258427619934,-1.0878497844967934,-3.2888527472016698,3.9893392565059136,1.8074149266871835,0.15817649975139067
1776265247.3518553,18.4813289642334,-1.0882271395428291,-3.288447732908665,3.985498206725086,1.8130007620012725,0.10016170615064098
1776265247.3628387,18.49231243133545,-1.0886208524934988,-3.288057876853898,3.9813900662545203,1.8191234475517106,0.37741603713781124
1776265247.3732328,18.50270652770996,-1.0890245517963755,-3.287678285358889,3.977042276419434,1.825760455487474,0.42167783969678824
1776265247.3871334,18.51660704612732,-1.0894329665547051,-3.2873160503692236,3.9724829609450247,1.8329012886410452,0.33033885638199395
1776265247.4351833,18.564656972885132,-1.0898407264602237,-3.286974975750539,3.967739268210936,1.8405295867256688,0.09934222679263735
1776265247.4451292,18.574602842330933,-1.0902388564474954,-3.2866435822127165,3.9628373295089934,1.8486255386934736,0.49560598416065466
1776265247.4587288,18.588202476501465,-1.0906183225654018,-3.286322538211872,3.957801945482342,1.8571712005683425,0.3720583403049323
1776265247.4720657,18.601539373397827,-1.090972647517106,-3.2860259255482296,3.9526567653351075,1.8661576275629657,0.38733811469214197
1776265247.5091655,18.638639211654663,-1.0912948083267011,-3.2857655292434966,3.9474229262918934,1.875570111891753,0.14151560838642593
1776265247.520151,18.649624586105347,-1.0915700759432303,-3.2855610180804242,3.9421185087086204,1.885404113079881,0.48386979193644436
1776265247.5394993,18.668972969055176,-1.0917778617384455,-3.2854065147204845,3.936757939148513,1.8956593114278153,0.27737819630833915
1776265247.5430982,18.672571897506714,-1.0918994522889434,-3.2852756197812916,3.931355410166853,1.9063032984447243,1.5019698809898534
1776265247.5860438,18.71551752090454,-1.0919138548576683,-3.285143415250374,3.9259233043099298,1.91729932964328,0.12652589596681055
1776265247.6029556,18.732429265975952,-1.0918011051612562,-3.2850124685439637,3.920470449093723,1.9286439335955912,0.32259193114043916
1776265247.6188152,18.748288869857788,-1.091544825183768,-3.284874442814215,3.915006935286202,1.9403188323767666,0.3449810328867243
1776265247.6343925,18.763866186141968,-1.0911279756869279,-3.284718697415166,3.9095405479430787,1.952298645343987,0.35208054183980975
1776265247.6607916,18.790265321731567,-1.0905337257563,-3.284557163149033,3.9040762073477318,1.9645934166357122,0.20829966914336548
1776265247.6784642,18.80793786048889,-1.089745827391367,-3.2844013033686097,3.8986175166060324,1.9772228392866458,0.31220536639426705
1776265247.6904233,18.819896936416626,-1.0887481724206043,-3.2842672127183845,3.8931680279387666,1.9902182199628458,0.4633870131487877
1776265247.70883,18.838303804397583,-1.087526151233278,-3.284165503574684,3.8877312541370213,2.0036262739928787,0.3027862419963702
1776265247.7094386,18.83891224861145,-1.0860751208841146,-3.2840746879839777,3.882319749307349,2.0174301415924694,9.20939423084408
1776265247.7790914,18.908565044403076,-1.0860751208841146,-3.2840746879839777,3.882319749307349,2.0174301415924694,0.0
1776265247.7798038,18.90927743911743,-1.0843990054643353,-3.283947158922385,3.876954456034601,2.0315482096942943,7.892330936723442
1776265247.7800653,18.909538984298706,-1.0825047509081247,-3.2837378085456366,3.871655212183694,2.0459057601662436,21.531727705026974
1776265247.7802627,18.909736394882202,-1.080405341173758,-3.2834385260730543,3.8664383486655325,2.060471809029153,28.52637337029824
1776265247.7864199,18.9158935546875,-1.0781087617091674,-3.2830489410501964,3.861310846358914,2.075232197035613,0.9146773180249193
1776265247.8338401,18.963313817977905,-1.0756307539505738,-3.282545799088248,3.856279844491936,2.0901432846909778,0.11874013777705465
1776265247.8401809,18.96965456008911,-1.0729967852797235,-3.281910699800663,3.8513495959250035,2.1051522806666636,0.887230427491151
1776265247.8587778,18.988251447677612,-1.0702259313202327,-3.2811457185773207,3.846521535284739,2.120246719757235,0.3021465512910668
1776265247.8684294,18.9979031085968,-1.067332128746339,-3.280274406250096,3.841799777233697,2.1354559217525972,0.580842297165834
1776265247.8970912,19.026564836502075,-1.0643313303558983,-3.2793126590767256,3.83718639747603,2.1507956338435292,0.19492409934677388
1776265247.9054601,19.0349338054657,-1.0612455559876657,-3.2782632732423735,3.8326835289700587,2.1662462189492517,0.664202533808681
1776265247.9181666,19.047640323638916,-1.0580852121547348,-3.2771399345885976,3.8282919705172485,2.181812939325691,0.4348861630935746
1776265247.9281054,19.057579040527344,-1.0548579958295097,-3.275952810225953,3.8240140376296092,2.1974939623747898,0.5522458767929959
1776265247.9718554,19.10132908821106,-1.051576907280241,-3.2746986071693214,3.8198510374732066,2.2132802356192314,0.12450131291052642
1776265247.979629,19.109102725982666,-1.0482748938923219,-3.27335879316583,3.815803950544156,2.2291423202048932,0.6936698010690363
1776265247.9902818,19.119755506515503,-1.044973358789093,-3.2719364059420775,3.81187061970468,2.245075686843153,0.5002112464265809
1776265248.0045192,19.133992910385132,-1.041684853152723,-3.2704427661887294,3.808048206956169,2.2610834945944496,0.36937237717361127
1776265248.046478,19.175951719284058,-1.0384166620276036,-3.268896658553869,3.804335748766935,2.2771739955135684,0.12350378641626505
1776265248.0634427,19.19291639328003,-1.0351795130921444,-3.267310617402446,3.800733311340711,2.2933477937057507,0.30040625951313815
1776265248.0850925,19.214566230773926,-1.0319671770161833,-3.2657052817100682,3.7972411127280905,2.3096035803501875,0.2313715890848189
1776265248.095921,19.22539472579956,-1.0287803908521873,-3.264085727212995,3.7938586585020633,2.3259434671976047,0.45448025285009747
1776265248.119364,19.24883770942688,-1.0256284532681796,-3.2624586135240077,3.7905851903402707,2.3423576329064217,0.20589443233163118
1776265248.1342843,19.263757944107056,-1.022517587814096,-3.2608247688447225,3.787421032687285,2.358835285234737,0.3169194135007493
1776265248.1592274,19.288701057434082,-1.01946537085134,-3.259172644745632,3.7843642235741206,2.3753759274971276,0.18541758452747753
1776265248.172899,19.302372694015503,-1.0164732065491116,-3.2575099046579243,3.781412251554361,2.391977779055596,0.3306235402945532
1776265248.1733484,19.30282211303711,-1.0135406534158868,-3.2558478260598216,3.7785625556898417,2.4086364265287155,9.821504545178511
1776265248.2103994,19.33987307548523,-1.0106678231422663,-3.254187742075133,3.7758119145717983,2.4253478490085394,0.11632300400499192
1776265248.2196019,19.34907555580139,-1.0078559839802947,-3.2525239228466676,3.7731607327539427,2.4421090646964148,0.45721940836313935
1776265248.2427664,19.37224006652832,-1.0051015475375693,-3.250862067429878,3.7706089083290193,2.458912028420082,0.17726050526802023
1776265248.2496681,19.379141807556152,-1.002417178520968,-3.249196559163797,3.7681580220873396,2.4757576250201625,0.5793211313415615
1776265248.2915,19.420973777770996,-0.9998190811678027,-3.2475110522218618,3.765804956949341,2.4926523865466743,0.0929783533506726
1776265248.3006203,19.430094003677368,-0.9973118904760835,-3.2458103007551653,3.763547225290954,2.50959753023039,0.4142822724509222
1776265248.3139563,19.443429946899414,-0.9948898454606248,-3.244098486131713,3.7613244178581993,2.5257153713998703,0.27792644086567386
1776265248.3491504,19.47862410545349,-0.9925239693818583,-3.242368759918178,3.758904801254383,2.5406420411154946,0.10798691956711086
1776265248.3632336,19.49270725250244,-0.9902001092673799,-3.24061770666819,3.7561726874092303,2.5544935622747396,0.2834139683808278
1776265248.3931699,19.522643566131592,-0.9879139829309895,-3.2388451019599387,3.7530854227879025,2.567371286242384,0.1413268254002208
1776265248.393548,19.523021697998047,-0.9856657906910146,-3.23705221302379,3.7496270158709084,2.579350804347819,11.894554912017767
1776265248.4094965,19.538970232009888,-0.9834571018084318,-3.23524187910282,3.7457915276707907,2.5904845052903074,0.29983331619268777
1776265248.452956,19.58242964744568,-0.981289635340621,-3.2334178260746165,3.7415768760125694,2.6008075922246414,0.11684982248920293
1776265248.4800484,19.609522104263306,-0.9791662453139708,-3.23158395144873,3.7369824232944064,2.610344629560146,0.19870434920332466
1776265248.4845722,19.61404585838318,-0.9770900303937569,-3.229745304898151,3.732008088377152,2.619112914003671,1.2589542565970109
1776265248.5039537,19.633427381515503,-0.9750631457581516,-3.227907957268668,3.726654049088635,2.6271242063821147,0.31021679877703473
1776265248.5317798,19.661253452301025,-0.9730885885006473,-3.226077819840265,3.7209205421774043,2.6343976146482238,0.22763343415584103
1776265248.5367973,19.666270971298218,-0.9711713949932269,-3.2242618200013244,3.7148086438040173,2.6410218378674704,1.3269479982096541
1776265248.5404382,19.669911861419678,-0.9693212009433779,-3.2224689936116846,3.708323433662915,2.647021320296742,1.916621582220839
1776265248.5609512,19.690424919128418,-0.9675529522033885,-3.2207091521363593,3.7014748178254937,2.6524993602965536,0.35532716217570454
1776265248.590337,19.719810724258423,-0.9658796189836105,-3.2189934178160526,3.694280272286074,2.657485081202055,0.25805735624093945
1776265248.6040118,19.733485460281372,-0.9643045527573428,-3.21733485927765,3.6867626212189792,2.661978502580857,0.5746296374243461
1776265248.612051,19.741524696350098,-0.9628268516222646,-3.2157468749215394,3.678946931850991,2.6659851514730804,1.0089418487245032
1776265248.6297562,19.75922989845276,-0.9614483147985914,-3.2142458698684386,3.6708554321342084,2.6695300355375835,0.47128546650058484
1776265248.6373107,19.76678442955017,-0.9601520098345235,-3.2128568449894885,3.6625034479079153,2.6725904411374195,1.1338046705534246
1776265248.6797209,19.809194564819336,-0.9589203954242037,-3.211607424527109,3.6539041986915275,2.6751218098918197,0.20694085135566526
1776265248.6890786,19.818552255630493,-0.9577465689379425,-3.210524054296373,3.6450679854232755,2.677094998743103,0.9595779134238118
1776265248.7093663,19.838840007781982,-0.9566368999224338,-3.209633836593985,3.6360057772460213,2.6785049463371173,0.4521542326489375
1776265248.7160964,19.84557008743286,-0.9555972079023182,-3.208963243226365,3.6267272680542324,2.6793356747895802,1.3908646187994822
1776265248.7548892,19.884362936019897,-0.9546391789032691,-3.2085339493092997,3.617241511137737,2.6795871421948636,0.24601630179690331
1776265248.7640307,19.89350438117981,-0.9537786259118914,-3.2083652112531325,3.6075551070720673,2.6792825038413954,1.0639476514627624
1776265248.7766912,19.90616488456726,-0.9530282819169381,-3.208476685630861,3.597676540191492,2.6784390348396045,0.7825636613884
1776265248.7906837,19.920157432556152,-0.9524068508595341,-3.208883261235384,3.587622123222523,2.6770988264739324,0.7205124079618768
1776265248.8165948,19.94606852531433,-0.9519383747083711,-3.209595957572453,3.5774080599604416,2.6753256364810856,0.3955683986783634
1776265248.8338616,19.963335275650024,-0.9516285733941738,-3.2106251448616385,3.5670483137786357,2.6731361580349287,0.6032027551992029
1776265248.8428085,19.97228217124939,-0.9514704163949146,-3.2119789349891033,3.556564128546699,2.6705032217022517,1.1816849943183305
1776265248.8545802,19.98405385017395,-0.9514643234083232,-3.213661452411178,3.5459772731948784,2.6674186138886786,0.9106365029710421
1776265248.8992562,20.028729915618896,-0.9516291775548206,-3.215667747672043,3.5353072853514953,2.663960836901437,0.24304343587230134
1776265248.9150882,20.044561862945557,-0.9519720956387827,-3.217986470658802,3.5245683023179826,2.660186050909324,0.6942801779913244
1776265248.9312427,20.06071639060974,-0.9525007494912876,-3.2206018088089454,3.513771823635557,2.656149192246325,0.6884326816684149
1776265248.950003,20.079476594924927,-0.9532248861586619,-3.2234968642414117,3.5029277763846336,2.6519256121412247,0.5995233751237096
1776265248.9725895,20.102063179016113,-0.95414445223147,-3.226655011602518,3.492045603976407,2.6475449538940428,0.5033266088525759
1776265248.979672,20.109145641326904,-0.9552708679727586,-3.230056477443968,3.4811325475680834,2.6430825948081824,1.6217854713674342
1776265249.001957,20.131430625915527,-0.9566177000537714,-3.2336827723988026,3.470193325951266,2.6386194530993436,0.5206662867673351
1776265249.0123394,20.141813039779663,-0.9581586093446757,-3.2375266998562067,3.4592377493988447,2.634084894376442,1.128077378104591
1776265249.0366707,20.166144371032715,-0.9598594498629666,-3.241586611304571,3.448275704161871,2.6293755278919284,0.48549736027354967
1776265249.0475347,20.177008390426636,-0.9617073126388712,-3.245858527341899,3.4373100898400724,2.6244719841207678,1.0965129515682996
1776265249.0602145,20.189688205718994,-0.9637050742132496,-3.250333331375722,3.426342126748568,2.619409479324901,0.9474078890127412
1776265249.0739899,20.203463554382324,-0.9658489872581225,-3.255001654958504,3.415374768001641,2.6142028728977404,0.8791679452058084
1776265249.082946,20.212419748306274,-0.9681375518417432,-3.2598548266695766,3.404410914201515,2.6088737450640482,1.3629035367165758
1776265249.126261,20.25573468208313,-0.9705876674111711,-3.264880944541354,3.3934531182523404,2.6034956392101334,0.2840119769880891
1776265249.1372986,20.266772270202637,-0.9732003263101698,-3.2700717391932432,3.3825031516283848,2.598091285522122,1.1231126940118208
1776265249.1561682,20.28564190864563,-0.9759694996420893,-3.275421233370488,3.3715620353863325,2.5926580381802107,0.6618957306495686
1776265249.1614485,20.290922164916992,-0.9788810785915425,-3.2809300992422177,3.3606337429701147,2.5871713876037603,2.3824305420743865
1776265249.1970334,20.326507091522217,-0.981913788134734,-3.2866035605631545,3.3497220657945355,2.5815800102514084,0.3559623313677235
1776265249.2167635,20.346237182617188,-0.9850509179706853,-3.2924442171026893,3.3388291148351303,2.5758518791130114,0.6463178955641972
1776265249.2214506,20.350924253463745,-0.9882946363363659,-3.2984472703960255,3.327955027134996,2.5700080544262263,2.7389401469503034
1776265249.2320204,20.361494064331055,-0.9916479257607366,-3.30460713608948,3.3171005708259655,2.5640740680837455,1.2226469068620889
1776265249.2674463,20.39691996574402,-0.9951159910244284,-3.3109176333670063,3.306263928255637,2.5580812240324438,0.36726990830870565
1776265249.2863038,20.415777444839478,-0.9987170867883991,-3.317367934258931,3.29544651264994,2.552101205432008,0.6946456248319215
1776265249.3022118,20.43168544769287,-1.0024691382000608,-3.323946263290613,3.2846491442806136,2.546193883337962,0.8290455886380238
1776265249.312113,20.44158673286438,-1.0063727065077392,-3.330648687248928,3.2738704386574393,2.540369294423851,1.3411732045932843
1776265249.3446186,20.47409224510193,-1.0104240045971677,-3.3374748000827843,3.263109668642453,2.5346261379874147,0.4113678919330452
1776265249.3548071,20.484280824661255,-1.0146049353667976,-3.3444317517480178,3.2523695510692647,2.528926591193382,1.3212980253975626
1776265249.3815842,20.51105785369873,-1.0188848712814818,-3.351534426770571,3.241654975400531,2.5231942039786848,0.5059831679107389
1776265249.3988338,20.52830743789673,-1.0232309443183019,-3.358798429904447,3.2309689452063504,2.5173488019822825,0.7903094949350437
1776265249.4152176,20.54469132423401,-1.0276449890434347,-3.3662219046740183,3.220308265709103,2.5114146005774596,0.83741584007682
1776265249.4310515,20.5605251789093,-1.0321393946045767,-3.373796596154034,3.2096720806848604,2.5054366796067873,0.8721542867268101
1776265249.447175,20.576648712158203,-1.0367136291832837,-3.381517317292197,3.199061495718492,2.499433216371477,0.8618879108490195
1776265249.4543602,20.583833932876587,-1.041374437864822,-3.3893755849966762,3.188480802560697,2.4934292101520428,1.945591672035006
1776265249.4820776,20.61155128479004,-1.0461302418034848,-3.397362717921475,3.1779299739145754,2.4874483710713595,0.5073254943373754
1776265249.498866,20.628339767456055,-1.0509830685417563,-3.405474085467479,3.1674089379891828,2.4815095086347467,0.8424479481124622
1776265249.5062797,20.635753393173218,-1.0559374317924928,-3.413705534966826,3.1569173876365917,2.4756338174343595,1.9188803116699917
1776265249.5249107,20.65438437461853,-1.0609921520022276,-3.4220564414651355,3.146456525314973,2.4698200791836324,0.7679655280888594
1776265249.5288835,20.6583571434021,-1.0661443565709972,-3.430527811046454,3.1360270796243146,2.464064659981571,3.622251235821638
1776265249.572099,20.70157265663147,-1.0713784578585237,-3.4391283039605653,3.1256304169709073,2.45833241296555,0.33489261902729145
1776265249.6213603,20.750833988189697,-1.0713784578585237,-3.4391283039605653,3.1256304169709073,2.45833241296555,0.0
1776265249.6220138,20.751487493515015,-1.0766829123421462,-3.4478644428641023,3.115266353453903,2.452601131647081,22.273414770210994
1776265249.6222646,20.75173830986023,-1.0820568679488096,-3.456735480947069,3.1049344033456334,2.446894322809061,58.368626680946406
1776265249.6224506,20.75192427635193,-1.0875070556782989,-3.46573709041204,3.0946368560971425,2.441228320008754,79.17132157445863
1776265249.6521766,20.78165030479431,-1.093039244168866,-3.474864489875213,3.084371498097763,2.435617924603876,0.49816660341069297
1776265249.672121,20.801594734191895,-1.098658596019618,-3.4841132436226263,3.0741374131492005,2.430084805699758,0.7468116630132582
1776265249.6832137,20.812687397003174,-1.1043577128704973,-3.4934857051409347,3.063934651625859,2.424614625304923,1.3504991031431461
1776265249.6892123,20.81868600845337,-1.1101182060797041,-3.502991024024936,3.0537672118261376,2.41917604545251,2.511176481060769
1776265249.7211173,20.85059094429016,-1.1159299986116542,-3.5126355170787167,3.0436386986465847,2.41375598133937,0.47470068543673277
1776265249.7311535,20.86062717437744,-1.1217927624744342,-3.5224177144849347,3.033549682829709,2.408365267937318,1.5171707600273519
1776265249.7432294,20.872703075408936,-1.1277017388153625,-3.5323359703562884,3.023499746698725,2.403003065649331,1.2675246681150865
1776265249.7636878,20.89316153526306,-1.1336524729009951,-3.54238879471486,3.013489853047764,2.3976668580600453,0.7519643972214847
1776265249.8128288,20.942302465438843,-1.1396355931914561,-3.5525775806903734,3.003520139670473,2.392342225715274,0.31460053712800296
1776265249.8226624,20.952136039733887,-1.1456664592783796,-3.5628898238171853,2.9935936010560416,2.387070100327387,1.5795091398522454
1776265249.8338761,20.96334981918335,-1.151746233392798,-3.5733216138154456,2.9837111262631213,2.3818562169134196,1.3914005449432472
1776265249.8485048,20.977978467941284,-1.157880919966882,-3.5838668166192456,2.9738717422402585,2.3767243981859467,1.0714044080899185
1776265249.8833418,21.012815475463867,-1.164065960369311,-3.594526304112388,2.964075500946416,2.3716664539472307,0.451907853333157
1776265249.8980844,21.027558088302612,-1.1702857909341813,-3.6053085088196113,2.9543241947916594,2.3666598197990427,1.0725604427399364
1776265249.9059303,21.035403966903687,-1.1765344681434398,-3.616216713423399,2.944618057007273,2.361699499482185,2.0242718829671005
1776265249.9202075,21.049681186676025,-1.1828080527306513,-3.6272528449086265,2.934956008247741,2.356777720749172,1.1173986416529256
1776265249.9641774,21.093651056289673,-1.1891097434478937,-3.6384137548262077,2.925337100267694,2.3519040435113983,0.364454103988545
1776265249.9864523,21.115926027297974,-1.195443635453,-3.649695538842995,2.915761872688202,2.347086442016613,0.7226056011585817
1776265249.9966502,21.126123905181885,-1.2018166381879085,-3.6610920307379575,2.9062306085551315,2.3423382695040047,1.5852336840045986
1776265250.0063045,21.135778188705444,-1.2082135163326722,-3.672611458931791,2.8967442536545365,2.3376374690566517,1.6817421657380982
1776265250.0211704,21.150644063949585,-1.2146275578584138,-3.684257211916348,2.8873032009628945,2.33297889794627,1.0968979076813448
1776265250.0447812,21.174254894256592,-1.2210610585102055,-3.696027059817162,2.8779102875907414,2.3283720989991337,0.6935447039608162
1776265250.0591726,21.18864631652832,-1.2275053275004626,-3.7079240467850743,2.868565951876158,2.323811863765524,1.142579389472775
1776265250.0674462,21.196919918060303,-1.233963392321484,-3.7199444414645417,2.859270820947237,2.3193077361633256,1.995561412394936
1776265250.0796607,21.209134340286255,-1.2404491445567924,-3.732077491647892,2.850024959139499,2.314877692760124,1.3570794900026562
1776265250.11483,21.244303703308105,-1.2469606164898481,-3.744322474685891,2.840826695118236,2.3105201847964216,0.47318806363658417
1776265250.1261132,21.255586862564087,-1.2534915693046054,-3.756682905484483,2.8316759617600797,2.3062314828581743,1.4808234328085075
1776265250.1442015,21.273675203323364,-1.2600348788523303,-3.7691633100679773,2.82257281344595,2.3019972833043556,0.9274623085817643
1776265250.151243,21.28071665763855,-1.2665870559806431,-3.7817661412145203,2.81351739073325,2.2978116033291935,2.392299570631899
1776265250.17487,21.304343700408936,-1.2731474898191673,-3.794491250243572,2.804510728216542,2.293681322930391,0.7158799457823073
1776265250.201363,21.3308367729187,-1.2796970931770772,-3.8073495875016783,2.795555254592745,2.28958202465609,0.6410492359316876
1776265250.20635,21.33582377433777,-1.2862337040767151,-3.820341049589236,2.7866517434871967,2.2855175008851227,3.41933136938667
1776265250.2188017,21.348275423049927,-1.2927524784947921,-3.8334645384577106,2.7777985721269967,2.2814793798907327,1.374929169340236
1776265250.2541313,21.383605003356934,-1.2992594846944225,-3.8467117664509036,2.7689961374238354,2.2774825123828557,0.48641037620101885
1776265250.2588756,21.388349294662476,-1.305759365915616,-3.8600754758410574,2.760244619463853,2.273540124364618,3.6351162260801595
1776265250.2714908,21.400964498519897,-1.3122524957886756,-3.873551512841038,2.751543555166461,2.2696510116912543,1.3717799137271476
1776265250.2817872,21.411260843276978,-1.3187392196322385,-3.887137169673351,2.7428932496107583,2.265816442403757,1.6863312800984924
1776265250.3010764,21.43055009841919,-1.325220923028611,-3.9008308486795857,2.734294780285108,2.2620432125644636,0.9031032697588445
1776265250.3070729,21.436546564102173,-1.3317040180186344,-3.914628793453939,2.7257495817051565,2.258336728896254,2.914496199052612
1776265250.3333743,21.46284794807434,-1.3381724760339668,-3.9285419422542303,2.717256806156316,2.2546824257217275,0.6667683147907705
1776265250.3386755,21.468149185180664,-1.3446145791073292,-3.9425790510214402,2.708815639323185,2.251066759197321,3.320164187158555
1776265250.3671062,21.496579885482788,-1.3510170322171287,-3.9567496740658816,2.7004264236058675,2.2474688606926896,0.6214594939120563
1776265250.378699,21.508172750473022,-1.357380111314333,-3.971052154503027,2.692087909879126,2.2438943871432504,1.5299426238042646
1776265250.3870544,21.516528129577637,-1.363713553930189,-3.985476087887503,2.6838023270304237,2.2403523762428645,2.130274147152944
1776265250.403014,21.532487630844116,-1.3700188076470976,-4.000016607648974,2.675570335797805,2.2368501685279147,1.1190282423075935
1776265250.4111042,21.54057788848877,-1.3763045463671129,-4.0146646093500555,2.6673918779410326,2.2333972231062633,2.2144414978145757
1776265250.4464173,21.57589101791382,-1.3825770404668996,-4.029413363994989,2.659267672284614,2.2299943815914087,0.5088378769808992
1776265250.4651408,21.594614505767822,-1.3888378904113674,-4.044260416879108,2.65119489114264,2.226645284525792,0.962549945663747
1776265250.4701457,21.599619388580322,-1.395080736480493,-4.059211557567882,2.643171746132253,2.2233467963795532,3.6124400957732115
1776265250.4833581,21.612831830978394,-1.4013016988106908,-4.074272683574752,2.6351977293433246,2.22008618998391,1.3730801827923491
1776265250.5261014,21.655575037002563,-1.4074891832293646,-4.089454696201309,2.6272729657998894,2.2168546847722377,0.4260173607493195
1776265250.5390277,21.668501377105713,-1.41364260316961,-4.104759309847182,2.6193983047175626,2.213656815491649,1.4140559709954816
1776265250.5455537,21.67502737045288,-1.4197648376090257,-4.120183396365677,2.61157424368592,2.2104974268767217,2.8113214957299797
1776265250.5608344,21.690308094024658,-1.4258630646182904,-4.135720292954638,2.603802212539606,2.2073831862284976,1.2048923323195004
1776265250.5813682,21.71084189414978,-1.4319379857552406,-4.151367360503867,2.5960819142967253,2.204314532925167,0.8997528697759042
1776265250.5945573,21.7240309715271,-1.4379847592769732,-4.167126823430117,2.588411959174707,2.2012866909391846,1.4057510735250098
1776265250.625061,21.75453472137451,-1.4440123008212296,-4.182992036483809,2.5807935063508167,2.1983080864227316,0.6098642545684803
1776265250.6451497,21.77462339401245,-1.4500271724448246,-4.198958661553621,2.5732283148291115,2.1953833526887183,0.9290794955513951
1776265250.6694643,21.798938035964966,-1.4560239122545275,-4.215031615737411,2.565716718583179,2.1925090506298015,0.770221031962099
1776265250.6705785,21.800052165985107,-1.4620020595266323,-4.231212636457686,2.5582584957318337,2.1896854084871173,16.86815423341303
1776265250.6840618,21.813535451889038,-1.4679553737710909,-4.247507767086688,2.5508538196574935,2.186904823100131,1.39897105833106
1776265250.6915696,21.821043252944946,-1.4738688467550267,-4.263929265849615,2.543502177300575,2.1841490962947714,2.5225610755883134
1776265250.7227757,21.85224938392639,-1.479741121236363,-4.280477370520134,2.5362025577142817,2.1814225974821215,0.6093670694575519
1776265250.763849,21.893322706222534,-1.479741121236363,-4.280477370520134,2.5362025577142817,2.1814225974821215,0.0
1776265250.7652593,21.89473295211792,-1.4855739752131727,-4.297148192978126,2.5289561751343004,2.1787263808231727,13.53702650889658
1776265250.7655046,21.894978284835815,-1.4913701419387826,-4.313936657391947,2.5217621091332316,2.1760632004417624,78.1083468344736
1776265250.7657106,21.89518427848816,-1.4971222492701641,-4.3308442968949095,2.514618107525514,2.173429775972487,93.3774897739118
1776265250.8017187,21.93119239807129,-1.5028374183543192,-4.34786211287782,2.507524900095157,2.1708302787560267,0.5360569916300327
1776265250.8133314,21.94280505180359,-1.5085202111135683,-4.364982835971687,2.500484493101039,2.1682728806627214,1.6675272397208991
1776265250.827355,21.956828594207764,-1.5141757571688297,-4.382201892983477,2.4934991065915635,2.165762264092783,1.385071806617131
1776265250.8365662,21.966039896011353,-1.5197973132190365,-4.399524618011137,2.4865673252842226,2.1632886561134317,2.1155118532599073
1776265250.8556778,21.985151529312134,-1.5253805034418921,-4.416955613320623,2.4796876035114175,2.160847638119832,1.023124073232858
1776265250.8747556,22.004229307174683,-1.5309249540020324,-4.434496261224764,2.4728600030224044,2.1584393483718496,1.0285378554086866
1776265250.8970737,22.0265474319458,-1.5364326812256544,-4.452146360546978,2.4660837543667826,2.1560638406110075,0.8823364572218259
1776265250.9062192,22.035692930221558,-1.5419036728251418,-4.46990643327015,2.4593570355074785,2.15371845391946,2.1610216839061707
1776265250.9205692,22.050042867660522,-1.5473423571368454,-4.487773560596915,2.4526803187633277,2.151409629607062,1.3821742387316223
1776265250.9491327,22.078606367111206,-1.5527552741170103,-4.505742913492175,2.446056486660686,2.1491450927211475,0.69674829079342
1776265250.9579878,22.087461471557617,-1.5581423554273286,-4.523815010739834,2.4394874578781494,2.146920039902339,2.2551189155744678
1776265250.9693089,22.098782539367676,-1.563494835745851,-4.541997177613603,2.432971500743742,2.144725785320025,1.7703633406387194
1776265250.988189,22.11766266822815,-1.5687966590196716,-4.560301703714742,2.426508109558545,2.1425566113533607,1.0658365681024102
1776265251.013417,22.142890691757202,-1.5740439513634725,-4.5787311508560595,2.4200972015099866,2.1404037849258812,0.8009307047891946
1776265251.035149,22.16462278366089,-1.5792459787339874,-4.597276180252216,2.413739750141829,2.1382748129662303,0.9333159897088396
1776265251.0431895,22.17266321182251,-1.5844156876860471,-4.615923810942253,2.4074379341326373,2.1361829668952796,2.5311137703435156
1776265251.04691,22.17638373374939,-1.5895562686504423,-4.6346692861047725,2.4011913898448904,2.1341301314155885,5.487564542323853
1776265251.0743263,22.203799962997437,-1.5946677396386468,-4.653511925484184,2.394998543445976,2.1321135717770905,0.7470857366209848
1776265251.0833097,22.212783336639404,-1.599750266803556,-4.6724527772496804,2.388857971590834,2.1301322229760626,2.2875378327699263
1776265251.0983574,22.2278311252594,-1.604803177803526,-4.691494607448995,2.3827690776620853,2.128184134902569,1.3703226648728744
1776265251.1009493,22.230422973632812,-1.6098177369208204,-4.71064608487982,2.376731530778265,2.1262627047563005,7.985523868345763
1776265251.125293,22.254766702651978,-1.614795191888535,-4.729907815112659,2.3707453318329414,2.1243672104220828,0.8534255306436008
1776265251.1453207,22.274794340133667,-1.61974683548097,-4.74927166583696,2.364811403213873,2.1225007595572793,1.041021268644587
1776265251.15504,22.28451371192932,-1.6246713960739882,-4.768738529059974,2.358927511924012,2.1206651645518053,2.1528545054186607
1776265251.168837,22.29831075668335,-1.629560265310352,-4.788316112036711,2.3530949007022084,2.11885327198233,1.5224138899943902
1776265251.1897812,22.319254875183105,-1.63441186160586,-4.8080061027182905,2.3473134816525936,2.1170657400843185,1.006818589375236
1776265251.2065995,22.33607316017151,-1.6392333193140407,-4.82780286069647,2.341584712061253,2.1153062625968446,1.2584793504509477
1776265251.2249994,22.354473114013672,-1.6440182090026043,-4.847710240785603,2.3359069975355267,2.1135685486605844,1.1547316494644586
1776265251.2325401,22.362013816833496,-1.6487595353104145,-4.86773203587721,2.330279086962813,2.111849316378708,2.828825774322574
1776265251.243135,22.37260866165161,-1.6534673092516914,-4.887858740162454,2.3247029471237,2.1101548245276756,2.020689617908118
1776265251.2860487,22.41552233695984,-1.6581471848041294,-4.908083553187758,2.3191789409437273,2.108487391553614,0.5005769199676873
1776265251.2910326,22.420506238937378,-1.6627966912559087,-4.928407111115831,2.313705402138196,2.106848060202606,4.324954888370178
1776265251.3041623,22.4336359500885,-1.6674091042337966,-4.948834658491483,2.3082822828843743,2.1052353148615452,1.6476064927624934
1776265251.3239465,22.453420162200928,-1.6719805947736341,-4.969370103036495,2.302909733127809,2.103642730355424,1.0975063161201213
1776265251.3548884,22.48436212539673,-1.6765177067956851,-4.99000880150239,2.297588444965108,2.1020755350029097,0.7042611395383757
1776265251.3660927,22.495566368103027,-1.6810140733867145,-5.010755220757239,2.2923180120700875,2.100532906698498,1.952167241191037
1776265251.3807018,22.510175466537476,-1.6854655893226624,-5.0316118121171645,2.2870988447405156,2.0990069049030144,1.502879037758136
1776265251.3899367,22.519410371780396,-1.6898799158615683,-5.052571475578104,2.281932128463965,2.0975094828560343,2.3859268910539404
1776265251.4186652,22.548138856887817,-1.6942639521300642,-5.0736281445981115,2.276820264020821,2.0960389595419606,0.7695266387706823
1776265251.4246225,22.554096221923828,-1.6986173713116768,-5.094781693301253,2.271762932745902,2.094596227618854,3.7233082514641875
1776265251.4348104,22.564284086227417,-1.702942978010514,-5.116030880426887,2.2667601188196786,2.0931816744453573,2.1844219537757263
1776265251.450709,22.580182790756226,-1.7072345951834558,-5.13738159255451,2.2618111295063397,2.091795855125725,1.4047063386008738
1776265251.4792068,22.608680486679077,-1.7114869383796132,-5.158839993290462,2.2569166212370773,2.0904303983745547,0.7866091150276557
1776265251.5258632,22.65533685684204,-1.7114869383796132,-5.158839993290462,2.2569166212370773,2.0904303983745547,0.0
1776265251.52651,22.655983686447144,-1.7156989555088296,-5.180407898874186,2.2520754434433954,2.0890855639023362,34.78857590950713
1776265251.5267706,22.6562442779541,-1.7198748119703604,-5.202081825706942,2.247289281407002,2.0877604257540905,86.67008141026801
1776265251.5269732,22.656446933746338,-1.7240155728817115,-5.223860260241405,2.2425581299365915,2.0864510383437436,111.85378060568885
1776265251.5413723,22.670845985412598,-1.7281191170080263,-5.245743555621062,2.2378805189952136,2.08515747180394,1.580018942489492
1776265251.5631435,22.692617177963257,-1.7321799197597465,-5.267734720386921,2.23325634308973,2.0838823297877656,1.048910571263388
1776265251.5722072,22.701680898666382,-1.7362026086863822,-5.289829397067981,2.228689407104134,2.082628289308266,2.5284914851345426
1776265251.5868008,22.71627449989319,-1.7401897932985007,-5.312024203407414,2.224180304817503,2.0813966857918134,1.5757934565712728
1776265251.6296258,22.75909948348999,-1.7441382089966533,-5.334320212238005,2.2197274971526384,2.0801879220845434,0.538858362573197
1776265251.6447313,22.774204969406128,-1.7480426718928666,-5.356720606919025,2.2153288765609993,2.0789937797916056,1.5331960484392086
1776265251.6552937,22.784767389297485,-1.7519042769725703,-5.379223919479677,2.210983575924856,2.0778140568558525,2.2004470901626965
1776265251.6742876,22.80376124382019,-1.7557250966252211,-5.401827258829951,2.206691570204942,2.076650993395018,1.2278880380196824
1776265251.6802938,22.809767484664917,-1.7595062031609918,-5.424529092374852,2.2024531404681955,2.075507641123219,3.8962119816279652
1776265251.697572,22.827045679092407,-1.7632480287629158,-5.447329162289159,2.198268817447387,2.0743852804261453,1.3589907999589639
1776265251.7045794,22.83405303955078,-1.7669421908213068,-5.470237537689541,2.1941396413204703,2.0732755096415434,3.363441635435759
1776265251.738664,22.86813759803772,-1.770589383272177,-5.4932549073863,2.1900662049299013,2.0721759105915254,0.6940931082099363
1776265251.7401543,22.869627952575684,-1.7741872984238372,-5.516384260207603,2.186047217899854,2.0710837116787824,15.935829656359386
1776265251.7654536,22.894927263259888,-1.777747351461889,-5.539613033910405,2.1820862437777175,2.070006799494894,0.9419812156770007
1776265251.7729595,22.902433156967163,-1.7812693348700497,-5.562944680097138,2.178184579654052,2.0689374968261185,3.1863462781198035
1776265251.7928574,22.92233109474182,-1.78475170750066,-5.586383025003395,2.174339826398404,2.0678770916887474,1.2064326309874007
1776265251.8012094,22.930683135986328,-1.7881961535596516,-5.609928322198416,2.1705509583783806,2.0668249893452657,2.885002313496927
1776265251.836445,22.96591877937317,-1.7916163237975924,-5.633558081649822,2.16682375906619,2.0657945425699573,0.685815862703688
1776265251.846515,22.975988626480103,-1.7950096476562998,-5.657278645026285,2.1631578231575705,2.064782928886755,2.4072710137481304
1776265251.8679795,22.997453212738037,-1.7983687558967933,-5.681099571153206,2.159550123433644,2.063778308642137,1.1332907325021624
1776265251.868916,22.998389720916748,-1.8016863011544364,-5.705030930541356,2.155999915608017,2.0627763904020706,26.075228887115152
1776265251.9131572,23.042630910873413,-1.8049598070321198,-5.729071497283657,2.1525058969109043,2.0617837417795397,0.5540698179450524
1776265251.9223876,23.05186128616333,-1.8081913445531153,-5.753221859650839,2.149065756243882,2.060798551781702,2.6659006253403996
1776265251.9406831,23.070156812667847,-1.811370955962005,-5.777491127065979,2.1456770309700244,2.0598194144397226,1.350610714626075
1776265251.9527636,23.082237243652344,-1.8145024959581,-5.801857540068563,2.1423442991299426,2.058854590682732,2.052232078822472
1776265251.9917893,23.121263027191162,-1.8175971827653874,-5.826292488875274,2.1390700484807805,2.0579079833635654,0.636677063498022
1776265252.0262778,23.1557514667511,-1.8206615082491147,-5.850778484938766,2.135854564706226,2.0569849528807618,0.7215637238951969
1776265252.0291424,23.158616065979004,-1.8236898860241917,-5.875321808638205,2.1326937991903034,2.056082667635154,8.703007557178788
1776265252.0406804,23.170154094696045,-1.8266797818560594,-5.899928334795002,2.1295866500234206,2.0551995660211655,2.1651439264916212
1776265252.0618632,23.19133687019348,-1.829626827735118,-5.924596032231827,2.1265336052068182,2.0543382152943748,1.1816209432816622
1776265252.0811698,23.210643529891968,-1.832533244091937,-5.949315051682843,2.1235327702559363,2.0534952875644312,1.298492200976725
1776265252.104171,23.233644723892212,-1.835396951394406,-5.974087777040169,2.120583739639114,2.0526710575694374,1.0917460188689094
1776265252.1070259,23.236499547958374,-1.8382240182689975,-5.998903902639339,2.1176891376892315,2.0518701536700528,8.807481002186575
1776265252.1163137,23.245787382125854,-1.8410210637298257,-6.023731968163908,2.1148535131753685,2.0510872788915595,2.707360767371431
1776265252.1516106,23.281084299087524,-1.8437851557349254,-6.04855634543481,2.112075540828148,2.0503266243440414,0.7120110086184391
1776265252.1645317,23.294005393981934,-1.84651911500344,-6.0733619003043495,2.1093554051319665,2.049581618280506,1.94283612557217
1776265252.1748898,23.304363489151,-1.8492171397884614,-6.098156983432811,2.106690366704643,2.0488491319774402,2.421624701619415
1776265252.1872625,23.316736221313477,-1.8518758350107252,-6.122941796495386,2.104082168735879,2.0481301407891106,2.0256711599131823
1776265252.2207541,23.35022783279419,-1.8544855122032322,-6.147724796481443,2.1015293914245428,2.047430308043192,0.747961400800054
1776265252.2442708,23.37374448776245,-1.8570284719629933,-6.172532253401228,2.0990308367652366,2.0467559913582805,1.0657259357819295
1776265252.2589233,23.388396978378296,-1.859498562991286,-6.197378216986445,2.0965821933947195,2.0461198437325363,1.7122158402811387
1776265252.2684395,23.397913217544556,-1.861901645115992,-6.222256708806106,2.0941846678094467,2.0455258354840655,2.63854319579538
1776265252.3036916,23.433165311813354,-1.8642563604903324,-6.247123695816113,2.0918435026808444,2.0449549574829136,0.711665571094263
1776265252.313664,23.443137645721436,-1.8665679483919992,-6.271967355294445,2.089556739681469,2.044406075182831,2.512505230272159
1776265252.3209927,23.45046639442444,-1.8688405607625962,-6.296774687492877,2.0873240636474524,2.0438792544301285,3.412733246347841
1776265252.3381267,23.467600345611572,-1.8710769189540812,-6.321527699673438,2.085145038612241,2.043368132023051,1.4561246996844883
1776265252.3665757,23.496049404144287,-1.8732834234749203,-6.346201341338304,2.0830184444590594,2.042861550229865,0.8739557742631312
1776265252.3774812,23.50695490837097,-1.8754571855118487,-6.370804137612389,2.0809411894135534,2.0423655980733515,2.2727824843726627
1776265252.4008114,23.530285120010376,-1.8775869737056232,-6.395353764560479,2.078913412084616,2.0418943512790992,1.0597902218985267
1776265252.4155684,23.545042037963867,-1.8796712251060614,-6.419843908640661,2.0769358244652576,2.041449672710617,1.6709521934878262
1776265252.4421954,23.571669101715088,-1.8817138904787518,-6.444253528220182,2.075008974596886,2.0410218309553367,0.9227681985099424
1776265252.4508677,23.580341339111328,-1.8837174043406189,-6.468569599223831,2.07313193802015,2.040602674449804,2.8217132161434426
1776265252.470423,23.599896669387817,-1.885678521399688,-6.492782306863925,2.0713030352948056,2.0401873279390266,1.2457344540841864
1776265252.473112,23.602585792541504,-1.887598259360323,-6.51688136815007,2.0695238085560423,2.0397720557892693,9.014383679505348
1776265252.515442,23.64491558074951,-1.8894745242725772,-6.5408652204094615,2.0677921477756387,2.0393598184638018,0.5697967018852925
1776265252.5457757,23.675249338150024,-1.8912983438314899,-6.564745879289665,2.0661065487020256,2.038965318995681,0.7915090865571189
1776265252.5561829,23.685656547546387,-1.8930710801972843,-6.588526219482062,2.0644637695352306,2.0385968086814934,2.2967581375463424
1776265252.5664887,23.69596242904663,-1.894797171930239,-6.6121986619230055,2.062861877767083,2.038249840678142,2.3083210205929263
1776265252.5767279,23.706201553344727,-1.8964804423504333,-6.6357484443584855,2.0613007591794887,2.037912162017365,2.3108830588369407
1776265252.6160429,23.745516538619995,-1.8981257570633,-6.659156610324084,2.0597801966564084,2.037568071900503,0.5981213330096937
1776265252.6306329,23.760106563568115,-1.8997269379626602,-6.682420867598266,2.0582992832500855,2.037221608095453,1.6015236165583078
1776265252.6559072,23.785380840301514,-1.9012785013750033,-6.705540087417294,2.0568564276039387,2.0368780569089577,0.9185665215582858
1776265252.669762,23.799235582351685,-1.9027722959273639,-6.728521171479171,2.055449804064954,2.0365452147908067,1.6653142650154036
1776265252.7309263,23.860399961471558,-1.9027722959273639,-6.728521171479171,2.055449804064954,2.0365452147908067,0.0
1776265252.731467,23.86094069480896,-1.9042106295259205,-6.7513626688395085,2.0540782255570154,2.0362244687840327,42.40130735338931
1776265252.731696,23.861169576644897,-1.9055984730109188,-6.7740564603693,2.0527406738410736,2.0359091832623903,99.50767094914221
1776265252.7321265,23.861600160598755,-1.9069409342902661,-6.796594453240662,2.051435447734451,2.035590382383237,52.52317151612661
1776265252.7389429,23.86841654777527,-1.9082409790417891,-6.818970892739292,2.050162199839981,2.035265799897791,3.2935787299325896
1776265252.791555,23.92102861404419,-1.9095017972348725,-6.841181132088527,2.048920119950996,2.034927308613363,0.4234892663117146
1776265252.8027508,23.93222451210022,-1.9107194684471107,-6.863228433104576,2.047707739390269,2.0345839199882745,1.975201978043849
1776265252.8206317,23.95010542869568,-1.9118914875109632,-6.885115222514422,2.0465239048248223,2.0342418095960793,1.2275709844438376
1776265252.8261201,23.955593824386597,-1.9130184775183967,-6.906841255499219,2.045367902400425,2.0339015759511896,3.969454113376155
1776265252.8677566,23.997230291366577,-1.9140978638936623,-6.9284082471114035,2.044239820887759,2.0335714751357514,0.5193387578446181
1776265252.8866496,24.016123294830322,-1.9151374675206378,-6.94980873981562,2.0431391993933934,2.0332429406488544,1.135551550815404
1776265252.9068656,24.036339282989502,-1.9161454125579127,-6.971034560254424,2.042065019548547,2.0328999758137427,1.0524774510501675
1776265252.9182973,24.047770977020264,-1.9171207412915188,-6.992085676641869,2.041016949594478,2.0325469350303074,1.845723340938591
1776265252.9416757,24.071149349212646,-1.918057796164761,-7.012967062918711,2.0399957790419716,2.0321931490193412,0.8951577184030535
1776265252.9536934,24.08316707611084,-1.9189617578463471,-7.033675304543002,2.039000574368282,2.0318342894142667,1.7267691185634966
1776265252.972284,24.101757764816284,-1.919830333532674,-7.054212099327766,2.0380309709790807,2.031479102585155,1.1068987437723856
1776265252.9973192,24.126792907714844,-1.9206586283929676,-7.074581767497452,2.037086081824055,2.031132237562576,0.8151895641398816
1776265253.0296893,24.159162998199463,-1.9214523481122787,-7.094780352515056,2.0361647600215087,2.0307861665012763,0.6251190139384231
1776265253.0400856,24.169559240341187,-1.922212513252867,-7.11480582699245,2.035267002246695,2.030437259560268,1.9295429964591502
1776265253.0614765,24.19095015525818,-1.9229386074317205,-7.1346580371852255,2.034392307826425,2.030092073948013,0.9295877115548606
1776265253.0776923,24.207165956497192,-1.9236353105715944,-7.154332150256625,2.033541074214643,2.0297427389943903,1.2151628957839509
1776265253.0871184,24.21659207344055,-1.924309663021138,-7.173823296308405,2.0327141778974367,2.0293812186159323,2.0708771293010684
1776265253.131158,24.260631799697876,-1.9249654525000972,-7.19313083058027,2.0319100323210044,2.029000957306541,0.4390444483973859
1776265253.1416748,24.271148443222046,-1.9256020068418125,-7.2122585246997115,2.0311276850142335,2.0286109802189873,1.8213289375443749
1776265253.1634984,24.292972087860107,-1.9262123379049556,-7.231215116006991,2.030367330209851,2.0282254272657942,0.8697744707493986
1776265253.1657076,24.295181274414062,-1.9267889954559836,-7.250008703604422,2.0296307248738867,2.0278617377003902,8.517549414372434
1776265253.2417333,24.371206998825073,-1.9267889954559836,-7.250008703604422,2.0296307248738867,2.0278617377003902,0.0
1776265253.2428002,24.372273921966553,-1.9273252556261216,-7.26864498964617,2.0289191815078373,2.0275246388183708,17.48726986080427
1776265253.2431173,24.372591018676758,-1.9278176943610432,-7.287124847942923,2.028231013431391,2.0272173739749455,58.339370688898455
1776265253.2550726,24.384546279907227,-1.9282739354578593,-7.305438389247624,2.027565235893528,2.0269259875522083,1.5333264079953555
1776265253.2664883,24.39596199989319,-1.9286979131397604,-7.323576451281127,2.02692216806494,2.0266385868484096,1.5902991326377642
1776265253.3284883,24.457962036132812,-1.9290881207261616,-7.341535322241612,2.026302194033584,2.026355017932946,0.2898999155736976
1776265253.3400173,24.469491004943848,-1.9294487350623264,-7.359310224276313,2.0257039532812517,2.026067540901385,1.542949973646232
1776265253.3592,24.4886736869812,-1.9297788306561499,-7.37690259112597,2.025126171068655,2.0257764922496655,0.9177521260947721
1776265253.373344,24.502817630767822,-1.9300813673463135,-7.39431199008019,2.0245673874533687,2.025484016819633,1.2316926318555932
1776265253.4453914,24.574865102767944,-1.9303575782782718,-7.411539576067944,2.0240270709935952,2.025186551118199,0.2392626631103968
1776265253.4631283,24.592602014541626,-1.9306084124192684,-7.428588186413189,2.023504262835706,2.024885342561418,0.9617496612013148
1776265253.487985,24.61745858192444,-1.930836082784643,-7.445459618806342,2.0229987177992785,2.0245817467221867,0.6791179181258398
1776265253.5015974,24.631071090698242,-1.9310452727923666,-7.4621528706744735,2.022510929269597,2.0242784075234193,1.2269367461164853
1776265253.5495088,24.678982496261597,-1.9312381471126525,-7.478668045063937,2.0220430648910512,2.02397604216354,0.34486414619388495
1776265253.5589144,24.688388109207153,-1.9314091629478367,-7.495011618260889,2.0215951726365717,2.0236787367870277,1.7383878875770595
1776265253.570644,24.700117588043213,-1.9315607923623357,-7.511184297674764,2.021165838499472,2.023387113607314,1.3793526484041747
1776265253.5955017,24.72497534751892,-1.9316970609127317,-7.527183415583246,2.0207553133447695,2.0230974867063214,0.6438618916570142
1776265253.6452668,24.77474045753479,-1.9318145163797185,-7.54301136402637,2.0203635374715807,2.0228112949041908,0.3181592889057508
1776265253.6571507,24.786624431610107,-1.931913389060608,-7.558668713290127,2.0199888543338003,2.0225288650130024,1.3179214063236075
1776265253.6757507,24.805224418640137,-1.931994487255275,-7.57415476970353,2.019630642666725,2.022245164170247,0.8328183813008182
1776265253.687356,24.816829681396484,-1.9320631006028617,-7.589465520332014,2.019288600375222,2.0219595204376235,1.3196361676120931
1776265253.7043135,24.833787202835083,-1.932114171343592,-7.604605316204657,2.0189639799276176,2.021678206220954,0.8930174038474823
1776265253.754589,24.88406276702881,-1.9321401701715804,-7.619581021661853,2.0186561545630837,2.021406168906741,0.29793581830231347
1776265253.7722008,24.901674509048462,-1.9321356348313323,-7.634396822020997,2.0183646256174446,2.021152947023466,0.8414084734645296
1776265253.777859,24.9073326587677,-1.9321009584567852,-7.649049975433437,2.0180904539826647,2.020919837385221,2.5902034972979866
1776265253.7966583,24.92613196372986,-1.9320434617642237,-7.663531034920504,2.017835470477909,2.0206931673339374,0.7704230742770526
1776265253.853772,24.983245611190796,-1.9319692579423662,-7.677832729634376,2.017598503423759,2.02046467352168,0.25044539898338986
1776265253.8708565,25.000330209732056,-1.9318877972088055,-7.6919474557342165,2.0173767776465024,2.020217586912158,0.8262823689749871
1776265253.8932762,25.02274990081787,-1.931800775154173,-7.705875389181985,2.017168086599248,2.0199526097038474,0.6213184921469972
1776265253.9126027,25.042076349258423,-1.9317074308773388,-7.71962131212245,2.0169722163000556,2.0196732734440186,0.7113379016877632
1776265253.9370682,25.06654191017151,-1.9316029920886963,-7.7331943196415835,2.0167908593293293,2.0193915326117473,0.5548460910969419
1776265253.9682946,25.097768306732178,-1.9316029920886963,-7.7331943196415835,2.0167908593293293,2.0193915326117473,0.0
1776265253.9690344,25.09850811958313,-1.931479649239016,-7.746605241384672,2.0166257633329696,2.019119836975246,18.12959189442426
1776265253.9692612,25.098734855651855,-1.9313330610688113,-7.759860719098539,2.016476786770853,2.018865014674302,58.469415061438994
1776265253.9718874,25.10136103630066,-1.9311607021761539,-7.772963196793484,2.0163433123814007,2.0186305290842785,4.989866591015722
1776265254.0412338,25.17070746421814,-1.9309638908342146,-7.78590953021126,2.016224299052675,2.018415573151209,0.18672016211314899
1776265254.0511975,25.180671215057373,-1.9307457126784484,-7.798693304982546,2.016119036379087,2.0182114494416146,1.2832586787999412
1776265254.0607896,25.190263271331787,-1.9305097070007722,-7.8113072324059765,2.016026826061565,2.0180089606191816,1.3153042130240515
1776265254.0748143,25.204288005828857,-1.9302558647103703,-7.823748396229353,2.0159466293888553,2.01780099058316,0.8872903513683424
1776265254.1237786,25.253252267837524,-1.9299827004619101,-7.836016772724388,2.0158775280061363,2.017595013053696,0.2506238483043777
1776265254.1379528,25.26742649078369,-1.929690615936668,-7.848112053574144,2.0158193772437176,2.0173957473259434,0.8535880131040698
1776265254.1529474,25.282421112060547,-1.9293861619613326,-7.860030480635294,2.0157736275005353,2.0171909188395554,0.7951119667838972
1776265254.1615992,25.291072845458984,-1.9290686035310332,-7.871775249250511,2.0157401251631866,2.0169819405446887,1.358006329315947
1776265254.2382622,25.367735862731934,-1.9287384488418917,-7.883348928818984,2.0157185352757727,2.0167706091235993,0.15102989947138748
1776265254.248361,25.377834796905518,-1.9283962499103218,-7.8947541241708805,2.0157080518163006,2.016559137358135,1.1298551358978477
1776265254.2585423,25.38801598548889,-1.9280464869432647,-7.905989183015231,2.015708128549296,2.0163454139485646,1.1040461275493847
1776265254.271403,25.400876760482788,-1.9276951111737692,-7.917051674856705,2.0157185117672873,2.016125759759827,0.8606072068234716
1776265254.2871149,25.41658854484558,-1.9273395557174846,-7.927946328694984,2.0157407130628684,2.0159082394295385,0.6937771398340549
1776265254.3320947,25.461568355560303,-1.9269748220491927,-7.938679821819259,2.0157764028777843,2.0156978806205474,0.23876818187758383
1776265254.3385024,25.467976093292236,-1.926600238288008,-7.949254682262187,2.015824478076756,2.015496184777705,1.6513787373466347
1776265254.3521361,25.48160982131958,-1.9262156628524334,-7.959671660498899,2.015883180862328,2.01530652107937,0.7645920465015584
1776265254.3686807,25.498154401779175,-1.9258196107189065,-7.969930444306763,2.015952740555054,2.015127964435068,0.6205452992158033
1776265254.435349,25.564822673797607,-1.9254188124234,-7.980024657910804,2.0160328347638865,2.014950994739668,0.15153362563104208
1776265254.4492102,25.578683853149414,-1.9250197661820656,-7.989946950425518,2.0161245254046896,2.014764579843236,0.7164424158833523
1776265254.4599936,25.5894672870636,-1.9246230548851717,-7.999697290790432,2.0162259175117048,2.014570443829588,0.9049931881408761
1776265254.4680912,25.597564935684204,-1.9242230877257152,-8.009281536446231,2.0163373216130425,2.0143766612314167,1.184693855353928
1776265254.5303416,25.659815311431885,-1.923816644481578,-8.018704563961705,2.016460139814794,2.0141897342119277,0.15152661332000847
1776265254.5370083,25.666481971740723,-1.923405768834624,-8.02796656790908,2.0165938711173093,2.014010198880086,1.3908129417870296
1776265254.5570798,25.686553478240967,-1.9229827518981206,-8.037074310413631,2.016739729238175,2.013842419408673,0.4543120623505108
1776265254.572131,25.70160460472107,-1.9225494475787333,-8.046026598877088,2.016895786768775,2.013683274053458,0.5955784869877622
1776265254.6192107,25.748684406280518,-1.9221104792984232,-8.05481872896555,2.0170606943754223,2.013530946174597,0.18701493459155133
1776265254.6320155,25.761489152908325,-1.9216640521647836,-8.063450400068513,2.017235537537186,2.0133850218846883,0.6751384031634058
1776265254.6458292,25.77530288696289,-1.9212118459540248,-8.071919954279231,2.0174190567251338,2.013241426497628,0.6141426259646373
1776265254.6631618,25.792635440826416,-1.920759078306386,-8.080222735782934,2.0176093078739115,2.013092799921693,0.47986544743667225
1776265254.7084146,25.83788824081421,-1.9203109360171964,-8.088354541627428,2.017805376304693,2.012934769309413,0.1800221160472505
1776265254.7201197,25.8495934009552,-1.9198731743436317,-8.09631262486913,2.018007902534696,2.0127578750464155,0.6811258534294616
1776265254.7352316,25.864705324172974,-1.9194395989340405,-8.104105723430205,2.0182178068077725,2.0125765776021374,0.5166762868860505
1776265254.751459,25.880932569503784,-1.9190010544201939,-8.111745345912288,2.01843622622982,2.0124041481405537,0.471756952230747
1776265254.8040614,25.93353509902954,-1.9185542370682707,-8.11923742434514,2.018662879101335,2.0122423379286793,0.14274621376524713
1776265254.822874,25.95234775543213,-1.9180976552437892,-8.12658362095941,2.018897347244448,2.0120946230602965,0.39144420379047756
1776265254.8371124,25.966586112976074,-1.9176311597597822,-8.13378181689053,2.019139543270699,2.011958430443906,0.5068956235387103
1776265254.8394547,25.968928337097168,-1.917155809761876,-8.140827791257703,2.0193891899069314,2.0118301712875106,3.016962313200074
1776265254.8533933,25.982867002487183,-1.9166745386604556,-8.147715838207858,2.0196454730125266,2.0117069161552603,0.4957141970475688
1776265254.8923876,26.02186131477356,-1.9162016640739623,-8.154431917753513,2.019909231920293,2.011574450684818,0.1727911188977827
1776265254.9080935,26.037567138671875,-1.9157404220668561,-8.160972342298273,2.0201802899059196,2.01142594515051,0.41782390362778693
1776265254.9155693,26.045042991638184,-1.9152884992881123,-8.167341371933405,2.020456939417731,2.0112643666518197,0.8548901920864178
1776265254.9278893,26.057363033294678,-1.9148340148630958,-8.173554552802472,2.0207421185172656,2.011105424151088,0.5061918739749299
1776265254.985156,26.1146297454834,-1.9143745279873088,-8.179619443091205,2.0210369612525803,2.0109553202329984,0.10633425758533442
1776265255.0162992,26.14577293395996,-1.9139173126886604,-8.185532800422122,2.0213410924167237,2.010810367106294,0.190693359906262
1776265255.0178497,26.14732336997986,-1.9134637158711643,-8.191293339606835,2.021653777679279,2.0106663157491935,3.732385009465535
1776265255.0311801,26.160653829574585,-1.9130022160597242,-8.196909454364512,2.021974459571348,2.0105346272975955,0.42340340125979986
1776265255.0736072,26.203080892562866,-1.9125249727895655,-8.202385889421642,2.022303023070661,2.010421596265455,0.12979924255748537
1776265255.094314,26.223787784576416,-1.9120362647819193,-8.207714903779834,2.0226378079117007,2.010313947899505,0.2589397936370997
1776265255.108697,26.238170623779297,-1.9115318020595429,-8.212893127663245,2.022979028548649,2.010216491918202,0.36250948851773235
1776265255.1220188,26.251492500305176,-1.9110157616466468,-8.217914974916463,2.0233264687977575,2.010119758643354,0.3798438914056956
1776265255.1696942,26.29916787147522,-1.9104904723228617,-8.222776875712768,2.0236788785786453,2.010023589307253,0.1028387755784999
1776265255.1800466,26.30952024459839,-1.9099680255796414,-8.227469657145575,2.0240357822844506,2.0099156412995067,0.45740654552586585
1776265255.189134,26.318607568740845,-1.9094494860970417,-8.231994551720009,2.024395527263482,2.009798495124268,0.50275466693967
1776265255.2054586,26.334932327270508,-1.9089305441336706,-8.23635884818977,2.0247602259874458,2.00967975025185,0.2701507775644566
1776265255.236186,26.365659713745117,-1.9084009181475514,-8.240575940611977,2.0251308825740613,2.0095693507264585,0.13884525773248427
1776265255.2585707,26.388044357299805,-1.9078561241799394,-8.244653025514236,2.025507140219753,2.009476397048985,0.18452361366735656
1776265255.267394,26.396867752075195,-1.9073026221066092,-8.248585852106384,2.0258875706819466,2.0093918144537963,0.4521801546166782
1776265255.280045,26.409518718719482,-1.9067468092364104,-8.252367729231263,2.026270782831443,2.0093118189813812,0.3036655648837016
1776265255.336271,26.465744733810425,-1.9061926175001345,-8.255993862731069,2.026656261212327,2.0092306497762458,0.06560018205567704
1776265255.341588,26.47106170654297,-1.905644809186962,-8.259459848785944,2.027043886883613,2.0091477046243296,0.6639784047440039
1776265255.3580532,26.487526893615723,-1.905111623304323,-8.262759565026613,2.027433259843539,2.0090510893719826,0.20437781642763522
1776265255.3745246,26.503998279571533,-1.904595333895043,-8.26589386857858,2.027823228978672,2.008938875908086,0.1942999186212907
1776265255.3829496,26.512423276901245,-1.9040993751084363,-8.268859410535573,2.0282131515657986,2.0088102147474935,0.35987025944920126
1776265255.4298892,26.55936288833618,-1.9036244790518766,-8.271655735307139,2.0286066021235367,2.0086694732971315,0.06100439563148212
1776265255.4804585,26.60993218421936,-1.9036244790518766,-8.271655735307139,2.0286066021235367,2.0086694732971315,0.0
1776265255.4811888,26.61066246032715,-1.9031568372045709,-8.274306225874831,2.0290072573985327,2.008531232746259,3.7261069460053307
1776265255.4814174,26.610891103744507,-1.9026899112521407,-8.276825793023146,2.0294152505506395,2.008409994293544,11.348431177365756
1776265255.4816146,26.611088275909424,-1.9022278080761432,-8.279215031047125,2.029828701490742,2.0083050209851394,12.518947639033858
1776265255.5312986,26.6607723236084,-1.9017736168519344,-8.281469666638937,2.0302456842623013,2.008205391228453,0.04704574280574888
1776265255.540628,26.670101642608643,-1.9013294209633542,-8.283574726694079,2.0306656708170485,2.008103037124975,0.23496095138177384
1776265255.5536287,26.68310236930847,-1.9008936702545915,-8.285517300535222,2.031090101278864,2.007987677415723,0.1565748362276403
1776265255.5669417,26.696415424346924,-1.9004645875194552,-8.287306619137517,2.0315181320354814,2.0078628859423677,0.14190396664759145
1776265255.613254,26.742727756500244,-1.9000447805698133,-8.288947942120076,2.0319487536089036,2.007736589406025,0.03774440560357889
1776265255.6151059,26.744579553604126,-1.8996359765722741,-8.290437128108932,2.032382272890374,2.007601969264577,0.8661719028306083
1776265255.6295798,26.759053468704224,-1.899235220344363,-8.291777712359753,2.0328182271924162,2.007460703838958,0.10125435533887217
1776265255.637371,26.766844749450684,-1.8988373955726792,-8.29297799580733,2.033258408797474,2.00732362893712,0.17184841493635009
1776265255.6908681,26.82034182548523,-1.898434427463232,-8.294051270328774,2.033705272460091,2.007203396077948,0.023000181385036917
1776265255.7076807,26.837154388427734,-1.8980213211006869,-8.295011741274315,2.0341623373186892,2.007107128240933,0.06787083223879356
1776265255.7175732,26.847046852111816,-1.8976049876067886,-8.295852247742218,2.034627428924659,2.0070248712037237,0.10583263626491396
1776265255.7324946,26.861968278884888,-1.8971884291960417,-8.296569345632022,2.035097151303256,2.0069543904265204,0.06387423008965724
1776265255.7742329,26.903706550598145,-1.8967788511190316,-8.297152390644948,2.035570493907698,2.006884797887135,0.020494936637067362
1776265255.7861364,26.91561007499695,-1.8963800988658552,-8.29758388020483,2.036046780451,2.0068049483401054,0.0635383471738083
1776265255.8001485,26.929622173309326,-1.895994935005409,-8.2978589594031,2.0365236027196456,2.0067067546941133,0.04794768185307664
1776265255.8276217,26.95709538459778,-1.895625779262707,-8.297976558125798,2.0369998214204554,2.0065899193785754,0.022345891854562802
1776265255.8664072,26.995880842208862,-1.8952648121692366,-8.297953148710029,2.0374774982188226,2.0064697166457033,0.015448653179712842
1776265255.88035,27.0098237991333,-1.8949098593718317,-8.29779107059047,2.037956780399467,2.006346457989486,0.044326250890321696
1776265255.8951886,27.024662256240845,-1.8945537414617204,-8.297502513154637,2.0384418144625296,2.0062308669379,0.044973715219803666
1776265255.9168968,27.04637050628662,-1.894202558067985,-8.2970798303475,2.0389295627150785,2.0061095544659016,0.03384756100442782
1776265255.9241824,27.053656101226807,-1.8938527905686495,-8.296525358185912,2.0394164474156944,2.005983562003814,0.1120840068683082
1776265255.9740186,27.103492259979248,-1.8935088381016913,-8.29583664384291,2.0399055850517556,2.005850329567371,0.018301531954973235
1776265255.9938684,27.123342037200928,-1.8931654648254272,-8.295032245463721,2.040350980754176,2.004925968050053,0.04944632283097229
1776265256.0245135,27.153987169265747,-1.8928079159386648,-8.294122431410702,2.0405627055823787,2.002902063928095,0.03263862870421483
1776265256.0248837,27.154357433319092,-1.8924338533366831,-8.29310833695369,2.0404501757830227,1.9998953001625948,2.9350026536475005
1776265256.0799742,27.209447860717773,-1.892047032798865,-8.291988397525092,2.0399836934937725,1.9960981893736593,0.0231143858492671
1776265256.1003928,27.22986650466919,-1.8916689781373726,-8.290749053854018,2.03916900799661,1.991580627105954,0.0749588902908035
1776265256.1182187,27.247692346572876,-1.891319300596291,-8.28937854355428,2.03801836720326,1.9863831023673164,0.10228599980464209
1776265256.1308587,27.260332345962524,-1.891013771508739,-8.28786815223766,2.036548728653639,1.9806262805584474,0.1684674840112499
1776265256.1570363,27.28650999069214,-1.8907404380792263,-8.286229921682324,2.0347813991989754,1.9743435617031604,0.09264683949956724
1776265256.173805,27.30327868461609,-1.8904836392539055,-8.284479584841046,2.032742895817109,1.96753255140973,0.16096043573478364
1776265256.178996,27.308469772338867,-1.8902181867371357,-8.282641453921952,2.030461982269293,1.9602218113298886,0.5666224618877509
1776265256.190955,27.320428609848022,-1.8899103382517604,-8.280748622004484,2.027968299466055,1.9524289771036611,0.2630520534852909
1776265256.2544098,27.383883476257324,-1.8895582244888915,-8.278811918652409,2.0252871158444363,1.9441744221561514,0.052418224830271865
1776265256.2687745,27.398248195648193,-1.8891481413045095,-8.276852803980884,2.0224451476841505,1.9354806199794365,0.24198681666259342
1776265256.2942293,27.42370295524597,-1.8886864259270115,-8.274878786238023,2.01946771931408,1.9263668632829098,0.14150923980172006
1776265256.29492,27.42439365386963,-1.888190522840339,-8.27288922080024,2.0163789455467978,1.9168375827321302,5.367608614554585
1776265256.330436,27.459909677505493,-1.8876756120263127,-8.270888248044109,2.013197130703212,1.9069109030796683,0.10681958492136494
1776265256.3552194,27.48469305038452,-1.8871548392929682,-8.268882695072056,2.009941763590001,1.8966055581559005,0.15570390633423167
1776265256.3610818,27.49055552482605,-1.8866257820061114,-8.266899843095256,2.006628674190086,1.8859369934572985,0.6647704254650202
1776265256.3683312,27.497804880142212,-1.886099119826827,-8.264961176287086,2.0032697276875613,1.8749032158103909,0.5398911817706816
1776265256.4184833,27.547956943511963,-1.8856067833350438,-8.263066093892721,1.9998746168448647,1.8635202726380875,0.07814730654325112
1776265256.4402199,27.569693565368652,-1.8851818043114634,-8.261208850674757,1.996454586113016,1.8518088794187322,0.1801069338238435
1776265256.4577534,27.58722710609436,-1.8848416117190046,-8.259395258296829,1.9930202034007916,1.8397870224946034,0.2223564750685451
1776265256.4748888,27.60436248779297,-1.8846004522115345,-8.257640889415654,1.989577679142258,1.827464685435167,0.22592418323315047
1776265256.4813251,27.610798835754395,-1.8844743123355037,-8.255961567232399,1.9861297056589617,1.8148323689557897,0.596185734981762
1776265256.539322,27.668795585632324,-1.8844833203795417,-8.254353361577069,1.9826884691274052,1.8019085065852296,0.06549485240475997
1776265256.5539227,27.683396339416504,-1.884635349958427,-8.25282918286635,1.9792606329090767,1.788697012957477,0.2571444827342626
1776265256.5774555,27.706929206848145,-1.8849285322019176,-8.251418130299182,1.975847903671524,1.7751565559788545,0.15742057262921894
1776265256.5911596,27.720633268356323,-1.8853734883001667,-8.250127212751782,1.9724546545407684,1.7612727768630059,0.26690452285966004
1776265256.6304636,27.759937286376953,-1.8859879898583072,-8.248938337579993,1.9690922966232676,1.747084989631713,0.09207473118104274
1776265256.647608,27.777081727981567,-1.8867837453558474,-8.247830395069084,1.9657705188654104,1.732630417577813,0.2094531221281543
1776265256.6669312,27.79640483856201,-1.8877554435979347,-8.246788890838118,1.962492924591001,1.7179377401684168,0.18494594417070315
1776265256.67462,27.804093599319458,-1.888896907273999,-8.245812136874246,1.9592618404697906,1.7030194514127701,0.4634387765535863
1776265256.71863,27.848103761672974,-1.8902079345508054,-8.244864697695109,1.9560823093881612,1.6879361791368996,0.08105698645426372
1776265256.7273152,27.856788873672485,-1.8916820675252266,-8.243910609433838,1.9529560612302403,1.6727429595530312,0.4128484730252406
1776265256.7450914,27.87456512451172,-1.8933025001822195,-8.24293545405193,1.9498867499787893,1.657471279833246,0.20280940863567257
1776265256.758664,27.888137578964233,-1.8950461869676185,-8.241969052603617,1.9468773192344524,1.6420714078194882,0.2659691664427909
1776265256.8262756,27.95574927330017,-1.8968986839184314,-8.241029373757405,1.943924435712677,1.6265201282503274,0.05339755972167642
1776265256.832052,27.961525678634644,-1.8988517267088874,-8.240130759640957,1.941027736238068,1.610809022742184,0.6244920366233075
1776265256.841582,27.97105574607849,-1.9009013228557978,-8.239241384958671,1.938191523211794,1.594984307089608,0.37885684304699
1776265256.8613071,27.9907808303833,-1.903038040116119,-8.238344028429232,1.9354194672945877,1.5790711546170701,0.18317714671702748
1776265256.9157028,28.04517650604248,-1.905252320450678,-8.237441685188175,1.932709653476681,1.5630655255191255,0.0664374660129672
1776265256.9307225,28.06019616127014,-1.9075382410790733,-8.236518585778457,1.9300578971479578,1.546985977012984,0.24106309936483683
1776265256.9505897,28.080063343048096,-1.9098890084745375,-8.2355932925667,1.9274618387692477,1.530817362127903,0.18233092782593827
1776265256.956538,28.0860116481781,-1.912296796855378,-8.23467174841686,1.9249224047086306,1.514559079050831,0.6083680187616579
1776265257.00621,28.13568377494812,-1.9147604735781576,-8.23375731248335,1.9224394700866665,1.4982164415179402,0.07278457208876765
1776265257.0348155,28.164289236068726,-1.9172777440642286,-8.232861940788098,1.9200111020099286,1.4817844172741081,0.12621523310211538
1776265257.0361488,28.16562247276306,-1.91984332577231,-8.23199077081122,1.9176336628306334,1.4652651383124864,2.703669109464568
1776265257.0532954,28.182769060134888,-1.9224569526827155,-8.231152086765348,1.915303967801824,1.4486619215279866,0.20996982964504254
1776265257.0551085,28.184582233428955,-1.92511395433744,-8.230340717710783,1.913023088901433,1.4319875341347956,1.9824326056515793
1776265257.1188931,28.248366832733154,-1.9278085608038542,-8.22955069880764,1.910792710292281,1.4152487990286637,0.05622096299651941
1776265257.1403527,28.269826412200928,-1.930530762792227,-8.22875781911236,1.90861436719263,1.3984601037923294,0.16661569916793978
1776265257.1646836,28.29415726661682,-1.933273881360321,-8.227930904551036,1.9064884992081812,1.3816392360789687,0.1466288210643748
1776265257.177221,28.306694746017456,-1.936032986037103,-8.227061594751094,1.9044152680640172,1.3647887295083685,0.2838707047749051
1776265257.266572,28.396045684814453,-1.936032986037103,-8.227061594751094,1.9044152680640172,1.3647887295083685,0.0
1776265257.2681084,28.397582054138184,-1.9388098114653378,-8.22618372097367,1.902397605700584,1.3479001496205412,2.3060433550520445
1776265257.268392,28.397865772247314,-1.9416049835278184,-8.225311086236303,1.9004354131080405,1.330968446957123,12.423830413851421
1776265257.2685876,28.398061275482178,-1.944414461865642,-8.224438501345166,1.8985284361672408,1.313998361310145,17.932549095675594
1776265257.2687829,28.398256540298462,-1.9472327230025825,-8.223531363731759,1.8966772163779022,1.2969960628457367,17.882265916435273
1776265257.3136325,28.443106174468994,-1.9500572936320633,-8.22258667141592,1.8948811743225635,1.2799639677619006,0.07754777510089984
1776265257.3222969,28.451770544052124,-1.9528932719172936,-8.221641974050652,1.8931419811990733,1.2628963062387615,0.3991434066648554
1776265257.346078,28.47555160522461,-1.9557432153873884,-8.220722399327345,1.8914559037532033,1.2457969487098342,0.14451260100569804
1776265257.355198,28.484671592712402,-1.9586059959978022,-8.219837814865661,1.889820397284329,1.2286655297266709,0.37430227548373146
1776265257.3953679,28.52484154701233,-1.9614696839902273,-8.218966217788834,1.888233906016786,1.2115101493700386,0.08433723899353185
1776265257.4114468,28.54092049598694,-1.9643194457095443,-8.218083649453728,1.8866976110737637,1.1943616451396972,0.20869726708449698
1776265257.4223988,28.551872491836548,-1.9671526543854863,-8.217181940562472,1.885209307203676,1.1772247498378614,0.3035917786262711
1776265257.4370892,28.56656289100647,-1.9699695507985042,-8.216268882284618,1.883768833476347,1.1601157172158696,0.22415687012319643
1776265257.4887695,28.61824321746826,-1.9727646823604215,-8.215344029561741,1.8823744564418452,1.143028008987317,0.06303497191107216
1776265257.5121248,28.64159846305847,-1.9755345845752288,-8.214414062470674,1.8810274456180072,1.1259861383680074,0.13775901902673637
1776265257.523875,28.653348684310913,-1.9782974397290458,-8.213532048718356,1.8797333216272207,1.1090080890436438,0.2702806942002457
1776265257.5467386,28.676212310791016,-1.9810550599743102,-8.212693079448519,1.8784878983255593,1.0920937994475703,0.1373347762731267
1776265257.5750527,28.70452642440796,-1.9838098562877422,-8.2118983132056,1.8772868246190861,1.0752651200246164,0.10978829336191555
1776265257.5985243,28.72799801826477,-1.9865591743385806,-8.211135069261353,1.8761296096274118,1.058534679858547,0.1311812033122466
1776265257.60613,28.73560357093811,-1.9892949085707847,-8.210396254162228,1.8750170486624433,1.0419031461210115,0.40027591252344674
1776265257.6201386,28.74961233139038,-1.991994881328162,-8.20964569955609,1.873951401424769,1.0253506997986401,0.21401828889440755
1776265257.63221,28.761683702468872,-1.994659797346801,-8.20887680859986,1.872929812258497,1.0088723812613902,0.24485839659068465
1776265257.6903727,28.819846391677856,-1.9972977736675632,-8.208102496475327,1.8719487452255064,0.9924871566048153,0.05018801991650505
1776265257.6963696,28.825843334197998,-1.999912587016933,-8.207328224012535,1.8710080502742332,0.9761974065905984,0.481033068663311
1776265257.7111447,28.8406183719635,-2.0025093817817208,-8.206562479509657,1.870107545762791,0.9600190820968594,0.19310789812231555
1776265257.724429,28.853902578353882,-2.0050920975150626,-8.205819407738076,1.86924385995866,0.9439439073160505,0.21249732866898938
1776265257.7674701,28.89694380760193,-2.00766920516065,-8.20510867233885,1.8684157696860557,0.9279808015680029,0.06502220801218513
1776265257.7806876,28.91016125679016,-2.0102447613703847,-8.204433763768021,1.8676268238662954,0.912140550618746,0.21009693793321357
1776265257.7979498,28.92742347717285,-2.0127986298612752,-8.2037672873506,1.866880066735694,0.8964087799213216,0.15890226321646353
1776265257.8041074,28.933581113815308,-2.015317347151386,-8.203100106013931,1.8661744396874425,0.8807824785816109,0.43838900069326886
1776265257.8611836,28.990657329559326,-2.0177950083832923,-8.202420625966528,1.865510267127896,0.8652976920555651,0.04649232119822143
1776265257.8771107,29.006584405899048,-2.0202462768629355,-8.20174358872598,1.8648910463542836,0.8499649764387838,0.16433348097378972
1776265257.8957303,29.025203943252563,-2.0226772776706268,-8.201084788206295,1.8643156960328429,0.834784105574312,0.13875562635849267
1776265257.9079332,29.03740692138672,-2.0250838307012975,-8.200444284055907,1.8637827860076954,0.8197435340378711,0.20869584633434937
1776265257.9576724,29.087146043777466,-2.027472868233073,-8.199832380580853,1.8632912289811003,0.8048566405761111,0.050557141946313826
1776265257.9780567,29.10753035545349,-2.0298471955665662,-8.199251766735546,1.862837521651626,0.7901371896676251,0.12195847836815389
1776265257.987168,29.116641759872437,-2.032220890207772,-8.19870872921031,1.8624210377171468,0.7755770957902313,0.271130485031401
1776265258.0013304,29.13080406188965,-2.0345764577133707,-8.198184165422578,1.8620404500823338,0.7611576958964671,0.1725069014390811
1776265258.0624785,29.191952228546143,-2.036906564001893,-8.197660779547945,1.8616942232367089,0.7468790286089991,0.03946366849900172
1776265258.0746007,29.204074382781982,-2.039207569567035,-8.197128696767134,1.8613789556201512,0.7327408047557548,0.19655527549893292
1776265258.0841095,29.21358323097229,-2.0414711719558736,-8.19658185743193,1.8610925099316178,0.7187533163198954,0.24674591155683973
1776265258.0934193,29.222892999649048,-2.0437043231935643,-8.19603419327587,1.8608364634870358,0.704923819023893,0.2485065474797096
1776265258.1649244,29.294398069381714,-2.0459033487438094,-8.195488150048611,1.8606096673521568,0.6912499492625904,0.03184568951191606
1776265258.1786873,29.30816102027893,-2.048076581869953,-8.194957303893121,1.8604099449129874,0.6777359713272131,0.16319357333590498
1776265258.184893,29.314366579055786,-2.0502409022646613,-8.194458658757867,1.860236976563791,0.6643921207274484,0.358991846117658
1776265258.2102113,29.33968496322632,-2.0523905740945456,-8.19398585252088,1.86008797203581,0.6512195259939528,0.08713395318196832
1776265258.2251477,29.354621410369873,-2.0545194918141503,-8.193537115408496,1.8599629409409377,0.6382130750887096,0.14590392205040192
1776265258.2651408,29.394614458084106,-2.0566245643480805,-8.193117431194468,1.859866639729204,0.6253742841791275,0.053725834096478776
1776265258.281226,29.410699605941772,-2.058696656000913,-8.192715314973709,1.859797103026004,0.6129171881127959,0.13129466409545704
1776265258.2858934,29.415367126464844,-2.0607472911338167,-8.192322316139276,1.8596970872219702,0.6012470490232968,0.4478498193259256
1776265258.2973795,29.42685317993164,-2.06280133044662,-8.191930602226604,1.859507810812852,0.590296901097472,0.1827960673134057
1776265258.3456006,29.475074291229248,-2.0648622574093953,-8.191535875503716,1.8592005644228453,0.5800025462645987,0.04397993897242114
1776265258.3569882,29.486461877822876,-2.0669270267187243,-8.191136427950132,1.8587672272613047,0.570321160677428,0.18855913778220282
1776265258.3790495,29.5085232257843,-2.068985021536257,-8.190732317850141,1.8582130401835795,0.5612118911981394,0.09832939069716516
1776265258.383687,29.513160705566406,-2.071023294673353,-8.190325559042426,1.857553146927126,0.5526448914835188,0.4702346830925089
1776265258.4561646,29.585638284683228,-2.0730145056829548,-8.18991925463024,1.8568075757956286,0.5445888321838915,0.029867023457536345
1776265258.4750543,29.604527950286865,-2.074941286612524,-8.18951747061688,1.8559984294646148,0.5370171627010398,0.11265728747089743
1776265258.4852736,29.614747285842896,-2.076804031947331,-8.18912507953082,1.8551459779480997,0.5299333544415709,0.20410101133687084
1776265258.505232,29.634705781936646,-2.0785917728222136,-8.18874796420227,1.8542613918631208,0.5233183913851301,0.10170892236481728
1776265258.574848,29.70432162284851,-2.0802956192109376,-8.188394504448425,1.853355459544616,0.5171524685378104,0.028180662270127346
1776265258.579012,29.70848560333252,-2.0819176081347694,-8.188075116124754,1.8524368191760858,0.5114190153448865,0.4541884003082848
1776265258.592709,29.722182750701904,-2.083466967163168,-8.187805772739976,1.8515108310820985,0.5060956300424357,0.13323718600556628
1776265258.6113648,29.740838527679443,-2.0849561970979957,-8.187605849577439,1.8505847520102914,0.5011770336441709,0.09461138354646864
1776265258.6430671,29.772540807724,-2.0864034907341407,-8.187494369953084,1.849663581478936,0.49667985547388943,0.05422947453929098
1776265258.65742,29.786893606185913,-2.087810113768796,-8.187485294979139,1.8487544844506016,0.49261284048815807,0.11669164564621526
1776265258.6644757,29.793949365615845,-2.089162735452636,-8.187588291151856,1.8478668386754145,0.4889568127522534,0.22976183614356407
1776265258.688788,29.81826162338257,-2.090441319613405,-8.187811620722714,1.8470121318862012,0.4856819837011714,0.06392183192366867
1776265258.730402,29.859875679016113,-2.0916381784155584,-8.188158158625779,1.8462019746251823,0.4827652159588,0.035714895993486866
1776265258.7439828,29.873456478118896,-2.092744412630691,-8.188628163204585,1.845442306651895,0.480187402311487,0.10469810398510607
1776265258.7592921,29.888765811920166,-2.093744009831566,-8.189211929648263,1.8447386026780914,0.4779034681827146,0.08848765766009445
1776265258.777386,29.906859636306763,-2.0946227919102105,-8.189900643364691,1.8440934510872709,0.47588290569769975,0.07126729958136702
1776265258.7820873,29.911561012268066,-2.0953793145859305,-8.190690020496792,1.8435055879209905,0.47410135900322614,0.26404624094550255
1776265258.838766,29.968239784240723,-2.0960337783861798,-8.191581128993501,1.842975118955787,0.4725846355585096,0.02163584293466528
1776265258.8613327,29.990806341171265,-2.0965866811279406,-8.192570715130058,1.8424986553271954,0.4713190795881128,0.05448921584341638
1776265258.8668528,29.996326446533203,-2.097048269271553,-8.19365551375075,1.8420759172145738,0.47029594130438235,0.2268835904777377
1776265258.8720505,30.001524209976196,-2.0974381133794413,-8.19483532644973,1.8417086458561933,0.4695281669124,0.24927926915242912
1776265258.9377825,30.067256212234497,-2.097740479791961,-8.196093582756243,1.8413979603868615,0.46897319467317417,0.020246595987565858
1776265258.9460766,30.075550317764282,-2.0979280045312443,-8.197405358997047,1.84114496287823,0.46857744088656955,0.1626514000430917
1776265258.9694622,30.098935842514038,-2.0979922125137067,-8.198756889952369,1.8409473225583175,0.4683167644511967,0.05847265501155727
1776265258.9815896,30.111063241958618,-2.097927709086653,-8.200138872333769,1.8408022764897165,0.4681815228100689,0.11470468234832168
1776265259.0145414,30.144015073776245,-2.0977272155460165,-8.201547359361719,1.840704936263474,0.4681603776666723,0.0432756333224708
1776265259.0363624,30.165836095809937,-2.097411380714176,-8.202984384441091,1.8406559595072158,0.4682657639596834,0.06746422732981497
1776265259.0388484,30.16832208633423,-2.097010983262848,-8.204455602544032,1.8406579378250152,0.4685167352144518,0.6133293845703608
1776265259.0509996,30.18047332763672,-2.0965426331883745,-8.205958166689669,1.8407096399724623,0.4689175775623925,0.12959284376179336
1776265259.1124814,30.241955041885376,-2.0960226276390084,-8.2074966765412,1.8408106753858688,0.4694672848161945,0.02646563938880362
1776265259.1302164,30.259690046310425,-2.095475330706897,-8.209077161893232,1.840963625634033,0.47016848992001153,0.09470209634862992
1776265259.1378577,30.26733136177063,-2.094888612249312,-8.210681834413746,1.8411689609796895,0.4709996464385982,0.225205284610457
1776265259.1595285,30.289002180099487,-2.094227913571069,-8.212292773226697,1.8414253624406927,0.47192605948833793,0.08121243201551145
1776265259.211732,30.341205596923828,-2.0934765503424297,-8.21389764930648,1.8417297584781704,0.47292677525527665,0.03444233317390485
1776265259.2296062,30.359079837799072,-2.092633313466065,-8.21549737576314,1.8420784432374289,0.47399901999066585,0.1030349539257906
1776265259.2413533,30.370826959609985,-2.091701678251031,-8.217092913284738,1.8424704692709333,0.4751400867468847,0.16078388510515784
1776265259.2557914,30.385265111923218,-2.0906685830415586,-8.218676400456316,1.8429018819218737,0.4763406500500389,0.1343168429302155
1776265259.2978892,30.42736291885376,-2.0895447500932156,-8.22024924703569,1.8433724214801916,0.47760288792968913,0.047259854035983984
1776265259.3237336,30.45320725440979,-2.088343784100207,-8.221816009636274,1.8438805800205746,0.47892168461484846,0.07887425502064171
1776265259.32706,30.456533670425415,-2.0870780470891,-8.223377766950668,1.844426155440432,0.48030237488286665,0.6261951297824349
1776265259.3405764,30.47005009651184,-2.085763464228072,-8.224935539103901,1.8450110986238981,0.48174107615560113,0.1568905216003304
1776265259.3504555,30.479929208755493,-2.0844031647007912,-8.226487066959576,1.8456337277678763,0.4832341098347511,0.2181674340389736
1776265259.4038749,30.533348560333252,-2.082997204561737,-8.228035651544879,1.846292585441359,0.4847780193337836,0.041051183874162275
1776265259.4157832,30.545256853103638,-2.081538288858524,-8.22957465983243,1.8469869554288696,0.48636318098745457,0.1873817464575713
1776265259.4285884,30.558062076568604,-2.080027307965671,-8.231100242731948,1.8477153967733124,0.48798592383374434,0.1770682023311992
1776265259.4404397,30.569913387298584,-2.0784627755637364,-8.232608716607684,1.8484766500650176,0.48964244594364,0.1943053095037948
1776265259.498696,30.628169775009155,-2.0768482627459854,-8.234101315353772,1.8492703733627367,0.49133298053909014,0.04012653290411779
1776265259.512894,30.642367601394653,-2.075205086298388,-8.235593049474184,1.8500988214250889,0.49306051225668335,0.16684856936501466
1776265259.5230896,30.652563333511353,-2.073537699695446,-8.237090051255736,1.8509603827283354,0.49481423100309324,0.23546371411909603
1776265259.5332463,30.66271996498108,-2.07185168101016,-8.238592197663865,1.8518555192815498,0.49659193281689573,0.23916080843301485
1776265259.597242,30.726715803146362,-2.070132648939173,-8.24009005112303,1.8527822837582408,0.4983899266741894,0.03845882457364993
1776265259.60941,30.73888373374939,-2.0683692092879675,-8.241577603400476,1.8537376796098026,0.5001986788920822,0.20521655132539532
1776265259.622811,30.75228476524353,-2.066574596299903,-8.24305963229654,1.8547222101014031,0.5020256881084744,0.1885766795791869
1776265259.6317725,30.76124620437622,-2.0647507147781123,-8.244535364642369,1.8557347453905775,0.503869995351184,0.2851439195877802
1776265259.6800988,30.809572458267212,-2.0629019000993982,-8.246009296349134,1.8567744308160783,0.5057273245862103,0.05344779480899261
1776265259.6998732,30.829346895217896,-2.061003593679835,-8.247470528115398,1.857841554998603,0.5075860683117697,0.13262084497551974
1776265259.7091734,30.83864712715149,-2.0590293639004975,-8.24890331478118,1.8589361172174053,0.5094454111354596,0.2874845506475677
1776265259.7189376,30.848411321640015,-2.0569868091571473,-8.25031228028454,1.8600542258265413,0.5113094659943849,0.27873782475901365
1776265259.7606936,30.890167236328125,-2.0548789015844044,-8.251687545984277,1.861194305602547,0.5131777923566306,0.06617131943684323
1776265259.7754998,30.90497350692749,-2.0527135635331772,-8.253025166336176,1.8623544877514526,0.5150531220783244,0.18891527075445516
1776265259.784126,30.913599729537964,-2.0505021672900936,-8.254331193918938,1.8635338653055915,0.5169362932489171,0.32761879614354844
1776265259.7983367,30.927810430526733,-2.0482526121345987,-8.255604599924318,1.8647357463430063,0.5188277129989326,0.20060344494066917
1776265259.854585,30.984058618545532,-2.0459808065403986,-8.256853340571018,1.8659594967496864,0.520724031047987,0.05096535242721959
1776265259.8761463,31.005620002746582,-2.043697265901464,-8.258078463061963,1.8672046794729567,0.5226247064217917,0.13334295943326294
1776265259.8878572,31.01733088493347,-2.04142760668,-8.259292417883813,1.868476843025815,0.5245268484626154,0.24516846773762238
1776265259.9152057,31.044679403305054,-2.039178838970299,-8.260495676517603,1.8697720749675288,0.5264250759755823,0.10459403177174519
1776265259.9201086,31.0495822429657,-2.03693000715825,-8.261675629353899,1.8710887349050638,0.5283170887337151,0.5834611513019489
1776265259.9495933,31.07906699180603,-2.0346647489568,-8.262822128006592,1.8724245652328393,0.5301945521129494,0.09729943290607193
1776265259.9692614,31.098735094070435,-2.032381864229308,-8.263938619779418,1.873776754999474,0.5320585584072097,0.1463605366815112
1776265259.9751515,31.10462522506714,-2.0300704928375857,-8.265019374833727,1.8751431359695814,0.5339143795021125,0.4913957401556295
1776265259.989223,31.118696689605713,-2.027736084496562,-8.266068939311031,1.8765241451921957,0.5357578031199834,0.20668100126879202
1776265260.0614498,31.19092345237732,-2.0254036123442063,-8.267101435090586,1.8779244740574506,0.5375832812344091,0.0402880970801311
1776265260.0678835,31.197357177734375,-2.0230532833253116,-8.268108457882724,1.879344342520441,0.5393938807769256,0.4545967914611362
1776265260.0805833,31.210057020187378,-2.020680055689874,-8.269084137032687,1.8807808738573084,0.5411943324734653,0.231554923891042
1776265260.091462,31.220935583114624,-2.018286039887584,-8.270027588436896,1.8822298341293826,0.5429817159429371,0.27146202054915647
1776265260.1472063,31.27667999267578,-2.0158813520739507,-8.270940114492456,1.883687934548202,0.5447511968797291,0.05303789732849666
1776265260.1573563,31.286829948425293,-2.013472069594916,-8.271822841087062,1.8851590745733542,0.5465084259096721,0.2914021503709192
1776265260.1687925,31.298266172409058,-2.011059698616403,-8.272678712824469,1.8866410339830557,0.5482500927074477,0.25862948553989723
1776265260.1918218,31.321295499801636,-2.00865979866535,-8.2735201996937,1.8881338031105326,0.549971664404699,0.12804953393121304
1776265260.2387433,31.36821699142456,-2.0062779670980504,-8.274352376376388,1.8896341142322919,0.5516723040508478,0.06255981831904428
1776265260.2553887,31.384862422943115,-2.0039003381684615,-8.275172130658616,1.8911434664236777,0.5533552420602559,0.1762124043159839
1776265260.2681108,31.397584438323975,-2.001514492078064,-8.275973050465135,1.8926624009420836,0.5550188571051102,0.23105931268008378
1776265260.2857137,31.4151873588562,-1.999108801293396,-8.276745672059526,1.894188651020007,0.5566703838793212,0.16769393683181852
1776265260.3237228,31.45319652557373,-1.996683435170741,-8.277494223639376,1.8957205553264838,0.5583125773287733,0.07799967185872138
1776265260.350296,31.479769706726074,-1.994251362157987,-8.278234189671867,1.897260248332642,0.5599406380985985,0.11184461430045478
1776265260.35255,31.4820237159729,-1.9918129059633225,-8.27896163412637,1.8988060015019053,0.5615485616438771,1.3209117478132482
1776265260.368119,31.49759268760681,-1.9893628561974037,-8.27966577132087,1.9003559444312002,0.5631401837612682,0.19162688994487345
1776265260.4253125,31.554786205291748,-1.9869155224500068,-8.280352260511188,1.9019102295581876,0.5647147171969102,0.05209240002946775
1776265260.4293838,31.558857440948486,-1.9844598302338827,-8.28100799075255,1.9034683291622412,0.5662753114040178,0.7322809818186724
1776265260.4535332,31.583006858825684,-1.9819977355860718,-8.28163148896061,1.9050289771937938,0.5678207679874656,0.1234392821813182
1776265260.4630485,31.592522144317627,-1.9795404707064619,-8.28223375408129,1.9065927794924287,0.5693465167912143,0.31257934364656015
1776265260.4711926,31.600666284561157,-1.9770870451921507,-8.28281077789144,1.9081602636160229,0.5708510372367506,0.36443867854085243
1776265260.5247269,31.654200553894043,-1.9746264683179842,-8.28335729615775,1.9097318052882128,0.5723416623220312,0.055484657916462954
1776265260.545567,31.67504072189331,-1.9721595200695476,-8.283874817063218,1.9113048490974744,0.5738200004285832,0.14257162652779873
1776265260.5631168,31.692590475082397,-1.9697004360827042,-8.284373227270645,1.912879091638266,0.5752783889242412,0.16878021067156093
1776265260.5714824,31.700956106185913,-1.9672777675823911,-8.284866550723626,1.9144539375489322,0.5767067303773653,0.35040428518332445
1776265260.6117234,31.741197109222412,-1.964890684012901,-8.285358515749115,1.9160273657461289,0.5781124059750072,0.07209096037261528
1776265260.6246045,31.754078149795532,-1.9625218398502111,-8.285840615182238,1.9176007440784706,0.5794987254729687,0.2239206058269151
1776265260.6331294,31.762603044509888,-1.9601620702187912,-8.28630552192614,1.919172111055649,0.580865054218552,0.33700716547105797
1776265260.6500752,31.77954888343811,-1.9578033995631883,-8.286748208736476,1.9207424998353708,0.5822186244147709,0.1692450446821528
1776265260.6949227,31.82439637184143,-1.9554383442538283,-8.287166020245905,1.9223138422969697,0.5835602363057969,0.06399571471893468
1776265260.7102447,31.839718341827393,-1.9530922660234795,-8.287576033198228,1.923888805898246,0.5848860142946808,0.18635293230218897
1776265260.7171113,31.846585035324097,-1.9507692459980432,-8.287983318200608,1.9254673442713202,0.5861953939696843,0.41329531513923945
1776265260.7235045,31.852978229522705,-1.9484630028303715,-8.288382318739178,1.9270469795106644,0.5874911573045185,0.44167071927093526
1776265260.7801983,31.909672021865845,-1.9461791417707819,-8.288777245995668,1.9286252360785372,0.5887696544428274,0.04946014542657912
1776265260.7882318,31.917705535888672,-1.943900071635922,-8.289156968918865,1.9302026076715253,0.59003836810114,0.34823858386227513
1776265260.8023179,31.93179154396057,-1.9416291815303355,-8.289521947410716,1.931779433357076,0.5912939489312097,0.19797256249899794
1776265260.8169188,31.94639253616333,-1.9393801514459417,-8.289880944412294,1.933353000516954,0.5925345838752567,0.18959229897009333
1776265260.8792138,32.0086874961853,-1.9371604805605132,-8.290239111726985,1.934920946732424,0.59375575313607,0.044002097419218456
1776265260.887834,32.0173077583313,-1.9349605201359128,-8.290587738891631,1.9364821486534947,0.5949611338362276,0.31554243333179577
1776265260.896688,32.026161670684814,-1.932776554022965,-8.290926140209587,1.9380368601487141,0.5961494179023398,0.3051872619808478
1776265260.913342,32.04281568527222,-1.9306012688164669,-8.291248993051358,1.9395869349596118,0.5973229837858745,0.16155310009541268
1776265260.9885225,32.11799621582031,-1.928435771310137,-8.291550333706882,1.9411314344550417,0.5984858142082712,0.0356059718308718
1776265260.9995177,32.12899136543274,-1.9262810743140866,-8.291827915847344,1.9426706088705745,0.5996344139984966,0.24215090858511001
1776265261.0167012,32.146174907684326,-1.9241391200143718,-8.292078587601607,1.944205247108715,0.6007717415250541,0.15403515965959416
1776265261.047401,32.17687463760376,-1.9220179662568397,-8.292307032433158,1.945736173291314,0.6018938870157453,0.08553411383460721
1776265261.0684805,32.197954177856445,-1.9199279093918598,-8.292522421201785,1.9472619264989193,0.6029959893844203,0.12318398976568444
1776265261.0899184,32.21939206123352,-1.91788068758903,-8.292737295216302,1.948784585539889,0.6040701936812355,0.11943461998028754
1776265261.1255918,32.25506544113159,-1.91584473946556,-8.29292387588172,1.9503054902442545,0.6051314437856538,0.07142990219291387
1776265261.142064,32.27153778076172,-1.9138262458193878,-8.293080259241,1.9518230835921708,0.6061788203112229,0.15360235117146462
1776265261.1425178,32.27199149131775,-1.9118311573609224,-8.293203326654709,1.9533340243596131,0.6072178441257465,5.522654495790137
1776265261.177343,32.30681657791138,-1.9098567380220304,-8.293286563673965,1.9548351560842852,0.608246309059416,0.07126081563348086
1776265261.2012336,32.33070731163025,-1.9078988234681635,-8.293330611147356,1.956325165785929,0.6092642017934395,0.10300195371283791
1776265261.2124891,32.341962814331055,-1.9059747183144504,-8.293359313598287,1.9578085832121885,0.6102676100260358,0.21586938513662896
1776265261.223964,32.353437662124634,-1.9040871779430768,-8.293386472985587,1.9592860129983916,0.6112505052984213,0.20890503959280024
1776265261.281145,32.41061878204346,-1.9022095436467221,-8.293396145176525,1.960759280374231,0.6122212203345309,0.04173850995755535
1776265261.3025322,32.432005882263184,-1.900323703464162,-8.293378690680537,1.9622267157134041,0.6131850509574472,0.11172969054933146
1776265261.3065758,32.436049461364746,-1.8984276501422654,-8.293331190324837,1.963687970174867,0.6141366274834266,0.5921170529140387
1776265261.3203678,32.44984149932861,-1.896541840864039,-8.293263100912053,1.9651395903127444,0.6150752811361686,0.17261989084427304
1776265261.3761775,32.505651235580444,-1.8946932665279668,-8.293190704142797,1.9665813842664515,0.6159982541576488,0.042026212664243716
1776265261.391761,32.52123475074768,-1.8929045256814545,-8.29313377633412,1.96801315621623,0.6168975646169955,0.14707207924879434
1776265261.4070632,32.53653693199158,-1.891178078300998,-8.293098598496593,1.9694327633396065,0.6177702774223647,0.14608563817075781
1776265261.4190078,32.548481464385986,-1.8894857832112457,-8.293062566206839,1.9708420326536575,0.6186314177157377,0.18439769235798534
1776265261.467926,32.59739971160889,-1.8878092003444007,-8.293003005641571,1.9722420932648799,0.6194863089349618,0.044668334511824975
1776265261.485807,32.615280628204346,-1.8861532862889818,-8.292923325877698,1.9736329858480406,0.6203305176943872,0.1210239951489796
1776265261.5037665,32.63324022293091,-1.8845105588134186,-8.292820497026124,1.9750154433716156,0.6211683805560789,0.11968488695979816
1776265261.5079253,32.63739895820618,-1.8828816282670264,-8.292702571582417,1.9763875089415612,0.6219965930073027,0.512907366753417
1776265261.5580473,32.68752098083496,-1.8812754590270564,-8.292577888197757,1.9777467155091655,0.6228115666065349,0.042053120982992825
1776265261.5664628,32.69593644142151,-1.8797100366688764,-8.292456330338108,1.9790918152407493,0.6236076893948511,0.24568050820927836
1776265261.5801919,32.70966553688049,-1.8781849031115039,-8.29234497657228,1.9804220334948976,0.6243837184810125,0.14762797904312758
1776265261.595531,32.72500467300415,-1.8766799138539672,-8.292232864726563,1.9817399395787023,0.6251488135211757,0.130620543214158
1776265261.6099362,32.73940992355347,-1.8751838777716903,-8.292111290335129,1.9830449512452994,0.6259084552729285,0.13807184091260227
1776265261.6647873,32.79426097869873,-1.8736901313986385,-8.291968419267027,1.9843374020627937,0.6266650275065808,0.036105671266929096
1776265261.6813781,32.81085181236267,-1.8722009747032438,-8.291801714393602,1.9856184930186829,0.6274156321791406,0.11882700790626362
1776265261.6980855,32.82755923271179,-1.8707256160550239,-8.291615909285532,1.986890917780397,0.6281579191631147,0.11714004256957998
1776265261.7150009,32.84447455406189,-1.8692782046144831,-8.291429796380685,1.9881543270562942,0.6288858553249537,0.11411215303216295
1776265261.7521539,32.881627559661865,-1.8678636369578465,-8.2912500787804,1.989407890057342,0.6295965122519941,0.051102462855169506
1776265261.777579,32.907052755355835,-1.8664686971178637,-8.291070988700833,1.9906502773169177,0.6302949936137667,0.07380688232765988
1776265261.7846336,32.91410732269287,-1.8651032393353368,-8.290896956389192,1.9918812425842392,0.6309787621610848,0.2617635707963149
1776265261.8214662,32.950939893722534,-1.8637861022264124,-8.290737133322736,1.9930994983132075,0.631646440234264,0.04890402122706593
1776265261.836789,32.96626257896423,-1.8625015365137947,-8.290576619620852,1.9943065706848988,0.6323035851945203,0.11551495353563006
1776265261.848077,32.977550745010376,-1.861231749601283,-8.290401615728083,1.9955048358435652,0.6329540440043755,0.15544225277163054
1776265261.8640988,32.993572473526,-1.8599716673635216,-8.290207966189694,1.996691196407993,0.6335962001478914,0.10869499972929411
1776265261.8833063,33.01277995109558,-1.8587371933008279,-8.290009115806612,1.9978651899940256,0.6342319005387703,0.08929578688012844
1776265261.9253938,33.05486750602722,-1.8575406128901113,-8.289811879949095,1.9990276404147775,0.63485770947208,0.039913942482622644
1776265261.9445646,33.07403826713562,-1.85636823081546,-8.289605763191313,2.000178533316877,0.6354727406170139,0.08636866777709322
1776265261.9551752,33.084648847579956,-1.8552044323275863,-8.289383375061453,2.0013179714188043,0.6360811588606127,0.15492439560078886
1776265261.9705338,33.1000075340271,-1.854070684799015,-8.28916283846255,2.0024468994044953,0.6366820130593409,0.10515772946455851
1776265262.0006208,33.13009452819824,-1.8529865670644472,-8.288969141525572,2.0035669820213817,0.6372662907204294,0.05220862840529537
1776265262.0393147,33.16878843307495,-1.8529865670644472,-8.288969141525572,2.0035669820213817,0.6372662907204294,0.0
1776265262.0403068,33.16978049278259,-1.8519540632378142,-8.28880832063983,2.004675969583237,0.6378340111145371,1.5359348973238711
1776265262.0405653,33.17003893852234,-1.8509569105524035,-8.288668032864344,2.005772383661331,0.638390871157538,5.760060698224856
1776265262.04606,33.17553377151489,-1.8499791264524712,-8.288526909283835,2.0068555201136014,0.6389399595318135,0.2667964816340302
1776265262.0831716,33.212645292282104,-1.8490141080485938,-8.288375614274253,2.0079239385738297,0.639483079701098,0.03900789929586413
1776265262.1149445,33.244418144226074,-1.848057930331334,-8.288207976100052,2.008979108050451,0.6400226227655468,0.045126340214956914
1776265262.1220071,33.2514808177948,-1.8471279563305536,-8.288033615391203,2.010024318875126,0.6405530354572885,0.1996219790845842
1776265262.1289644,33.25843811035156,-1.8462161154328707,-8.287843208936323,2.0110590431079176,0.6410735459651397,0.2001138989325955
1776265262.1422422,33.27171587944031,-1.845323686536314,-8.287633534553247,2.0120825672130285,0.6415860591967473,0.1034844807832292
1776265262.1891913,33.31866502761841,-1.8444381697280945,-8.287403427972317,2.013093241990549,0.642094134276672,0.02903753236978658
1776265262.2031796,33.332653284072876,-1.8435736111187386,-8.287169258880182,2.014092953676738,0.6425988160207108,0.09595775724661118
1776265262.2134328,33.34290647506714,-1.8427461181908071,-8.28695272144038,2.0150819894260485,0.6430899794698967,0.12753128883177597
1776265262.2251067,33.35458040237427,-1.841939659284812,-8.28674107829717,2.0160659538505112,0.6435743210814272,0.11047791262607984
1776265262.2719574,33.4014310836792,-1.8411211007066417,-8.286509196420836,2.017046432540311,0.6440556939350348,0.027707850254048427
1776265262.2866795,33.41615319252014,-1.8402938833005813,-8.286258487047455,2.0180217401634555,0.644535901653276,0.08852093155876613
1776265262.2980444,33.427518129348755,-1.839473459799023,-8.285994965378103,2.018988196811515,0.6450100957545912,0.11393173363235595
1776265262.3072999,33.43677353858948,-1.838688288018789,-8.285738392375269,2.019945826719526,0.6454733438307949,0.13664071698555683
1776265262.369944,33.499417781829834,-1.837949875783099,-8.28549815445159,2.020891537606741,0.6459261099556429,0.019533427812234522
1776265262.376266,33.50573968887329,-1.8372776614502262,-8.285294605674732,2.021825328152384,0.6463619354708928,0.1848251249101898
1776265262.3817315,33.511205196380615,-1.8366482416901693,-8.285114258660206,2.02274863947201,0.6467859525348255,0.20709882897122284
1776265262.3970716,33.52654528617859,-1.8360251396467404,-8.284926188397009,2.023664808823387,0.6472085913825043,0.07326094998801881
1776265262.4546049,33.584078550338745,-1.8353935571747946,-8.284717159773235,2.0245723693042637,0.6477671109678208,0.01955877463509348
1776265262.4839346,33.61340832710266,-1.834750306635696,-8.284474881010654,2.025368467028937,0.6493723737611383,0.03586049524762823
1776265262.4895718,33.61904549598694,-1.8341182504573152,-8.284200057979325,2.0258879397135487,0.6520518237596649,0.1531018826296872
1776265262.5067546,33.63622832298279,-1.8335077915273639,-8.28389463312955,2.0260652619613326,0.6556850815166273,0.04104430156456441
1776265262.5445113,33.67398500442505,-1.8329244226218007,-8.283560645790642,2.0258817412309207,0.6600812214331847,0.018455324218130016
1776265262.5854862,33.71495985984802,-1.8329244226218007,-8.283560645790642,2.0258817412309207,0.6600812214331847,0.0
1776265262.5861928,33.71566653251648,-1.8323627533318516,-8.283199464730048,2.0253463090546493,0.6650889468054502,1.2112077742173728
1776265262.590024,33.71949768066406,-1.8318247351126296,-8.282814511510725,2.024480469334271,0.6706606019802392,0.28441792164952195
1776265262.5909433,33.72041702270508,-1.831318974776721,-8.282410923935013,2.0233104462059113,0.6767802951199802,1.4543259912106574
1776265262.655845,33.78531861305237,-1.8308355443640576,-8.281991573366785,2.021863600335367,0.6834407068990266,0.02437633397803259
1776265262.6658623,33.7953360080719,-1.8303629672305282,-8.281560150051305,2.0201673990229807,0.6906261857587915,0.1809737535331633
1776265262.6787095,33.80818319320679,-1.8298937508678752,-8.281121689172616,2.018249391045402,0.6983201954983616,0.15744018694112377
1776265262.6886327,33.81810641288757,-1.8294309980986079,-8.280682864516304,2.0161365231314594,0.7065112522907765,0.22240922895597084
1776265262.7037706,33.83324432373047,-1.8289761364829566,-8.280251411651548,2.0138541940897943,0.7151793524089052,0.15635384840839284
1776265262.7714343,33.90090799331665,-1.8285223446620897,-8.279835437391657,2.011428485466078,0.7243120082758203,0.036985925319828146
1776265262.7805104,33.90998411178589,-1.8280512478842006,-8.279440547882366,2.008881993803061,0.7338828455848211,0.28862948629949176
1776265262.793195,33.92266869544983,-1.8275553942557043,-8.279080487156524,2.0062312659848907,0.7438669186483766,0.21448384328798428
1776265262.8069148,33.93638849258423,-1.8270198420162858,-8.278767788145007,2.003493460946831,0.7542395784599891,0.2046068618601095
1776265262.8684063,33.99787998199463,-1.826434090920267,-8.278517576991304,2.000680361245052,0.7649768003495784,0.04690582853658716
1776265262.8784995,34.007973194122314,-1.8258056440443722,-8.278353478143805,1.997800864538187,0.7760571011375784,0.29245820261260463
1776265262.8826897,34.012163400650024,-1.8251663717965665,-8.278312113612238,1.994859590172581,0.7875341249219079,0.7183961850795845
1776265262.9153316,34.04480528831482,-1.8245095068006556,-8.278411734728236,1.991864470848521,0.799415362080684,0.09398722463296377
1776265262.9565558,34.08602952957153,-1.823833350813568,-8.278672004572408,1.9888204019511837,0.811719522393878,0.07590443034602494
1776265262.9755685,34.10504221916199,-1.8231138388878279,-8.27910079034738,1.9857360021077235,0.8244464355317073,0.1681036973174822
1776265262.9866855,34.116159200668335,-1.8223020335789828,-8.279684959420367,1.98263113018301,0.837544375138549,0.2934231398196003
1776265263.0218635,34.15133714675903,-1.8213608662259897,-8.280407272266293,1.979525802559168,0.850942336682381,0.09449792735838801
1776265263.091179,34.22065258026123,-1.8213608662259897,-8.280407272266293,1.979525802559168,0.850942336682381,0.0
1776265263.0917869,34.22126054763794,-1.8202899271323767,-8.281273389232922,1.9764277851698144,0.8646394554811273,5.5766074264287235
1776265263.0920136,34.221487283706665,-1.8190900399107826,-8.282287512497124,1.9733452321701697,0.8786334664592104,15.259210224657487
1776265263.0928724,34.22234606742859,-1.8177547917810197,-8.283445040978359,1.9702856515536045,0.8929099819957876,4.1142386600453555
1776265263.1075087,34.236982345581055,-1.8162712807499588,-8.284724271747875,1.9672559512388093,0.9074250696500321,0.24649803397694192
1776265263.156221,34.28569459915161,-1.814633130607156,-8.286090816128887,1.9642652181867657,0.9221165411659767,0.0754146435544037
1776265263.1631868,34.29266047477722,-1.8128337367667071,-8.287516431002327,1.9613158684174383,0.9369392965509511,0.5365432885335435
1776265263.1750603,34.30453395843506,-1.8108706836879123,-8.288978295557241,1.9584091481908994,0.9518586540614042,0.32003696410443333
1776265263.190373,34.319846630096436,-1.8087663283686035,-8.290476805218345,1.9555481574990312,0.9669052241864854,0.2517360609151599
1776265263.2601347,34.38960838317871,-1.8065352872046174,-8.291994288753466,1.9527352961891085,0.9820754351418247,0.05587236947921895
1776265263.2783582,34.40783190727234,-1.8041898492949346,-8.293520669681286,1.949972108341831,0.9973572243396551,0.21580345324485192
1776265263.2911863,34.4206600189209,-1.8017613368457568,-8.295088195552069,1.9472636497922666,1.0128017782926542,0.30878518839278274
1776265263.3089876,34.43846130371094,-1.7992623532481775,-8.296699810784718,1.9446079125358713,1.0284083866325802,0.22396551101735504
1776265263.3221886,34.45166230201721,-1.796695307142967,-8.298342717075979,1.9420034901103016,1.044154502802275,0.3036872823823829
1776265263.3613899,34.49086356163025,-1.7940520494884027,-8.300001529770249,1.9394498581789308,1.0600136454097775,0.10286169100509625
1776265263.3765407,34.506014347076416,-1.791341731641253,-8.301672003528024,1.9369464742768208,1.0759798173811828,0.267318874203913
1776265263.3833787,34.51285243034363,-1.788566623008034,-8.30333747530995,1.9344930981774762,1.092040475500277,0.5939223153520918
1776265263.4196024,34.549076080322266,-1.785720249371615,-8.304965136026386,1.932091548642292,1.1081691819160133,0.11220027365614099
1776265263.4603367,34.589810371398926,-1.7828191818836552,-8.306558439600035,1.9297410452763737,1.1243751586010455,0.09965845678841208
1776265263.4702969,34.59977054595947,-1.7798659368587304,-8.308102723127796,1.9274402595129219,1.140651523110553,0.40658941864232556
1776265263.4845655,34.614039182662964,-1.7768569906299625,-8.309567376111188,1.92518864314404,1.156989455031751,0.2826796247087384
1776265263.4985905,34.62806415557861,-1.7737962053403158,-8.310946578274024,1.9229886032767936,1.1733882234919364,0.2861911900961032
1776265263.545055,34.6745285987854,-1.770702242461301,-8.31227047223305,1.920842655528014,1.1898588827150773,0.08589987089713144
1776265263.5665944,34.69606804847717,-1.7675883029381785,-8.313553805135108,1.9187500696502267,1.2064021467346173,0.18408817796765864
1776265263.5748916,34.704365253448486,-1.7644703280211527,-8.314821185934793,1.9167120075791373,1.2230193599210595,0.4742177077325816
1776265263.5894697,34.71894335746765,-1.761357676197666,-8.316086817436483,1.9147283367732637,1.2397051254073177,0.2676596741288307
1776265263.639182,34.76865577697754,-1.7582440592031738,-8.317325364697515,1.9127962447985227,1.2564473262403573,0.07780794884285061
1776265263.6510353,34.78050899505615,-1.755128720497235,-8.318522222995526,1.9109140276341605,1.2732355579518164,0.3232472483583211
1776265263.661543,34.791016578674316,-1.7520079024312256,-8.319665233202466,1.9090795232069466,1.2900722600034462,0.36128505254112014
1776265263.6728275,34.80230116844177,-1.7488729477289473,-8.320748560898878,1.9072912061209408,1.306954545186722,0.3339277822204253
1776265263.7280998,34.85757350921631,-1.7457232366295659,-8.32176287719818,1.9055467561925914,1.3238798894830985,0.0676770953975242
1776265263.7490983,34.8785719871521,-1.7425612696148736,-8.32269621387678,1.903846326796348,1.3408485048177687,0.1766570901259161
1776265263.7571015,34.88657522201538,-1.73938925912536,-8.323520696349775,1.9021891045427182,1.3578595357021306,0.45888632683012626
1776265263.7701411,34.8996148109436,-1.7362189949089635,-8.32423794887572,1.9005734336330704,1.374915166180069,0.2783673628578156
1776265263.8412118,34.97068548202515,-1.7330633822264538,-8.324867428918527,1.899002320204869,1.3920139229097213,0.05038444884850016
1776265263.8455253,34.97499895095825,-1.729930694314246,-8.32545068989855,1.8974802264761648,1.409146658934943,0.8186884737745493
1776265263.8573601,34.986833810806274,-1.7268282858216308,-8.326033345074102,1.8960101222864472,1.4262942694460734,0.2942314348776089
1776265263.8673186,34.99679231643677,-1.7237578865819934,-8.32662943691221,1.8945891145562306,1.4434530550509623,0.344970951711848
1776265263.8783832,35.00785684585571,-1.7207160567172026,-8.327221106236111,1.8932143060492996,1.4606295940185088,0.3063951349132185
1776265263.9336927,35.06316637992859,-1.7176994315391771,-8.327780080081848,1.8918835964087093,1.4778234051346988,0.06046225688563148
1776265263.9490032,35.078476905822754,-1.7147060068176532,-8.328286399465876,1.8905941547634348,1.4950422539440862,0.21543515235965047
1776265263.9632096,35.0926833152771,-1.7117382184969039,-8.328710211938352,1.8893446194360768,1.5122908925754606,0.2286207355958454
1776265263.9838834,35.113357067108154,-1.7087967559604886,-8.32903307236768,1.8881351043370935,1.529569047967712,0.15462962746384412
1776265264.011972,35.14144563674927,-1.7058792389161042,-8.329256908088825,1.8869624243533993,1.5468754747862294,0.11222822540872096
1776265264.0245621,35.154035806655884,-1.7029834064478413,-8.329405890479343,1.8858275900682093,1.564203059895223,0.24732171843458448
1776265264.0404806,35.16995429992676,-1.7001139574510296,-8.329500781681634,1.8847317502771734,1.5815441705112503,0.19304874755645218
1776265264.0592353,35.188709020614624,-1.697274183058103,-8.329538093190916,1.8836725244038866,1.5989012633145048,0.1616188819671143
1776265264.1093755,35.23884916305542,-1.694466842521202,-8.329519588068253,1.882648125623162,1.6162732725660005,0.05960215427813792
1776265264.1186664,35.24814009666443,-1.6916934524452523,-8.329425220954953,1.8816587738521167,1.6336624395943653,0.3170924198449126
1776265264.138954,35.26842761039734,-1.6889502124395024,-8.329266308296999,1.8807055283103031,1.651065402242472,0.14336339752748384
1776265264.1530542,35.282527923583984,-1.6862361718766206,-8.32907785483276,1.879791711889739,1.6684717714909516,0.20353776453251554
1776265264.2128067,35.34228038787842,-1.6835501592938977,-8.328854456408695,1.87891560411689,1.685879085820048,0.04743071659837575
1776265264.2234058,35.35287952423096,-1.6808873137475833,-8.328587156910812,1.8780752486377694,1.7032913996548165,0.2646503884521288
1776265264.235596,35.36506962776184,-1.678249584203191,-8.328269868156795,1.8772731356820354,1.7207109290770823,0.227659189686333
1776265264.2466702,35.37614393234253,-1.6756387926394885,-8.327890862251865,1.8765116846326193,1.7381383732998223,0.24794774283664237
1776265264.2892141,35.41868782043457,-1.6730574972886134,-8.327456017780488,1.875788317272323,1.7555634087039038,0.06383467684244712
1776265264.3040411,35.43351483345032,-1.6705058397166332,-8.326974422446364,1.8751059475731553,1.7729609200485765,0.18107952642975683
1776265264.3196104,35.44908404350281,-1.6679833172352885,-8.326486387433503,1.8744664155292436,1.790292930926013,0.17005981225250225
1776265264.3352244,35.46469807624817,-1.6654919818860123,-8.325972928087186,1.873867321339731,1.807557105634894,0.16736830037026998
1776265264.3938494,35.52332305908203,-1.6630356874219905,-8.325409070853995,1.8733050439629528,1.8247530827434646,0.04404513188800956
1776265264.4014254,35.53089904785156,-1.6606258806932366,-8.324780721398614,1.8727762138371369,1.8418809814319328,0.33604973707926267
1776265264.412868,35.54234170913696,-1.65826889083307,-8.324092823868888,1.8722793708752536,1.858938322699776,0.2189251426519669
1776265264.4434347,35.57290840148926,-1.6559605085949187,-8.323380076348714,1.8718164482773127,1.875923313077839,0.08047533532198924
1776265264.4443324,35.573806047439575,-1.6536999237007457,-8.322657468756617,1.871387573966938,1.892831281571196,2.686703731323027
1776265264.4768612,35.606334924697876,-1.65148356708195,-8.321935988091026,1.8709963651286923,1.9096471461084357,0.0726564567108776
1776265264.4908302,35.62030386924744,-1.64930144389036,-8.321235544823985,1.870641762757249,1.9263575850534487,0.16601518911646515
1776265264.5068488,35.63632249832153,-1.6471593937561566,-8.320524331581682,1.8703219375956683,1.9429715952706845,0.1423081433359739
1776265264.5193307,35.64880442619324,-1.645068464051131,-8.31976996824024,1.870033597599995,1.9595102331023304,0.17957728593441444
1776265264.5797226,35.70919632911682,-1.6430369202651354,-8.318955596921393,1.8697616352155926,1.9756463224472967,0.03652018715181349
1776265264.6121926,35.741666316986084,-1.6410994883292025,-8.318049315628851,1.869388868240926,1.9908096031817417,0.06686672614917302
1776265264.6126323,35.74210596084595,-1.639253785828055,-8.317054328126316,1.868829020341467,2.0051665960378293,4.936414649117267
1776265264.629326,35.75879979133606,-1.6374668047185592,-8.31599673557981,1.8680588777808942,2.018799241291075,0.13266614193127846
1776265264.6685507,35.79802441596985,-1.635696836285038,-8.314908060810259,1.8670738192704268,2.031738609711407,0.058627441347941206
1776265264.681611,35.81108474731445,-1.6339226370782465,-8.313803535774468,1.8658758243806302,2.044027807478226,0.184446417398729
1776265264.6923704,35.82184410095215,-1.6321209471693974,-8.312698245394419,1.864479789682814,2.0557062771459447,0.23543365378450146
1776265264.7052839,35.834757566452026,-1.6302874631245674,-8.311597184440165,1.8629042251766708,2.06678012197813,0.20570690282523307
1776265264.7589018,35.88837552070618,-1.628432605201914,-8.310495957464113,1.861164525679823,2.0772748043453038,0.05168486536057698
1776265264.7651548,35.89462852478027,-1.626570928320669,-8.309388687013264,1.8592784509341609,2.087201977551129,0.4593210256373367
1776265264.7804363,35.90990996360779,-1.624711276840864,-8.308276357820368,1.8572650891954439,2.0965826315020717,0.19356198075515194
1776265264.79346,35.92293357849121,-1.622878338974178,-8.30715137966416,1.8551448963028443,2.1054425405159654,0.23188716260082917
1776265264.8326502,35.96212387084961,-1.6210927773639494,-8.306009460295561,1.852939769903535,2.113804140762264,0.07804383051960596
1776265264.8468523,35.97632598876953,-1.61936691924408,-8.304853522424839,1.850668898526864,2.1216897063988247,0.21670022996979746
1776265264.869222,35.998695611953735,-1.6177043687444148,-8.303691078922167,1.8483522730870365,2.1291176354032992,0.13765552721975657
1776265264.8713458,36.00081944465637,-1.6161030658004558,-8.30253159491431,1.8460098679404224,2.1361040987941284,1.4432387108066251
1776265264.9161956,36.04566931724548,-1.6145666032323491,-8.301385342999733,1.8436621663814527,2.1426683021699158,0.06757863455844537
1776265264.931292,36.060765743255615,-1.613091311538551,-8.300274299377865,1.8413213225941019,2.148801545425022,0.19750941651557424
1776265264.9513888,36.080862522125244,-1.6116746668759958,-8.299216522762315,1.8389924956976684,2.154499839421922,0.14549112179806115
1776265264.9592483,36.08872199058533,-1.6103249880926254,-8.298226673281201,1.8366821868804706,2.159787132521907,0.3629872122385969
1776265264.9809396,36.11041331291199,-1.6090440346157542,-8.297331959532663,1.8343922378668853,2.1646375268992974,0.12780332480174328
1776265265.023278,36.15275168418884,-1.6078564412262764,-8.296532535918194,1.8321334104813434,2.1690641851545953,0.063164380040958
1776265265.0448585,36.17433214187622,-1.6067824314363017,-8.295833139243813,1.829911849355618,2.1730986411896556,0.1188463477888152
1776265265.058167,36.18764066696167,-1.6058270025928878,-8.295253811611461,1.8277289881833896,2.176728261185385,0.18425879627742003
1776265265.070448,36.19992160797119,-1.6049949177797314,-8.294809660950277,1.8255864809569915,2.1799353139499735,0.19061520076242366
1776265265.1112518,36.24072551727295,-1.6042971986657686,-8.294507002354415,1.823486662658317,2.182722755169061,0.054732622562287864
1776265265.1291056,36.25857925415039,-1.603751046082451,-8.294342339800558,1.8214348652049797,2.185127565407182,0.11928131130547828
1776265265.135907,36.26538062095642,-1.6033814473418668,-8.294289439945757,1.819436954892603,2.1872310954959677,0.2988366664344084
1776265265.1571786,36.28665232658386,-1.6031996907632833,-8.294335323121675,1.8174968754206762,2.1890846668517767,0.09162946221879734
1776265265.1893542,36.318827867507935,-1.6032039918727627,-8.294480471821453,1.8156155983770863,2.190696531932233,0.0586430875666606
1776265265.206537,36.336010694503784,-1.6033971990928209,-8.294711835626199,1.8137929962524098,2.1921092056411933,0.10751195937186654
1776265265.215177,36.344650745391846,-1.6037696181895165,-8.295033026953513,1.8120289251983726,2.193312499552611,0.21195941050216036
1776265265.228328,36.35780167579651,-1.6043171081691572,-8.295440213811762,1.810325213725566,2.1943188989824662,0.1395536227887594
1776265265.2835064,36.41298007965088,-1.6050320233814468,-8.295934727224354,1.8086836710303136,2.1951277394982514,0.0336635494673393
1776265265.2965088,36.42598247528076,-1.6059080338719864,-8.296517336737967,1.8071050453786062,2.1957298538649037,0.14590183007829502
1776265265.30524,36.43471360206604,-1.606947797097096,-8.297174717253055,1.8055893430039867,2.196161170815077,0.22357692524512215
1776265265.32977,36.45924377441406,-1.6081524466768997,-8.297895924365951,1.804137065109367,2.1964488144499654,0.0823478833280955
1776265265.363776,36.4932496547699,-1.6095185890920678,-8.298677167946943,1.802750463266311,2.196605831186056,0.06167942254399374
1776265265.3710384,36.50051212310791,-1.6110286823486217,-8.299541765475103,1.8014298539013849,2.1965778792666044,0.30078924803733476
1776265265.3860378,36.51551151275635,-1.6126822801167024,-8.300485387094383,1.8001738058564016,2.19637840043043,0.15206559160410962
1776265265.3987732,36.52824687957764,-1.6144845702585917,-8.301496660184648,1.7989804692570497,2.196036980067047,0.18738484429402652
1776265265.452721,36.582194805145264,-1.616436324593144,-8.302570140839608,1.7978517386156971,2.1955659672650163,0.0462880834935876
1776265265.4703748,36.59984850883484,-1.616436324593144,-8.302570140839608,1.7978517386156971,2.1955659672650163,0.0
1776265265.4709337,36.60040736198425,-1.6185313383764057,-8.303712180065348,1.7967835046753022,2.1949561912946014,4.6779373737498124
1776265265.4790194,36.6084930896759,-1.6207744709248402,-8.304911975419797,1.7957741792208362,2.194234762898056,0.33846878310230066
1776265265.490016,36.619489669799805,-1.6231710989516817,-8.30615566887274,1.794821729528037,2.1934319139717307,0.2603694043090349
1776265265.5122015,36.64167523384094,-1.6257215710123456,-8.307436805871804,1.7939236754979335,2.192559592595592,0.1348674186986358
1776265265.5499926,36.679466247558594,-1.6284196127387403,-8.30876159618503,1.7930775062194149,2.1916061441953,0.08262755909084875
1776265265.5654113,36.69488501548767,-1.6312634988200634,-8.310128531220728,1.7922822690181794,2.1905735493489193,0.21104235918032796
1776265265.5713577,36.70083141326904,-1.6342564224177778,-8.311528681973735,1.7915368141735126,2.1894802521779795,0.5696368862084964
1776265265.5871444,36.716618061065674,-1.637393363402885,-8.31296667567899,1.7908402413631344,2.1883170606721944,0.22300057608944904
1776265265.6327496,36.76222324371338,-1.6406729327839427,-8.314440509932627,1.7901922825233365,2.1870887513227104,0.0801101620181867
1776265265.6503127,36.779786348342896,-1.6440959348667215,-8.3159452713934,1.7895947679216486,2.1858007837611364,0.21559920211015415
1776265265.6605065,36.78998017311096,-1.6476629772063232,-8.317476584965691,1.7890507195696586,2.184462188654823,0.38452527521455715
1776265265.676577,36.8060507774353,-1.651378142741016,-8.319022948093084,1.788560057575877,2.1830982429964227,0.2522581969053703
1776265265.715936,36.845409631729126,-1.655239531341826,-8.320584013741186,1.788120232977251,2.1817076082539346,0.10640962991689733
1776265265.739128,36.86860179901123,-1.6592459824169776,-8.322156632756103,1.7877276076795363,2.180299716989694,0.1863522862727965
1776265265.7441797,36.873653411865234,-1.6633869466999576,-8.323756117398768,1.7873814040359155,2.1788430530733196,0.8814247215147957
1776265265.7612195,36.89069318771362,-1.6676625060817258,-8.32537944514614,1.7870783542350612,2.1773425747418367,0.2689816729103218
1776265265.8064015,36.93587517738342,-1.6720762341974174,-8.327018484758453,1.7868212769873164,2.175811478884261,0.10436116332580034
1776265265.8199008,36.94937443733215,-1.6766350288243843,-8.328657817876762,1.7866107818564607,2.1742810912839916,0.3592165532587802
1776265265.8244953,36.95396900177002,-1.6813314133766895,-8.330309211034683,1.7864448352558988,2.172732458182711,1.084113768205276
1776265265.8359587,36.9654324054718,-1.6861625113017555,-8.331975029804624,1.7863203499142144,2.171159475151979,0.4459187681581148
1776265265.8901117,37.019585371017456,-1.6911214595062445,-8.333667522539438,1.786237823776777,2.1695431213542,0.09677158751108852
1776265265.9001255,37.0295991897583,-1.6962061736455478,-8.335390852734209,1.7861948941476726,2.1678793447128353,0.5361578568192533
1776265265.9186985,37.04817223548889,-1.7014138981536355,-8.337149931120644,1.7861888398472818,2.1661588493640918,0.2959556582470642
1776265265.9252508,37.05472445487976,-1.7067498898109064,-8.338934892581607,1.786219017498965,2.1643994076343787,0.8587478992290147
1776265265.9818616,37.11133527755737,-1.7122252542060528,-8.340724948403064,1.7862851381615787,2.162638410217318,0.10176371491796019
1776265266.0029314,37.132405042648315,-1.7178496028552086,-8.342501239004958,1.7863856500108628,2.1609085516667133,0.2799762848744197
1776265266.0086074,37.138081073760986,-1.7236234178180387,-8.344260890723495,1.786520667926878,2.1592125398840554,1.063685385880905
1776265266.0156255,37.14509916305542,-1.7295414347970897,-8.346009723066043,1.786687965213385,2.157537414074391,0.8796233617614888
1776265266.0285316,37.158005237579346,-1.7355978683155249,-8.347753966189735,1.786886237177766,2.1558734527338026,0.4885852976515987
1776265266.0731924,37.20266604423523,-1.7417858336734395,-8.349501879699615,1.7871146759608523,2.1542103848202294,0.14406706113538387
1776265266.087452,37.216925621032715,-1.7481017027040657,-8.351256838529302,1.78737325367578,2.152534483218662,0.4600595801311231
1776265266.0959885,37.225462198257446,-1.7545449874825259,-8.353018606383742,1.7876659348877622,2.1508426185336194,0.7832425146678075
1776265266.1101656,37.23963928222656,-1.7611131729515164,-8.354792790641271,1.7879936052486154,2.149130517080388,0.48045652708752684
1776265266.1691563,37.29862999916077,-1.7611131729515164,-8.354792790641271,1.7879936052486154,2.149130517080388,0.0
1776265266.1717677,37.301241397857666,-1.7678099070884525,-8.356572174251315,1.7883563839547714,2.147413480459412,2.6570405607510073
1776265266.1797142,37.30918788909912,-1.7746350099106305,-8.358358122871119,1.788752610015304,2.1456912841077367,0.88919997585333
1776265266.1919625,37.321436166763306,-1.7815879249139925,-8.360154443755443,1.789183138098845,2.143957246301155,0.587356478726678
1776265266.2046201,37.33409380912781,-1.7886715482092872,-8.36195606354336,1.789644255742436,2.1422244978105893,0.5785969080352176
1776265266.247388,37.376861572265625,-1.7958888807661353,-8.363757644582,1.7901332623639172,2.14050025682653,0.17430990658095624
1776265266.2647479,37.39422154426575,-1.803243114636139,-8.36555118379409,1.7906506112318916,2.138798727139294,0.43706500400568565
1776265266.2781115,37.40758514404297,-1.8107336665641038,-8.367334976738094,1.7911963514792777,2.1371191053810286,0.5776388217930458
1776265266.2882366,37.417710304260254,-1.8183630100465307,-8.369101316487578,1.7917705144670097,2.1354703649655833,0.7755102354566532
1776265266.3287165,37.45819020271301,-1.8261304206609588,-8.370848818124843,1.7923692608262396,2.133856015480817,0.19723473417263385
1776265266.3551416,37.484615325927734,-1.8340330028768224,-8.3725811473796,1.7929912447477785,2.132268856974358,0.307060099211617
1776265266.3561058,37.48557949066162,-1.8420705382141012,-8.374294393419614,1.7936364850281787,2.130712743000394,8.549776086300758
1776265266.3682652,37.4977388381958,-1.850236094397986,-8.37599952998291,1.7943045590859883,2.129174684827633,0.6882277316653738
1776265266.4089653,37.53843903541565,-1.8585236559700538,-8.377706854367815,1.7949944043775945,2.1276315900150102,0.2085904232733741
1776265266.422133,37.55160665512085,-1.8669296055664422,-8.3794238649616,1.7957105918970406,2.1260724815250134,0.653827936156397
1776265266.4362693,37.56574296951294,-1.8754464491853127,-8.38116876439005,1.7964554584394248,2.124469137524601,0.6172472880772781
1776265266.451811,37.58128476142883,-1.8840859118531395,-8.382918218717753,1.79722825607028,2.1228625772999656,0.5693437823595221
1776265266.5018775,37.63135123252869,-1.8928550665734227,-8.384659101451069,1.7980238623182518,2.121279178974175,0.17927404921131782
1776265266.513805,37.6432785987854,-1.9017604456132218,-8.386379642423398,1.7988401787688466,2.1197361949737656,0.7635150228490477
1776265266.524425,37.6538987159729,-1.9108040203968386,-8.388074719546745,1.7996760636297366,2.118240153177559,0.8699482197978602
1776265266.5348754,37.66434907913208,-1.9199780568696547,-8.389760085232188,1.8005315399870134,2.1167668075131165,0.8963046665955878
1776265266.563125,37.69259858131409,-1.9292749050163622,-8.391450679220348,1.8014060644619725,2.1152866203961858,0.3359242807398877
1776265266.5989342,37.728407859802246,-1.938694234878858,-8.3931473298167,1.802299892374665,2.1138005862084728,0.26843771458950655
1776265266.617341,37.7468147277832,-1.9482405823959512,-8.394839509126447,1.8032117641948193,2.1123302796265073,0.5290391162973843
1776265266.6409473,37.77042102813721,-1.957917712186387,-8.396517553571753,1.804141993747557,2.1108899301519934,0.4179179005999913
1776265266.6522386,37.78171229362488,-1.9677279122975362,-8.398176375032305,1.8050917486338078,2.109489013475685,0.8851696968020025
1776265266.6918733,37.82134699821472,-1.9776662107545775,-8.399825149502691,1.8060593913809704,2.1081105523462482,0.25534446044434267
1776265266.704943,37.83441662788391,-1.9877250740343075,-8.401478354797606,1.8070440338831555,2.1067351723108003,0.7835919588651138
1776265266.7230804,37.85255408287048,-1.9979035770216322,-8.403136772459826,1.8080434476727494,2.1053565379970487,0.5712509062977225
1776265266.7349694,37.86444306373596,-2.0081944486052397,-8.404817885489736,1.8090588438430941,2.1039438682037956,0.8812027725405205
1776265266.771468,37.900941610336304,-2.0186045291383716,-8.406507148484243,1.8100926953349286,2.102520589627494,0.2903349323839517
1776265266.790292,37.91976571083069,-2.0291405516947605,-8.408190835374977,1.8111436883023935,2.1011100936752714,0.5695539765065274
1776265266.7949247,37.92439842224121,-2.03981126293307,-8.40984966794669,1.8122099843988277,2.099745146630949,2.342342282166259
1776265266.8118901,37.94136381149292,-2.050617822424882,-8.411480407451954,1.813289165116063,2.098428448689026,0.6473215048242832
1776265266.8610654,37.99053907394409,-2.061555359562472,-8.413092251278162,1.8143832429184503,2.0971422083854314,0.22591989042956281
1776265266.8742802,38.003753900527954,-2.0726173898709166,-8.414697096168174,1.8154928941024964,2.0958680288992335,0.8500134949547544
1776265266.8907568,38.020230531692505,-2.0837988507430634,-8.416303676795236,1.8166188233815619,2.0945855453164937,0.688991780541342
1776265266.900276,38.029749631881714,-2.09511009748403,-8.417885756604045,1.8177619755746628,2.093340434467869,1.2058301330836518
1776265266.9459238,38.07539749145508,-2.1065543467442365,-8.41943400923243,1.8189183190482106,2.092146524031362,0.25425618868759653
1776265266.9633377,38.09281134605408,-2.118126994103085,-8.420956574288725,1.8200872598348754,2.0909877120591807,0.6736453807700304
1776265266.984736,38.11420965194702,-2.1298256296596727,-8.42245511743746,1.8212678080065074,2.0898623903359166,0.5539298275256772
1776265267.0011446,38.13061833381653,-2.1416469734199945,-8.423933387967226,1.82245992390673,2.088766993219074,0.7296692609574629
1776265267.028834,38.158307790756226,-2.1535854327361084,-8.42540190751605,1.8236633177427015,2.087681591836237,0.43657363872007793
1776265267.0440497,38.17352342605591,-2.1656389281752877,-8.426863842704782,1.824877054321175,2.086605210888376,0.8019607654993975
1776265267.0614107,38.19088435173035,-2.1777953007025816,-8.428349778820603,1.82610748152643,2.0854844716835115,0.7089775892371752
1776265267.07824,38.20771360397339,-2.190050481515613,-8.429872296346106,1.8273551030127275,2.084304018430042,0.7375404969711595
1776265267.0966144,38.22608804702759,-2.202415662333994,-8.431410295063364,1.8286185943448054,2.0830981960019215,0.6816183822905015
1776265267.138756,38.268229722976685,-2.214909153096988,-8.432925878392803,1.8298964446661181,2.081928781621433,0.3001729393334503
1776265267.1559298,38.28540349006653,-2.227536760750402,-8.434408401294414,1.831183421998588,2.0808087232522627,0.7441178080197356
1776265267.177088,38.30656170845032,-2.240305714561043,-8.435840365425584,1.832478307830694,2.0797659287017676,0.6103575733577172
1776265267.187814,38.31728768348694,-2.253208900494999,-8.437236543888087,1.8337832618374628,2.0787760449109753,1.216107821776827
1776265267.2271993,38.35667300224304,-2.2662336969638504,-8.438622119054179,1.835101448167557,2.077795023143965,0.33424765646958843
1776265267.253722,38.383195638656616,-2.279375735438445,-8.440002699078725,1.8364343792408293,2.0768168738519033,0.5007575765541596
1776265267.2632272,38.39270091056824,-2.2926340038299338,-8.441378768318307,1.8377811157007982,2.0758411477307366,1.409465042974063
1776265267.283099,38.412572622299194,-2.3060121957182735,-8.442740596699029,1.839140850261002,2.074882564027903,0.6801576645062901
1776265267.3074746,38.43694829940796,-2.319510959229006,-8.444085629613003,1.8405098166023246,2.0739451200997667,0.5593488781233235
1776265267.3199124,38.44938611984253,-2.3331256545866332,-8.445424951234331,1.8418873701450214,2.073013877968568,1.1054666039089076
1776265267.3363323,38.465806007385254,-2.3468571919448578,-8.446754309323026,1.8432728407081675,2.072093416556541,0.8444107988798929
1776265267.3398361,38.46930980682373,-2.3607039183657563,-8.4480773664105,1.8446663231756728,2.0711781807108216,3.9897880780327264
1776265267.39483,38.524303674697876,-2.3746625312424148,-8.44940334407068,1.8460694154486306,2.0702509126613813,0.2562372634256606
1776265267.4045343,38.53400802612305,-2.3887361317323847,-8.450726291313103,1.8474833733000462,2.069323465383474,1.463898466092805
1776265267.4221325,38.55160617828369,-2.402941666999052,-8.452005433638753,1.8489087101762434,2.068464742668993,0.8145202419033682
1776265267.4273126,38.55678629875183,-2.417280745963595,-8.45323665919884,1.850343980753331,2.0676793824154363,2.792064954358749
1776265267.471193,38.600666761398315,-2.4317447314419454,-8.454438301447267,1.8517871664960632,2.066938029077574,0.332389160126432
1776265267.49044,38.61991357803345,-2.446320163109963,-8.455640423308564,1.8532405457851526,2.0661905301474124,0.7636046892167095
1776265267.5108662,38.640339851379395,-2.460995354908274,-8.456869995090955,1.8547071604231553,2.0653926112654357,0.7245306675332424
1776265267.5362837,38.66575741767883,-2.475777147535001,-8.4581096627763,1.856187516457806,2.064576669428522,0.5864986407152151
1776265267.5582688,38.687742471694946,-2.490675050457402,-8.459337957719498,1.8576775084632502,2.0637793505979145,0.683306317047645
1776265267.5755177,38.70499134063721,-2.5056961943489413,-8.460539495391243,1.8591743802523033,2.0630282742118156,0.8779291609563074
1776265267.5830355,38.71250915527344,-2.5208364957827953,-8.461727077426648,1.8606795850345303,2.062302349770657,2.0300069824519267
1776265267.59684,38.72631359100342,-2.53608399178442,-8.462931124514572,1.8621942513276541,2.061552681613464,1.1133941555518796
1776265267.60514,38.73461365699768,-2.551434217593537,-8.464163229801759,1.8637161659334482,2.060763709032234,1.8643967404764548
1776265267.647196,38.77666974067688,-2.566889108685987,-8.465419247524913,1.8652433874511625,2.059938671928557,0.3704784887939612
1776265267.6621904,38.791664123535156,-2.582455425223843,-8.466686288433795,1.8667769015073128,2.059099640764248,1.0465855906126031
1776265267.674061,38.803534746170044,-2.598139318080136,-8.467952968631213,1.868317304088003,2.058266593874846,1.33187459431775
1776265267.6844494,38.81392312049866,-2.613949219082992,-8.469200087243303,1.8698667183362392,2.0574707970015926,1.5338801319942732
1776265267.7275221,38.856995820999146,-2.629888412492364,-8.470418505026297,1.8714216622307283,2.0567265054237307,0.3728844884978403
1776265267.750945,38.88041877746582,-2.6459594175822287,-8.471597125587806,1.8729803781096446,2.056051470403167,0.6911756676209151
1776265267.7625577,38.89203143119812,-2.662157018795713,-8.47274400808766,1.8745428332583318,2.0554320386274005,1.4047737257420412
1776265267.7858746,38.915348291397095,-2.678467819882425,-8.473888112668098,1.876110798635112,2.054820605715761,0.7044638778054688
1776265267.8168523,38.94632601737976,-2.69488198576201,-8.475049957254939,1.877685364713219,2.0541849286018317,0.5336219879564721
1776265267.8223507,38.951824426651,-2.711399930786672,-8.476225858918886,1.8792640948134163,2.0535303057423513,3.025389953416979
1776265267.8361,38.96557378768921,-2.728024328988183,-8.477409320362439,1.8808465964280432,2.052869500703011,1.2176151919725564
1776265267.8496795,38.97915315628052,-2.744750015833947,-8.478617452303359,1.8824329394224368,2.052176233568518,1.2404206026658267
1776265267.8883271,39.01780080795288,-2.7615813361198844,-8.479842163164529,1.884020713392942,2.051461162964488,0.43858674243156515
1776265267.8986697,39.02814340591431,-2.778521159481255,-8.48107859470713,1.885606995878764,2.050730063067719,1.6493728606016274
1776265267.9211993,39.05067300796509,-2.795582975635,-8.48229598639615,1.8871943793295936,2.0500339447237472,0.7624941721529727
1776265267.942906,39.07237958908081,-2.812771778879096,-8.483482456206975,1.8887832457455276,2.0493898368676478,0.7971226739859102
1776265267.9626877,39.092161417007446,-2.830085671562978,-8.484640803927915,1.8903705510756617,2.048795440152896,0.8808612075801872
1776265267.9788358,39.108309507369995,-2.8475209940287507,-8.485775631201765,1.891954699922506,2.04823821865631,1.086437008063665
1776265267.99143,39.120903730392456,-2.865066388809898,-8.486912498141127,1.89354020468164,2.04767370903663,1.401716591628867
1776265268.0092192,39.13869285583496,-2.8827208755588685,-8.488050717772593,1.895131450794905,2.047101936842967,0.9985066039373296
1776265268.0381339,39.16760754585266,-2.900482850680055,-8.489193722787542,1.8967281255771806,2.0465217827981,0.618031429772607
1776265268.0472877,39.17676138877869,-2.9183572627748395,-8.490327177188579,1.8983278525648026,2.0459559935068565,1.9643787261016967
1776265268.0646925,39.19416618347168,-2.9363446436634324,-8.491448758819734,1.8999291139625434,2.0454068681896356,1.039558925262879
1776265268.0758073,39.205281019210815,-2.9544405246528833,-8.492569839520819,1.9015312572429701,2.0448566248288342,1.6375613181088617
1776265268.0963695,39.22584319114685,-2.9726437808413193,-8.493692876960624,1.9031342519066194,2.044296982991091,0.8903814704858142
1776265268.1426709,39.27214455604553,-2.9909545011549445,-8.494817663695635,1.9047415435124397,2.043729539060572,0.39773147242909684
1776265268.153148,39.28262162208557,-3.0093778918845424,-8.495931363829172,1.9063532734523696,2.0431752516976096,1.7683632960338602
1776265268.159282,39.288755655288696,-3.0279139433759434,-8.497034408368394,1.9079661239801688,2.0426338317778376,3.038580763825795
1776265268.1747766,39.30425024032593,-3.046563807744831,-8.498122014834278,1.9095773138038121,2.0421108646181616,1.2101582739178185
1776265268.2229428,39.35241651535034,-3.0653278262888297,-8.499191080954606,1.911186598969205,2.041615878441043,0.3916271423024418
1776265268.2371457,39.366619348526,-3.0842056168310967,-8.500240084089052,1.912794088220331,2.0411480609401824,1.3360099158242549
1776265268.2483137,39.377787351608276,-3.1031945451808087,-8.501274773241732,1.9144017909635818,2.0406929385482906,1.70889401050623
1776265268.265212,39.39468574523926,-3.1222954126411624,-8.502290554468821,1.9160114669636645,2.0402605775332376,1.135934503144468
1776265268.3011534,39.43062710762024,-3.1415168774987827,-8.503262739095929,1.9176222012803512,2.039895118752713,0.5373563620712722
1776265268.3178627,39.44733643531799,-3.160850659207636,-8.50421253920439,1.9192361838674503,2.039560198927535,1.162480504245671
1776265268.3283975,39.457871198654175,-3.1802853698816316,-8.505167129656275,1.9208552537193397,2.0392126543399134,1.853424048442422
1776265268.3462517,39.475725412368774,-3.199812999195066,-8.506145703988611,1.9224789705646295,2.0388225228516585,1.0988688108602824
1776265268.3844347,39.51390838623047,-3.219433443233146,-8.507148543673544,1.924102837568811,2.038392849501996,0.5162786167247506
1776265268.40129,39.53076362609863,-3.2391500682406287,-8.508170903272946,1.9257241543734314,2.037935340216441,1.1752768468970782
1776265268.4249134,39.55438709259033,-3.258972716890881,-8.509192213580814,1.9273431981028475,2.0374848283342906,0.8430118933452598
1776265268.4490213,39.578495025634766,-3.278908372567976,-8.510197087783672,1.9289594905895189,2.037062723304609,0.8306932077849609
1776265268.4605067,39.589980363845825,-3.2989592171266997,-8.511181264453919,1.9305726626198325,2.036676489022211,1.7535134052516599
1776265268.474223,39.60369658470154,-3.319125847892939,-8.512142609812948,1.9321851539138515,2.03633277724147,1.4766328356766674
1776265268.486689,39.61616277694702,-3.339407160444502,-8.513081906741622,1.9337961352655837,2.0360307581106314,1.6337678993834874
1776265268.508291,39.63776469230652,-3.3597931644258026,-8.514023483472588,1.9354059448250913,2.0357297579345266,0.9476535224604788
1776265268.5513172,39.68079090118408,-3.380277116849261,-8.514982652233305,1.9370156104940746,2.0354077211962087,0.47806851563733543
1776265268.5566695,39.68614315986633,-3.400855760647836,-8.51596651816931,1.9386265192683416,2.0350517478398826,3.8609929922909556
1776265268.573973,39.70344662666321,-3.421531244628444,-8.516972404391,1.9402388238444843,2.0346674224316974,1.1999118010396896
1776265268.5809228,39.71039652824402,-3.4423032494292767,-8.518004301158111,1.9418517070135175,2.034250825434807,3.0014909632700295
1776265268.5927558,39.72222948074341,-3.4631742503067398,-8.519058928846942,1.9434664111001898,2.0338053119728228,1.771317730841328
1776265268.634504,39.76397776603699,-3.48415556291151,-8.520110422315932,1.9450839597058067,2.033372758322277,0.5046872262963809
1776265268.656465,39.78593873977661,-3.5052562873485136,-8.521137103173631,1.9467036164489042,2.0329898767640535,0.9647879816250037
1776265268.675216,39.80468964576721,-3.5264821282214607,-8.522123224326966,1.9483261032474462,2.0326848154155654,1.1365098505727647
1776265268.679624,39.80909776687622,-3.5478268771098573,-8.52308145556547,1.9499479519783156,2.03243623811491,4.860962973274297
1776265268.7020304,39.831504106521606,-3.5692795204130094,-8.524035798050173,1.9515689662231661,2.0322066674494947,0.9611099837322625
1776265268.7167985,39.846272230148315,-3.590833675760707,-8.524999230639233,1.9531897552905726,2.031970645135407,1.4650790526833506
1776265268.7282822,39.85775589942932,-3.6124841947166146,-8.525982710763294,1.9548116388824825,2.0317123357469256,1.892552483565862
1776265268.739523,39.86899662017822,-3.6342252392539645,-8.52700182246541,1.9564370467269134,2.031406479909584,1.941648212751736
1776265268.7868593,39.916332960128784,-3.6560554811083255,-8.528060987266521,1.9580657508301424,2.0310495720294557,0.4629957175974978
1776265268.8147454,39.94421911239624,-3.6779822519508776,-8.52914491202783,1.9596969240615274,2.03066684438326,0.7894262776737898
1776265268.8225973,39.95207095146179,-3.700011875604797,-8.53024163283427,1.9613267128319012,2.030277181904971,2.816797036943944
1776265268.8303819,39.95985555648804,-3.7221483414656436,-8.531344041328252,1.9629506460557014,2.0298934578597096,2.85477704504404
1776265268.8665948,39.996068477630615,-3.744392190593415,-8.53245238408018,1.9645671550703308,2.0295137436127937,0.616631626008539
1776265268.8832283,40.012701988220215,-3.766746975571176,-8.533556110457418,1.9661760074295975,2.029150902923446,1.349069659338226
1776265268.8897233,40.0191969871521,-3.7892162847299597,-8.534643869657751,1.9677785897265432,2.028821697975759,3.472307726032843
1776265268.9041603,40.03363394737244,-3.8117946384049914,-8.535728016831724,1.9693758518180522,2.0285030874882737,1.569633044199729
1776265268.9524662,40.081939935684204,-3.8344800883006545,-8.536809380268977,1.9709674519634992,2.0281912742689934,0.47130615566895306
1776265268.9735339,40.103007555007935,-3.8572733416832286,-8.537881994437445,1.972554977455388,2.0278919552938066,1.0857246741526658
1776265268.9740567,40.103530406951904,-3.880176487507336,-8.538937031867253,1.9741399506636665,2.0276260054614714,43.95537349857437
1776265268.9891415,40.11861515045166,-3.9031835039487035,-8.539986653437731,1.975721017252389,2.02737125127275,1.5303642955262606
1776265269.0370402,40.16651391983032,-3.926289795258192,-8.541039684339594,1.9772971447867718,2.0271099291510426,0.4840189372640271
1776265269.052445,40.18191862106323,-3.949497735914609,-8.542086973958257,1.978869100492199,2.0268542017077946,1.5115308410871986
1776265269.0610657,40.19053936004639,-3.9728059778504607,-8.543132762757008,1.9804382069853252,2.0265997745568254,2.7125742539363706
1776265269.083468,40.21294164657593,-3.9962185085901023,-8.544165127239365,1.9820029782355817,2.026363006150169,1.048440398272485
1776265269.097072,40.226545572280884,-4.019737056979291,-8.54517747511304,1.9835615245281861,2.026161409929965,1.7341952769478135
1776265269.1415622,40.27103590965271,-4.043358754667318,-8.546175873252256,1.9851123537178794,2.0259824752232265,0.532555988184474
1776265269.1660714,40.29554510116577,-4.067078563713447,-8.547173293809642,1.986656547613152,2.0258018050713376,0.9706945182753971
1776265269.1671798,40.296653509140015,-4.090886417348008,-8.548197806701669,1.9881987406113857,2.025574757808103,21.544177254100678
1776265269.181755,40.31122875213623,-4.114777733041498,-8.549263140102386,1.9897399300107466,2.0252801981543738,1.6442034581593583
1776265269.239147,40.36862063407898,-4.138757091434392,-8.550359936290109,1.9912789101374406,2.024934789422296,0.4191134873244819
1776265269.250734,40.380207777023315,-4.1628378531146435,-8.551455980324555,1.9928173524239836,2.024589361045856,2.084615219447131
1776265269.2635093,40.392982959747314,-4.187024737325739,-8.552543286665713,1.9943552790041685,2.024255162191303,1.8990027877316777
1776265269.2761931,40.40566682815552,-4.211321422593706,-8.553611289338967,1.995888496874016,2.0239472998949095,1.9212142224041338
1776265269.3380587,40.46753239631653,-4.2357310096426035,-8.554650065615355,1.997417436164858,2.023680044932426,0.3956881802135714
1776265269.3501003,40.47957396507263,-4.2602582213352775,-8.555642587461888,1.9989438462290812,2.02347736844975,2.042482828335688
1776265269.3648174,40.49429106712341,-4.284896432553871,-8.556601098923638,2.0004686552508164,2.023322337546249,1.678588067242771
1776265269.3742735,40.50374722480774,-4.309640340606646,-8.55753183695019,2.0019910862936814,2.02320572152443,2.62349316933025
1776265269.4003062,40.52977991104126,-4.334484064912865,-8.55844428768054,2.003508577146684,2.023111472938807,0.9567489691193807
1776265269.4127514,40.54222512245178,-4.35942193321965,-8.559348859215387,2.00502078989901,2.023020089413339,2.0088084830724364
1776265269.4520934,40.58156704902649,-4.384443977916818,-8.560271911239994,2.0065307695490953,2.0228886159867026,0.6376035667034549
1776265269.4700742,40.59954786300659,-4.409546446324095,-8.561224877879617,2.0080392109338883,2.022701563226533,1.399591779223406
1776265269.499226,40.6286997795105,-4.434731117543924,-8.562206482883088,2.0095501277209054,2.0224649583326264,0.8661194269503127
1776265269.50894,40.63841366767883,-4.460005161064991,-8.563200733331204,2.011061725387299,2.022204881042993,2.608504409538226
1776265269.5243907,40.65386438369751,-4.4853754573645155,-8.564193255309974,2.0125695815928375,2.0219447701948887,1.6461656872683454
1776265269.5315886,40.661062240600586,-4.5108478168941195,-8.565171421807923,2.0140717146924696,2.0217050387762887,3.5476329319603734
1776265269.5701125,40.699586153030396,-4.536430435271018,-8.56611357114462,2.0155688569224965,2.0215160408623056,0.6656567364725758
1776265269.572333,40.70180678367615,-4.562126009713786,-8.567011315526598,2.017060972404005,2.02139398011564,11.597836977593614
1776265269.5932295,40.72270321846008,-4.5879333631346455,-8.567863254126605,2.0185497167395616,2.0213411581067486,1.2377371171080187
1776265269.605521,40.734994649887085,-4.613835464449383,-8.568712457380192,2.020041712358523,2.0212849191526634,2.1119533725090354
1776265269.6277583,40.75723195075989,-4.639823024352633,-8.569579404958516,2.021536484101222,2.021196798424962,1.171227844393108
1776265269.652945,40.782418727874756,-4.6658955484616245,-8.57046276451449,2.023031765687719,2.0210757120493485,1.0374611368684417
1776265269.6823742,40.81184792518616,-4.69205028311469,-8.571371645127009,2.024525973565749,2.0209119603262153,0.8907189252337151
1776265269.698946,40.82841968536377,-4.718289957889514,-8.572301849639816,2.0260194053706346,2.020711575851543,1.586952484986591
1776265269.7137847,40.84325838088989,-4.744625122701576,-8.573228217344145,2.0275107280599514,2.0205198809830502,1.778702084509592
1776265269.769798,40.899271726608276,-4.744625122701576,-8.573228217344145,2.0275107280599514,2.0205198809830502,0.0
1776265269.771667,40.90114068984985,-4.77106039647412,-8.574141395532816,2.028997095253084,2.0203519635624336,14.175115790993146
1776265269.771956,40.901429653167725,-4.79758902240879,-8.575062915445647,2.0304811844592097,2.0201748097753027,92.00503855755024
1776265269.7721639,40.9016375541687,-4.824208591268774,-8.57599918158011,2.031965833132566,2.0199702180076446,128.3176739218537
1776265269.7723975,40.90187120437622,-4.850932684107523,-8.576911785647761,2.0334513870400217,2.0198021277605,114.61964852860336
1776265269.8270564,40.95653009414673,-4.8777652034189325,-8.577791232476063,2.034936779549077,2.0196881770999378,0.49192342412120177
1776265269.8411233,40.9705970287323,-4.90470142692701,-8.578648325565021,2.0364180049996863,2.019611494360393,1.9187215972630056
1776265269.8646994,40.99417304992676,-4.931731607039674,-8.57950763750044,2.037898019774495,2.019531139881964,1.1488072268748553
1776265269.8732448,41.002718448638916,-4.958844356039392,-8.580398842566982,2.0393805014878086,2.0193983705321203,3.179239594364347
1776265269.9125476,41.04202127456665,-4.986037735941363,-8.581325009555702,2.040864109118803,2.019211466413277,0.6933232982484996
1776265269.9318645,41.06133818626404,-5.013317679206631,-8.582272286881977,2.042347213814998,2.0189918278121977,1.4151665061881342
1776265269.9593508,41.08882451057434,-5.04069237990994,-8.58322095712236,2.0438276237603676,2.018768492521497,0.9979912288823068
1776265269.9597497,41.08922338485718,-5.068164282181769,-8.584165924411456,2.0453029851469173,2.018552539208149,69.01351063052847
1776265270.003807,41.133280754089355,-5.095736583920534,-8.585100208789388,2.0467701213973304,2.018356090320366,0.6270712560027627
1776265270.020284,41.149757623672485,-5.123420398469186,-8.585992430999562,2.0482319549886223,2.0182198507617235,1.6833742196823076
1776265270.0285532,41.158026933670044,-5.151211443223724,-8.586853194189821,2.049696397210125,2.018128423904937,3.3670173989112957
1776265270.048115,41.17758870124817,-5.179097530708587,-8.587710760276334,2.051161531997081,2.0180384610793456,1.428179473292709
1776265270.085891,41.21536469459534,-5.2070785864954745,-8.588561044776492,2.052624353034502,2.0179591925945988,0.7420629660457836
1776265270.102065,41.23153877258301,-5.235152674154796,-8.589406339716543,2.0540825321631107,2.017887966250198,1.7388711150540397
1776265270.1129258,41.24239945411682,-5.263317542996272,-8.590249778482498,2.0555340553778927,2.017817648148547,2.597890080246169
1776265270.1382754,41.267749071121216,-5.291569254542654,-8.591097773102266,2.0569802316054404,2.017739433026588,1.1164432403090416
1776265270.144346,41.2738196849823,-5.319906592839523,-8.591950806934944,2.0584207447756993,2.017651390955141,4.676091921467831
1776265270.1694496,41.29892325401306,-5.348334772916321,-8.59279868555399,2.0598587202580547,2.0175698386616783,1.134386522941155
1776265270.1876538,41.31712746620178,-5.376858034743178,-8.593629346226132,2.0612960929447026,2.0175199446654712,1.569501211338109
1776265270.2161,41.34557366371155,-5.40546504443526,-8.59447216977677,2.062734234545509,2.0174522263167485,1.0073590186370225
1776265270.2165077,41.34598135948181,-5.434146279793991,-8.595351809823452,2.064171721491529,2.017329971191566,70.47094150453027
1776265270.2596278,41.38910150527954,-5.462899893700387,-8.596274405450849,2.0656070661110437,2.0171413386910504,0.6679985771787
1776265270.277556,41.40702962875366,-5.4917318853923955,-8.597230672710339,2.0670377104801934,2.016904631951239,1.6110608896043286
1776265270.286364,41.41583776473999,-5.520655028576414,-8.598193229587011,2.068463696545913,2.0166612920746796,3.2894890941397343
1776265270.3006742,41.430147886276245,-5.549690304539834,-8.599109278382949,2.06988868771509,2.0164967221200296,2.032453194689959
1776265270.3307526,41.46022629737854,-5.578847424348401,-8.599964982446817,2.071305507421245,2.016432660614356,0.9709310109242819
1776265270.3398082,41.469281911849976,-5.608119003014657,-8.600778262599842,2.0727143458429422,2.016438893281428,3.23741095793012
1776265270.369851,41.499324798583984,-5.637490620869505,-8.601574240496788,2.074117962744343,2.0164733341579466,0.9791305504099724
1776265270.3764117,41.50588536262512,-5.6669551777630485,-8.602366372146117,2.0755176511408697,2.0165223216903563,4.497847666745644
1776265270.4283898,41.55786347389221,-5.696493471747704,-8.603187914526623,2.0769177958813514,2.0165268536774428,0.5691409028749371
1776265270.428774,41.558247804641724,-5.726092863055748,-8.604058055736493,2.0783203545236186,2.0164529334060184,77.1350599245467
1776265270.4439628,41.57343649864197,-5.755761745966971,-8.604955718445371,2.0797241371580433,2.0163413818925404,1.9564312708037652
1776265270.4561586,41.58563232421875,-5.785510246467208,-8.605859944081914,2.081129606589873,2.0162223838069213,2.443082376281701
1776265270.4835138,41.61298751831055,-5.815346933197563,-8.606746734482385,2.0825339939605283,2.0161333569547426,1.092402447878118
1776265270.4993205,41.62879419326782,-5.84527033326133,-8.6076128797448,2.083934360304688,2.016074831109443,1.895950211014099
1776265270.515742,41.6452157497406,-5.875278509711119,-8.60846772038869,2.08532977131069,2.016034379026297,1.8300800711487557
1776265270.5358,41.665273666381836,-5.905374538477471,-8.609306903520313,2.0867179941585605,2.016018438178621,1.5026343055730076
1776265270.5670438,41.69651746749878,-5.9355506333864305,-8.610151903133161,2.0881003028182805,2.0160025992037904,0.9672176220055952
1776265270.586143,41.71561670303345,-5.9657898470736646,-8.61103493950587,2.08948027045264,2.015934560883388,1.5855902520306406
1776265270.5978422,41.72731590270996,-5.996090824064228,-8.611947630353425,2.090859660505311,2.0158248014092486,2.5938599832942777
1776265270.6194067,41.74888038635254,-6.026459119799903,-8.612878122145075,2.0922408534338586,2.0156921194085573,1.4103711688483636
1776265270.6259904,41.75546407699585,-6.056905061912729,-8.613803251744876,2.093625649598792,2.015567356399335,4.631362270822869
1776265270.7095313,41.83900499343872,-6.056905061912729,-8.613803251744876,2.093625649598792,2.015567356399335,0.0
1776265270.7101882,41.839661836624146,-6.087442820233518,-8.61468588706431,2.095011391095788,2.0155071405455445,46.55894066054423
1776265270.7104118,41.83988547325134,-6.118075957346904,-8.615521601526616,2.0963959880104897,2.015515088097232,137.16804324293508
1776265270.7106106,41.84008431434631,-6.148791462362926,-8.616333470817255,2.097781236898574,2.0155623463952357,154.68353218768374
1776265270.7111552,41.84062886238098,-6.179570779966205,-8.617153508025062,2.099167733687259,2.0155981250893844,56.600040872139004
1776265270.757762,41.88723564147949,-6.210398479189982,-8.618013284992953,2.100555309220578,2.015580762991277,0.6623690139018372
1776265270.7669923,41.89646601676941,-6.241272984117166,-8.61891660435736,2.101941143697153,2.015507043396923,3.349678541704313
1776265270.7880998,41.91757345199585,-6.272202266005491,-8.619841810248944,2.1033245883239853,2.0154077021329764,1.4674463073135224
1776265270.800101,41.929574728012085,-6.303191730713838,-8.620768638982431,2.1047044315009096,2.015305788700752,2.585892697635729
1776265270.8391254,41.96859908103943,-6.334248998921342,-8.621678431578934,2.1060785329234313,2.015229945070153,0.7969628900667257
1776265270.8560765,41.98555016517639,-6.36538639821269,-8.622546885744347,2.1074464494881004,2.0152088475361962,1.839382601012941
1776265270.8662562,41.99572992324829,-6.396610519409293,-8.623368588710813,2.1088061644694904,2.0152560630696272,3.071243211355136
1776265270.8775747,42.00704836845398,-6.427912949223041,-8.624162375670634,2.1101582463348247,2.015344462979988,2.769079174673539
1776265270.9162495,42.04572319984436,-6.45927972610948,-8.624956394356893,2.1115062855600515,2.0154385399074393,0.8120467116908757
1776265270.9327948,42.06226849555969,-6.490691334243104,-8.625782603228778,2.11285060400976,2.01549810876492,1.9009158711851115
1776265270.9369502,42.06642389297485,-6.522138166223909,-8.62665250874389,2.114188081062937,2.0155101000061304,7.5774413796203
1776265270.9594276,42.08890128135681,-6.553610261250271,-8.627575075318191,2.1155226393078617,2.015453452948032,1.4020260869760262
1776265270.9893286,42.118802309036255,-6.585112351714708,-8.628531162551175,2.1168571245462657,2.0153576317434325,1.0549749662619572
1776265271.0068882,42.136361837387085,-6.6166581608741515,-8.62950534210756,2.118189067959187,2.01525093657137,1.7989629373574698
1776265271.0163,42.1457736492157,-6.648254805255034,-8.630483802956773,2.1195147410969097,2.015145602674158,3.361688054212942
1776265271.0398169,42.16929054260254,-6.67991086927866,-8.631435663967096,2.1208367773116277,2.0150757475410432,1.347880105997586
1776265271.0702326,42.19970631599426,-6.711628999768937,-8.632342300096342,2.1221535262644657,2.015056803726258,1.044142262994154
1776265271.0806818,42.21015548706055,-6.743412381656987,-8.633189799023155,2.1234641648250805,2.0151011210819934,3.045378524500346
1776265271.0979319,42.2274055480957,-6.775245153812052,-8.634013788410718,2.12477363804132,2.0151642050330687,1.8475498505228902
1776265271.118647,42.24812078475952,-6.807102019495113,-8.634870705553578,2.1260874055292764,2.015188808149786,1.5397100023667505
1776265271.1325743,42.26204800605774,-6.838971555337378,-8.635780361469193,2.127405669285736,2.015156745553963,2.2911790206290874
1776265271.1595464,42.28902006149292,-6.870872281006954,-8.636706971103255,2.1287250029808953,2.0151096534693362,1.1842419419846237
1776265271.1847074,42.314181089401245,-6.90282073573095,-8.63762250917373,2.1300404254447454,2.0150839945498196,1.2713561571784888
1776265271.1915689,42.32104253768921,-6.934832709020456,-8.638512014160952,2.131345657278787,2.0150979446226205,4.671159162846063
1776265271.2027156,42.332189321517944,-6.966916068844767,-8.639367330175922,2.132639020595412,2.015157113939357,2.8816211820155053
1776265271.2317295,42.36120319366455,-6.999062504288583,-8.640210143298994,2.1339192697856637,2.015236710260454,1.109226519427431
1776265271.2434232,42.372896909713745,-7.031260836258898,-8.641053275599704,2.1351894102484077,2.015329996883415,2.7565576637588878
1776265271.2694614,42.398935079574585,-7.06348689888385,-8.641919262120417,2.1364526550815426,2.015410456386085,1.2390439511475702
1776265271.275815,42.40528869628906,-7.095733484226153,-8.642814464612936,2.1377056874694844,2.0154716733000733,5.081095829480056
1776265271.317467,42.446940660476685,-7.127992377879266,-8.643737725648494,2.1389494408903547,2.0155166731135408,0.7753790627956264
1776265271.3310466,42.46052026748657,-7.16026711757993,-8.64468031862275,2.1401842586821846,2.0155459152198287,2.379457976822243
1776265271.3403184,42.46979212760925,-7.192561526125344,-8.645619278661503,2.1414084485545817,2.015581008161097,3.4870284968289535
1776265271.3584533,42.487926959991455,-7.224873126461049,-8.646554694913348,2.1426216958584794,2.015620171510458,1.783743961243474
1776265271.399226,42.52869963645935,-7.257200302261279,-8.64748555853881,2.143830428038681,2.0156560904975884,0.7937461636702335
1776265271.4142413,42.54371500015259,-7.289526607460205,-8.648438559054245,2.145032911528613,2.0156769162989776,2.1553055977737405
1776265271.4342163,42.563689947128296,-7.321847760281944,-8.649410969496248,2.1462232031868917,2.0156849554385787,1.619913063254024
1776265271.4441488,42.57362246513367,-7.354159771871459,-8.650387477843255,2.1474027804852613,2.015687770812331,3.256805332659547
1776265271.47204,42.601513624191284,-7.386449834197505,-8.651370099247277,2.148573453960937,2.0156751132056923,1.1590129499194541
1776265271.4768562,42.606329917907715,-7.418708934801669,-8.652359960670761,2.1497363530538727,2.0156468892325066,6.705410756530896
1776265271.4957013,42.62517499923706,-7.4509276552687655,-8.653363821336951,2.150890186011207,2.0156040973160363,1.7115871927230135
1776265271.5134616,42.642935276031494,-7.483101863280282,-8.654375777611083,2.15203323735931,2.0155442625896836,1.8136207455088975
1776265271.5461683,42.675642013549805,-7.515226403838973,-8.655393421993812,2.1531649864229268,2.01546827421371,0.9833012123875906
1776265271.5716813,42.701154947280884,-7.5472874800205325,-8.656413041788502,2.154286882636414,2.0153800021541763,1.2580637983512437
1776265271.5809166,42.71039032936096,-7.57926352945084,-8.65744051359516,2.1553999409553284,2.0152771661514284,3.4662246759077906
1776265271.5873096,42.71678328514099,-7.611149358741121,-8.658466718679252,2.15650435583877,2.015151003676136,4.993222322432038
1776265271.6002858,42.72975945472717,-7.642936937475626,-8.65950157732539,2.157600519031584,2.0150105040578397,2.4524420430239213
1776265271.6362162,42.765689849853516,-7.674612188706651,-8.660564300887547,2.158688457761148,2.014867158134663,0.8825881577549443
1776265271.651114,42.780587673187256,-7.706170478601552,-8.661657882276812,2.159766411296021,2.01473437533238,2.120821614043425
1776265271.654096,42.78356957435608,-7.737603189256115,-8.662788924754244,2.160834553890041,2.0146177731845345,10.554067090056046
1776265271.6663668,42.79584050178528,-7.768907057863039,-8.663953290173412,2.1618944502396165,2.0145237458569096,2.554284633332444
1776265271.7004304,42.829904079437256,-7.800087991694581,-8.665121219591128,2.162947841243045,2.0144323290433306,0.9165383532944982
1776265271.7202134,42.84968709945679,-7.831148533328373,-8.666268513396021,2.1639942329096193,2.0143196825200196,1.5720214709247826
1776265271.735243,42.86471676826477,-7.862082292609776,-8.667389539694964,2.1650311175218317,2.014177484922916,2.0606859297071867
1776265271.73957,42.869043588638306,-7.892878201502986,-8.668494235612606,2.1660582690113555,2.0140183201961954,7.125978711504325
1776265271.78125,42.91072368621826,-7.923520335933324,-8.669607399631687,2.167075431939224,2.0138780118222295,0.7360638660284556
1776265271.810195,42.93966865539551,-7.953997193060594,-8.670742536251023,2.168082842376386,2.0137723664460068,1.0542289076224274
1776265271.8270915,42.956565141677856,-7.984307738978073,-8.671884265509206,2.16908274064093,2.013688906363721,1.796143727685689
1776265271.8342166,42.96369028091431,-8.014452587822847,-8.673019312167241,2.170071886022481,2.013612554654309,4.236046747460424
1776265271.843495,42.97296857833862,-8.044433243105598,-8.674136355286645,2.171046292071265,2.013526259532841,3.2352139672240403
1776265271.8615887,42.99106240272522,-8.0742520205634,-8.675218557651727,2.172008737286119,2.0134054150773233,1.6499511805873184
1776265271.8721297,43.00160336494446,-8.103902280404993,-8.676273889002447,2.172954459208087,2.0132645937271785,2.816071555712172
1776265271.8862307,43.01570439338684,-8.133379739953908,-8.67730369487365,2.173879010222348,2.013106379609583,2.0927501303979508
1776265271.9027255,43.0321991443634,-8.162680941692235,-8.678307044675885,2.1747832238522404,2.0129285283538847,1.7782818065584547
1776265271.916647,43.04612064361572,-8.1917947497029,-8.679306005119638,2.175669715780192,2.0127702097414004,2.093483335136539
1776265271.9361913,43.06566500663757,-8.220713717800201,-8.680314208741494,2.1765378218452662,2.01265645246058,1.4812227991015683
1776265271.9471335,43.07660722732544,-8.24943916329604,-8.681322738698908,2.1773856306781063,2.0125720703836096,2.62795332227146
1776265271.9825003,43.111974000930786,-8.277974208542284,-8.682322072859515,2.178211402209522,2.0125018306720683,0.8076642165401708
1776265271.9894364,43.11891007423401,-8.306325178266727,-8.683293146017705,2.1790166106056486,2.0124110234701806,4.091511100291168
1776265272.003569,43.13304257392883,-8.3344917385047,-8.684235810988003,2.1797984311566774,2.0123019481918836,1.9949176097815402
1776265272.0222445,43.15171813964844,-8.362471561299678,-8.685153354010533,2.1805557113586866,2.012180754284511,1.499558529002349
1776265272.0393314,43.16880512237549,-8.390262333021566,-8.686051044879012,2.1812881472040737,2.012053587885068,1.6278421992817798
1776265272.0665383,43.196012020111084,-8.417857647044109,-8.686945696485298,2.1819953437163013,2.0119507781599526,1.015142135513898
1776265272.0747266,43.20420026779175,-8.445254311933015,-8.687842690635666,2.182681878916209,2.0118802775917994,3.348694651445172
1776265272.1025639,43.23203754425049,-8.472458254592732,-8.688723678095801,2.1833506021797473,2.011810696032715,0.9780560909122514
1776265272.1130183,43.24249196052551,-8.499470787177291,-8.689587303243153,2.184000203009625,2.011741809874219,2.5859062497737466
1776265272.1361759,43.26564955711365,-8.526286863769574,-8.690448726809068,2.1846304913109598,2.01170118188654,1.1588988173217074
1776265272.147953,43.27742671966553,-8.55290512762864,-8.691312786007297,2.1852410648135145,2.01169598099173,2.261944023222519
1776265272.1794786,43.30895233154297,-8.579326024401878,-8.692180729038709,2.1858309070028588,2.0117287455673356,0.8387380065733142
1776265272.1845834,43.31405711174011,-8.605557793046602,-8.693031777910429,2.186399563574603,2.011759958364131,5.142577981493573
1776265272.210197,43.33967065811157,-8.631602636284047,-8.693861334897283,2.186945900012062,2.011785370451496,1.0175778595307845
1776265272.2281132,43.35758686065674,-8.657466146647334,-8.694652936528884,2.1874720194667505,2.0117729432367977,1.44455667087134
1776265272.2305977,43.360071420669556,-8.68314992438213,-8.695401152628001,2.187977060804758,2.0117120001607476,10.343737599429716
1776265272.2443187,43.37379240989685,-8.708647033283961,-8.696122394668977,2.1884626620807035,2.0116396173626607,1.859336040286195
1776265272.3018308,43.43130445480347,-8.733953643548805,-8.696824270392089,2.188928269352141,2.0115665150606143,0.44026643315728214
1776265272.3252087,43.45468235015869,-8.759060466250133,-8.697529234317154,2.1893766910162342,2.0115366722122157,1.0745501335663463
1776265272.3398693,43.469342947006226,-8.783971148330874,-8.698225027879444,2.1898070175471496,2.0115278066285622,1.7000748951797284
1776265272.3474345,43.4769082069397,-8.808694513436382,-8.698887333265898,2.190220067093545,2.011491596733485,3.269640932846605
1776265272.3764498,43.50592350959778,-8.833229585611399,-8.699521444973682,2.1906132116737758,2.0114371109568823,0.8459816538257334
1776265272.3930051,43.52247881889343,-8.85757178995863,-8.700140276816835,2.190986095384201,2.011392802352682,1.4710038677082462
1776265272.4064338,43.53590750694275,-8.881719276174826,-8.7007492001587,2.1913373711813056,2.0113698837655702,1.7989632750060327
1776265272.4166503,43.54612398147583,-8.90567409484082,-8.701342576963864,2.191670325177535,2.0113541712944656,2.3456701932489143
1776265272.4712439,43.600717544555664,-8.92943009578753,-8.701938848524378,2.1919877011231454,2.011385683774057,0.4353187604168386
1776265272.5054038,43.6348774433136,-8.92943009578753,-8.701938848524378,2.1919877011231454,2.011385683774057,0.0
1776265272.5060494,43.635523080825806,-8.952988455186867,-8.702535608248024,2.1922894130717703,2.0114593156999114,36.503219458229204
1776265272.5176768,43.64715051651001,-8.97635889660682,-8.70310696705111,2.19257880402564,2.0115213349477075,2.0106940522537826
1776265272.5295475,43.6590211391449,-8.999558547343204,-8.703603628648795,2.192861182894761,2.0114710318973956,1.954967755301328
1776265272.547143,43.67661666870117,-9.022590913612548,-8.704015200662639,2.1931358395355827,2.0112884522261427,1.3092916838154844
1776265272.5822783,43.71175193786621,-9.022590913612548,-8.704015200662639,2.1931358395355827,2.0112884522261427,0.0
1776265272.5828767,43.712350368499756,-9.045442360348787,-8.704377753631082,2.1934016192190544,2.011045380243182,38.193011362904855
1776265272.5831985,43.71267223358154,-9.068098686138828,-8.70472554585835,2.1936574105247004,2.0108063403734127,70.40353268913726
1776265272.5961075,43.72558116912842,-9.090549943490693,-8.70508344860742,2.1939017938320995,2.010623722906843,1.7395268313228427
1776265272.6060023,43.73547601699829,-9.112791649080444,-8.70546730487162,2.1941321440885777,2.0105234940479355,2.248261987531648
1776265272.6404922,43.7699658870697,-9.134827822679185,-8.705871431376858,2.1943482713608384,2.0104909139427267,0.6390554268172363
1776265272.6442344,43.77370810508728,-9.156665030756926,-8.706285035679583,2.1945484397667046,2.010501138635391,5.836656698172167
1776265272.663936,43.79340958595276,-9.178309423346544,-8.706698561328697,2.1947340237050006,2.010532302436219,1.098858412291309
1776265272.6802287,43.80970239639282,-9.199768069771762,-8.7070987290614,2.1949062387543203,2.0105568096533153,1.3173336992695468
1776265272.7163572,43.8458309173584,-9.221047430134623,-8.707472865538877,2.195064207432711,2.0105455875231932,0.5890978884416199
1776265272.735928,43.86540174484253,-9.242153634562394,-8.707805296552165,2.195209215186652,2.0104711564936553,1.0786115356643835
1776265272.746907,43.87638068199158,-9.26308249938763,-8.708108268009742,2.1953404266524315,2.010356717268321,1.9065114075160126
1776265272.7664323,43.8959059715271,-9.28382540504186,-8.70840570354584,2.195458337631716,2.0102462663254914,1.0624873491377669
1776265272.8200793,43.9495530128479,-9.28382540504186,-8.70840570354584,2.195458337631716,2.0102462663254914,0.0
1776265272.8207147,43.950188398361206,-9.304373667331413,-8.708721716104098,2.195562175585015,2.0101887099143214,32.34407148660641
1776265272.8220522,43.951525926589966,-9.324724569913368,-8.709065844372464,2.1956488753358245,2.010201048457643,15.217620195281988
1776265272.8222873,43.95176100730896,-9.344881059811497,-8.709433893736001,2.195717365399368,2.0102735653950106,85.75763364483724
1776265272.830684,43.96015763282776,-9.364850914969624,-8.70980728195771,2.1957700729283145,2.0103656505941987,2.3787431133500694
1776265272.876486,44.0059597492218,-9.384645454599022,-8.71015730828111,2.1958114441285925,2.010422749276195,0.43224372422145674
1776265272.8874512,44.01692485809326,-9.404268198523472,-8.710478267241257,2.195842297970023,2.0104355059000962,1.789803741228372
1776265272.9113853,44.04085898399353,-9.423715407702144,-8.710781565363982,2.1958620220612652,2.010426001250319,0.8126298086511903
1776265272.9149463,44.04442000389099,-9.442983321143473,-8.711076789947947,2.1958704833577856,2.01041316984855,5.411420730299741
1776265272.970583,44.100056648254395,-9.462069692479876,-8.711367309365647,2.1958703648015456,2.010407350010432,0.3430937014443101
1776265272.9710953,44.100569009780884,-9.480971015210741,-8.711662255998744,2.1958603754358874,2.010428243845445,36.895093615667555
1776265273.0244963,44.15397000312805,-9.480971015210741,-8.711662255998744,2.1958603754358874,2.010428243845445,0.0
1776265273.0250778,44.15455150604248,-9.49968896344698,-8.711958210660312,2.1958388585471518,2.0104666289581554,32.192960175605734
1776265273.0253046,44.154778242111206,-9.518223331662893,-8.71225731592021,2.195805305925495,2.010527654828169,81.75502023219197
1776265273.025501,44.154974699020386,-9.536573453048307,-8.712562822293265,2.1957607643746684,2.0106216126053,93.41854396648333
1776265273.052942,44.18241572380066,-9.554746551514341,-8.712855886833282,2.1957064966296747,2.0107087164276454,0.6623492560581671
1776265273.071025,44.20049858093262,-9.572749182568572,-8.713118087151905,2.19564294435145,2.0107571551109573,0.9956752077363459
1776265273.0788128,44.20828652381897,-9.59058173870439,-8.713346847938784,2.195570221431912,2.0107617058889535,2.289972064600472
1776265273.0918634,44.22133708000183,-9.608246510922298,-8.713533219238183,2.1954877442129788,2.0107047992885345,1.3536547887925312
1776265273.1319573,44.261430978775024,-9.625742788878506,-8.713676237792848,2.1953952271652617,2.010585315993952,0.436403233695603
1776265273.1566885,44.28616213798523,-9.643056550898782,-8.71381167122896,2.195296720608384,2.0104683025921473,0.7001116195523758
1776265273.170536,44.30000972747803,-9.660175372824762,-8.71396981338669,2.195197193851943,2.0104161435754015,1.2363048221766166
1776265273.1896167,44.319090366363525,-9.677102143834363,-8.714142130378159,2.1950953205676624,2.0104109236846868,0.8871796555942305
1776265273.2098641,44.33933782577515,-9.693842074626428,-8.714319203035016,2.1949884462337312,2.0104321529450386,0.8268300773896484
1776265273.2247868,44.35426044464111,-9.710397548465892,-8.714501028202474,2.1948788614681547,2.0104774935519205,1.1095126860540971
1776265273.2356808,44.365154504776,-9.726769226559759,-8.714691673978708,2.194764837120462,2.0105583715270323,1.5029460933066976
1776265273.2478547,44.377328395843506,-9.742964085960113,-8.714876654507385,2.1946457495407867,2.010646331875372,1.3304171634251054
1776265273.2896976,44.41917133331299,-9.758990391078019,-8.715035799022784,2.194521681082701,2.0107049048343093,0.3830413552902409
1776265273.3041315,44.4336051940918,-9.774857100812634,-8.715145874335626,2.194391689358073,2.0106911894392896,1.09933331552837
1776265273.312689,44.44216275215149,-9.790566365114824,-8.71519930242808,2.194253490578765,2.010589586440339,1.8357997596563589
1776265273.3282325,44.45770621299744,-9.806110314427698,-8.71521476128489,2.1941081884596687,2.0104307718999523,1.0000756117493392
1776265273.3649886,44.49446225166321,-9.821475588492055,-8.715222506505274,2.193958957364225,2.0102747927895877,0.418053774032509
1776265273.3842402,44.51371383666992,-9.836656750435145,-8.715233254954352,2.193807505747078,2.0101367255785365,0.7886062984512382
1776265273.41405,44.54352378845215,-9.851643639163678,-8.715276179331177,2.19365427090261,2.0100705619550885,0.5027761757776193
1776265273.4144266,44.54390025138855,-9.866432463801054,-8.715365814362446,2.1934967576672912,2.010105548377539,39.286563503841684
1776265273.4469688,44.57644248008728,-9.881030318746117,-8.715489053018421,2.1933335124206366,2.010218216973589,0.44862593729398437
1776265273.4719193,44.60139298439026,-9.895447093327368,-8.71562633905894,2.1931678131771757,2.01036862120525,0.5778793171173343
1776265273.4859679,44.61544156074524,-9.909694396189215,-8.715752608696524,2.1930006255480223,2.0105094437188527,1.0142553174764952
1776265273.5050898,44.63456344604492,-9.92377898141818,-8.715855470703724,2.1928317420156294,2.0106148958772843,0.7366414483521947
1776265273.519363,44.648836612701416,-9.937701663902272,-8.715937356597136,2.1926591611995176,2.0106945118981,0.9755363465462585
1776265273.5450342,44.67450785636902,-9.951465571585224,-8.715988894103711,2.1924806958154557,2.0107362747228605,0.5362093593970512
1776265273.5589864,44.68846011161804,-9.965069064761543,-8.716012930353722,2.1922946333023203,2.0107412898833834,0.9750958928907749
1776265273.5794356,44.70890927314758,-9.978510301167416,-8.716010533643017,2.1920994828377145,2.0107177146378032,0.6573694085008294
1776265273.5798228,44.709296464920044,-9.991789129510616,-8.715976357070495,2.1918964421921716,2.010657661072508,34.29934589281363
1776265273.6200106,44.7494843006134,-10.004902813913224,-8.715913257535973,2.1916853617937817,2.0105627573407565,0.32635584002551593
1776265273.6345108,44.7639844417572,-10.017844845268574,-8.71583656411277,2.1914664025741177,2.0104644696804908,0.8926885970051318
1776265273.6471763,44.776649951934814,-10.030609736859077,-8.715759564719798,2.1912380902962907,2.010387225408327,1.0080261462362057
1776265273.6712954,44.800769090652466,-10.043196041124329,-8.71568604786993,2.190999668526424,2.010334634149261,0.521941396108816
1776265273.6981955,44.82766914367676,-10.055604793973602,-8.715613183995465,2.1907536537000447,2.0103030037206158,0.4613896194172963
1776265273.7059703,44.83544397354126,-10.06784104764202,-8.715528799231624,2.1905017051392917,2.0102645567997,1.5742001259565759
1776265273.729768,44.85924172401428,-10.079906591873064,-8.715432027959666,2.190243477590464,2.010215627167589,0.5071359668982633
1776265273.7342076,44.86368131637573,-10.091803642803663,-8.71531940282321,2.1899830659911883,2.0101481371476755,2.680523934249841
1776265273.7789276,44.90840125083923,-10.10352774895843,-8.715206698234017,2.1897213457340423,2.010088303587553,0.26224476236298605
1776265273.7991633,44.92863702774048,-10.115074542678855,-8.71510852350502,2.1894575440852053,2.010066334828951,0.5707823362511866
1776265273.8164158,44.945889472961426,-10.126440293221426,-8.715038631181342,2.1891912350157563,2.010109085601466,0.6589839716961606
1776265273.820388,44.94986176490784,-10.137628093305981,-8.714992978983295,2.1889215307583716,2.0102065241997544,2.8173013862985568
1776265273.8591673,44.988641023635864,-10.148650868416835,-8.71493775553457,2.1886532502660296,2.0102937708244175,0.2843318331871177
1776265273.8827846,45.01225829124451,-10.159514085212514,-8.714862281940691,2.1883864406349884,2.010356343708917,0.4601190583910089
1776265273.8856027,45.01507639884949,-10.170222870645317,-8.714755120097752,2.1881194160512,2.0103686195961856,3.8013630273190877
1776265273.897914,45.027387619018555,-10.18077555560216,-8.714620281498611,2.1878525900021173,2.010341803666357,0.8575038695909738
1776265273.9384098,45.06788349151611,-10.191171432454864,-8.714456991565523,2.187586823519206,2.010272526529181,0.2568300095404789
1776265273.9574213,45.08689498901367,-10.201406079123942,-8.71427592674618,2.187320728876003,2.0101813997442717,0.5386059783769271
1776265273.9694793,45.09895300865173,-10.211472505930866,-8.714094711077557,2.1870526598022972,2.010103581841377,0.8352636858244898
1776265273.986153,45.11562657356262,-10.22136688093023,-8.713923140298046,2.1867826703980624,2.0100534974791544,0.5937269481712973
1776265274.001212,45.130685567855835,-10.231093765469682,-8.713749025466987,2.1865108850218165,2.0100061280009416,0.6462741338999388
1776265274.0417233,45.171196937561035,-10.240655555488896,-8.713569064137493,2.1862367697574405,2.00995160126523,0.23616607115092395
1776265274.0603018,45.189775466918945,-10.250053094090191,-8.713384416407862,2.185959710212285,2.0098959688018216,0.5061452794140707
1776265274.0655096,45.19498324394226,-10.259288235506844,-8.713189306463278,2.185684894552805,2.0098209614571325,1.774517090669893
1776265274.0818872,45.211360931396484,-10.26834922475132,-8.713017788122986,2.1854151479660775,2.009791647083287,0.5535962309046729
1776265274.1268244,45.25629806518555,-10.277236501133173,-8.71286947845465,2.1851507656945657,2.0098066566942134,0.19788633787015078
1776265274.1378562,45.267329931259155,-10.285957560150637,-8.712727922154231,2.184889286593774,2.0098345789380763,0.7909927680366531
1776265274.150874,45.2803475856781,-10.294514993516753,-8.712591988994733,2.1846272237192452,2.0098703382338132,0.6577624447086174
1776265274.1694784,45.29895210266113,-10.302909176318758,-8.712464141671612,2.1843651336199126,2.009919665106508,0.451462753170282
1776265274.1892254,45.31869912147522,-10.311145011360122,-8.712332778109156,2.1841069585593265,2.009965777211222,0.4173251563132575
1776265274.2113047,45.34077835083008,-10.319230207177794,-8.71217707724078,2.18385410007787,2.009970581413955,0.36643702717364196
1776265274.2296762,45.35914993286133,-10.32716479461363,-8.711997106992278,2.1836036852054272,2.0099333621272915,0.43222068278212794
1776265274.2459302,45.375403881073,-10.33494631651229,-8.711798373412382,2.183353472943413,2.009864871199324,0.47915002098180376
1776265274.2637444,45.39321804046631,-10.342563287393851,-8.71161177459257,2.1831034071632596,2.0098248451485814,0.42793816438611765
1776265274.2854757,45.41494941711426,-10.350013738459143,-8.711440872898873,2.1828515685684593,2.009816625165987,0.3431289697610057
1776265274.2968473,45.426321029663086,-10.357303138103116,-8.71126929880245,2.182597647795666,2.009808379432791,0.6415834649309314
1776265274.3060746,45.435548305511475,-10.364434619751462,-8.711089295632258,2.182340296965296,2.009785400988413,0.773618733246002
1776265274.3361866,45.46566033363342,-10.371409966552847,-8.71089818176604,2.182079568056562,2.0097440769351174,0.23189516541597516
1776265274.3525577,45.48203134536743,-10.37822885625814,-8.710698308484893,2.181816679889668,2.0096903170853135,0.41701038397448137
1776265274.3617702,45.491243839263916,-10.38489017167895,-8.710493514550212,2.1815531318791104,2.009624912276679,0.7239811308825336
1776265274.3797717,45.5092453956604,-10.39138754354209,-8.710302495100033,2.181290809110551,2.009579873542303,0.3613837646853604
1776265274.4086006,45.538074254989624,-10.397718725083923,-8.710133297736173,2.1810286857064414,2.009572483024477,0.21987911054425482
1776265274.4306266,45.56010031700134,-10.403888049043864,-8.70997574860521,2.1807652647824955,2.009583068705669,0.28043845437374165
1776265274.4320753,45.561548948287964,-10.40989788242865,-8.709825690471183,2.18050207836369,2.009600089670687,4.153896710260978
1776265274.4420497,45.57152342796326,-10.415751336263,-8.70967773546847,2.180239601269125,2.0096155825055906,0.5876199772282212
1776265274.4505725,45.5800461769104,-10.421446972836266,-8.709538476721555,2.179977784875583,2.009642039740205,0.6691915250319428
1776265274.4852793,45.614753007888794,-10.426988518690097,-8.709398387561585,2.1797196655921307,2.009660145618979,0.1598913647167391
1776265274.5108821,45.640355825424194,-10.426988518690097,-8.709398387561585,2.1797196655921307,2.009660145618979,0.0
1776265274.511543,45.641016721725464,-10.432371155631627,-8.709272545624467,2.179465121842363,2.009696167061415,8.155774864387151
1776265274.5191095,45.64858317375183,-10.437595694859343,-8.709158012864837,2.179216089348183,2.0097474620134217,0.6914369969187436
1776265274.530715,45.66018867492676,-10.442657435318807,-8.709069226904576,2.178973966105373,2.0098464741282527,0.436715800999482
1776265274.5642445,45.69371819496155,-10.447566410147985,-8.708980731052476,2.1787383958949085,2.0099494950561163,0.14659978720526526
1776265274.5818145,45.71128821372986,-10.452328936243156,-8.708877023826807,2.1785067958412405,2.010028521875008,0.27144431834100075
1776265274.5965042,45.72597789764404,-10.456951291239628,-8.708740356775454,2.1782801054963263,2.0100513679159686,0.3151822666851179
1776265274.5979185,45.72739219665527,-10.461433233978056,-8.708569613193264,2.1780578973650155,2.010017371460605,3.1752089534500056
1776265274.640368,45.76984167098999,-10.46577249742683,-8.708367019859553,2.177839986761035,2.0099320837229984,0.102461867662671
1776265274.6452916,45.77476525306702,-10.469964046079662,-8.708142723746278,2.1776242541971476,2.009811785071342,0.8536641886781824
1776265274.6542995,45.78377318382263,-10.47400021858483,-8.707913098964092,2.1774099136094716,2.0096881309584207,0.4494236585124407
1776265274.6693542,45.79882788658142,-10.477870543491786,-8.707704600773257,2.177197357254994,2.009605708702673,0.25784373298575886
1776265274.7031112,45.832584857940674,-10.481569307522678,-8.707533457100087,2.1769850164806828,2.0095939589902376,0.1098678227139447
1776265274.724428,45.853901624679565,-10.48509982189463,-8.707395442595447,2.1767697006541855,2.00964226163886,0.1660554652872265
1776265274.7323802,45.86185383796692,-10.48846660636673,-8.70728479494941,2.1765498860649757,2.009738024779074,0.4245065260395948
1776265274.7444067,45.87388038635254,-10.491675414687956,-8.707193349059459,2.1763252791906225,2.0098694488067057,0.26757130152527675
1776265274.7712722,45.90074586868286,-10.494735760164438,-8.70710043307601,2.1761001026957616,2.0099989613303446,0.11427395055499177
1776265274.7851574,45.91463112831116,-10.497660231328064,-8.706973004149747,2.1758791263336206,2.010066082540195,0.21141664079789355
1776265274.7966318,45.92610549926758,-10.500452447823683,-8.70680174069305,2.1756618985617244,2.010058470986028,0.2445349954632778
1776265274.809411,45.93888473510742,-10.503105505116007,-8.706604058913184,2.175446776553889,2.010004762121781,0.20886186906552445
1776265274.8647375,45.994211196899414,-10.505612304081723,-8.706395005806817,2.1752340663750993,2.009930959551488,0.045628765288134136
1776265274.8816898,46.01116347312927,-10.50796702012518,-8.706186202971487,2.175024238925738,2.0098600488587213,0.1399959275300319
1776265274.8988526,46.02832627296448,-10.510163160033661,-8.705994161995374,2.1748157358753026,2.0098211012499303,0.1290208220153015
1776265274.918516,46.0479896068573,-10.512198896348135,-8.705824505793336,2.17460789724889,2.0098203110435646,0.10442478145725964
1776265274.938622,46.068095684051514,-10.514076990239436,-8.70567117589923,2.174401102694047,2.00984601053643,0.09428272497390769
1776265274.9425979,46.07207155227661,-10.515791090725164,-8.705542210075901,2.1741978469163223,2.0095846630530487,0.43535659184286846
1776265274.9585464,46.08802008628845,-10.517320774735857,-8.705428223138847,2.1740010744152793,2.008927680472384,0.0969678228390999
1776265274.9692588,46.098732471466064,-10.518657309595357,-8.705327492707914,2.1737924451976807,2.0079316855283467,0.1266258924547323
1776265274.988396,46.11786961555481,-10.51980843385815,-8.705219679607687,2.1735508537324075,2.006597211233068,0.06171944170161631
1776265275.0126832,46.14215683937073,-10.52078277761244,-8.705100081092782,2.1732601643256966,2.004953258819569,0.04215351758013901
1776265275.0344334,46.163907051086426,-10.521601558184205,-8.704944738071875,2.172915816923029,2.0029814240984223,0.0414582231736125
1776265275.0512118,46.18068552017212,-10.522277319483047,-8.704749305138007,2.1725156076462784,2.000687807051517,0.048236216340030336
1776265275.068989,46.19846272468567,-10.522822796340433,-8.704523354238061,2.1720587949548182,1.9981030850399295,0.04199252148108265
1776265275.085625,46.21509861946106,-10.52324710689715,-8.704280710563706,2.171545647150109,1.9952666263295034,0.04259982211340807
1776265275.0865595,46.21603322029114,-10.523555578103492,-8.704043734245868,2.1709809462145384,1.9922190410742249,0.7336938455926937
1776265275.1020224,46.23149609565735,-10.523765917566422,-8.703799411303093,2.1703657393823867,1.9889527430741285,0.04491801156419724
1776265275.123133,46.25260663032532,-10.523894358477467,-8.703536369871001,2.1696999004482134,1.985471594764259,0.034454079394042374
1776265275.168465,46.29793858528137,-10.523949945167578,-8.703264721808562,2.168984871241297,1.9817930571484235,0.016917623277353033
1776265275.188293,46.31776666641235,-10.523935234758252,-8.703001769488708,2.168220937745096,1.977948038739508,0.0407531178743783
1776265275.1948667,46.32434034347534,-10.52384940969201,-8.702771041054937,2.1674113390548335,1.9739696841426404,0.12872526422127276
1776265275.2068427,46.33631634712219,-10.523703138771735,-8.702575690276682,2.1665573700761454,1.9698612783083271,0.07416125516557344
1776265275.2403479,46.369821548461914,-10.523504096040357,-8.70240947828617,2.1656596216718533,1.9656214475717906,0.027889696866935633
1776265275.2511086,46.380582332611084,-10.523269948154379,-8.702247920986922,2.1647204292830726,1.9612444475412432,0.09119501590519483
1776265275.2707026,46.40017628669739,-10.523017410459813,-8.702072114659822,2.163741733364585,1.9567339188668254,0.05235943106528422
1776265275.2784538,46.40792751312256,-10.522747854263436,-8.701876655254194,2.162727188805072,1.9521089484763177,0.1377569569418128
1776265275.3183126,46.44778633117676,-10.52246425001532,-8.701673580416822,2.1616783015969236,1.9473842245545632,0.027732044498345647
1776265275.3271668,46.45664048194885,-10.522181633696135,-8.70143892868562,2.160595675890981,1.9425593518041155,0.12911980084377636
1776265275.3470812,46.47655487060547,-10.521901033936947,-8.701179742005861,2.1594789238817738,1.937655491815814,0.059267446894994934
1776265275.3636808,46.493154525756836,-10.521614163568158,-8.700922829697866,2.158329916240746,1.932691870309517,0.07300295475797675
1776265275.3802605,46.50973415374756,-10.521311949759506,-8.700701128285157,2.1571512662148375,1.9276781989278204,0.07459821484320968
1776265275.407046,46.53651976585388,-10.520987813913116,-8.70053747737648,2.1559431619631217,1.9226335997086654,0.04709587335109996
1776265275.4120955,46.541569232940674,-10.520644277815176,-8.700426145183544,2.154707676454633,1.9175548877217874,0.25491433660542534
1776265275.4214897,46.550963401794434,-10.520292583221547,-8.700332510131883,2.1534492546332027,1.9124487490841595,0.13944747904569826
1776265275.4394085,46.56888222694397,-10.519935083307203,-8.700252184567022,2.1521674087952287,1.9073156271127485,0.0744014646071548
1776265275.4922051,46.621678829193115,-10.519581312830116,-8.70015955639506,2.150861957520632,1.9021553735796237,0.025677887043596862
1776265275.5056767,46.63515043258667,-10.519245244578027,-8.700038109896015,2.1495332734290398,1.8969795993228749,0.10213312800019424
1776265275.508321,46.637794733047485,-10.518941306956242,-8.699860066743954,2.1481831920825183,1.8917950058985216,0.5276543743443676
1776265275.5270038,46.65647745132446,-10.518665226842737,-8.69964257187908,2.146812706361952,1.886616365178499,0.07572956018526367
1776265275.5444393,46.67391300201416,-10.518406191260782,-8.699420646812996,2.1454253560442393,1.8814413518257558,0.08193991756166949
1776265275.5718167,46.70129036903381,-10.51816185543962,-8.699205039092787,2.1440215206791216,1.8762747727672537,0.05264054057870991
1776265275.5848043,46.71427798271179,-10.517921936887804,-8.699044108119873,2.1426029160572746,1.8711221876595865,0.11146943215523057
1776265275.592288,46.72176170349121,-10.517679564781597,-8.698963087059342,2.141165880907503,1.8659729549034714,0.19503422428600056
1776265275.6341076,46.76358127593994,-10.517444777383238,-8.698940774075663,2.139710587414681,1.860831582787639,0.03525335447350582
1776265275.642408,46.77188158035278,-10.517235836427913,-8.698938115942447,2.1382390711417747,1.8557074754917753,0.17906312131341984
1776265275.6562202,46.785693883895874,-10.517061541755057,-8.69893551860556,2.1367498271498957,1.8506088573330197,0.10855617928900134
1776265275.673228,46.80270171165466,-10.516925175678317,-8.698912326170216,2.135248080420489,1.8455438318597839,0.08867115442541573
1776265275.720326,46.84979963302612,-10.516817753982773,-8.698899434740719,2.133735019686632,1.840501264320778,0.03220787556355786
1776265275.7221904,46.8516640663147,-10.516735733053105,-8.69891650787511,2.132209219023003,1.8354708043836356,0.8196050892212701
1776265275.7371495,46.86662316322327,-10.51667733202006,-8.698974397494636,2.1306706063889562,1.830460260606514,0.10300143615576
1776265275.751116,46.880589723587036,-10.516644903284652,-8.699057589875393,2.1291187148009225,1.8254793316137683,0.11129856567126006
1776265275.7805705,46.91004419326782,-10.516630025100593,-8.699163500523419,2.1275505509089316,1.8205252202564606,0.05336394624791971
1776265275.8021262,46.931599855422974,-10.51663485203294,-8.69926829220178,2.125967014980929,1.8155980036341424,0.07362366339919181
1776265275.8030112,46.9324848651886,-10.516664006455853,-8.699339928525593,2.1243703339475073,1.8107142305594104,1.806254776419398
1776265275.812598,46.94207167625427,-10.51671848769138,-8.699385279936047,2.1227617479030503,1.8058633269123547,0.16795441077966192
1776265275.8339152,46.96338891983032,-10.516800778566628,-8.699423764703857,2.1211413071429575,1.801037571753776,0.07613485507366842
1776265275.8859253,47.01539897918701,-10.516800778566628,-8.699423764703857,2.1211413071429575,1.801037571753776,0.0
1776265275.886525,47.01599860191345,-10.516915597336782,-8.699456048352662,2.1195093077322715,1.7962375571709497,2.72896917420296
1776265275.886777,47.01625061035156,-10.517065080292491,-8.699459037195238,2.1178669225349886,1.7914790605677544,6.544132177748493
1776265275.900928,47.03040170669556,-10.51724691864092,-8.699432303724446,2.1162179156740413,1.786765497618443,0.11725011930417008
1776265275.926812,47.05628561973572,-10.517450276547095,-8.699416627967539,2.114565898209659,1.7820818255326472,0.0643086909249179
1776265275.9612439,47.09071755409241,-10.517666687409564,-8.699443094559868,2.112909891301239,1.7774213918667578,0.04851012052948662
1776265275.9860387,47.11551237106323,-10.51790077037006,-8.699509742843885,2.11124660977764,1.7727961680528854,0.06779620215769007
1776265275.9883454,47.11781907081604,-10.518154131590535,-8.699593891995343,2.109575457611112,1.7682048084604596,0.7336638957201045
1776265275.9972289,47.126702547073364,-10.51843064936209,-8.699666367968977,2.1078977281916256,1.7636635504943812,0.19158130819846936
1776265276.0309887,47.160462379455566,-10.518737149093777,-8.699714855872948,2.1062143770836528,1.7591842035790612,0.05070267456755626
1776265276.0434976,47.17297124862671,-10.519075178146041,-8.69975389556291,2.1045248283754123,1.7547593155875962,0.13778015909129857
1776265276.0518935,47.18136715888977,-10.519447205260686,-8.699778423541492,2.10282905991869,1.7503930648034542,0.20679959560368588
1776265276.0664241,47.195897817611694,-10.519853588882,-8.699772701160159,2.1011254079486266,1.7460871867893017,0.12053545178515676
1776265276.1092253,47.238698959350586,-10.520291241607708,-8.699743264507712,2.099414900988655,1.7418386330826376,0.04125717134308552
1776265276.1321933,47.261667013168335,-10.52075502964989,-8.699717803757128,2.0977004159246033,1.737639100603861,0.07733742466874204
1776265276.133849,47.263322591781616,-10.52124153673869,-8.699689709339614,2.0959848051171845,1.7334851465161418,1.0772544524488463
1776265276.1462526,47.275726318359375,-10.521751391158523,-8.699652760138099,2.0942661734386583,1.729376101849725,0.1445569874974384
1776265276.174113,47.30358672142029,-10.522282265464424,-8.699617509758777,2.092543155676188,1.7253156442129067,0.06472596688728907
1776265276.1901152,47.31958889961243,-10.522835550021622,-8.699597346088806,2.0908155830803152,1.7213027848628206,0.11336717117042008
1776265276.200609,47.330082654953,-10.523404628514486,-8.699609914105546,2.0890855004497193,1.7173396181807374,0.1735619471904621
1776265276.2215555,47.35102915763855,-10.523989667761255,-8.699662905342265,2.087359447448599,1.7134206282565014,0.08704444533859007
1776265276.256611,47.38608479499817,-10.524594406730424,-8.699737988052306,2.0856362635912804,1.7095478855349253,0.052138852838793034
1776265276.2698162,47.39928984642029,-10.525213512802198,-8.699835639783279,2.0839151693011697,1.705723242658437,0.13870935766524484
1776265276.2748103,47.40428400039673,-10.525848323989722,-8.699953735727318,2.08219474940857,1.7019443309138813,0.36795035854501684
1776265276.2901664,47.4196400642395,-10.526504223939947,-8.70006527949046,2.080476058286151,1.6982155009378492,0.12001591398154023
1776265276.3059542,47.43542790412903,-10.52717961099586,-8.70016340452901,2.0787585860474462,1.6945352379709826,0.1170586767856003
1776265276.338075,47.46754860877991,-10.5278758233689,-8.700250989194611,2.0770412101653437,1.690903499998094,0.057757102166913724
1776265276.346078,47.47555160522461,-10.528592578136744,-8.700318507071493,2.0753255456845845,1.6873232247687941,0.23248685628687177
1776265276.3645113,47.49398493766785,-10.529322898785775,-8.700378842359843,2.0736127501894,1.6837968224866715,0.10106557323572685
1776265276.3721325,47.50160622596741,-10.530058464856022,-8.700428958369717,2.0719058209403056,1.6803205874011993,0.24396773085460505
1776265276.4127495,47.54222321510315,-10.530800338430845,-8.700468293420625,2.0702030473400166,1.6768929475646763,0.04573908826783581
1776265276.4228997,47.55237340927124,-10.531551024648357,-8.70050916068107,2.0685039301952175,1.6735131859696442,0.18305161344154516
1776265276.4354157,47.564889430999756,-10.532308076919284,-8.70057531158134,2.066810496729527,1.6701728800777667,0.148300369639402
1776265276.4481163,47.577589988708496,-10.533076043403755,-8.700684104972368,2.0651257517423978,1.6668741362698023,0.14603427542477485
1776265276.4854853,47.61495900154114,-10.533853088160175,-8.700808982594637,2.0634475600178614,1.6636195067949622,0.049601782521075444
1776265276.4874442,47.616917848587036,-10.534636210653847,-8.700928243384777,2.061775670041355,1.6604091463083956,0.9444634695779788
1776265276.5012796,47.6307532787323,-10.535424978106244,-8.701023119657481,2.0601092177396714,1.6572425832438302,0.13343540332464976
1776265276.5187445,47.64821815490723,-10.536219976948406,-8.701088873187874,2.0584461759130694,1.654124222461448,0.10561002411196858
1776265276.5753844,47.70485806465149,-10.537020952169652,-8.701123380301544,2.0567866448842285,1.651051599476306,0.032539594318426054
1776265276.5969734,47.726447105407715,-10.537824066695515,-8.701135180064655,2.055131479736332,1.6480253640165667,0.08521714714881758
1776265276.6204987,47.749972343444824,-10.538626050022899,-8.701119340892493,2.05348240587964,1.6450458286026661,0.07795090985816722
1776265276.627631,47.75710463523865,-10.539422788051478,-8.701114983277508,2.051842440032772,1.6421049685821485,0.2556353453439904
1776265276.653267,47.78274059295654,-10.540217766109592,-8.70113379964028,2.050208646355822,1.639200436343088,0.07087847875974326
1776265276.6664786,47.79595232009888,-10.541007450490286,-8.701187324631444,2.0485794932302417,1.6363335770573897,0.13709368758673984
1776265276.6748188,47.80429244041443,-10.541789894589789,-8.701266618304295,2.0469540249222216,1.6335070281796753,0.2165110207669284
1776265276.68715,47.81662368774414,-10.542569274121647,-8.701366097784808,2.0453355655492813,1.63071830936507,0.14589716608281167
1776265276.742801,47.87227463722229,-10.543350055107142,-8.701492558993346,2.043726353778777,1.6279711958414906,0.03222030565144811
1776265276.756377,47.88585066795349,-10.544129673056982,-8.701623948279758,2.0421273957014274,1.6252655760266852,0.13138903938233204
1776265276.7728157,47.902289390563965,-10.5449123245128,-8.701739022959638,2.0405417139029316,1.6226029683098933,0.10779749491180868
1776265276.7846332,47.91410684585571,-10.545699776922062,-8.701788371816061,2.038971282751215,1.6199812065133803,0.1487198230776119
1776265276.7995367,47.92901039123535,-10.546483656134932,-8.701778201616477,2.037412870349307,1.6174004903801775,0.11705151204245412
1776265276.8402586,47.9697322845459,-10.547254775634936,-8.701723388807748,2.0358684972259455,1.6148522910191296,0.04241096369990076
1776265276.8538675,47.983341217041016,-10.548030603807328,-8.701668333920997,2.034312257009047,1.612961635084031,0.12784081335152322
1776265276.8689606,47.99843430519104,-10.54887447342184,-8.701717485915076,2.032627443779844,1.6119639415107423,0.12488989058883632
1776265276.8798137,48.00928735733032,-10.549808287820222,-8.70190160668586,2.0307562778414527,1.6117065061373954,0.19343190045263564
1776265276.9105372,48.040010929107666,-10.550817376379,-8.70219260232677,2.028690029715542,1.612098194243978,0.07544130861967546
1776265276.9234426,48.052916288375854,-10.551870266049804,-8.702533239615503,2.026436796501707,1.6131040807920396,0.19451707965162074
1776265276.93297,48.06244373321533,-10.55292971394498,-8.702864820279794,2.024014103095951,1.6147108054996555,0.27971023246887233
1776265276.9450927,48.07456636428833,-10.553965186298313,-8.703137898226778,2.0214383673021796,1.6168913244382295,0.2301050265832812
1776265276.9888818,48.11835551261902,-10.554953191066202,-8.703314891085064,2.0187263846554453,1.6195922831628011,0.06603849183962915
1776265276.992001,48.121474742889404,-10.555876850554917,-8.703381227962973,2.015896217115477,1.6227657273519565,0.954664137987081
1776265277.0041971,48.133670806884766,-10.556729826448883,-8.703342521219547,2.0129691011776343,1.6263665439972144,0.250007734513704
1776265277.01828,48.14775371551514,-10.557510423074723,-8.70320711581382,2.009971906287104,1.6303717331347956,0.2201346351463725
1776265277.0574474,48.18692111968994,-10.558213616212841,-8.702984922622859,2.0069291727685457,1.6347578407275052,0.07993450320014911
1776265277.0659175,48.1953911781311,-10.55883183404986,-8.70269704678528,2.0038615526782775,1.639521957615486,0.3710137757136918
1776265277.0966828,48.22615647315979,-10.559353933029406,-8.702363765763224,2.0007827508928715,1.64467707242469,0.10207901612295851
1776265277.1092212,48.23869490623474,-10.559761761627218,-8.701995045480869,1.997698828706511,1.6502250175268423,0.24983565686822773
1776265277.1289482,48.258421897888184,-10.560034191767878,-8.701596318035305,1.994615347509144,1.6561683312239575,0.15821301432781776
1776265277.1558073,48.28528094291687,-10.560151303319165,-8.701167225776782,1.9915401742106942,1.662497198742123,0.115684430545209
1776265277.1742868,48.30376052856445,-10.560093242114986,-8.700698719545358,1.9884822343449085,1.669195630019466,0.16743699838329196
1776265277.1874356,48.316909313201904,-10.5598421726333,-8.700182058621449,1.9854538774244672,1.676251722969234,0.23442138051858474
1776265277.2084882,48.33796191215515,-10.559383264130371,-8.69960932755716,1.9824635158591355,1.683655876656128,0.14625765689858372
1776265277.213185,48.34265875816345,-10.558705521967456,-8.69896651628562,1.9795172064182576,1.6913729641743867,0.6580667289090051
1776265277.2262177,48.35569143295288,-10.557802520571357,-8.698237572036039,1.9766198644500528,1.6993660364524164,0.23948387506457425
1776265277.2466595,48.37613320350647,-10.556677755262392,-8.697406021115444,1.9737740691916257,1.7075841371767662,0.15512265122544333
1776265277.2479134,48.377387046813965,-10.55534393308288,-8.69644997385927,1.9709842698123445,1.715968298627063,2.581405992587982
1776265277.2851303,48.41460394859314,-10.553814030349482,-8.695354647650007,1.9682514786076943,1.7244707158813042,0.0891504732330785
1776265277.3000953,48.42956900596619,-10.552098254664108,-8.694117390901138,1.9655756848823265,1.7330794485272516,0.22792745579164508
1776265277.3138235,48.443297147750854,-10.55021579290868,-8.692732546219782,1.962959266582538,1.7417784596676464,0.2555442657063032
1776265277.3222044,48.45167803764343,-10.54818344737972,-8.691198766472855,1.9604021876579252,1.7505604755663664,0.4305676480202623
1776265277.3609805,48.49045419692993,-10.546015718966899,-8.689518737859082,1.9579047718815124,1.759407930037996,0.09565832594669031
1776265277.380769,48.51024270057678,-10.543728335589407,-8.68769190108034,1.9554719132926697,1.7683102870525595,0.19235129032197013
1776265277.3888876,48.51836133003235,-10.541325650223353,-8.685727112986388,1.9531029756556508,1.7772783921060817,0.4809314724124617
1776265277.412073,48.54154658317566,-10.538815091069448,-8.683629550135386,1.9507976428761484,1.7863148388395294,0.17261635858532598
1776265277.4295182,48.5589919090271,-10.536203663073081,-8.681401790504147,1.9485539326728634,1.7954249196854384,0.23506683631766148
1776265277.4581335,48.58760714530945,-10.533498086297229,-8.679042157226124,1.9463687648561738,1.8046027339258968,0.1468704987584471
1776265277.462064,48.59153771400452,-10.530705942621442,-8.67654488117603,1.944241582148563,1.8138213594399997,1.0959802004511965
1776265277.476098,48.60557174682617,-10.52783860885101,-8.673901500838129,1.9421733256842846,1.8230643901031245,0.3145481892959579
1776265277.502782,48.6322557926178,-10.524906138128232,-8.671106927111246,1.9401640844934989,1.8323168298431913,0.16945458294192442
1776265277.520589,48.650062799453735,-10.521915391751515,-8.668162021754048,1.938212457507456,1.8415733427428536,0.25994316474157314
1776265277.5470698,48.67654347419739,-10.518872159798757,-8.665069861394747,1.9363173268845117,1.850836840809534,0.17878576118390582
1776265277.551071,48.68054461479187,-10.515777493961673,-8.66183931956298,1.9344779889507293,1.8601172749708657,1.208904047528523
1776265277.5856035,48.71507716178894,-10.512630359198434,-8.658478314542817,1.9326953147874175,1.8694074450007827,0.14298056489900382
1776265277.590536,48.72000980377197,-10.509431865772926,-8.654988705447982,1.9309703062334875,1.8787064884068962,1.0213984275546895
1776265277.6040154,48.73348903656006,-10.506182070194084,-8.651371509753185,1.929302963453589,1.887993338699388,0.3813685317510572
1776265277.6320462,48.76151990890503,-10.502887478264174,-8.647619551092953,1.927693444227306,1.897251569793989,0.18715611778146804
1776265277.6680634,48.797537088394165,-10.499554533214685,-8.643725870590288,1.9261391944403146,1.9064791005284243,0.1487022180630447
1776265277.6785774,48.808051109313965,-10.496183984498112,-8.639691632041579,1.924636359721875,1.9156797260494767,0.520025415162881
1776265277.6890652,48.81853890419006,-10.492779435179187,-8.635516529843366,1.9231817346157216,1.9248576500810097,0.5320638383634728
1776265277.706193,48.83566665649414,-10.489350495919991,-8.63119458230457,1.9217746469477157,1.9340038037163312,0.33241787328950934
1776265277.7234447,48.85291838645935,-10.485898724362407,-8.62672834002415,1.920415152085648,1.943107346961875,0.3365491398263685
1776265277.7418377,48.87131142616272,-10.482432728432197,-8.622113776394249,1.919102306266209,1.9521524466548104,0.32178965173622065
1776265277.751807,48.88128066062927,-10.478960913175257,-8.617349168025257,1.9178358379483473,1.961129309600384,0.6048445518010507
1776265277.7731128,48.902586460113525,-10.475485794243772,-8.612439453292746,1.9166166193939773,1.9700273069064955,0.2880645746987353
1776265277.7839904,48.913464069366455,-10.472010139707212,-8.607388223664573,1.9154448312710008,1.9788548564718942,0.5738807034011807
1776265277.8337271,48.96320080757141,-10.468526596334986,-8.602207983577463,1.9143212674799053,1.987627318990632,0.12752943625622
1776265277.850107,48.97958064079285,-10.465022536339992,-8.596914683630427,1.9132472364872346,1.9963571725074993,0.3930592745186489
1776265277.8560483,48.98552203178406,-10.461495622453528,-8.591510287539018,1.9122207732964926,2.0050411109713098,1.099833773715041
1776265277.8808928,49.010366439819336,-10.457956661341308,-8.585979221801724,1.9112419015342397,2.0136638970213956,0.2672194817895197
1776265277.9079778,49.03745150566101,-10.454411041109394,-8.580312158419185,1.9103074645156821,2.022215804490947,0.2492085443253787
1776265277.9231236,49.05259728431702,-10.450870842157508,-8.574494448474697,1.9094148896564644,2.0306749011226253,0.4534886360720143
1776265277.9288425,49.058316230773926,-10.44734321130054,-8.568521263321879,1.9085606583230483,2.0390237158815925,1.2221621783465917
1776265277.9531107,49.082584381103516,-10.443830779630558,-8.562395653000259,1.9077430633867396,2.047270021876495,0.2929088918517673
1776265277.989456,49.118929624557495,-10.440331559924083,-8.556124669248826,1.9069638370870567,2.055422668043026,0.19874300078010965
1776265278.0033731,49.13284683227539,-10.436838007228395,-8.549722491845417,1.9062237147803955,2.0634883097541783,0.5267432909275558
1776265278.0179353,49.147408962249756,-10.433339288876574,-8.543204693676193,1.9055243926994645,2.0714914891223173,0.5102593242390527
1776265278.031301,49.16077470779419,-10.429821973112357,-8.536584027786791,1.9048677589702057,2.0794473901847255,0.5630574311535598
1776265278.063467,49.1929407119751,-10.426288859722105,-8.529854226148277,1.9042520175272057,2.0873417987914253,0.23707522788911495
1776265278.069078,49.198551654815674,-10.422741213715527,-8.523008786885482,1.9036737766172849,2.095177103730487,1.3779796802535125
1776265278.093119,49.22259259223938,-10.419189559457282,-8.51603317983277,1.9031310147547456,2.102936298555571,0.32638176430258475
1776265278.1056187,49.23509240150452,-10.41564978775691,-8.50890855388408,1.9026225549573472,2.1105968754252347,0.6377497910132208
1776265278.1330986,49.262572288513184,-10.412131143110395,-8.501626517751957,1.9021448430278871,2.1181560781279267,0.29482194889989444
1776265278.1558824,49.28535604476929,-10.40863556504785,-8.494189378094967,1.9016948737516182,2.1256056830866488,0.36122142227064225
1776265278.1670864,49.29656004905701,-10.405159825713525,-8.486607254169401,1.9012731214093073,2.132956510428157,0.7454014852052082
1776265278.1738908,49.303364515304565,-10.401692821212542,-8.478895556980383,1.9008826951402509,2.1402296422172986,1.2439195440668862
1776265278.188956,49.318429708480835,-10.398221490267588,-8.471069514961096,1.9005250658801978,2.1474433695690878,0.5687837584628034
1776265278.2185087,49.34798240661621,-10.39474535158458,-8.463130575649867,1.900199662424943,2.1546021971967058,0.2934664868848063
1776265278.2383347,49.36780834197998,-10.391271712468116,-8.45507137281022,1.8999057362738525,2.16169556634155,0.4428970933133493
1776265278.2460988,49.37557244300842,-10.387811910952589,-8.446880953525481,1.899640617443706,2.168707649440611,1.1456752185843542
1776265278.2702482,49.39972186088562,-10.384375254892548,-8.438550127882129,1.8994015979495182,2.17561957787989,0.373301305145468
1776265278.3122811,49.44175481796265,-10.380964835807509,-8.430076499061807,1.899190270108801,2.1824214234240014,0.217368236372079
1776265278.326853,49.456326723098755,-10.377586586731432,-8.421457550145927,1.8990053732369425,2.1891084436761017,0.6354154370187656
1776265278.350103,49.479576587677,-10.3742417837935,-8.412696275626883,1.8988463319497306,2.1956874910147044,0.4034169166483685
1776265278.363198,49.492671728134155,-10.3709207580997,-8.403804905086277,1.8987147453362923,2.2021738200743943,0.7248688829748632
1776265278.3872802,49.516753911972046,-10.367634008510917,-8.394779319769244,1.898610648403284,2.208559843760746,0.39888303875977493
1776265278.4069955,49.53646922111511,-10.364374052759826,-8.385627711801407,1.8985368302909786,2.2148582382034503,0.49277331688666737
1776265278.4222069,49.55168056488037,-10.361128798740516,-8.37636159190826,1.8984933551533443,2.221075567832822,0.6454441070931873
1776265278.4343,49.56377363204956,-10.357900433136578,-8.366980026160453,1.8984782885840612,2.2272150219562117,0.8204295229363631
1776265278.4613233,49.59079694747925,-10.354692974673373,-8.357478606038086,1.8984932754429105,2.2332739904796703,0.3710947375246023
1776265278.4822705,49.61174416542053,-10.354692974673373,-8.357478606038086,1.8984932754429105,2.2332739904796703,0.0
1776265278.482978,49.612451791763306,-10.351503264085993,-8.347858137156273,1.8985370273764255,2.2392519598556495,14.323322948156244
1776265278.4966867,49.62616038322449,-10.34833127991969,-8.338116747071739,1.8986060061123733,2.2451526226801994,0.7473447454986789
1776265278.5042071,49.63368082046509,-10.345169599876462,-8.328257930710972,1.8986994070452745,2.250989665064797,1.3767552495577982
1776265278.540564,49.67003774642944,-10.34201504155209,-8.31828173253164,1.8988175414033501,2.2567659443012373,0.2878057887414411
1776265278.557015,49.68648862838745,-10.338873813159104,-8.30818164009509,1.8989599354012723,2.262471409743348,0.6430204832454428
1776265278.5661147,49.69558835029602,-10.33574529488425,-8.297956785038643,1.8991252472262798,2.2681007441890135,1.175205781565434
1776265278.578356,49.70782971382141,-10.332634576615785,-8.287602838723519,1.899311165870904,2.273649893509965,0.8832953618241464
1776265278.618444,49.74791765213013,-10.329546771536606,-8.27711661859711,1.8995148193679705,2.279120726421616,0.27273265566617644
1776265278.634125,49.763598680496216,-10.326484331892601,-8.266497143559123,1.899735294140519,2.2845102395494585,0.7049556016194727
1776265278.6478162,49.77728986740112,-10.323443952167354,-8.25574830962808,1.8999742562068624,2.2898250171196235,0.8160806337235356
1776265278.655047,49.784520626068115,-10.320423583217767,-8.244873398604826,1.9002335578710192,2.2950715173483656,1.5613206767706118
1776265278.676836,49.80630970001221,-10.317434786136761,-8.233866029349016,1.900513121040894,2.3002299298177755,0.5236270661555222
1776265278.7297635,49.85923719406128,-10.317434786136761,-8.233866029349016,1.900513121040894,2.3002299298177755,0.0
1776265278.7303357,49.85980939865112,-10.314474259681411,-8.222730788373951,1.9008112860693855,2.3052942158933605,20.143033883191208
1776265278.7305567,49.86003041267395,-10.311540274290119,-8.211470792239417,1.9011267167625316,2.3102734265586022,52.667445368322284
1776265278.7307603,49.8602340221405,-10.30862395985101,-8.200093724304828,1.9014596205473906,2.3151836812464786,57.706611176013425
1776265278.7448268,49.874300479888916,-10.305721915699358,-8.18860319903933,1.9018091036054352,2.320023080218098,0.8428903982857011
1776265278.7934296,49.922903299331665,-10.302825511107432,-8.177004098238172,1.9021752549570086,2.3248075482566923,0.24609412045920342
1776265278.8013604,49.9308340549469,-10.29992302849165,-8.165302681234083,1.9025606103613755,2.329550489937573,1.5209364043668816
1776265278.8234086,49.952882289886475,-10.297009387886872,-8.153499531240477,1.9029653755002447,2.3342607064633896,0.5517080487423793
1776265278.8357458,49.965219497680664,-10.294109400919664,-8.141573978668337,1.9033901043634491,2.3389038314033193,0.995398376049197
1776265278.8537462,49.98321986198425,-10.291243167635704,-8.12950997675458,1.903832807214632,2.343450150558069,0.6893036156285567
1776265278.871747,50.001220703125,-10.288414400487575,-8.11730382703179,1.9042924764036786,2.347900321840848,0.6965271417792628
1776265278.8928354,50.02230906486511,-10.285616447591396,-8.104961146519097,1.9047683847402828,2.3522651315156278,0.6005580538464541
1776265278.910458,50.039931774139404,-10.282833657922767,-8.092494775737773,1.9052622521652869,2.356563079956378,0.7253556346478077
1776265278.937358,50.06683158874512,-10.280048597630769,-8.079918855807191,1.9057759803961676,2.3608216567539815,0.4792173831343433
1776265278.9481108,50.07758450508118,-10.277261100102347,-8.06723434524223,1.9063097858846922,2.3650400317527955,1.208802284451005
1776265278.9680324,50.097506046295166,-10.274488838344974,-8.054429177000628,1.9068621525616685,2.3691939792299044,0.6582553811630639
1776265278.9827964,50.11227011680603,-10.271736012323583,-8.041500269316439,1.9074299046868586,2.37328234062749,0.8961561489558008
1776265279.0095127,50.138986349105835,-10.268992168773599,-8.028453594776794,1.9080111738655277,2.377317900781779,0.4994995804585118
1776265279.023134,50.152607679367065,-10.266256608935858,-8.015289947410041,1.9086054125725647,2.3812975843825326,0.9880099245513344
1776265279.031631,50.161104679107666,-10.26353960338196,-8.002004164671165,1.9092115332726696,2.3852087230823558,1.5975399408594437
1776265279.0550616,50.18453526496887,-10.260836533288511,-7.988599113292699,1.9098312768865406,2.3890584402760493,0.5842322229506713
1776265279.0845368,50.21401047706604,-10.258136581131996,-7.975081305707636,1.9104636933794217,2.392865197753559,0.46816643077589176
1776265279.0975811,50.227054834365845,-10.255437019354645,-7.961452003869311,1.9111064328106822,2.3966284629692205,1.0662802191043466
1776265279.1227303,50.252203941345215,-10.252748612721167,-7.947703705010567,1.911759894281115,2.400333905236574,0.557630836273264
1776265279.1231513,50.25262498855591,-10.250078357612539,-7.933831454661575,1.91242394630575,2.4039687516229,33.58889101356236
1776265279.137246,50.266719579696655,-10.24742269372643,-7.919837662723716,1.9130968371568786,2.4075415329144434,1.011695687254687
1776265279.1642501,50.293723821640015,-10.24477297911812,-7.905728254796136,1.913781303699757,2.4110680405061533,0.5322261951273882
1776265279.1853416,50.314815282821655,-10.242132548183669,-7.891502182780876,1.9144768662519782,2.414539424986665,0.6868061373334843
1776265279.1897478,50.31922149658203,-10.239486372494117,-7.877169083152073,1.9151840631572203,2.4179777333711443,3.3117929933607386
1776265279.2126803,50.342154026031494,-10.236830145324264,-7.86273122307111,1.9159028045926323,2.421382187672669,0.6409128472790948
1776265279.2587917,50.38826537132263,-10.234167351084182,-7.848184756806141,1.9166314717777018,2.424747994971746,0.3210948892858858
1776265279.2652984,50.39477205276489,-10.231499538537522,-7.833526772496494,1.9173697948438424,2.4280772195820104,2.2925766108120054
1776265279.2786188,50.4080924987793,-10.228835493222368,-7.81875058375664,1.9181187106977415,2.4313533360801602,1.1285724985008732
1776265279.286162,50.41563558578491,-10.226177647931864,-7.803853271920966,1.918878051396245,2.4345686131996516,2.0086721362435562
1776265279.3203597,50.449833393096924,-10.2235288637927,-7.788833244934017,1.9196465428444531,2.4377270843887464,0.44655331633529366
1776265279.341851,50.47132468223572,-10.220891466674576,-7.773689432818152,1.9204263680176226,2.4408308497618965,0.7161750381653891
1776265279.3628247,50.49229836463928,-10.218257481924791,-7.758426961687141,1.9212170866879015,2.4438847892820634,0.7394152335693519
1776265279.3716595,50.50113320350647,-10.215622278569075,-7.743049671927982,1.9220176760702365,2.4468940996420065,1.7682247425937516
1776265279.3994942,50.52896785736084,-10.212992684475205,-7.727554447260922,1.9228266766145532,2.4498501887418755,0.5653949947557867
1776265279.4180913,50.54756498336792,-10.210385585329393,-7.711932545674892,1.9236431544838328,2.452728793189619,0.8527653780022549
1776265279.4250095,50.55448317527771,-10.207800023347385,-7.696185807876514,1.924467312007624,2.455534699265133,2.3096879829882138
1776265279.4412265,50.57070016860962,-10.205232479560236,-7.680318597556472,1.9253005018926101,2.4582758286439836,0.9924885964317095
1776265279.4696069,50.59908056259155,-10.202662795992797,-7.664343721134761,1.9261448729840305,2.4609833861128316,0.5708958885884464
1776265279.4775836,50.607057332992554,-10.200072354101962,-7.648272408080615,1.9270022004220175,2.46368369609435,2.0435969566076397
1776265279.4904692,50.61994290351868,-10.197467053165735,-7.632100880903117,1.9278714266087729,2.466368637345131,1.2729814569623341
1776265279.5021605,50.63163423538208,-10.194848931299415,-7.615825975177664,1.9287516041296144,2.469035193270048,1.4119545719678799
1776265279.5439177,50.673391342163086,-10.192218647326735,-7.59944529558368,1.929643155358983,2.471687274662546,0.39788314981776157
1776265279.554575,50.684048652648926,-10.189571640996185,-7.582958640121336,1.930545589036688,2.4743259082697273,1.569079372495235
1776265279.56074,50.690213680267334,-10.186913824244122,-7.566360995410561,1.931456496301071,2.4769421633244195,2.7305250362941167
1776265279.580692,50.71016573905945,-10.184262227562927,-7.54964201450694,1.932375788450987,2.479513445192903,0.8496810984666494
1776265279.5852275,50.7147011756897,-10.181614372027719,-7.532802500507628,1.9333045102833604,2.4820451657538003,3.7640694921137787
1776265279.61914,50.748613595962524,-10.178982982656189,-7.515836283470842,1.9342403538959412,2.4845154424173317,0.5070280858796207
1776265279.6350152,50.76448893547058,-10.176384801799768,-7.498735665708345,1.9351827306148088,2.48689861042061,1.0911591105882912
1776265279.6429455,50.77241921424866,-10.173811829680552,-7.48150762976623,1.9361335108594062,2.489210539884883,2.1998015000999915
1776265279.655307,50.784780740737915,-10.171259653700188,-7.464157878345282,1.9370935758876038,2.4914604179415654,1.4207567278683575
1776265279.6899848,50.81945848464966,-10.168717031734616,-7.446696008699963,1.938063506877751,2.493666069697463,0.5096251585064315
1776265279.7064066,50.835880279541016,-10.166159117246597,-7.429137494696778,1.9390453652480815,2.495867251384391,1.0821593243007113
1776265279.719701,50.8491747379303,-10.163576979785477,-7.411487643996032,1.940036707514905,2.4980795453016498,1.343812354668422
1776265279.7343438,50.8638174533844,-10.160983189035104,-7.393738473238299,1.9410379384488943,2.500282860358094,1.2269318337053796
1776265279.7759397,50.90541338920593,-10.15838758000982,-7.375882609041499,1.9420485353172898,2.50246001114332,0.4344609960659891
1776265279.787546,50.9170196056366,-10.1558152240373,-7.3579048594451475,1.943068476500836,2.504571795901637,1.5672177858208898
1776265279.7983253,50.92779898643494,-10.153251415984641,-7.339812115910023,1.9440975842341748,2.506638177717707,1.6979125899042267
1776265279.8105555,50.94002914428711,-10.150680383798386,-7.3216128823945175,1.9451340839014606,2.5086825646257513,1.5052255038834659
1776265279.851359,50.98083257675171,-10.148089087856572,-7.303314082810926,1.946176332474633,2.510733801874607,0.45365622211964
1776265279.8687303,50.99820399284363,-10.145476789612172,-7.284915877369123,1.947222404555159,2.51279318626598,1.0714241949266645
1776265279.8881478,51.0176215171814,-10.142866052140551,-7.266405617933621,1.9482727806338842,2.5148233759492236,0.9642296317945119
1776265279.9003584,51.02983212471008,-10.140268190025086,-7.247776601511818,1.949325765876035,2.51680779584028,1.5428171347143
1776265279.9287636,51.05823731422424,-10.137698914578133,-7.2290208336258255,1.9503819044276975,2.518725672085528,0.6674965082190146
1776265279.9432962,51.0727698802948,-10.135159068563558,-7.210139439603672,1.9514432095012328,2.520573154055892,1.3129815574867385
1776265279.9575274,51.08700108528137,-10.132641288176847,-7.191138629913956,1.9525093005388023,2.5223617031763372,1.3489036315326168
1776265279.993005,51.122478723526,-10.130121274301349,-7.172032923716997,1.953582420131765,2.524131041382904,0.5440339007126925
1776265280.0106046,51.14007830619812,-10.127589853383132,-7.152828670190937,1.9546610119068974,2.525896645886608,1.102320546156183
1776265280.0229256,51.15239930152893,-10.125044996365284,-7.133527629836784,1.9557424474723726,2.527661201345969,1.5825102512994653
1776265280.0434418,51.1729154586792,-10.122491957309807,-7.11412707454739,1.9568260830123252,2.529418859314262,0.9552374385808953
1776265280.049254,51.17872762680054,-10.119931037021766,-7.09462568451982,1.9579134589935367,2.5311710876805384,3.389243944165393
1776265280.0662494,51.19572305679321,-10.117376978079392,-7.075014571315539,1.959005752168311,2.5328930823138585,1.1654232690116249
1776265280.1044164,51.23389005661011,-10.114829335346629,-7.055292914478751,1.9601023783500477,2.534587190639016,0.5218053065809036
1776265280.1165776,51.24605131149292,-10.112293685310906,-7.035458041160787,1.961202169181798,2.536244154045902,1.6467473242834647
1776265280.1279922,51.257465839385986,-10.109770597793416,-7.015510449875284,1.9623033455382202,2.53786533181792,1.7641252675372825
1776265280.1446526,51.274126291275024,-10.107250012078495,-6.995455875912105,1.9634070812051552,2.539468560450354,1.2150011538472918
1776265280.175895,51.30536866188049,-10.104725248754574,-6.975297994931426,1.9645145371207229,2.54106051105176,0.6512163125432404
1776265280.1959834,51.32545709609985,-10.102202772432172,-6.955034113001223,1.9656264347101153,2.5426326164670923,1.0180250101996726
1776265280.211573,51.34104657173157,-10.099683639342443,-6.934663985161242,1.9667398479714315,2.5441853119878606,1.3185486290749115
1776265280.2170117,51.34648537635803,-10.097177336031878,-6.9141831225806465,1.967853263090826,2.545707046298329,3.7993023712485354
1776265280.2594552,51.38892889022827,-10.094693019986101,-6.893587999035186,1.968966034156377,2.5471840880595926,0.4894562622764839
1776265280.2677782,51.39725184440613,-10.092226686268573,-6.872881668622089,1.9700782044149576,2.548623494459129,2.509004957772502
1776265280.2942219,51.42369556427002,-10.089773540272722,-6.852067573050178,1.9711906958271705,2.5500331424154465,0.7936729935202466
1776265280.3015666,51.43104028701782,-10.087334264399784,-6.83114644800396,1.9723018374767753,2.551417937345398,2.8717401765398494
1776265280.3380694,51.46754312515259,-10.084913525146769,-6.810116984134232,1.9734123502903322,2.552770559724411,0.5807066948150944
1776265280.359442,51.48891568183899,-10.082516517587784,-6.788977644633865,1.974523777436479,2.5540766042267338,0.9967837090602875
1776265280.3747156,51.504189252853394,-10.080135526972937,-6.767732724006035,1.9756362690104015,2.555347096820801,1.4015618331407886
1776265280.381348,51.51082158088684,-10.077763044383934,-6.74638670400671,1.9767482613667484,2.5565982031063306,3.242636101484726
1776265280.4222417,51.55171537399292,-10.07537990730694,-6.724948747987145,1.9778620448827189,2.557856049981696,0.5281668445375829
1776265280.4311469,51.56062054634094,-10.072989142756603,-6.7034176555849365,1.978976399958755,2.5591172297051994,2.435894501115553
1776265280.4452102,51.57468390464783,-10.070582310724971,-6.681796069464747,1.9800926853469738,2.5603936195888215,1.5489723791713663
1776265280.4642577,51.59373140335083,-10.06817231930095,-6.660076056831958,1.9812132871627854,2.561665043036044,1.1488132562228455
1776265280.5062864,51.63576006889343,-10.065779302946071,-6.638246265373163,1.9823406710414702,2.5628994890129273,0.5232020021328571
1776265280.5297074,51.659181118011475,-10.06340586827998,-6.616304739184352,1.9834721099978612,2.5640910847744114,0.9435318103750302
1776265280.5468626,51.67633628845215,-10.061038579604054,-6.594257965868007,1.9846056873438902,2.565262003136256,1.2942139460193325
1776265280.547246,51.676719665527344,-10.058673776447472,-6.572108316311054,1.9857414131851163,2.566418902895615,58.17892116680301
1776265280.5665,51.69597363471985,-10.056302215690177,-6.549860736197183,1.986879197604071,2.5675760465964457,1.1635282582383175
1776265280.5904825,51.719956159591675,-10.053926433985149,-6.527514773161524,1.988016951015598,2.5687316042721076,0.9382117377055949
1776265280.6139636,51.74343729019165,-10.05155400582992,-6.505067206076363,1.9891538574963952,2.569876731650044,0.9625260532569396
1776265280.6200368,51.749510526657104,-10.049205067254439,-6.48250896407176,1.9902896689514333,2.570975882016452,3.7391314861372145
1776265280.6343477,51.7638213634491,-10.04688851342878,-6.459836411867619,1.991424206995799,2.5720160782928554,1.5945128311083039
1776265280.6591034,51.78857707977295,-10.044588683851302,-6.437057036547248,1.9925601504001875,2.573019423178508,0.9259816943691933
1776265280.6780186,51.80749225616455,-10.042290106678221,-6.41417945676126,1.9936988973920002,2.5740117227687476,1.2170620794290636
1776265280.691967,51.82144069671631,-10.039971427364359,-6.3912143990043555,1.9948430417823964,2.5750245610438847,1.6568270778871088
1776265280.6981776,51.827651262283325,-10.037635531223852,-6.368160504824916,1.9959911691031718,2.5760531221741454,3.7356273680599
1776265280.733049,51.8625226020813,-10.035291692343405,-6.345012389373055,1.9971418695575098,2.577081842622028,0.668024586405758
1776265280.7504308,51.8799045085907,-10.032955352741329,-6.321761279992134,1.998295199405236,2.5780862838724947,1.346034135431087
1776265280.7650576,51.89453125,-10.030633778687159,-6.298402434478262,1.9994509831796656,2.579054652667356,1.6068080584425222
1776265280.7687056,51.89817929267883,-10.028327470491195,-6.274935935830007,2.000606257363428,2.5799837284376634,6.471372617830168
1776265280.8237965,51.95327019691467,-10.026027262615855,-6.251366552721502,2.001759985347611,2.580890185074535,0.43036953318141946
1776265280.8281379,51.95761156082153,-10.0237350140307,-6.227694648536559,2.0029118190189488,2.5817727285021563,5.484567985995264
1776265280.848442,51.97791576385498,-10.021444444055593,-6.203924182875833,2.0040614664897234,2.5826426435393244,1.1775014986333088
1776265280.8615317,51.991005420684814,-10.019156162805581,-6.180055319230931,2.0052111996447817,2.583497782934096,1.833955538774815
1776265280.8972173,52.02669095993042,-10.016859673715937,-6.15609289855484,2.006363970240394,2.5843503429318266,0.6753379726261698
1776265280.9070756,52.03654932975769,-10.014557529286657,-6.132036148942217,2.0075181909047486,2.5851950811237883,2.4541785370515954
1776265280.923908,52.05338168144226,-10.012255597999374,-6.107882490326726,2.0086711113658673,2.586024477985432,1.4430828674703584
1776265280.9321282,52.061601877212524,-10.00995587226738,-6.083630536737694,2.009822564539535,2.5868350635277313,2.9668325617843156
1776265280.9800498,52.10952353477478,-10.007655104046831,-6.059281262615042,2.0109746139615226,2.587631822021185,0.5109349658648633
1776265280.9974835,52.126957178115845,-10.005348994977927,-6.034836213609701,2.012127206494345,2.5884207022064807,1.4099533050967348
1776265281.0132644,52.14273810386658,-10.003018372567091,-6.01030317510016,2.013280711003801,2.5892320917401297,1.5633097638860871
1776265281.0269127,52.156386375427246,-10.000673833329268,-5.985676387840836,2.0144346125791994,2.5900470387907695,1.8145181097448642
1776265281.0378346,52.16730833053589,-9.998324468750582,-5.9609504382173055,2.0155876516625693,2.590849651094404,2.2765212023538517
1776265281.0679765,52.197450160980225,-9.995972039315957,-5.9361242954635145,2.016737691256288,2.5916332899608396,0.8282128551756147
1776265281.0764995,52.20597314834595,-9.993621083890785,-5.9111960634951926,2.017882920619158,2.5923906743393705,2.9408727462091213
1776265281.0992787,52.22875237464905,-9.991274288122847,-5.886165097162331,2.0190233556863397,2.5931219288856666,1.1048044816521934
1776265281.103049,52.23252272605896,-9.988925917681113,-5.861034447636288,2.020160360899909,2.593836765920813,6.701160819262678
1776265281.1499317,52.27940535545349,-9.986575705445375,-5.835805449826217,2.0212923575998665,2.594533449195336,0.5409999938571407
1776265281.1636903,52.293164014816284,-9.984217389334436,-5.810481342527375,2.0224193923415252,2.595225956291118,1.850372030968104
1776265281.176102,52.30557560920715,-9.981851331153791,-5.785062028790781,2.023544497979934,2.595914316001427,2.0588792656898667
1776265281.1957448,52.32521843910217,-9.979484024321847,-5.759545099451508,2.024668426381432,2.5965873233393144,1.3058780855098122
1776265281.2360492,52.36552286148071,-9.977111839241932,-5.73393220086324,2.0257926349423623,2.5972481010889776,0.6388150428763661
1776265281.2441075,52.37358117103577,-9.974739237646963,-5.708221364880408,2.0269190358561806,2.5978884801380033,3.2072029224897602
1776265281.2510848,52.380558490753174,-9.972351247908382,-5.682419348453548,2.0280475474586805,2.598533763719606,3.7173082313422556
1776265281.2682343,52.39770793914795,-9.969946196727605,-5.656526566784831,2.0291766785704892,2.5991831195809496,1.5177596539276046
1776265281.3121033,52.44157695770264,-9.967516476981647,-5.630546418563759,2.030304947519006,2.59985319504924,0.5953609066541308
1776265281.3245738,52.454047441482544,-9.965056944868165,-5.604480626307831,2.031432862694386,2.600551933744546,2.101430778994124
1776265281.3333814,52.462855100631714,-9.962587774614963,-5.578318805840541,2.032563321231778,2.601244655884462,2.986308513812814
1776265281.3470752,52.47654891014099,-9.960119198824067,-5.552055536488521,2.0336943784097348,2.601915070217333,1.9281169589729525
1776265281.3967319,52.52620553970337,-9.957660240266643,-5.525687650473311,2.034825478360863,2.602550554906135,0.5337945535948571
1776265281.4474292,52.576902866363525,-9.957660240266643,-5.525687650473311,2.034825478360863,2.602550554906135,0.0
1776265281.4546642,52.58413791656494,-9.95520934722679,-5.499216391613413,2.03595874180358,2.6031591913777126,3.6777382602287036
1776265281.4550548,52.58452844619751,-9.952757454514135,-5.472647933991993,2.037094191207417,2.603754935678724,68.38278620087695
1776265281.4552608,52.58473443984985,-9.950307099182512,-5.4459834723652385,2.038229535252685,2.6043342795108457,130.10533135977084
1776265281.4701145,52.59958815574646,-9.947851354223461,-5.419227148679725,2.0393642602949873,2.604911779815738,1.8105054772786595
1776265281.4805503,52.610023975372314,-9.945390717755553,-5.392379582643259,2.0404988044295793,2.6054859251689804,2.5857052015376816
1776265281.510929,52.64040279388428,-9.945390717755553,-5.392379582643259,2.0404988044295793,2.6054859251689804,0.0
1776265281.5115511,52.64102482795715,-9.942941365426847,-5.365434146595467,2.041634561825729,2.6060302758842506,43.53516839880946
1776265281.5117867,52.641260385513306,-9.940477254662461,-5.3384016742906075,2.0427760728903217,2.606589183450981,115.33715276338917
1776265281.5181036,52.6475772857666,-9.937981443356382,-5.311289908867575,2.0439228516163843,2.6071889100086363,4.313910333240995
1776265281.5629804,52.69245409965515,-9.935476012204761,-5.284088979075835,2.0450733516481066,2.607797315598599,0.6092297312652583
1776265281.5730653,52.70253896713257,-9.932984132021025,-5.256788629948615,2.0462255562561342,2.608377158596423,2.720714105498076
1776265281.5907335,52.72020721435547,-9.9305132615525,-5.229385509952485,2.0473782546347445,2.6089171615884994,1.5586393790254476
1776265281.6134129,52.742886543273926,-9.928055096620339,-5.201883669706256,2.048529638275553,2.6094300092333986,1.218531423724973
1776265281.6695468,52.799020528793335,-9.928055096620339,-5.201883669706256,2.048529638275553,2.6094300092333986,0.0
1776265281.670189,52.799662590026855,-9.925611513346213,-5.174281431569304,2.0496766552320707,2.609911009529757,43.195131816731
1776265281.670422,52.79989576339722,-9.923178072584157,-5.14658224371998,2.0508183809447673,2.610366754341576,119.35026833928697
1776265281.6706636,52.80013728141785,-9.920745503648458,-5.118792653309268,2.051955890710178,2.61081392424469,115.59815467877138
1776265281.6783943,52.807868003845215,-9.918311486438363,-5.090916053663537,2.053089174551279,2.611256557768006,3.6226367384828113
1776265281.7317104,52.86118412017822,-9.915855455946962,-5.062962186001259,2.0542219781797595,2.611728784113033,0.5267527204955449
1776265281.7432275,52.8727011680603,-9.913377135971412,-5.034931067776484,2.0553558050428373,2.6122326445129853,2.445357173471264
1776265281.770779,52.9002525806427,-9.91089872655853,-5.006809202646498,2.0564890017028126,2.6127256809886816,1.0254864611791372
1776265281.7771857,52.90665936470032,-9.908431473415867,-4.978588025495322,2.057617765263868,2.613189359109999,4.425200075218598
1776265281.8228898,52.95236349105835,-9.905982221617249,-4.9502645871908095,2.058740769049212,2.613616031625632,0.6225107845462163
1776265281.823314,52.95278763771057,-9.903539596168095,-4.921847243413776,2.0598608738377955,2.6140270935990606,67.29774831581648
1776265281.8501644,52.97963809967041,-9.901093651061357,-4.8933438926076995,2.0609807394544597,2.6144429961776035,1.0662764369170477
1776265281.8592997,52.988773345947266,-9.898634519704283,-4.864757822881747,2.062102237546311,2.6148785194493773,3.1431619987434276
1776265281.9171193,53.04659295082092,-9.896156306725105,-4.836092366222355,2.0632242796105644,2.615339408242182,0.49800152789968416
1776265281.9440942,53.07356786727905,-9.893670484370322,-4.807342845362643,2.0643461028188947,2.6158094165969716,1.0705718550759022
1776265281.957472,53.08694577217102,-9.891195175507042,-4.778501712399743,2.065467415464262,2.6162659377857764,2.1654265399851345
1776265281.9783788,53.10785245895386,-9.888752449390271,-4.749562293572868,2.0665889013071115,2.6166740166232043,1.3901760056157735
1776265282.0010402,53.13051390647888,-9.88635254824831,-4.720519592913984,2.0677095023000662,2.617016994846226,1.2869092177279657
1776265282.0123816,53.141855239868164,-9.883980926704607,-4.691379724113678,2.068832446087596,2.6173202998127603,2.579747593346265
1776265282.024877,53.15435075759888,-9.881615620339922,-4.662154071453635,2.069958781072275,2.617613294569924,2.348268998959701
1776265282.0392535,53.16872715950012,-9.879233921063637,-4.632856495989818,2.0710889647994635,2.6179358640618995,2.0461269620190263
1776265282.0436864,53.17316007614136,-9.876838168559342,-4.603489568493216,2.0722245886419492,2.6182833087126096,6.651684899234959
1776265282.0962698,53.225743532180786,-9.874433272089584,-4.574050660892825,2.0733677422586156,2.6186461639144807,0.5621366290817911
1776265282.1342962,53.26376986503601,-9.872030724131521,-4.54453311337841,2.0745195926113387,2.619008691929623,0.7793955339930636
1776265282.1379175,53.267391204833984,-9.869630307007103,-4.51493599878353,2.0756750213459383,2.6193691000584685,8.206014387490955
1776265282.1481812,53.27765488624573,-9.867229470907468,-4.485254516264567,2.0768296988614554,2.619730469651673,2.903519615129418
1776265282.2036917,53.333165407180786,-9.864831361698243,-4.455489779880097,2.077983124777298,2.6200833730591597,0.5383385702076023
1776265282.2184033,53.34787702560425,-9.862445749934249,-4.425641678534098,2.079135382424125,2.620419807926964,2.0368558933614267
1776265282.226543,53.356016635894775,-9.860092809240923,-4.395698621256092,2.080285321294512,2.620707614285121,3.692728138516745
1776265282.2343585,53.363832235336304,-9.857767243229578,-4.365664034791255,2.0814317811160863,2.6209565393965755,3.8571953080391888
1776265282.2680728,53.3975465297699,-9.855448527936947,-4.335551261675599,2.082579710173087,2.6211969568980242,0.8964660569082842
1776265282.2754135,53.404887199401855,-9.853129615600267,-4.305366714718862,2.083728151709187,2.6214369241121696,4.127043935687616
1776265282.2871416,53.41661524772644,-9.850807472073877,-4.275114034604667,2.0848741865221756,2.6216889390272495,2.58894796216061
1776265282.311771,53.44124460220337,-9.848461477730638,-4.244801413714087,2.086019708820617,2.6219756239732495,1.2353080607107032
1776265282.3502896,53.47976326942444,-9.846099377535877,-4.214425075649572,2.0871652787214794,2.6222877761347934,0.7915530386559287
1776265282.3651197,53.494593381881714,-9.843739618946266,-4.18397746960197,2.088309295453749,2.6225974117276896,2.060694618469437
1776265282.3746731,53.50414681434631,-9.841396399002459,-4.153450688110368,2.08945148810038,2.622887110579636,3.207002279537009
1776265282.3902853,53.51975893974304,-9.839077498577593,-4.1228433501502275,2.090590328493471,2.623150968088106,1.9674563205066913
1776265282.4312305,53.56070423126221,-9.836777667981696,-4.092160936963363,2.0917259425771206,2.623391110798314,0.751965221002427
1776265282.4451275,53.57460117340088,-9.834497516314212,-4.06139874034301,2.0928564165619283,2.6236055194685792,2.22115722483433
1776265282.4577484,53.5872220993042,-9.832233523050206,-4.030559438011908,2.093984084385839,2.62379948224108,2.45170985547325
1776265282.482632,53.61210560798645,-9.82998256892176,-3.9996424810541424,2.095107403515922,2.6239772674259116,1.2465740872627207
1776265282.532833,53.662306785583496,-9.827736294545794,-3.968655611740297,2.096226163022534,2.6241474668375764,0.6192746522138435
1776265282.552509,53.68198275566101,-9.82547264098973,-3.937612928117528,2.0973456460738125,2.624340529433523,1.5829071441445568
1776265282.5718896,53.70136332511902,-9.823197070056564,-3.9065123171700646,2.098465386121154,2.624549513828607,1.610058293685975
1776265282.588743,53.71821665763855,-9.820924602720078,-3.87534589028099,2.099583104450691,2.6247526109742445,1.8553687925743518
1776265282.5997012,53.729174852371216,-9.818664798210664,-3.8441093322549906,2.1006984299473066,2.624935735654943,2.859781955120575
1776265282.6315253,53.76099896430969,-9.816395747162659,-3.812816536566874,2.1018147713074153,2.625131766928874,0.9865100563001604
1776265282.649806,53.779279708862305,-9.814125409806561,-3.781470767893732,2.1029314347756154,2.625336578789177,1.7202642809880548
1776265282.6581712,53.78764486312866,-9.811859111540223,-3.750073956634818,2.1040459225488837,2.6255452336609197,3.765408305043025
1776265282.669047,53.79852080345154,-9.80959037296264,-3.7186346509484376,2.105159750267171,2.6257653542860617,2.9000463713750992
1776265282.7159028,53.84537649154663,-9.807321757231755,-3.6871518337622837,2.106272953384449,2.6259909050887185,0.6740712489815379
1776265282.7301645,53.85963821411133,-9.80504900750437,-3.655623838145533,2.1073868932701094,2.6262259348083505,2.217784603095478
1776265282.7468607,53.87633442878723,-9.802792327644529,-3.624037949247724,2.108501218527712,2.626446653703355,1.897795535780356
1776265282.7654307,53.894904375076294,-9.800557109967656,-3.592392432656958,2.1096125405927912,2.6266459116046477,1.709418923155088
1776265282.7867463,53.91621994972229,-9.798358309644842,-3.5606807437782195,2.1107207965812718,2.6268058859840973,1.4922018616601715
1776265282.8139536,53.943427324295044,-9.796186596915948,-3.5289119012153427,2.1118280888691716,2.626942636121469,1.1710880563226154
1776265282.8204772,53.94995093345642,-9.794009632694204,-3.497106680047718,2.1129383596003044,2.6270949974421374,4.889772548797711
1776265282.8304093,53.959882974624634,-9.791814954654958,-3.4652724219908397,2.114049283247553,2.6272728053724768,3.214762351957511
1776265282.8840134,54.013487100601196,-9.78961038906853,-3.4334000687112884,2.1151567109457545,2.627462432507115,0.5963662801447467
1776265282.8875105,54.01698422431946,-9.787415039050797,-3.401478100162047,2.116259414991976,2.62764603889338,9.155056283632302
1776265282.9100783,54.039551973342896,-9.785244237338912,-3.3695073524952046,2.1173569653731,2.6278119767896837,1.4207509914144367
1776265282.9275281,54.05700182914734,-9.783111381078363,-3.3374859514134627,2.1184486145330044,2.627950828490194,1.8401822894286959
1776265282.9607272,54.090200901031494,-9.781027706132914,-3.3054077413507623,2.119535578278067,2.628054777680573,0.9688278160792838
1776265282.9676611,54.097134828567505,-9.778981623704489,-3.2732810473185134,2.120621859149238,2.6281340359243544,4.645290254056243
1776265282.9819164,54.111390113830566,-9.776939666743608,-3.241120668830022,2.1217068774641437,2.6282150515487896,2.2618557742401
1776265282.9954536,54.124927282333374,-9.774893687698553,-3.2089298695746438,2.1227869133816473,2.628300912892958,2.3840900997454635
1776265283.0627937,54.192267417907715,-9.772841080220875,-3.176709370227818,2.123862063249361,2.628388878128872,0.4797096173246016
1776265283.0751607,54.20463442802429,-9.770779197118589,-3.1444654242291983,2.1249348302963478,2.628485130915187,2.614019700983694
1776265283.0817766,54.21125030517578,-9.76869067475448,-3.1122087837032257,2.1260051807921716,2.6285981049895595,4.888527749982105
1776265283.0944848,54.22395849227905,-9.766568642168773,-3.0799511647016495,2.127072046351578,2.6287332145069513,2.545204971697346
1776265283.1077952,54.237268924713135,-9.764443113160905,-3.047683066354509,2.1281383242586642,2.6288756292023514,2.4308453050087913
1776265283.1439419,54.27341556549072,-9.762333276401225,-3.0154031653631743,2.1292061591514617,2.6290123808175676,0.895419238306811
1776265283.1669765,54.29645013809204,-9.760249613722742,-2.983110568081094,2.1302730750919148,2.6291394428741452,1.4055973692181851
1776265283.1722066,54.30168032646179,-9.75818077009527,-2.9508165185956043,2.131337693710128,2.629264729788169,6.190552782114233
1776265283.1805255,54.309999227523804,-9.756143702768558,-2.9185138710912484,2.1324020638117784,2.6293837575987022,3.8928591890322686
1776265283.231176,54.36064958572388,-9.754128280750434,-2.88621456063565,2.1334648806425847,2.629504671157025,0.6392763536464235
1776265283.2462528,54.37572646141052,-9.752127119775766,-2.853923983873392,2.1345229144903666,2.6296325123712174,2.146984791745347
1776265283.2467108,54.37618446350098,-9.750133615223163,-2.8216489962559406,2.135573190733189,2.629770092085535,70.64060863395495
1776265283.2676177,54.39709138870239,-9.748126361815757,-2.7894064158583127,2.1366156803430427,2.629923644931302,1.5459861501792194
1776265283.303038,54.43251156806946,-9.746077141915297,-2.7572155927213116,2.137653711709657,2.6300892285496995,0.9111382567696171
1776265283.3144305,54.44390416145325,-9.744003488469437,-2.7250743924974885,2.1386895155086685,2.6302639357874167,2.828563605443575
1776265283.3260565,54.45553016662598,-9.741937664570496,-2.6929790098092914,2.139722977293287,2.630451946897089,2.7677948665799152
1776265283.3541327,54.48360633850098,-9.739892657170522,-2.660940871993219,2.140752981546877,2.6306561585197903,1.1440255292973003
1776265283.396891,54.52636480331421,-9.737854203708892,-2.628972614810862,2.1417790740295723,2.630877839035184,0.7495501085246993
1776265283.4282784,54.55775213241577,-9.735801357756866,-2.597086999897676,2.1428005502732255,2.63110273501498,1.018498676543087
1776265283.4477518,54.57722544670105,-9.733732520408669,-2.565288717207744,2.143813849761812,2.6313245617527676,1.6371953320657058
1776265283.4603438,54.5898175239563,-9.731647087573192,-2.533591456995637,2.144818788082952,2.63153752624601,2.5239426491179
1776265283.4788082,54.60828185081482,-9.72955775928287,-2.5019971859073893,2.145816994698124,2.6317486121633094,1.7156872408834718
1776265283.4912748,54.62074851989746,-9.72748320488512,-2.4705042462273314,2.1468072850975415,2.6319678953275663,2.532892065355713
1776265283.5020971,54.63157081604004,-9.725436907947522,-2.439115170259549,2.1477892544411357,2.6322074500389134,2.9079807910571938
1776265283.5223172,54.65179085731506,-9.723419590450764,-2.4078357934998493,2.1487618485827498,2.6324731525719764,1.5509091514940836
1776265283.564465,54.69393873214722,-9.721432196384196,-2.3766764874367405,2.149726108913123,2.6327665987042796,0.7411407532977413
1776265283.592499,54.721972703933716,-9.71946247975075,-2.345652009262319,2.1506814247058803,2.633073576089663,1.1094260381145329
1776265283.5930233,54.72249698638916,-9.717496634241376,-2.314776764336374,2.151626533369011,2.633376454743755,59.03725586856778
1776265283.6110835,54.7405571937561,-9.715523811889156,-2.284059795395928,2.152559383158271,2.633657978866598,1.7050961132525615
1776265283.619059,54.74853277206421,-9.713538001106347,-2.2535072534651963,2.1534799022706825,2.6339072185960473,3.840579710728575
1776265283.6668522,54.79632592201233,-9.711538320269677,-2.223124894148228,2.154389653162404,2.634118346626905,0.6373650403324355
1776265283.674537,54.80401062965393,-9.709546581340849,-2.1929071825985975,2.155290357366276,2.634318890669501,3.9424626443031325
1776265283.6854892,54.81496286392212,-9.70756996206277,-2.1628523167787477,2.1561808920542074,2.6345171655945143,2.7513067405380998
1776265283.7002106,54.829684257507324,-9.705602997988914,-2.132964541892847,2.157055870635643,2.634704386966123,2.03548710911576
1776265283.7522795,54.88175320625305,-9.703655616270343,-2.103244001711775,2.157915046254874,2.6348953090286478,0.5722539322504043
1776265283.76899,54.8984637260437,-9.701728754997957,-2.073693140118928,2.1587567648901715,2.635088070459676,1.772869758926753
1776265283.7841926,54.91366624832153,-9.69981177654097,-2.044318822867315,2.1595814829798603,2.635261541873329,1.9370701928745941
1776265283.7881305,54.917604207992554,-9.697894254441026,-2.0151286199594916,2.160389292878036,2.6353958575531022,7.431327553047275
1776265283.823258,54.95273160934448,-9.69598971141263,-1.986119750960148,2.1611806006042005,2.63550821871238,0.8279032445414269
1776265283.8367925,54.96626615524292,-9.694122762641271,-1.9572843462718597,2.16195630206211,2.6356436439671374,2.1357339519061345
1776265283.8536127,54.983086347579956,-9.692302433031621,-1.9286202851303642,2.1627183156356393,2.6358199064872614,1.7081796485040062
1776265283.8617392,54.99121284484863,-9.690517416258082,-1.9001344334514492,2.163464095139708,2.636010831181616,3.513379157086615
1776265283.8964643,55.02593803405762,-9.688766251109731,-1.8718308125980985,2.16419233490456,2.6362157892286073,0.8169024243038706
1776265283.9099267,55.03940033912659,-9.687055153986142,-1.843709453226184,2.164902626498835,2.6364479567080643,2.093424634011861
1776265283.918949,55.04842257499695,-9.68536692067119,-1.8157792975420686,2.1655975908386416,2.636680931463176,3.102308684456471
1776265283.9348133,55.064286947250366,-9.683695775033664,-1.7880451116406346,2.166278496958651,2.6368984950980656,1.7519023179371709
1776265283.9610782,55.09055185317993,-9.682042654286906,-1.7605072283479555,2.1669432513042977,2.637100471699547,1.050659221624601
1776265283.9724915,55.1019651889801,-9.68040851315155,-1.7331650287247509,2.167591276864912,2.637290553038545,2.4005824732513914
1776265283.989689,55.119162797927856,-9.678804104327817,-1.7060139754952217,2.1682237784498897,2.6374953207153156,1.5819506813995319
1776265283.9958794,55.12535309791565,-9.677204233240651,-1.6790637036838585,2.1688410308077573,2.6376640172643446,4.362433576706668
1776265284.0258136,55.15528726577759,-9.67561035955831,-1.6523134464145588,2.169442100808838,2.6377981533025108,0.8954462915657802
1776265284.0402722,55.16974592208862,-9.674022147212174,-1.6257617400158841,2.170022585432848,2.637897707817073,1.8401085729123754
1776265284.0498476,55.1793212890625,-9.67243718082615,-1.5994077015325123,2.170580517658378,2.6379615660504605,2.7578630770126424
1776265284.0594275,55.18890118598938,-9.670872720539359,-1.5732438749700617,2.171118480611522,2.6380244718475723,2.7365720615440416
1776265284.0726278,55.20210146903992,-9.669339872909354,-1.5472649885480156,2.1716375483071655,2.6381095668934162,1.9718702132396981
1776265284.1149678,55.244441509246826,-9.667832607174716,-1.5214732846717458,2.1721400812969236,2.6382070962509068,0.6103110771995615
1776265284.1201499,55.2496235370636,-9.666346157475223,-1.4958706917120685,2.1726242655752865,2.638304689985279,4.949853292826159
1776265284.140542,55.270015716552734,-9.664879634756021,-1.470458057221132,2.1730883192296293,2.6383986873509455,1.248475881331568
1776265284.14559,55.27506375312805,-9.663437789787093,-1.445233876519592,2.1735328700470435,2.638501455630162,5.0057613927938975
1776265284.1844735,55.31394720077515,-9.662005989415588,-1.4202043421261985,2.173958420497361,2.6385798603537287,0.6448518985192199
1776265284.2097602,55.33923387527466,-9.660576046432721,-1.395372668935401,2.1743643044875336,2.638617605742993,0.9837640980423272
1776265284.221301,55.35077476501465,-9.659152649963415,-1.370736838469557,2.1747514520667446,2.638623127814438,2.138479235591175
1776265284.235307,55.36478066444397,-9.65775825940363,-1.3462874153483524,2.1751230245067226,2.638641529405179,1.748689679783548
1776265284.258813,55.38828659057617,-9.65640362606201,-1.3220197496640076,2.175479556165346,2.638696969935455,1.03412471836404
1776265284.275487,55.40496063232422,-9.655108334612619,-1.2979263411285873,2.1758210145219126,2.6388278207810276,1.4471966679455048
1776265284.2856665,55.41514015197754,-9.653864790058709,-1.2740112367232477,2.1761487655338665,2.6390210796436473,2.352729522888953
1776265284.3014686,55.43094229698181,-9.65265328082562,-1.2502842524522604,2.1764642272897983,2.639240039844666,1.503592612884013
1776265284.3458595,55.47533321380615,-9.651452934331221,-1.2267552491564773,2.1767659204307477,2.6394364391445535,0.5307737456591503
1776265284.3745399,55.504013538360596,-9.65023831957584,-1.2034358515426506,2.177054091928098,2.639565242362173,0.8142441500802482
1776265284.3789477,55.508421421051025,-9.649007523015099,-1.180326065241149,2.1773291948799467,2.6396216805514237,5.250632803999019
1776265284.3913505,55.52082419395447,-9.647764175837123,-1.1574217327715037,2.1775911764557927,2.639614141503602,1.8495501781605437
1776265284.4200742,55.54954791069031,-9.646517040254375,-1.134715938371262,2.1778391572494695,2.6395605897168637,0.7917279961302363
1776265284.430527,55.56000065803528,-9.645283552962514,-1.1121987882458206,2.1780746819405086,2.6395009833076304,2.157532285250369
1776265284.4545574,55.584031105041504,-9.644079835736564,-1.0898614476437738,2.1782977052486627,2.63946277931131,0.9309382318229024
1776265284.461399,55.5908727645874,-9.64290808062428,-1.0677019365062121,2.178507365678052,2.6394543850010086,3.243578542849142
1776265284.481553,55.611026763916016,-9.641764863078668,-1.0457222139654156,2.17870580914709,2.6394672153821173,1.0921072003936072
1776265284.5052252,55.63469886779785,-9.640651720939873,-1.023921937601802,2.178891210410699,2.6395024379340883,0.9221598696598021
1776265284.512525,55.64199876785278,-9.639563861739036,-1.0023035999080758,2.179061212570938,2.639548744034192,2.9652952717097607
1776265284.527571,55.657044649124146,-9.638496854549313,-0.9808696149307407,2.179215433719919,2.639597241328355,1.4263758086861407
1776265284.541172,55.67064571380615,-9.637438977578809,-0.9596250646306138,2.1793541454118053,2.639622782048587,1.5639455715782293
1776265284.5910966,55.72057032585144,-9.636395034675495,-0.9385691301950655,2.179479335402642,2.6396310164346537,0.422280083527734
1776265284.6085117,55.737985372543335,-9.63537353167855,-0.9176984698181279,2.179590688429355,2.6396422246872504,1.1998785270514287
1776265284.630496,55.75996971130371,-9.634374193166758,-0.8970124266585068,2.179688234060617,2.639655160582912,0.9420523381497795
1776265284.6489234,55.77839708328247,-9.633404683114572,-0.8765083040544815,2.179774569856598,2.6396852558753316,1.1139522437643223
1776265284.6993594,55.82883310317993,-9.632467689280398,-0.8561851808597258,2.179850711586384,2.639738360520347,0.40337945413320625
1776265284.7143776,55.84385132789612,-9.631562611956934,-0.8360430381004937,2.179916911760741,2.6398125204818954,1.3425405577433687
1776265284.737762,55.86723566055298,-9.630692835550246,-0.8160805543813446,2.1799723472520647,2.6399144582169454,0.8544823683928838
1776265284.7936056,55.92307925224304,-9.62986618595513,-0.7962950030626871,2.180015542184462,2.6400601299960536,0.3546129323473507
1776265284.8270183,55.95649194717407,-9.629068500015817,-0.7766929529508092,2.1800461793784334,2.6402201805065597,0.5871510178719581
1776265284.8410695,55.97054314613342,-9.628286059656368,-0.7572808296275058,2.1800648642635534,2.6403723991201855,1.3826503200506115
1776265284.8575227,55.98699641227722,-9.62750611834037,-0.7380633228057395,2.1800714768863583,2.640495407744045,1.16896719553012
1776265284.8647654,55.99423909187317,-9.62671574901942,-0.7190441223639392,2.1800652120678046,2.640567773308242,2.6282561011583234
1776265284.9214134,56.05088710784912,-9.62589854702768,-0.7002280629224025,2.18004656996047,2.6405620092714623,0.3324707135778108
1776265284.938709,56.068182706832886,-9.625046968913644,-0.6816155079307012,2.1800181879527325,2.6404620466931465,1.0772710167575215
1776265284.952303,56.08177661895752,-9.624180953679314,-0.6631944600380335,2.1799828083947967,2.640305646441219,1.3565945620164042
1776265284.9703245,56.09979820251465,-9.623338237882532,-0.644946912628448,2.1799442028339984,2.6401729894722505,1.0136199799853471
1776265285.0058572,56.13533091545105,-9.622531298903214,-0.6268657166401167,2.179902556869799,2.640085858513575,0.5093684027750641
1776265285.035419,56.16489267349243,-9.621778005703009,-0.6089426840509174,2.1798581599653484,2.640074274300201,0.6068282788073199
1776265285.0400941,56.169567823410034,-9.62106348086647,-0.5911845631437455,2.179810500287135,2.640110867835934,3.80149392075243
1776265285.0537822,56.18325591087341,-9.620384643320397,-0.5735949425628183,2.1797582613739417,2.6401860804038617,1.285993567895467
1776265285.1039426,56.23341631889343,-9.619746258665435,-0.5561745819104542,2.179701450944085,2.640305006278073,0.34752800216157737
1776265285.1138675,56.24334120750427,-9.619147485660205,-0.5389265184927351,2.179639115088182,2.640462285987423,1.7389178715313154
1776265285.1304684,56.259942054748535,-9.618562915387155,-0.5218625657985158,2.1795707844425563,2.6406129080015477,1.0285077157903806
1776265285.1374197,56.26689338684082,-9.617972652522308,-0.5049914967505161,2.179496645451293,2.6407185263118707,2.4285351551952368
1776265285.1532123,56.28268599510193,-9.617364467816962,-0.48831825970985,2.179416995298082,2.6407557252631455,1.0564762631784326
1776265285.2084718,56.33794546127319,-9.616751569792648,-0.47183569735177333,2.1793308167421133,2.6407545160707024,0.2984860313046457
1776265285.217643,56.34711670875549,-9.616140152518291,-0.45553831149827906,2.179237448628383,2.6407312798358573,1.7782878683198626
1776265285.2367845,56.36625814437866,-9.615520007118612,-0.4394274729577325,2.179136529516049,2.640665756958137,0.8423132798135113
1776265285.245043,56.37451672554016,-9.614906714564627,-0.42349490746808377,2.1790297484467014,2.640587285714571,1.9306854419317874
1776265285.3008122,56.430285930633545,-9.614325388390224,-0.40772902647465853,2.178918767840773,2.6405472075294254,0.28289779494153244
1776265285.3232296,56.45270323753357,-9.613775696084932,-0.39212879343814705,2.178802830927028,2.6405460126943874,0.6963523833810409
1776265285.3302197,56.45969343185425,-9.61323882750706,-0.37670135149788514,2.1786813347521554,2.640547325367209,2.2084162359216672
1776265285.34112,56.47059369087219,-9.612693128347326,-0.3614555571122503,2.1785545272569475,2.640503669149874,1.399607520457561
1776265285.3821757,56.51164937019348,-9.612138297828556,-0.34639123502196356,2.1784216719677016,2.6404141653782878,0.3671872375213543
1776265285.4091308,56.538604497909546,-9.611584989657494,-0.33150342873573946,2.1782849155168176,2.6402960280326098,0.5527227494345881
1776265285.4171782,56.54665184020996,-9.611065471883924,-0.316779123421144,2.1781464889666395,2.6402118686407228,1.8309296733583384
1776265285.4337227,56.563196420669556,-9.610601366834686,-0.30220977495035306,2.178005031071002,2.640201321763308,0.8810997053418338
1776265285.4802167,56.60969042778015,-9.610196712667975,-0.28779475317791803,2.1778596639184555,2.640272706351126,0.3101783193132645
1776265285.4883587,56.61783242225647,-9.609851105668257,-0.2735365628479105,2.1777110173550764,2.64042574971097,1.7518008604435742
1776265285.5047421,56.63421583175659,-9.609542648868416,-0.25944639470607006,2.177559797296043,2.6406192329994544,0.860282183726054
1776265285.52432,56.65379357337952,-9.609256427103062,-0.2455327648942881,2.177404784557992,2.640823290419469,0.7108806032429663
1776265285.5575814,56.6870551109314,-9.608961721680936,-0.2318099844754478,2.1772474484027047,2.640979670881739,0.412694279189919
1776265285.5702841,56.69975781440735,-9.608640660375173,-0.21828506874490694,2.177085623376315,2.6410540309981636,1.0651034864253137
1776265285.5883994,56.717873096466064,-9.60828985355973,-0.20495714767984716,2.176918627006257,2.6410435440601163,0.7360405906644231
1776265285.614352,56.74382567405701,-9.607939732556085,-0.19181067639837984,2.1767498003831833,2.641013895573645,0.5067788076332538
1776265285.6499104,56.77938413619995,-9.607598436405306,-0.17883829898647427,2.1765798006402886,2.6409812978302143,0.36497584483296935
1776265285.672936,56.802409648895264,-9.607277302116508,-0.16603249790478442,2.17640900709355,2.6409739862542554,0.5563813386636696
1776265285.695515,56.82498860359192,-9.606976361603438,-0.15339172904298862,2.176238887091006,2.640992095457703,0.5600567056916612
1776265285.7128177,56.84229135513306,-9.60670454536617,-0.14091169224664596,2.176068705783128,2.641048049237025,0.7215127892804305
1776265285.7194695,56.84894323348999,-9.606462572084645,-0.12859196680922094,2.175895507035337,2.6411436428455737,1.8526073443606197
1776265285.7447925,56.874266147613525,-9.606232273196525,-0.11644051911559292,2.175719623088521,2.641248141325488,0.4799961963247797
1776265285.7625782,56.89205193519592,-9.605998867240057,-0.10446434118540086,2.175540817636229,2.6413314642736205,0.673559524314301
1776265285.7739513,56.903424978256226,-9.605759546664984,-0.09266465704121264,2.175358059890227,2.6413882085567355,1.0378511457949233
1776265285.78602,56.91549372673035,-9.60550234336743,-0.08104544601144817,2.175171347240082,2.641400894405231,0.963112052932636
1776265285.8530748,56.9825484752655,-9.605218934404716,-0.06960897918807324,2.1749841166552493,2.6413524681903104,0.1706293763476649
1776265285.8645067,56.993980407714844,-9.604911140036101,-0.0583523812535138,2.174797113881779,2.6412510820593624,0.9851665854095368
1776265285.8824313,57.01190495491028,-9.604588961520637,-0.04726856119107191,2.1746088913743744,2.6411118690654645,0.6187101292650637
1776265285.8928316,57.02230525016785,-9.60427454577871,-0.03634690876242848,2.1744203328140888,2.640977772805186,1.0507205681345322
1776265285.942018,57.071491718292236,-9.60400101284219,-0.02557345333706036,2.1742351521749783,2.6409080131905833,0.21913584326976654
1776265285.949317,57.07879066467285,-9.603780791087853,-0.014942888056932292,2.1740524781550907,2.6409246091443004,1.4569794866238452
1776265285.9629877,57.092461347579956,-9.603609983663507,-0.004457525694789797,2.1738707081876956,2.641019701304695,0.7672132250020578
1776265285.9737403,57.10321402549744,-9.60345745406431,0.00586724964812374,2.1736927596446187,2.641135269236237,0.9604523852095166
1776265286.0103714,57.13984513282776,-9.603301166360929,0.016019608789004682,2.1735177775806327,2.6412248148097612,0.27722529959275055
1776265286.0575247,57.18699836730957,-9.603301166360929,0.016019608789004682,2.1735177775806327,2.6412248148097612,0.0
1776265286.0581486,57.18762230873108,-9.603132539593444,0.025994508697576177,2.1733428092994407,2.6412693511698673,15.99166043351551
1776265286.0583825,57.18785619735718,-9.602956920800507,0.03579433335642153,2.1731671732160986,2.6412821358819523,41.91299005029495
1776265286.0585797,57.188053369522095,-9.60277920900471,0.045421649900585226,2.1729926131632844,2.641273405178955,48.843297683201044
1776265286.0857363,57.2152099609375,-9.602611562164228,0.05488272701234349,2.172819379563614,2.6412696694052507,0.34850279088505315
1776265286.0994558,57.22892951965332,-9.60246784880018,0.06418488822011525,2.1726449634895646,2.6412965229448595,0.6782219675060823
1776265286.1130214,57.24249505996704,-9.602344773029996,0.07332817179106407,2.172467097600403,2.641350847911795,0.6741966318994284
1776265286.1282449,57.257718563079834,-9.602232592256769,0.0823088975786593,2.172285786516183,2.641416207224231,0.5900912715098589
1776265286.1643374,57.293811082839966,-9.602129148658287,0.09112622519397118,2.172100814937136,2.6414898782890033,0.2443684808730055
1776265286.1750178,57.30449151992798,-9.602014866180886,0.09977231380031092,2.1719154843482498,2.6415354839374228,0.809782378938888
1776265286.186614,57.31608772277832,-9.601865889630533,0.10823847618838438,2.1717298034174433,2.641508901147603,0.7303691365915131
1776265286.213382,57.34285569190979,-9.601694964592046,0.11653164698312231,2.171543710345902,2.6414364242131567,0.30996072854252693
1776265286.2235274,57.3530011177063,-9.601531450171189,0.12466541983868398,2.171359068378983,2.641371596310972,0.8020867219863702
1776265286.2490747,57.37854838371277,-9.601376224147584,0.13264271603361336,2.17117284772539,2.641318884585981,0.31240051774505495
1776265286.2663906,57.39586424827576,-9.6012286634023,0.140464430528483,2.170985003511177,2.6412766002990224,0.451918593499986
1776265286.2802017,57.40967535972595,-9.601083964932606,0.1481288178797845,2.170795001722629,2.6412345648804663,0.5552129148528142
1776265286.2984133,57.427886962890625,-9.600945100010781,0.1556366112760875,2.1706060614961644,2.6411934603750207,0.412454306706704
1776265286.353114,57.482587575912476,-9.600823968661004,0.16299271488192707,2.1704176528951544,2.6411772860480704,0.1345416905528165
1776265286.3739607,57.50343441963196,-9.60073081950012,0.17020095200435112,2.1702286796196955,2.64120300411409,0.3459188122882382
1776265286.3913922,57.52086591720581,-9.600661399983066,0.17725911177599812,2.170036951888774,2.641263075883262,0.40507733513170174
1776265286.3936272,57.52310085296631,-9.60061340625884,0.18416547379639467,2.169841270535169,2.64135084784043,3.0914983976808523
1776265286.4247775,57.554251194000244,-9.600577652353374,0.19091493776564417,2.169642796957355,2.641452538148282,0.21677053645162025
1776265286.4492757,57.57874941825867,-9.600527735564176,0.19749556421306796,2.169443722695943,2.6415216308771523,0.2687470762801913
1776265286.4552584,57.58473205566406,-9.600452192502221,0.2039025548614658,2.169243151341752,2.641537495917255,1.0715298315011041
1776265286.4755542,57.60502791404724,-9.600351935003532,0.21013691267610743,2.169040819924649,2.6415030857719675,0.3073753155321125
1776265286.5074446,57.63691830635071,-9.600246494017812,0.21620833170794237,2.16883855910975,2.6414523018381812,0.19051826224410656
1776265286.5323608,57.661834478378296,-9.60016133012645,0.22212892892604513,2.168639154365588,2.6414383895769387,0.2377799588914197
1776265286.5408013,57.67027497291565,-9.600102332288872,0.2279023500997161,2.168443564540743,2.6414724797193334,0.6844426618368918
1776265286.553404,57.68287777900696,-9.600048321536923,0.23352030300675497,2.1682503015652617,2.641511967228032,0.44605428095950306
1776265286.586504,57.71597766876221,-9.599984031743988,0.23897631522790785,2.1680575340367105,2.6415311997724547,0.16494903995701315
1776265286.6074438,57.73691749572754,-9.599898931318966,0.24426639003847606,2.1678668850743197,2.6415181633090143,0.2528288849591489
1776265286.6197336,57.74920725822449,-9.599795347319413,0.24939243651099557,2.1676791565876816,2.6414709933305827,0.41746361133047366
1776265286.6336596,57.76313328742981,-9.59967440691089,0.2543566674751458,2.16749257753171,2.6413916489945417,0.3568287737112685
1776265286.6723084,57.80178213119507,-9.59954353940716,0.25916377889153697,2.167306951065393,2.641297458459702,0.1245179231194231
1776265286.6842258,57.81369948387146,-9.599421295846984,0.26382234878532956,2.1671245720561942,2.6412190283301573,0.3913403431166687
1776265286.709422,57.83889579772949,-9.599315676178781,0.26833699643203845,2.1669446217685273,2.641167461314205,0.17937016176937684
1776265286.7180705,57.84754419326782,-9.59921586369257,0.27270347493607094,2.1667666582331244,2.6411246759253517,0.5054397999031506
1776265286.7287953,57.85826897621155,-9.599135742096683,0.27692635121400244,2.1665914115991405,2.6411131094364375,0.39415906201692064
1776265286.7778008,57.9072744846344,-9.599084436531163,0.2810084247609793,2.166417938295441,2.6411490279993335,0.08338001425320898
1776265286.7856474,57.91512107849121,-9.599056391752823,0.28494584721210375,2.1662454120851242,2.641218732951193,0.5022944074800676
1776265286.7993364,57.928810119628906,-9.599027160733037,0.2887270146769982,2.166074487318769,2.6412792275743233,0.27650889405077517
1776265286.8114028,57.940876483917236,-9.598972951704583,0.2923418174533935,2.1659043854143594,2.6412873644199086,0.29994194776056027
1776265286.8622577,57.99173140525818,-9.598881913332077,0.2957860533184939,2.1657330267897605,2.641225502129418,0.06783409261962763
1776265286.8778286,58.00730228424072,-9.598772557274168,0.29906818802160284,2.1655633025903787,2.6411247162232323,0.21118518650725274
1776265286.8832448,58.01271843910217,-9.598670374681678,0.3022004546770973,2.1653973012954038,2.641031691792122,0.5794380707086864
1776265286.899595,58.0290687084198,-9.598597228193578,0.30519317156148834,2.165237296969434,2.6409862293025994,0.18335377555192428
1776265286.9519727,58.081446409225464,-9.598535683090976,0.3080402525333634,2.165083400487919,2.6409527363432996,0.0544487716111629
1776265286.9612393,58.090713024139404,-9.598475584412853,0.3107377176156622,2.1649325839001516,2.6409174046090977,0.2916217297657961
1776265286.9803982,58.10987186431885,-9.598420242097427,0.31328653052340677,2.164783927634533,2.640884776523899,0.13329324899506492
1776265286.991429,58.12090277671814,-9.598373311617722,0.31568845732155837,2.1646361091611435,2.6408559594446634,0.21819850229884183
1776265287.0413723,58.1708459854126,-9.598343223544234,0.31794711579886337,2.164488791241352,2.6408493824691512,0.04532463400152444
1776265287.0545733,58.18404698371887,-9.598332544866755,0.32006257846975783,2.1643443478804967,2.640867028017303,0.16062536021062346
1776265287.0607252,58.19019889831543,-9.598325878230435,0.32202793991440526,2.1642035811949105,2.640880033480617,0.3202917346333866
1776265287.0724258,58.20189952850342,-9.598314081246354,0.3238390662135335,2.164065276923491,2.6408707065207007,0.1552427188997434
1776265287.1190443,58.248517990112305,-9.598292865508762,0.3254942859762071,2.163926826679473,2.640830934887777,0.03563256722454885
1776265287.160594,58.29006767272949,-9.598278655278913,0.32700034167969905,2.1637899008058237,2.640792005641423,0.03639821046279545
1776265287.167271,58.29674458503723,-9.598300219558602,0.32836906295584195,2.163658492808522,2.6408049183562494,0.20596106831341435
1776265287.169839,58.299312591552734,-9.598357310976935,0.32960076200966476,2.1635291632604465,2.6408695963855515,0.48278129620143545
1776265287.1992319,58.32870554924011,-9.59844472396671,0.3306925167125989,2.1634004815083547,2.640975051565116,0.03751858215985054
1776265287.2177157,58.34718942642212,-9.598545724421124,0.33163630254154913,2.16327221264468,2.641094356737262,0.05181826947523636
1776265287.2322416,58.36171531677246,-9.59864518114355,0.3324255449663342,2.163142490430325,2.64120479950646,0.05548658130821206
1776265287.248661,58.37813472747803,-9.59872729201584,0.33305356141932735,2.163012792008488,2.641277372074736,0.03937442562116808
1776265287.2537384,58.383212089538574,-9.598794437650431,0.3335216402406843,2.162883366981912,2.641320854706017,0.0965584744161649
1776265287.28647,58.41594362258911,-9.598836925926072,0.33382779096642,2.1627539235948574,2.641318860738557,0.010237701781718293
1776265287.2975667,58.427040338516235,-9.598853984270463,0.3339738164417841,2.1626276314710866,2.64127308975688,0.017465948782112835
1776265287.3162344,58.44570803642273,-9.59885620748726,0.33396672885963763,2.162503156260737,2.64120334745676,0.006679808649168886
1776265287.329811,58.45928478240967,-9.59884705728974,0.33381090983216144,2.16238088628646,2.641117391952695,0.014604064334837158
1776265287.3871331,58.51660680770874,-9.598835611209527,0.33351189574118423,2.162262777554421,2.6410323860910294,0.005612132317785807
1776265287.3942394,58.52371311187744,-9.598833418095722,0.33307569696740874,2.162148258451851,2.640965920436924,0.06346287310018575
1776265287.410748,58.54022169113159,-9.598848417073981,0.3325058319853698,2.1620399736252165,2.6409302235166248,0.035148736022625214
1776265287.4268613,58.55633497238159,-9.598873430971263,0.3317992948316646,2.161935275410352,2.6409112373482944,0.044354110380763756
1776265287.4698472,58.59932088851929,-9.598907123555767,0.33095508451217726,2.1618320135350104,2.6409094968433346,0.019801121627226376
1776265287.4831073,58.61258101463318,-9.598949556577187,0.32997270664424955,2.16173081167107,2.6409244197383606,0.07454590221580087
1776265287.5103085,58.639782190322876,-9.598995316169477,0.32884871614783956,2.161633060982107,2.640941617813988,0.041511464904202225
1776265287.5269277,58.65640139579773,-9.59903212076172,0.32757754472215445,2.1615374332647193,2.640944008911,0.07673618875483304
1776265287.5526488,58.682122468948364,-9.599030055189692,0.32614704121070576,2.16144736407912,2.6408770058803737,0.05572620209584827
1776265287.5751204,58.704594135284424,-9.59901162147909,0.324566732385162,2.1613635407380074,2.640776488872944,0.0704281423442034
1776265287.5855103,58.71498394012451,-9.599008307732262,0.3228503658595586,2.161287748207098,2.6407008790693,0.16535848199119801
1776265287.6010509,58.73052453994751,-9.599039068211713,0.3210064303648422,2.1612182786581693,2.640686638023987,0.11875346149939417
1776265287.6301801,58.7596538066864,-9.599108972853545,0.3190366036044455,2.1611546163597017,2.6407375641356317,0.06770148362420193
1776265287.6494415,58.77891516685486,-9.599203031734111,0.31693314968580566,2.1610967933939844,2.640823021471098,0.1093562270397263
1776265287.6654508,58.79492449760437,-9.59928072427588,0.31467870547137083,2.161045916637021,2.6408723744328784,0.14094007008316733
1776265287.6831427,58.8126163482666,-9.599342221376219,0.31227269939393737,2.161000036480848,2.6408890832385556,0.13606429224202898
1776265287.720045,58.84951877593994,-9.599392895037829,0.309717874679082,2.1609576082585855,2.640883525276983,0.06925504854567904
1776265287.7379203,58.8673939704895,-9.599425444783524,0.3070127883412388,2.160917021224704,2.6408426483753686,0.15135984112429218
1776265287.7387576,58.86823129653931,-9.599452010023683,0.30416404310954187,2.1608773896403255,2.6407884510462507,3.4026706134294424
1776265287.7599792,58.88945293426514,-9.599490158890687,0.30117982140254435,2.160839903630973,2.6407526870621782,0.14064423226706096
1776265287.765013,58.89448666572571,-9.599549771546373,0.29806543949878106,2.16080482204627,2.6407498881130094,0.6188550074944439
1776265287.8112977,58.94077134132385,-9.599641926229841,0.2948257615237815,2.1607717010178695,2.6407994083078874,0.07002658226716393
1776265287.8307137,58.96018743515015,-9.599750854669127,0.29145326081767203,2.1607417786753698,2.640876987704227,0.17379355954114842
1776265287.841395,58.9708685874939,-9.599860384450308,0.2879407742086558,2.1607165189550073,2.6409563778821115,0.3290173751241138
1776265287.8632233,58.99269700050354,-9.599941630274145,0.2842766080688548,2.160695651987786,2.6409859072886945,0.16790621309007372
1776265287.9053001,59.03477382659912,-9.599988796727867,0.28045846419288367,2.1606783784261214,2.640957176863378,0.0907500545722872
1776265287.9177737,59.04724740982056,-9.600020859280555,0.27649495523907497,2.1606627532292815,2.640903774956137,0.3177651011344488
1776265287.924466,59.05393958091736,-9.600052876235136,0.27239358864906105,2.160648385015496,2.64084923995509,0.612882824511826
1776265287.9344761,59.06394982337952,-9.600098442567349,0.2681619222844266,2.160634683771788,2.640820412332849,0.4227603757678516
1776265287.9807785,59.110252141952515,-9.60016465847027,0.26380430868801763,2.1606216282567647,2.640827553015542,0.09412349849747045
1776265287.987399,59.116872787475586,-9.600235856591466,0.25931456391329505,2.160610594303289,2.6408438759994133,0.67823036413013
1776265288.0068953,59.13636898994446,-9.600295674339215,0.25468405089909363,2.1606015991657705,2.640839914498012,0.23752872435018474
1776265288.0173676,59.146841287612915,-9.600343886278582,0.2499085230996526,2.1605912447241105,2.640812929693598,0.45603959456598375
1776265288.057216,59.186689615249634,-9.600384802342187,0.2449894042526859,2.160578570486652,2.6407705435427125,0.12345073502419733
1776265288.0713055,59.20077919960022,-9.600427972959013,0.23993443252081875,2.1605644613356936,2.640725651222179,0.3587881399319464
1776265288.0810063,59.210479974746704,-9.600484535500785,0.2347477777621842,2.1605512852245545,2.64069387538746,0.5346974674585314
1776265288.103228,59.232701778411865,-9.60056124806327,0.2294348458559953,2.160540358575053,2.6406935306586248,0.23911186563809322
1776265288.1399941,59.26946783065796,-9.600632728663118,0.22398406182205882,2.160532752667796,2.6406787894210773,0.14826878815422945
1776265288.1625068,59.291980504989624,-9.600670265260405,0.21838170570760865,2.160527456974485,2.6405960756164686,0.24885912191823725
1776265288.1679082,59.29738187789917,-9.600688248699283,0.21263215606841807,2.16052291600842,2.64047249739635,1.0644663223425999
1776265288.1781874,59.307661056518555,-9.600713900635744,0.20674967334665817,2.1605203524569254,2.6403501409197756,0.5722771661549245
1776265288.2103133,59.339787006378174,-9.600769080294294,0.20075068509854732,2.160520513310113,2.6402690248143905,0.18674131183049186
1776265288.2217581,59.351231813430786,-9.60086860347524,0.1946448930306706,2.1605245581695813,2.640254374460329,0.53356989151899
1776265288.231357,59.360830783843994,-9.601000228785823,0.18842032272843243,2.1605314440503145,2.6402780282829363,0.648607649232442
1776265288.2452302,59.374703884124756,-9.601144680210467,0.18206752592661152,2.1605401405690583,2.640305562908748,0.45804071891375403
1776265288.253937,59.383410692214966,-9.601262867717038,0.17556535462487197,2.160549925181435,2.6402757907528263,0.7469158193533105
1776265288.297843,59.427316665649414,-9.601345088737231,0.16891581107801054,2.1605570348150485,2.6401760913525902,0.1514612963925054
1776265288.2982328,59.427706480026245,-9.601387900347255,0.16211919495660593,2.1605600923855093,2.640005303089957,17.43586703332008
1776265288.314959,59.444432735443115,-9.60141336176536,0.15519259581519837,2.1605626601307986,2.639802552532766,0.41411817775369014
1776265288.3219025,59.45137619972229,-9.601450973201523,0.14815942164807946,2.1605699780327177,2.6396162919946935,1.0129350794250087
1776265288.3608813,59.490355014801025,-9.601517636635528,0.1410322878885687,2.160583770587919,2.6394684648228632,0.1828546827481123
1776265288.371152,59.50062561035156,-9.60163283590247,0.1338167532778654,2.1606041658862645,2.6393799734204366,0.7026352991417506
1776265288.3831897,59.5126633644104,-9.601793167671445,0.12651209143659511,2.160630262534188,2.6393384797040897,0.6069627090681141
1776265288.3985753,59.52804899215698,-9.601988404590221,0.11912053055803466,2.1606602125996464,2.6393382501533478,0.48059134481280263
1776265288.4163656,59.54583930969238,-9.602191028467885,0.11164196481914011,2.1606949774521604,2.6393431868801667,0.42053161416475826
1776265288.440473,59.56994676589966,-9.602380198810067,0.10406928061468507,2.16073363987534,2.63932900616128,0.31422416497533273
1776265288.4581864,59.58766007423401,-9.602544967609061,0.0963944313746241,2.160773828095922,2.6392787961115363,0.4333873023444989
1776265288.460134,59.58960771560669,-9.602686609574938,0.08861323406504874,2.160812239383303,2.639198013098663,3.9959005106381142
1776265288.4811566,59.61063027381897,-9.602804978854083,0.08072550246958564,2.1608500411193288,2.6390799708658492,0.3752497772411619
1776265288.4974382,59.626911878585815,-9.602924516133196,0.07274881533643521,2.160890950724856,2.638960210248152,0.48998165554151957
1776265288.5070307,59.63650441169739,-9.603077071534392,0.06470835988657378,2.1609410778299365,2.638876996215098,0.8383665404067321
1776265288.5185506,59.64802432060242,-9.603271934966385,0.05660803832971311,2.160999366230637,2.638835489304649,0.7033801030974879
1776265288.5530088,59.68248248100281,-9.603493366405031,0.04844727171503177,2.161062796935419,2.6388231212583144,0.23692549187212553
1776265288.5653656,59.69483923912048,-9.603724056637578,0.040223964483501275,2.161130862838136,2.638816834599235,0.6657752705232995
1776265288.5766692,59.70614290237427,-9.603951066695368,0.03193912228402323,2.1612046907588534,2.6388096963759358,0.7332384519308566
1776265288.5907042,59.72017788887024,-9.604173779129843,0.023598999995617216,2.161283674119895,2.6388031543796493,0.5944764709239095
1776265288.6228242,59.75229787826538,-9.604376394707112,0.015199495498151628,2.161368072562012,2.6387856571385315,0.2615932310245382
1776265288.6370382,59.76651191711426,-9.604542590328997,0.006730099792500569,2.1614543393271415,2.638744471094989,0.5959928435292059
1776265288.6521857,59.78165936470032,-9.60465874367755,-0.0018136766920083614,2.1615416591803585,2.6386735482289896,0.5641222470521885
1776265288.6566904,59.78616404533386,-9.604732683584697,-0.010423440431351563,2.161631027698298,2.6385795207547074,1.91146625419897
1776265288.6749146,59.80438828468323,-9.604797586351479,-0.019076885839154793,2.1617250951060836,2.6384960477975286,0.4748730458470765
1776265288.6967402,59.82621383666992,-9.604899813198422,-0.02774837090679146,2.1618264554397904,2.63843944193134,0.3973636018820016
1776265288.7100227,59.83949637413025,-9.605055069819814,-0.03642225668763791,2.1619342851139938,2.6384161629889022,0.653184325649187
1776265288.7221048,59.8515784740448,-9.605238919844389,-0.04510633015893288,2.1620475226683067,2.6384087800381884,0.7189774582219758
1776265288.7333014,59.86277508735657,-9.605431981072105,-0.053802506352165456,2.1621652979828387,2.6384051008927982,0.7769417445597789
1776265288.778629,59.9081027507782,-9.605630543192602,-0.06250496319446269,2.1622867711072153,2.638406150127652,0.19205863911784918
1776265288.8002656,59.929739236831665,-9.605823555226758,-0.0712157634250991,2.1624091538699957,2.6384047399023287,0.4027362744495224
1776265288.8018112,59.93128490447998,-9.606003998167894,-0.07993622452489152,2.162529446959265,2.638401031877168,5.643617648956927
1776265288.8168921,59.94636583328247,-9.606162844731944,-0.08867032856366905,2.162646293576633,2.6383982766134584,0.5792965363324047
1776265288.8454583,59.974931955337524,-9.606310870029182,-0.0974178294525949,2.1627612759580166,2.638398888892887,0.3062896945890564
1776265288.854843,59.98431658744812,-9.606462114608915,-0.10616916304226089,2.162876160702372,2.638402153124134,0.9327370821207586
1776265288.8751168,60.00459051132202,-9.606632274489352,-0.11491610064129476,2.1629903671167106,2.638412088513319,0.4315562207336357
1776265288.879049,60.008522748947144,-9.606831939280408,-0.12365023222274649,2.1631044519931306,2.638423157525222,2.2219304054388385
1776265288.906723,60.0361967086792,-9.607038182012394,-0.13237877418600627,2.163219541084371,2.6384378260874497,0.3155217690985851
1776265288.9251134,60.0545871257782,-9.607237953685273,-0.14110478547033986,2.1633332759888786,2.638454370036025,0.4746514823834986
1776265288.941109,60.07058262825012,-9.607407351377901,-0.1498349530145454,2.1634480172792525,2.6384707162261103,0.5459387555825762
1776265288.9414868,60.070960521698,-9.607534105809798,-0.15857254656249353,2.163564708757819,2.638489653882444,23.1263390392325
1776265288.9810688,60.11054253578186,-9.607643515078692,-0.16729515900128317,2.1636845830395695,2.638513315255244,0.2204062221714637
1776265288.9980881,60.127561807632446,-9.607747209931324,-0.17598972125393159,2.1638090138854933,2.6385386097311136,0.5109543426737904
1776265289.0142105,60.14368414878845,-9.607855424771442,-0.18463952386878987,2.1639359673811485,2.638562674984441,0.5366100960467962
1776265289.0341249,60.16359853744507,-9.607986148941148,-0.19323019743563802,2.164063408494819,2.6385824226626995,0.4314776312324726
1776265289.0835578,60.21303153038025,-9.608140567899715,-0.20176172460624558,2.1641896763197264,2.6385934421857136,0.17263487829884475
1776265289.0929816,60.22245526313782,-9.608322662579887,-0.21023377628891202,2.1643132891663703,2.638591441225662,0.8993156054034684
1776265289.1082351,60.23770880699158,-9.608499315757257,-0.21866584683131057,2.1644399429444223,2.6385843428605074,0.5529778400434678
1776265289.127269,60.25674271583557,-9.608645372787805,-0.22707231548444318,2.1645699734921005,2.6385803409754924,0.44177698280896693
1776265289.137452,60.266925573349,-9.608750197694363,-0.2354591154116513,2.164701788085993,2.638590570571884,0.823785533429657
1776265289.189101,60.31857466697693,-9.608792417051248,-0.2438377887965825,2.1648358577298334,2.63862009732535,0.16224587359036088
1776265289.2125437,60.34201741218567,-9.608789419904667,-0.2521981006308564,2.164971206589493,2.6386687883198987,0.35667358225660145
1776265289.2142437,60.34371733665466,-9.608775192352656,-0.2605213028528881,2.1651090261000268,2.63872350414446,4.8968971824415135
1776265289.2454767,60.37495040893555,-9.608768679415958,-0.2687924067676187,2.1652488199307154,2.6387773504501055,0.2648566775825838
1776265289.2919219,60.42139554023743,-9.608779078412804,-0.27700620656540326,2.1653893343849373,2.638826594738828,0.17687555100337896
1776265289.3174486,60.446922302246094,-9.608805029039116,-0.28516480661116145,2.1655277283375467,2.638869499477569,0.31965726828530794
1776265289.3349652,60.464438915252686,-9.608858214917793,-0.29326130556349406,2.1656640063103443,2.638902567409216,0.46229373375255006
1776265289.3427372,60.47221088409424,-9.608949349386174,-0.3012832602831956,2.1657994561515466,2.6389188371031147,1.0323787848149049
1776265289.3962076,60.525681257247925,-9.60904123755256,-0.3092500126548795,2.1659398223106217,2.6389362949379738,0.14902680078963554
1776265289.4269307,60.55640435218811,-9.609120249712666,-0.3171719445219861,2.166088292107521,2.6389671947994673,0.25790751195502526
1776265289.4301271,60.559600830078125,-9.609186939461226,-0.3250403980252798,2.166239523367404,2.639004979642769,2.4621441249941887
1776265289.4448445,60.574318170547485,-9.609259330475474,-0.3328464360955365,2.166392254977639,2.6390382989366405,0.5305216454992249
1776265289.5235531,60.653026819229126,-9.609337815889619,-0.3405922208557577,2.166544193348999,2.639069637125102,0.09843482864651336
1776265289.5479393,60.67741298675537,-9.60943122494488,-0.34827086978044175,2.1666936190097235,2.6390962206089146,0.3149601389340183
1776265289.549908,60.67938160896301,-9.609557485986265,-0.35587201062067453,2.1668403647678853,2.6390974701469663,3.8623995901446078
1776265289.5603075,60.689781188964844,-9.609711225966567,-0.36339107630332884,2.1669836178685116,2.639081006986914,0.7232985824923375
1776265289.6144845,60.74395823478699,-9.609863118960085,-0.37083422837486907,2.1671249121334037,2.6390588373704427,0.13743906384430793
1776265289.628451,60.75792479515076,-9.609996530639195,-0.37820540580073975,2.167265561266418,2.639045382855155,0.5279557721452475
1776265289.6424625,60.7719361782074,-9.610112132654283,-0.3855040645648089,2.167405886080501,2.639039374060811,0.5210708202228375
1776265289.6569116,60.78638529777527,-9.61019423894861,-0.39273610935851677,2.1675466979879205,2.639050146070912,0.5006451397086804
1776265289.7212598,60.850733518600464,-9.610250501019046,-0.39989952089519964,2.1676892923366164,2.6390742851953948,0.11134809070214509
1776265289.7310693,60.86054301261902,-9.610287034905378,-0.4069894616144985,2.167830951078999,2.6391035494745956,0.7229169885238541
1776265289.7607834,60.890257120132446,-9.610316027558316,-0.41399601075718034,2.1679695225751137,2.639128207927981,0.23584687078617345
1776265289.7722003,60.901674032211304,-9.610347057329028,-0.4209149419431734,2.168103428957861,2.639140163196885,0.6061443208890392
1776265289.7934828,60.922956466674805,-9.610378428304315,-0.42775665144973435,2.168235819016431,2.6391485106704993,0.32153568752501027
1776265289.885396,61.014869689941406,-9.610378428304315,-0.42775665144973435,2.168235819016431,2.6391485106704993,0.0
1776265289.8860002,61.01547384262085,-9.610406127556976,-0.43452353559833495,2.1683682777284634,2.6391563674969856,11.202858722475852
1776265289.886306,61.01577973365784,-9.610429366439366,-0.44120995143281727,2.1684996984044345,2.6391610037401194,21.86316957853671
1776265289.8865547,61.01602840423584,-9.610451298548682,-0.44781787079656465,2.168633879801842,2.6391586255238195,26.57860861386717
1776265289.8867848,61.01625847816467,-9.610461838546708,-0.45436079402499757,2.168767323696251,2.6391611511032105,28.444302280908904
1776265289.9521036,61.08157730102539,-9.610463958845155,-0.46083844588538764,2.1688982985880445,2.63916515437294,0.09919003300709175
1776265289.963992,61.09346580505371,-9.610459343887563,-0.46724824159254946,2.1690277694399525,2.639172544372648,0.5392692641772348
1776265289.9937792,61.123252868652344,-9.610432690843318,-0.47360082655827734,2.169156962444476,2.6391968953822214,0.21331254804998007
1776265290.0359085,61.16538214683533,-9.61037993031105,-0.4798949066322221,2.1692839913393316,2.6392398445692624,0.14943486256561117
1776265290.0646589,61.194132566452026,-9.610312932519177,-0.4861241616252431,2.1694075263576376,2.6392974564362057,0.21672170717932412
1776265290.0746045,61.20407819747925,-9.610250710406847,-0.4922752949665464,2.1695285347320303,2.639352613170632,0.618627226020013
1776265290.0944073,61.223881006240845,-9.610201618504782,-0.4983409908493259,2.16964637646612,2.639398652733161,0.3063726542927097
1776265290.1035964,61.23307013511658,-9.610180303663613,-0.5043146275426249,2.1697606387495125,2.6394201507536397,0.6501995439492199
1776265290.162279,61.291752576828,-9.610185220213893,-0.5101928698937452,2.169872416250578,2.6394158364478186,0.10018852129881071
1776265290.1835663,61.313040018081665,-9.610221986759754,-0.5159656984618425,2.169983680324528,2.6393747498977813,0.2712405730741893
1776265290.1904058,61.31987953186035,-9.610276478427213,-0.5216370444638461,2.1700948478416833,2.6393102364660646,0.8294006475299259
1776265290.2018495,61.33132314682007,-9.610337354181455,-0.5272108036089486,2.1702057950192715,2.6392299689012146,0.48718832591326694
1776265290.2565517,61.38602542877197,-9.610392116053315,-0.5326920426690757,2.1703161137154408,2.6391452225773215,0.1002265795303775
1776265290.2728958,61.40236949920654,-9.610414089788161,-0.5380926598185282,2.1704285429212242,2.6390846316462904,0.3305071404363483
1776265290.2832775,61.41275119781494,-9.610385663194487,-0.5434155414864459,2.170539714698972,2.639055763082738,0.5128369236326287
1776265290.290221,61.419694662094116,-9.610311304431258,-0.5486609471222996,2.170648664035633,2.639052548099919,0.7556838602854986
1776265290.3486195,61.47809314727783,-9.610187521009705,-0.5538382545192226,2.170754727565493,2.6390847226697667,0.08869875520232286
1776265290.3689444,61.49841809272766,-9.610021554526066,-0.5589455055148526,2.170862808753731,2.639149619350507,0.25146880874704325
1776265290.3789487,61.50842237472534,-9.609846174366101,-0.5639675525238971,2.170973719943269,2.639215316860063,0.5024180873651374
1776265290.3871014,61.51657509803772,-9.60969265997597,-0.5688894033206691,2.1710887368641396,2.6392514491133747,0.6041646661765633
1776265290.4172115,61.546685218811035,-9.609544877616687,-0.573721734629807,2.1712072727561664,2.639137116484391,0.1606118915263463
1776265290.5074544,61.63692808151245,-9.609387307877384,-0.5784700011614224,2.1712213562395997,2.637982177605022,0.05264572727111093
1776265290.5571713,61.68664503097534,-9.609214564893565,-0.5831327274299859,2.1709602583716805,2.635755774065628,0.09399660851367404
1776265290.5575438,61.6870174407959,-9.6090259058689,-0.5877095217203264,2.1703562910629763,2.6325827396625594,12.406563954964312
1776265290.5577888,61.687262535095215,-9.608829754368129,-0.5922015544186717,2.1693909925595305,2.6286224295403473,18.763245219780462
1776265290.6199281,61.749401807785034,-9.608647362603097,-0.5966099843743735,2.1680706330448696,2.623948089924039,0.07411618937366825
1776265290.632011,61.76148462295532,-9.60849023746473,-0.6009363174711204,2.1664063420180133,2.6186401394466463,0.3838568942379446
1776265290.6443849,61.77385854721069,-9.60837230182822,-0.60518325009265,2.164417301694483,2.6127383754383415,0.3791135327249223
1776265290.670218,61.799691677093506,-9.608289433138967,-0.6093534095798689,2.162127947639308,2.6062917756820614,0.18418077507928174
1776265290.7174232,61.84689688682556,-9.608215118331211,-0.6134488074417233,2.1595659935136085,2.599314095888273,0.10234665689064136
1776265290.7382963,61.867769956588745,-9.608215118331211,-0.6134488074417233,2.1595659935136085,2.599314095888273,0.0
1776265290.7407444,61.87021803855896,-9.608123277326841,-0.6174738871624124,2.156759408891836,2.5918249806598963,2.0047580407665357
1776265290.7496867,61.87916040420532,-9.607995426369873,-0.6214353898668411,2.153734298792821,2.5838442023001456,0.5575811733811412
1776265290.7652621,61.89473581314087,-9.607819311410495,-0.6253385351584317,2.1505173392884216,2.575399228761679,0.32493952013560223
1776265290.8116758,61.94114947319031,-9.607619970624103,-0.6291895810228592,2.147136186417676,2.5664909763309782,0.11049753247061349
1776265290.8415368,61.97101044654846,-9.60740675310772,-0.6329987325220723,2.1436150170109443,2.5571455316700953,0.17386232524233983
1776265290.8583715,61.98784518241882,-9.607164731603104,-0.6367838101526856,2.139971697378985,2.547380810474828,0.3124015829597455
1776265290.8715734,62.001047134399414,-9.60689290000951,-0.6405617368656354,2.1362213178923715,2.5372160370801,0.40374998293762465
1776265290.9046717,62.03414535522461,-9.606608476439456,-0.6443523274320084,2.132378283758851,2.5266590393359847,0.16331401437239706
1776265290.9237761,62.05324983596802,-9.606316540349296,-0.6481707861078534,2.128453497315196,2.5157185333035113,0.28703182071611594
1776265290.936105,62.06557869911194,-9.606022056359665,-0.6520352397867695,2.124455079804598,2.5044164738715518,0.4516627824548383
1776265290.9493735,62.0788471698761,-9.605731657553465,-0.6559645986994932,2.1203935064747865,2.4927524203893445,0.4264750837505045
1776265291.0141466,62.14362025260925,-9.60545054956222,-0.6599720662445578,2.11628079682415,2.48072217058769,0.08875895471152369
1776265291.032185,62.1616587638855,-9.605206749363736,-0.6640587419073761,2.1121340208260557,2.468353977098971,0.3230414558850843
1776265291.034468,62.163941621780396,-9.605005386533888,-0.6682364867074423,2.1079625977198764,2.4556497731594185,2.587628406994977
1776265291.046578,62.1760516166687,-9.604843453531545,-0.6725117060205386,2.103778574519605,2.4426085746222053,0.4941477495384585
1776265291.0763304,62.205804109573364,-9.604742937399122,-0.6768779568577427,2.099597093021706,2.4292530173096507,0.2032235416600677
1776265291.1155188,62.24499249458313,-9.60472772000087,-0.6813283998297828,2.09543198814266,2.4156109168832307,0.15554280952447183
1776265291.1252832,62.254756927490234,-9.604807614838839,-0.6858596407969902,2.0912910009628796,2.4017084831297364,0.6287018531224814
1776265291.139796,62.269269704818726,-9.604981391530556,-0.6904646611037669,2.0871788560478226,2.387565973215631,0.4255737207963904
1776265291.1472116,62.27668523788452,-9.60524505362436,-0.6951365341645249,2.0830993041323653,2.373199682576207,0.8371550974996076
1776265291.1986856,62.32815933227539,-9.605587562376352,-0.6998711573016387,2.0790565248220725,2.358624944416872,0.12113326623722508
1776265291.2127056,62.34217929840088,-9.60600895143689,-0.7046535566877677,2.0750556497240877,2.3438618017561472,0.44575522195496575
1776265291.2190835,62.348557233810425,-9.606510943972973,-0.7094602742325554,2.071102411773677,2.3289306799180283,0.9789635860047252
1776265291.2419388,62.37141251564026,-9.607093431351991,-0.7142620178770748,2.067199474503342,2.31384869039062,0.2719379924619515
1776265291.2902734,62.41974711418152,-9.607763000617144,-0.719019865598818,2.0633496160855045,2.2986355571818797,0.12737984611522926
1776265291.3194096,62.448883295059204,-9.608521914789383,-0.7237171042578742,2.0595508385584207,2.2833046809212285,0.20896947023444182
1776265291.3363209,62.46579456329346,-9.6093382368476,-0.7283719362466051,2.0558051931953076,2.267841194430922,0.3565807264187565
1776265291.3401022,62.46957588195801,-9.610191791347363,-0.7329898319881928,2.052113257627109,2.252240979097795,1.5797665232010574
1776265291.397997,62.52747058868408,-9.61107387508492,-0.737560048264259,2.048471052146066,2.2365200620375525,0.1020855380882344
1776265291.4297113,62.55918502807617,-9.611968548300617,-0.7420846552938082,2.0448780702845832,2.2206876516840626,0.18434946064111765
1776265291.450324,62.57979774475098,-9.61287769103263,-0.7465509777507565,2.0413324813668745,2.204749262452977,0.28014649330028496
1776265291.4507885,62.580262184143066,-9.613810327753884,-0.7509427494814226,2.0378342511717555,2.18871014232971,12.254920884305273
1776265291.5154457,62.64491939544678,-9.614770585275432,-0.7552465661435336,2.034388239451719,2.1725743658515935,0.08655525019536572
1776265291.520245,62.64971876144409,-9.615746681251965,-0.7594668013317832,2.0309924392454275,2.156345428370483,1.1468293376811416
1776265291.5380344,62.667508125305176,-9.616735155107214,-0.7636021517072032,2.0276458609947707,2.1400282024493933,0.3041646382171109
1776265291.5462143,62.67568802833557,-9.617730635057526,-0.7676582979232572,2.024348083977826,2.123627862155092,0.6505609753732405
1776265291.6300585,62.75953221321106,-9.618733760372223,-0.7716276320472412,2.021096453171709,2.1071501203763185,0.06235717142277618
1776265291.6566138,62.78608751296997,-9.619733921770253,-0.7755228870517213,2.0178907236305723,2.090605152422315,0.19366981056274946
1776265291.657035,62.78650879859924,-9.620731784656428,-0.7793391156531868,2.0147303350850128,2.0739977036512722,11.99766129259556
1776265291.6691487,62.798622369766235,-9.621732231680618,-0.7830650174249857,2.011615132900254,2.0573242864562107,0.4093426153560428
1776265291.6753573,62.80483102798462,-9.622719406779488,-0.7867185617380388,2.0085476978093393,2.0405980319683135,0.7846391153980881
1776265291.7298238,62.85929751396179,-9.623688312435998,-0.7903009876885762,2.0055281065306683,2.02382949797603,0.08784117650323171
1776265291.744616,62.87408971786499,-9.624656318611969,-0.7937739491905805,2.002558419352414,2.0070202839089237,0.3157693699783599
1776265291.7594402,62.88891386985779,-9.625632413654719,-0.7971290672811046,1.9996372940257385,1.990176963224712,0.30722831269257495
1776265291.7679453,62.89741897583008,-9.626616291964474,-0.8003660489522977,1.9967627466854165,1.9733153006258233,0.5219796227603783
1776265291.8213081,62.95078182220459,-9.627603468094266,-0.8034755873068022,1.9939319338991286,1.956444011973979,0.0809440235056691
1776265291.8373597,62.9668333530426,-9.628585927945469,-0.8064767315830106,1.9911474490691394,1.9395633807697097,0.26229026895773966
1776265291.8690774,62.9985511302948,-9.62955284632381,-0.8093911626262589,1.9884080672873996,1.922693597766237,0.12973730620706245
1776265291.8777518,63.00722551345825,-9.630490030259557,-0.8122442223771844,1.9857158519019453,1.9058921141419314,0.46494932143967743
1776265291.9285026,63.05797624588013,-9.631392591698097,-0.815040312060708,1.983071674744016,1.889166793676981,0.07788601151749239
1776265291.940693,63.07016658782959,-9.632270661548722,-0.8177569748277652,1.9804765079753825,1.8725109260957111,0.3165012013887622
1776265291.953085,63.08255863189697,-9.633137967859643,-0.82037162808489,1.977931571094137,1.8560528393743407,0.3026440225206923
1776265291.9586833,63.088156938552856,-9.633997061193185,-0.8229135397744121,1.9754413935851893,1.8398599735957457,0.6538847844485886
1776265292.0311778,63.160651445388794,-9.634849573651485,-0.8254057124964748,1.9729978870962517,1.82393318726262,0.049560028843747134
1776265292.0366063,63.16607999801636,-9.635698205596903,-0.8278515987160538,1.9705874186857952,1.8082560417434477,0.6516206252317334
1776265292.042839,63.17231273651123,-9.636544500915788,-0.8302394682210325,1.9681977913668915,1.7928178232833456,0.5587581098815565
1776265292.0563693,63.185842990875244,-9.637387255775986,-0.8325466270235573,1.9658214617205034,1.7776145595530612,0.2525913280295517
1776265292.1198037,63.24927735328674,-9.638220771918904,-0.8347445705146833,1.9634532605429047,1.762620099548601,0.052602044004294156
1776265292.1437545,63.27322816848755,-9.63903677549821,-0.8368065729988453,1.9610881203431574,1.747821276371933,0.1353674354009965
1776265292.1516688,63.281142473220825,-9.639825287225303,-0.8387186521008625,1.9587218426612887,1.7332302429304132,0.3971012354114784
1776265292.1775799,63.307053565979004,-9.640572279839322,-0.8404795823171031,1.9563534888606873,1.7188403365586657,0.11749155425375575
1776265292.2133737,63.34284734725952,-9.64126430185636,-0.8420929762049674,1.9539802831140798,1.7046385292684387,0.0824711765284318
1776265292.2220588,63.35153245925903,-9.641890047915151,-0.8435652989775559,1.9515997536251533,1.6906269841436894,0.3302361064376444
1776265292.248369,63.37784266471863,-9.64243919840496,-0.8449044461515904,1.9492113846404813,1.676800087545002,0.10614522208555557
1776265292.2489216,63.378395318984985,-9.642902251305305,-0.8461164218164886,1.9468147817269776,1.66315603520639,4.931209278615942
1776265292.2571068,63.38658046722412,-9.643270301785902,-0.8472026360516984,1.9444072403175046,1.6496905111968865,0.32580402441905887
1776265292.3069346,63.436408281326294,-9.643536171277383,-0.8481584039186544,1.9419893560617199,1.636412474340415,0.05245047475200986
1776265292.3192427,63.44871640205383,-9.643694209599767,-0.8489765730799635,1.9395633294718237,1.623315554860312,0.20841098303589692
1776265292.3442607,63.4737343788147,-9.643739226223177,-0.8496509290375879,1.9371327482609602,1.6103935708334045,0.10083939136142647
1776265292.3619082,63.491381883621216,-9.643665876557673,-0.8501780126995698,1.9346993372672054,1.5976593431181947,0.14114861142505436
1776265292.398711,63.52818465232849,-9.643469894811904,-0.8505551480278432,1.9322659457874762,1.5851163468843452,0.06712075285554063
1776265292.4133291,63.542802810668945,-9.643147781864931,-0.850783407971212,1.9298336140141346,1.5727664044296816,0.16856860625197162
1776265292.433655,63.56312870979309,-9.642697071884728,-0.8508663252047245,1.9274019942309333,1.5605963061970338,0.1217376459035624
1776265292.444077,63.57355070114136,-9.642115609008826,-0.8508074405031762,1.924971350738208,1.5486179258616426,0.23986959590692675
1776265292.4906938,63.62016749382019,-9.641401368671593,-0.8506082058426013,1.9225421686492457,1.5368301085968754,0.0544832529773696
1776265292.5102458,63.63971948623657,-9.64055338594529,-0.8502692764913148,1.9201143497752293,1.525216843011279,0.13266614632329746
1776265292.5218086,63.65128231048584,-9.639571320714754,-0.8497918186598122,1.9176883375091514,1.5137692535751055,0.23008586088753963
1776265292.5322454,63.66171908378601,-9.638454514344525,-0.8491760151965351,1.9152645234737997,1.5024746340959585,0.2624238577379309
1776265292.6032212,63.73269486427307,-9.63720195208321,-0.8484205609864783,1.9128423015662568,1.491324046073404,0.039867484306688114
1776265292.6196697,63.74914336204529,-9.635813143793428,-0.8475223827916419,1.9104217714500715,1.4803276818733972,0.17823111597623317
1776265292.6310453,63.76051902770996,-9.634287921490413,-0.8464793121837375,1.9080027157941386,1.4694698238554598,0.267591532247747
1776265292.6365082,63.765981912612915,-9.63262605494482,-0.8452922173702011,1.9055852814470575,1.4587518333564573,0.5792993816959546
1776265292.6854775,63.81495118141174,-9.63082709816671,-0.8439620242949898,1.9031691356904497,1.4481659118305037,0.06724492430661111
1776265292.6955853,63.825058937072754,-9.628890844663793,-0.8424894988554918,1.9007556446969631,1.4377025264489454,0.33901797907957987
1776265292.7186453,63.848119020462036,-9.626817520450013,-0.8408759680112105,1.8983460022814744,1.4273660259294543,0.15459192816666834
1776265292.7274384,63.85691213607788,-9.62460706255983,-0.839122225964659,1.895941321947977,1.4171669287762525,0.4216162189040145
1776265292.762486,63.89195966720581,-9.622259506801742,-0.837228700458418,1.8935407909080575,1.4071012864047858,0.10998601097668878
1776265292.7764192,63.905892848968506,-9.619774847201391,-0.835195872583193,1.8911428375182295,1.3971627811906302,0.28758734375382294
1776265292.7854996,63.91497325897217,-9.617152575662427,-0.8330229513276831,1.8887483954910644,1.387345886815728,0.4584684480776064
1776265292.7984853,63.927958965301514,-9.6143924761375,-0.8307094997331097,1.8863596728292196,1.3776742468710814,0.33279647919403643
1776265292.8168285,63.94630217552185,-9.611494629413846,-0.8282558972045836,1.8839772298147865,1.3681435009641476,0.2443738795778438
1776265292.8483324,63.977806091308594,-9.60845951906256,-0.8256630756237254,1.8815995285146967,1.3587437719256763,0.14748317969601918
1776265292.8556592,63.985132932662964,-9.60528768840208,-0.8229318390581717,1.8792264953902222,1.34947087136557,0.6567079927000752
1776265292.873179,64.00265264511108,-9.601979277230354,-0.8200625722305186,1.8768591429530694,1.3403491452792407,0.28414941041015085
1776265292.8904135,64.0198872089386,-9.598534000718956,-0.8170550448656835,1.8744989158384655,1.3313840418114398,0.2986114390675177
1776265292.9203446,64.04981827735901,-9.59495175963033,-0.8139085752061278,1.8721454922080158,1.3225610052662977,0.17764413119434738
1776265292.943854,64.0733277797699,-9.59495175963033,-0.8139085752061278,1.8721454922080158,1.3225610052662977,0.0
1776265292.94443,64.073903799057,-9.591232396510378,-0.8106225608041171,1.8697988644636863,1.3138698991785647,9.5306327292838
1776265292.9448013,64.07427501678467,-9.587375972178423,-0.8071971199315656,1.8674603950230761,1.3053078688550654,15.256274174948903
1776265292.9506185,64.08009219169617,-9.58338265854856,-0.8036322151382962,1.8651291838167918,1.2968762936645857,1.003688899136988
1776265293.0131786,64.1426522731781,-9.579253159269513,-0.7999288658478003,1.8628046133514125,1.2885657459520763,0.09613556463763409
1776265293.0253818,64.15485548973083,-9.57498809726636,-0.7960880667550325,1.860487487692096,1.2803778919940192,0.5072132805925156
1776265293.0395796,64.16905331611633,-9.570587973189161,-0.7921108898850905,1.8581776360791302,1.272319783619277,0.44831479445897454
1776265293.0450308,64.17450451850891,-9.566053207667734,-0.7879980088215217,1.855874792227215,1.2643929866994155,1.1998948871620625
1776265293.0595102,64.18898391723633,-9.561383844019058,-0.7837493628992782,1.8535791971465065,1.2565978239509512,0.463929353632398
1776265293.0791943,64.20866799354553,-9.55657973984986,-0.7793645417880043,1.8512899762408948,1.248934494869323,0.3503036947194446
1776265293.091216,64.22068977355957,-9.551641102527416,-0.7748432503577314,1.8490062322371486,1.2413953033948222,0.5884685964248728
1776265293.1054366,64.23491024971008,-9.546567880923226,-0.7701851169111452,1.8467288090064125,1.233967826488174,0.5101188330696601
1776265293.1742027,64.30367636680603,-9.541360632573085,-0.7653909348950078,1.8444582542885304,1.22665222972913,0.10809644911648882
1776265293.1827517,64.31222534179688,-9.536019650416291,-0.7604612989467464,1.8421941091352105,1.2194479184398483,0.8904852718338166
1776265293.2085938,64.3380675315857,-9.530545211368706,-0.755396114465863,1.8399373946543847,1.2123537003866023,0.3015300656787165
1776265293.2263708,64.35584449768066,-9.524937605597193,-0.7501958830889977,1.8376881958015938,1.2053771034709264,0.44842345985257853
1776265293.2684474,64.39792108535767,-9.519197225506383,-0.7448613398343252,1.8354464473513579,1.1985108053323439,0.1937122765234554
1776265293.3059313,64.43540501594543,-9.519197225506383,-0.7448613398343252,1.8354464473513579,1.1985108053323439,0.0
1776265293.3224382,64.45191192626953,-9.513324708379272,-0.7393930384460495,1.8332118566860796,1.1917488846407378,0.5046126767826323
1776265293.324113,64.45358657836914,-9.507320231491429,-0.7337909840900743,1.83098443564245,1.185085336972565,5.08088267704747
1776265293.333779,64.46325278282166,-9.50118395214722,-0.7280551967883968,1.8287644028788324,1.1785143182904707,0.898803869275348
1776265293.3421636,64.47163724899292,-9.494915971567611,-0.7221855284814064,1.8265513224597087,1.1720410060607394,1.057649268043563
1776265293.3892417,64.51871538162231,-9.488516328212022,-0.7161816128044973,1.82434395884744,1.1656552470180999,0.19220122163240036
1776265293.401701,64.531174659729,-9.481984832905724,-0.7100429820860905,1.8221438669282335,1.15936076303729,0.7407730474752175
1776265293.4204779,64.54995155334473,-9.475321798481602,-0.703770386688344,1.8199521364441997,1.1531692999467242,0.5011395467501711
1776265293.430961,64.56043457984924,-9.468527710979293,-0.6973646999060105,1.8177677816791085,1.147078657973874,0.9147910301224169
1776265293.482513,64.61198663711548,-9.461603264455956,-0.690826457916827,1.8155904063732644,1.1410899317187038,0.1895019123482067
1776265293.5124495,64.64192318916321,-9.45454895878283,-0.6841558320822765,1.8134200111564045,1.1351949237618488,0.332316881894887
1776265293.5128474,64.64232110977173,-9.44736496675601,-0.6773528588835378,1.8112568980374986,1.1293865616668224,25.451427486358323
1776265293.5303342,64.65980792045593,-9.4400509879655,-0.6704171892095978,1.8091011099700687,1.1236663850325737,0.5894460956417373
1776265293.5730984,64.70257210731506,-9.43260724598686,-0.6633488069228658,1.8069531954078843,1.118040283574448,0.24523713519686494
1776265293.58633,64.71580362319946,-9.425034031316164,-0.6561479095150262,1.8048126153280841,1.1125044250138791,0.8061943491843576
1776265293.633216,64.7626895904541,-9.425034031316164,-0.6561479095150262,1.8048126153280841,1.1125044250138791,0.0
1776265293.6338167,64.76329040527344,-9.417331558447076,-0.6488140051472844,1.8026784633172708,1.1070604356120897,18.054693146766436
1776265293.6371596,64.76663327217102,-9.409499957998086,-0.6413470573802554,1.8005511880641472,1.1017031133343353,3.298934765543543
1776265293.6872764,64.81675004959106,-9.401539838333301,-0.633748141566594,1.7984309870815751,1.0964287105769144,0.22362256365864147
1776265293.7138355,64.84330916404724,-9.39345186582787,-0.626018448157577,1.7963181938524648,1.091232878208193,0.42868149702941083
1776265293.735812,64.8652856349945,-9.385237530372054,-0.6181597497918284,1.7942127295218526,1.0861102976021528,0.5260836938780652
1776265293.7582974,64.88777112960815,-9.376897090371735,-0.6101725688392273,1.792115081864976,1.0810592563704944,0.5219827676937222
1776265293.793233,64.9227066040039,-9.368429705772662,-0.6020558410356418,1.790025164348763,1.0760814328530728,0.34103139723384845
1776265293.8701992,64.99967288970947,-9.368429705772662,-0.6020558410356418,1.790025164348763,1.0760814328530728,0.0
1776265293.870824,65.0002977848053,-9.359835166546977,-0.5938089874920158,1.7879421549405388,1.0711740516003085,19.350392461838197
1776265293.8710532,65.00052690505981,-9.351113607187186,-0.5854319315763495,1.78586568045866,1.0663376217447542,53.552576783162735
1776265293.8712487,65.00072240829468,-9.342265313726493,-0.5769243821149668,1.7837954782429044,1.0615716898959997,63.672346698062036
1776265293.907909,65.03738260269165,-9.333290714777846,-0.5682867122400865,1.7817311316590474,1.0568711865516962,0.3444045389836919
1776265293.9495761,65.07904982566833,-9.324189667741036,-0.5595190359835496,1.7796737058418708,1.0522439029464483,0.3072842019018793
1776265293.9505694,65.08004307746887,-9.314962173172892,-0.5506212209638957,1.7776245838294802,1.0476968666916704,13.069593263808596
1776265293.9555974,65.08507108688354,-9.305608625533653,-0.5415936217384173,1.7755829929567555,1.04322127532357,2.617102921264446
1776265293.9685051,65.09797883033752,-9.29613002725007,-0.532437183909921,1.7735478205205868,1.0388118945729834,1.0331120668047165
1776265294.0373821,65.16685581207275,-9.286526826263458,-0.5231523214315678,1.7715196870900503,1.0344653852906722,0.19615936101700945
1776265294.0485654,65.17803907394409,-9.276799166942332,-0.5137394770105372,1.7694987698558375,1.0301794134148101,1.2238144701653428
1776265294.0763743,65.20584797859192,-9.266947124938477,-0.5041986213960831,1.7674851276515928,1.0259586543690546,0.49846093407941133
1776265294.0859056,65.21537923812866,-9.256971471846047,-0.49453058118189036,1.765478323849982,1.0218007877398263,1.472637833188848
1776265294.1544359,65.28390955924988,-9.24687256987649,-0.4847358930535623,1.7634788866666067,1.017708068438562,0.20735212931563088
1776265294.1789217,65.30839538574219,-9.236650474010037,-0.4748143086285805,1.7614867257311952,1.0136904292644526,0.5874395121831482
1776265294.1993954,65.32886910438538,-9.226304513946829,-0.4647647702908622,1.7595012731439381,1.0097399618660068,0.7111229624871548
1776265294.21799,65.34746360778809,-9.215834047697907,-0.4545868912426376,1.757522279021164,1.0058520894100738,0.7924678194883382
1776265294.2587223,65.38819599151611,-9.205239287207613,-0.44428113554502996,1.7555497748760198,1.0020249076796743,0.3660809270736688
1776265294.2837114,65.4131851196289,-9.19452048232081,-0.4338482678407852,1.7535850002240718,0.9982655744626658,0.6037163954309723
1776265294.2951663,65.42463994026184,-9.183677989374075,-0.423289032609476,1.7516286930756517,0.9945720180699245,1.3322378135264759
1776265294.313104,65.44257760047913,-9.172712919335837,-0.41260464349458525,1.7496800891994506,0.9909410696363191,0.8603839735507908
1776265294.3825574,65.51203107833862,-9.161625839474974,-0.401795779530598,1.7477385681536612,0.9873702558302475,0.22468662923164628
1776265294.384083,65.5135567188263,-9.150416375078086,-0.3908620601818181,1.7458042482005873,0.9838611964063202,10.34177426022816
1776265294.403328,65.5328016281128,-9.139085110538664,-0.37980381606760377,1.743876330212874,0.9804088775323204,0.828785207434116
1776265294.4123802,65.54185390472412,-9.127632074663458,-0.36862083769241955,1.7419559858333962,0.9770094139604266,1.78098801044096
1776265294.4866762,65.61614990234375,-9.11605764103699,-0.35731319258138056,1.7400440347886463,0.9736602553659146,0.21930842635839506
1776265294.4960632,65.62553691864014,-9.10436203894961,-0.34588073834868516,1.7381408850383453,0.9703607209025864,1.7540633498604106
1776265294.5104191,65.63989281654358,-9.0925455392928,-0.3343234000923641,1.7362460407421538,0.9671045044920078,1.1589015308218464
1776265294.5212302,65.65070390701294,-9.080608668044196,-0.3226417187448436,1.7343595315308642,0.9638894374740687,1.5547015084953277
1776265294.587906,65.71737957000732,-9.068550147658415,-0.31083203796695275,1.732480914232765,0.9607191862164434,0.25470329278613685
1776265294.5993316,65.72880530357361,-9.056368441222789,-0.2988895755323239,1.7306106783388995,0.9575874275470019,1.5019967731171464
1776265294.6073256,65.7367992401123,-9.044066784674188,-0.28682085953323333,1.7287484985343513,0.9544999864855401,2.1683387109463066
1776265294.6387377,65.7682113647461,-9.031647792125947,-0.2746315373021494,1.7268949104901758,0.951458351592467,0.5571067570117842
1776265294.6499624,65.7794361114502,-9.019113305228446,-0.2623254302754475,1.7250500414957173,0.948466445165913,1.5735151866949806
1776265294.7116506,65.84112429618835,-9.006463415477667,-0.24990256932762736,1.7232142513440842,0.945527242033316,0.28894717178564244
1776265294.7198794,65.84935307502747,-8.993696471248535,-0.23735994141722286,1.7213868907897487,0.9426384530086207,2.1862685467520513
1776265294.7306705,65.86014413833618,-8.980811288840915,-0.22469571443923414,1.7195677850177828,0.9397990692836959,1.6827059035027931
1776265294.7473178,65.87679147720337,-8.96780792400893,-0.21191064195871395,1.7177570612120434,0.937005011522315,1.1008071367686343
1776265294.8562272,65.98570084571838,-8.96780792400893,-0.21191064195871395,1.7177570612120434,0.937005011522315,0.0
1776265294.862492,65.99196577072144,-8.954686087365717,-0.19900527770422916,1.7159545675867922,0.9342574045524287,2.9517833709273584
1776265294.8653035,65.9947772026062,-8.941446162416328,-0.1859803133048179,1.714159450714694,0.9315558547242684,6.636921907176941
1776265294.8865843,66.01605796813965,-8.928088239626971,-0.17283530454779814,1.7123718431016093,0.9289007057227187,0.8846518981343755
1776265294.9065726,66.03604626655579,-8.914610389507576,-0.15956552125388326,1.710591464189948,0.9262913753592222,0.9504367858995455
1776265294.9595382,66.08901190757751,-8.901008746638414,-0.14616280983146468,1.7088189983035738,0.9237231598858315,0.36207557547079644
1776265294.9754882,66.10496187210083,-8.887286908765605,-0.1326325993762245,1.7070558486693166,0.9211953559323016,1.2132362773794325
1776265294.9888794,66.11835312843323,-8.87344840099591,-0.1189799764204846,1.7053033256834,0.9187097654286277,1.457551544038319
1776265295.0061247,66.1355984210968,-8.859497414246334,-0.10521152712050144,1.7035622334547944,0.9162666994192414,1.141076714226378
1776265295.041195,66.17066860198975,-8.845437945328934,-0.09133473211281817,1.7018326697292168,0.9138640441219767,0.5654351839832861
1776265295.059305,66.18877863883972,-8.83126838104874,-0.0773469849551511,1.700114155673281,0.911503409176093,1.1035133231884775
1776265295.0661318,66.19560551643372,-8.816982245499522,-0.06323738921076766,1.698406032765329,0.9091769567552384,2.9518217263741278
1776265295.0831437,66.21261739730835,-8.802577646872855,-0.04900451661458516,1.6967086306266166,0.9068864770213436,1.1945257257081032
1776265295.129153,66.25862669944763,-8.788058253488668,-0.034656303796887174,1.6950224569949814,0.9046303814469757,0.445178727491236
1776265295.1439774,66.27345108985901,-8.773423968837387,-0.020192971467397937,1.6933450666346743,0.9024057608621251,1.3925522172588465
1776265295.155424,66.28489780426025,-8.758676455605075,-0.00561785283982921,1.691675964956999,0.9002202006525956,1.8172604803639116
1776265295.1622689,66.29174256324768,-8.743817481026445,0.009064786954112235,1.6900163915343012,0.8980762484769443,3.061505478237384
1776265295.2119882,66.34146189689636,-8.728845308905328,0.023857320991385652,1.6883654898576483,0.895968472522091,0.4246206611934901
1776265295.2217793,66.35125303268433,-8.713752060578564,0.038773815002819394,1.686721139880085,0.8938905986475124,2.1738105688678506
1776265295.2393997,66.36887335777283,-8.698534881321063,0.0538193871039613,1.6850813447535677,0.8918410457934279,1.2180295220097879
1776265295.2531886,66.38266229629517,-8.683198302057436,0.06898691020013505,1.683446619304809,0.8898214993481687,1.568782517121789
1776265295.2589831,66.38845682144165,-8.6677513037631,0.08426123481568655,1.6818212726354473,0.8878386847820424,3.759465567243375
1776265295.3053546,66.43482828140259,-8.65220217706861,0.09962876692844407,1.6802110768387546,0.885893516320126,0.4727255585334409
1776265295.3250566,66.45453023910522,-8.636554332342785,0.11508254121850973,1.6786161729346658,0.8839894016351938,1.119195848487682
1776265295.3371842,66.46665787696838,-8.620805626124223,0.13062332501250823,1.6770356850803,0.8821234372002437,1.8290352061513002
1776265295.3530316,66.48250532150269,-8.604954722950644,0.14624829106531984,1.6754683246457638,0.8802937051291545,1.4079552251462704
1776265295.3871708,66.51664447784424,-8.588994435566155,0.1619657145757342,1.6739133307711715,0.8784980626450458,0.657722478462309
1776265295.411246,66.54071974754333,-8.57291114395277,0.17779614478628242,1.672368782721792,0.8767309926849003,0.9395496820188292
1776265295.4266624,66.55613613128662,-8.556703752134213,0.19373980714534447,1.6708340520229927,0.8749895664620451,1.4780856480622921
1776265295.438608,66.56808161735535,-8.540375001861053,0.20979143936447148,1.6693086234454038,0.8732736859842496,1.92105893983484
1776265295.4691453,66.59861898422241,-8.523921980648748,0.22595854114267802,1.6677886023027795,0.8715818305257006,0.7570012203899857
1776265295.4702756,66.59974932670593,-8.507347088236438,0.24224047253289913,1.6662756626436988,0.8699129443168214,20.598547462313924
1776265295.4867609,66.61623454093933,-8.490659269788635,0.2586254984480084,1.664775141016551,0.8682641802830035,1.421582996903763
1776265295.492983,66.62245678901672,-8.473870353302317,0.27509432768050734,1.6632918154646703,0.8666468123599063,3.787151897412079
1776265295.5386555,66.66812920570374,-8.456982918112292,0.29164327179688804,1.6618241731568175,0.8650570758606873,0.5186896051809684
1776265295.5569358,66.68640947341919,-8.440001803173141,0.3082619165829659,1.6603706918647168,0.8635035431319398,1.3021918767157112
1776265295.5679247,66.69739842414856,-8.422923323847987,0.32495262976239997,1.6589302448461976,0.8619826261814428,2.1770416852796126
1776265295.578668,66.70814180374146,-8.405737518068861,0.3417274571574439,1.657502391297639,0.8604869123809664,2.2393290185250345
1776265295.6095824,66.73905611038208,-8.388434339952854,0.35859827647353615,1.6560862158918648,0.8590079889854071,0.7830697365870628
1776265295.6501713,66.77964496612549,-8.388434339952854,0.35859827647353615,1.6560862158918648,0.8590079889854071,0.0
1776265295.650825,66.78029870986938,-8.371016663752481,0.37555645777963864,1.6546819828371326,0.8575457735866966,37.2471588590418
1776265295.6619523,66.79142594337463,-8.353489501391785,0.392592686093969,1.6532905542911243,0.8561032249959901,2.200191614413013
1776265295.6637409,66.79321455955505,-8.335851386882043,0.40970978339291514,1.6519125061166797,0.8546827360384952,13.763158930953153
1776265295.6903794,66.81985306739807,-8.318101495287422,0.4269095639933553,1.6505477392283703,0.8532828606074707,0.929251080017257
1776265295.7051892,66.83466291427612,-8.300243322801668,0.44418637528268146,1.6491967145599182,0.8519001416859692,1.6802529040890708
1776265295.7379487,66.86742234230042,-8.282281319644634,0.4615331534017858,1.6478566434566564,0.850535555664688,0.763346668884387
1776265295.7473333,66.87680697441101,-8.26421457786965,0.478951012539903,1.6465240242742971,0.8491866673923636,2.677883768793208
1776265295.7621112,66.89158487319946,-8.246042915554948,0.49643838659636896,1.6451975699212005,0.8478504272604367,1.7089200837462575
1776265295.7968376,66.92631125450134,-8.227764031100913,0.5139970394348656,1.6438760773225454,0.8465286574036367,0.7308711211598735
1776265295.8243866,66.95386028289795,-8.209385260607512,0.5316120498300757,1.6425630053964857,0.8452279320790478,0.9252964117584455
1776265295.8590252,66.98849892616272,-8.190912249779073,0.5492705380494571,1.6412624431888034,0.8439534969102294,0.7387238481440638
1776265295.8731632,67.00263690948486,-8.172349499653546,0.5669611423531928,1.639977286306743,0.8427159503289021,1.8160011850622753
1776265295.9103403,67.03981399536133,-8.15368657289836,0.5846970577694203,1.6387065219252448,0.8415014237146576,0.6933721402491091
1776265295.924876,67.05434966087341,-8.134917659435612,0.6024821424616437,1.637448826891756,0.8403049885135865,1.7809648587916769
1776265295.954466,67.08393979072571,-8.1160400549295,0.6203161082795681,1.6362007621088368,0.8391219886972175,0.8786531450001814
1776265295.966897,67.09637069702148,-8.097049661851093,0.6382023686091373,1.6349583457151087,0.8379499815430979,2.1009719620826175
1776265296.0061238,67.13559746742249,-8.077947757874224,0.656136630655027,1.633720446208042,0.8367874727433766,0.6686954326592981
1776265296.0200384,67.14951205253601,-8.077947757874224,0.656136630655027,1.633720446208042,0.8367874727433766,0.0
1776265296.0206795,67.15015316009521,-8.058733110215487,0.6741214578840034,1.632487162321679,0.8356367851573656,41.09646119671742
1776265296.0313902,67.16086387634277,-8.039407664049802,0.6921534400002831,1.6312598515710395,0.8344985111864819,2.470422916531155
1776265296.048103,67.17757678031921,-8.019975572612314,0.7102264960632472,1.6300401981563963,0.8333731092950968,1.5895240047472565
1776265296.1033752,67.23284888267517,-8.000451236573316,0.7283165736167224,1.6288332567061647,0.8322782041556731,0.482053056141764
1776265296.118325,67.24779868125916,-7.980841813972343,0.7464101063674675,1.627639383252888,0.8312264568275315,1.7865292085933098
1776265296.146443,67.2759165763855,-7.961140468553722,0.7645147679837113,1.6264576282955534,0.8302055990209971,0.9525179247077659
1776265296.1473377,67.27681136131287,-7.941338511289436,0.7826384353767287,1.6252867181089563,0.8292099066680462,30.028709163901638
1776265296.190857,67.32033061981201,-7.921433579890604,0.800780379422389,1.6241257391190602,0.8282392889093861,0.6194288112037429
1776265296.2000031,67.3294768333435,-7.901409562319241,0.8189644622061607,1.622973218923079,0.8272677806239456,2.960029036296
1776265296.2244558,67.35392951965332,-7.881260013318207,0.8371986707750265,1.6218263955315735,0.8262886592187574,1.1123265821970199
1776265296.2405045,67.36997818946838,-7.860991674278912,0.855472362985592,1.6206843637084551,0.8253061749798775,1.7019285560640032
1776265296.2967966,67.42627024650574,-7.840615813212229,0.8737708762139816,1.6195474754177746,0.82433346986958,0.4869234362333186
1776265296.2991147,67.42858839035034,-7.820141982182345,0.8920820467947567,1.6184167690478037,0.823387324594388,11.85905811150612
1776265296.3236306,67.45310425758362,-7.799566044096402,0.9104152220088024,1.617291803357922,0.8224577664091396,1.1250475827203787
1776265296.3560019,67.48547554016113,-7.778893363205151,0.9287600156279254,1.6161770106897637,0.8215457189228332,0.8544936303126343
1776265296.3916204,67.52109408378601,-7.75812407724457,0.9471148205006463,1.6150723270316343,0.82065132217483,0.7787950726225633
1776265296.4148672,67.54434084892273,-7.737261324579618,0.9654727059196313,1.61397547357881,0.8197788842991242,1.196352238863399
1776265296.4156122,67.54508590698242,-7.716295232465363,0.9838468734618611,1.6128846425167231,0.81891640438125,37.44595147254555
1776265296.4322016,67.56167531013489,-7.695222457221218,1.0022383901852823,1.6118004524766525,0.8180585055290208,1.6872702163528959
1776265296.4712708,67.6007444858551,-7.674035757870631,1.0206581819095322,1.6107228980892074,0.8171943538409225,0.7191077638697302
1776265296.50636,67.63583374023438,-7.652734929046789,1.039106827184459,1.6096508016259998,0.8163134528321982,0.803658377995956
1776265296.5159457,67.64541935920715,-7.631328250965284,1.057571589158994,1.6085846414735117,0.8154302330307631,2.951306987568549
1776265296.5332754,67.66274905204773,-7.609837113747159,1.076017381058402,1.6075308382351836,0.8145827246687275,1.6354158714010831
1776265296.5500026,67.67947626113892,-7.588269578502077,1.0944317687767935,1.60648728411966,0.8137817653672671,1.6965451027132628
1776265296.6003985,67.72987222671509,-7.566626311420708,1.112810063287649,1.6054517581000427,0.8130317651185521,0.5637834203694717
1776265296.6131184,67.74259209632874,-7.5448988172869225,1.1311579868013524,1.6044261783771996,0.812323512509614,2.237182585424456
1776265296.6422532,67.77172684669495,-7.523071879866215,1.1494901915654914,1.6034118598977176,0.8116374881789128,0.9789739894527457
1776265296.6437125,67.77318620681763,-7.501125229683029,1.1678326896612152,1.6024077325931054,0.8109363040012038,19.611413386113394
1776265296.6982079,67.82768154144287,-7.479050921272715,1.1861959755669296,1.6014093434670957,0.810203064025261,0.5272232057566276
1776265296.7235749,67.85304856300354,-7.45686051453194,1.204562087632128,1.6004159193051062,0.8094601115759359,1.1362046918888518
1776265296.7313905,67.86086416244507,-7.434561979078758,1.2229233688047227,1.5994262109451354,0.8087181761871874,3.6980226543184713
1776265296.755113,67.8845865726471,-7.412167957377649,1.2412643061720139,1.598445231180784,0.8079988501251529,1.2209051414695107
1776265296.8451345,67.9746081829071,-7.412167957377649,1.2412643061720139,1.598445231180784,0.8079988501251529,0.0
1776265296.8458836,67.97535729408264,-7.389682130841607,1.259581885986742,1.5974744654285025,0.8073035795106115,38.73758971591603
1776265296.8461196,67.97559332847595,-7.367098924389613,1.2778851849284452,1.5965107226007187,0.8066200856027712,123.22382541799372
1776265296.8508222,67.98029589653015,-7.344423568719607,1.2961636659040203,1.5955552332897456,0.8059572605190913,6.19678927403419
1776265296.8511875,67.98066115379333,-7.321658344143256,1.3144114672528346,1.594608246009442,0.8053178175725794,79.91995135618696
1776265296.9059765,68.03545022010803,-7.2987967975667924,1.3326359242269608,1.5936663145125478,0.804696873040252,0.5338986736925909
1776265296.9220548,68.0515284538269,-7.275830201453543,1.3508491544542418,1.5927276692836967,0.8040784429425425,1.8240128454329045
1776265296.943546,68.0730197429657,-7.2527491613401125,1.3690640913626444,1.5917907206595752,0.803439803503051,1.3688158576700142
1776265296.9926116,68.12208533287048,-7.229560690819783,1.3872689484358247,1.5908552054841074,0.8027943891949195,0.6011486781791845
1776265296.993597,68.12307071685791,-7.206274452913909,1.405450489682289,1.5899210304690052,0.802160575170774,29.996679438445128
1776265297.027918,68.15739178657532,-7.182897591629978,1.4235988899613843,1.588990140374031,0.8015518786331216,0.8627139606999437
1776265297.0883956,68.2178692817688,-7.159431588081113,1.4417114721445097,1.5880618854589856,0.8009652464140238,0.49039273610881523
1776265297.088792,68.21826577186584,-7.135880494360179,1.459780495466685,1.5871373150785206,0.8004123496806871,74.90340598600157
1776265297.0891476,68.21862125396729,-7.1122429612109554,1.4778047802303524,1.5862161724163377,0.7998939442924552,83.66049994881912
1776265297.1234255,68.25289916992188,-7.0885124097338394,1.4957901102733901,1.5852988900237608,0.7993994051284856,0.8690768225518071
1776265297.141369,68.27084279060364,-7.064668562655217,1.5137654741270452,1.5843861937337382,0.7988855116940581,1.664899932272324
1776265297.1542442,68.28371787071228,-7.040705380469503,1.531739291399985,1.5834754595164253,0.7983371424823307,2.3276498066854208
1776265297.166048,68.29552173614502,-7.016632362657124,1.5496979969540265,1.5825670845472886,0.7977742724249247,2.5455618666538222
1776265297.213159,68.34263277053833,-6.992453576181865,1.5676382710210257,1.5816610024883921,0.7972062797698503,0.6393666444017261
1776265297.222044,68.35151767730713,-6.968185415357276,1.585537250410307,1.580761284610718,0.7966616073844005,3.395455360431245
1776265297.245384,68.37485766410828,-6.943836388208674,1.6033847309449707,1.579866544503061,0.7961554179099045,1.294036094871585
1776265297.257196,68.3866696357727,-6.9194108063202835,1.6211728520516637,1.5789759556404415,0.7957009828976274,2.559221070122697
1776265297.2902846,68.41975831985474,-6.894898203915894,1.6389155556641,1.5780889894282089,0.7952800697011566,0.9149066153630987
1776265297.3047767,68.43425035476685,-6.870289686572851,1.6566219088927623,1.5772048028584806,0.7948703770356221,2.092836198918003
1776265297.3152382,68.44471192359924,-6.845582561211298,1.6742924305972435,1.5763225463216457,0.7944728376584641,2.90478538994778
1776265297.3421316,68.47160530090332,-6.820775191251252,1.69192698348883,1.575442409205267,0.7940876022780549,1.1322216632389126
1776265297.361186,68.49065971374512,-6.795867684911009,1.70952469649291,1.5745654389578947,0.7937119672547355,1.6011801124811775
1776265297.3742504,68.50372409820557,-6.770857226689726,1.727090742293693,1.5736904568158694,0.7933422202057178,2.3403622129778934
1776265297.3860245,68.51549816131592,-6.745735107555973,1.7446404011606194,1.5728159358107514,0.7929583342368861,2.603808035404288
1776265297.3993711,68.52884483337402,-6.720497203087929,1.7621827525072076,1.5719422100577118,0.7925536079668574,2.3038072197653188
1776265297.4386342,68.56810784339905,-6.69514451103013,1.7797207701218039,1.5710708623476337,0.7921205103026886,0.7854699399179944
1776265297.452385,68.58185863494873,-6.669683847683795,1.7972506716635188,1.5701999516235874,0.7916683664798033,2.2488975800744564
1776265297.4672463,68.59671998023987,-6.644128518543951,1.814758488797585,1.5693317369406863,0.7912222339074491,2.0852453757211187
1776265297.4770103,68.60648393630981,-6.618488408320479,1.8322340155471812,1.5684676459760751,0.7907977160769256,3.179161935182686
1776265297.4898307,68.61930441856384,-6.592762780441378,1.8496806638487744,1.5676093819219477,0.7903878515108975,2.4254547371697033
1776265297.5291862,68.65865993499756,-6.566950414087875,1.8671007557062196,1.5667539338991823,0.7899886300226748,0.7915627761016905
1776265297.544906,68.67437958717346,-6.541053975635801,1.884488094510873,1.5659021918598317,0.789607657116099,1.9850117533625495
1776265297.5703795,68.69985318183899,-6.515078379320198,1.9018316928016201,1.5650556998913818,0.7892565752848882,1.2265633050565223
1776265297.5754447,68.704918384552,-6.4890282901962895,1.9191209925810198,1.5642136006529461,0.7889517783989805,6.1748302861873166
1776265297.6053314,68.7348051071167,-6.462899780247427,1.9363582700976556,1.563376812920039,0.7886840331481293,1.0477329365033048
1776265297.6146085,68.74408221244812,-6.436674898075557,1.9535658535071831,1.5625439698143375,0.788421006710345,3.3822365190050805
1776265297.625221,68.75469470024109,-6.410342656490996,1.9707569113850465,1.5617132534381326,0.7881427782041239,2.9642492989399405
1776265297.6416879,68.7711615562439,-6.383900375328497,1.9879353183117352,1.5608835822803486,0.7878472246422769,1.915563453943633
1776265297.6797063,68.80918002128601,-6.357340507076835,2.005115639102431,1.5600536797943787,0.7875170548433883,0.8323058048735807
1776265297.690338,68.81981158256531,-6.330667454095562,2.0222958764831365,1.5592215355387893,0.7871566123762268,2.985268509435387
1776265297.7118173,68.84129095077515,-6.303898855210117,2.0394558725223484,1.5583906625212294,0.786788689425681,1.4808371892308378
1776265297.7260244,68.85549807548523,-6.277052986362103,2.0565735908707365,1.557565551927311,0.7864525190176288,2.241805595009671
1776265297.753359,68.88283276557922,-6.250132627908542,2.073647655952433,1.556749926939651,0.7861539275409221,1.1666049773450915
1776265297.7681239,68.89759755134583,-6.223124180441054,2.0906990477875027,1.5559421022696667,0.7858599287137563,2.163992165247472
1776265297.7905066,68.91998028755188,-6.196025896910239,2.10772799056715,1.5551383427797358,0.7855675973460835,1.4303348388305994
1776265297.7954233,68.92489695549011,-6.168839177068023,2.1247299962084125,1.5543359829523284,0.7852841325927179,6.523803497428493
1776265297.836183,68.96565675735474,-6.141558089614843,2.1417119102434103,1.5535355711262095,0.7849956751126569,0.7886380831050915
1776265297.8470464,68.97652006149292,-6.114184095216373,2.15867071203317,1.5527361335484846,0.7847073326756631,2.9651586992837853
1776265297.8622344,68.99170804023743,-6.086727956035609,2.175588828336595,1.5519381643732584,0.7844425197854439,2.1240394879666584
1776265297.8797219,69.00919556617737,-6.059192360365532,2.1924620796190952,1.5511401774032896,0.7842030349109568,1.847263134841228
1776265297.9108112,69.04028487205505,-6.031565582565261,2.2093060431521807,1.550343007001463,0.7839687578576249,1.0410830105732853
1776265297.921708,69.05118179321289,-6.003833751728838,2.226136510786494,1.5495461892698077,0.7837102102864676,2.977836788078391
1776265297.935221,69.06469464302063,-5.976003664108034,2.2429445496800398,1.5487522580992832,0.7834447775536922,2.406716386227056
1776265297.9511912,69.08066487312317,-5.948078418397297,2.259727362298904,1.547962459570576,0.7831735491276341,2.0406698265977457
1776265297.9650092,69.09448289871216,-5.92006649832078,2.2764736567713943,1.5471762228549097,0.7829168910724217,2.362525060028162
1776265297.9985497,69.12802338600159,-5.891971876091246,2.293180820924342,1.5463923517167857,0.7826787594794976,0.974832418023942
1776265298.0210965,69.15057015419006,-5.863793564581777,2.3098523908998123,1.5456118413994508,0.7824593183151952,1.4525398420902529
1776265298.0351775,69.1646511554718,-5.83552667023619,2.3264972719083565,1.5448351460070946,0.782244130962718,2.330281029196497
1776265298.0415275,69.17100119590759,-5.807161345431648,2.3431272068066007,1.5440643742387545,0.7820127601542519,5.17946674643321
1776265298.0962508,69.22572445869446,-5.778693448078903,2.3597444361128805,1.5432983662066935,0.7817589358553245,0.6025190818012436
1776265298.1057105,69.23518419265747,-5.750128026135447,2.3763476335521228,1.5425331360763737,0.7814885810288104,3.4936479229071677
1776265298.1225193,69.25199294090271,-5.7214686034598445,2.392937843979537,1.5417690332583773,0.7812042414699694,1.9706243929824858
1776265298.1479702,69.27744388580322,-5.6927278961594965,2.4094969606164804,1.5410097093052961,0.780930836056137,1.3036232850852076
1776265298.1916773,69.3211510181427,-5.663912632598858,2.426016200583656,1.5402555252903098,0.7806772225430856,0.7601296407304121
1776265298.2157915,69.34526515007019,-5.635027110898619,2.442490658941117,1.5395054482225359,0.780452250511111,1.3793466113956692
1776265298.2163439,69.34581756591797,-5.606063579451558,2.4589296888840324,1.5387596071876433,0.7802428168696045,60.30225598495727
1776265298.2578762,69.38734984397888,-5.577019750845786,2.475338491057879,1.5380195722414363,0.7800386645390294,0.8033933551668418
1776265298.286819,69.41629266738892,-5.547898591911256,2.491712049231608,1.5372837821399683,0.7798495968762478,1.1545768113838437
1776265298.3073034,69.43677711486816,-5.518692661835332,2.508060432633286,1.5365495912433345,0.7796615297764562,1.6343265780832603
1776265298.3264,69.45587372779846,-5.489396721327941,2.5243873549898432,1.5358147501761914,0.7794638213197729,1.7566671952978707
1776265298.329019,69.45849275588989,-5.4600198176765975,2.540677756727352,1.535080933098545,0.779276629110141,12.828948743683977
1776265298.3902946,69.51976823806763,-5.430555629014093,2.5569349413897453,1.534347909917293,0.7790933708079659,0.5493167105845885
1776265298.3965566,69.52603030204773,-5.400991344678571,2.573174335372366,1.5336135564128928,0.7788882310852101,5.387802278090144
1776265298.405549,69.5350227355957,-5.3713199394492195,2.589407639756156,1.5328756711396099,0.778647412343875,3.762032042474747
1776265298.421011,69.5504846572876,-5.341555483934084,2.6056196816735677,1.5321370158804681,0.7783946102511655,2.192567606128482
1776265298.4998949,69.62936854362488,-5.311715710167282,2.621791991495969,1.531401053088941,0.7781558563905848,0.43035977132558884
1776265298.5168605,69.64633417129517,-5.281803563774444,2.6379241258086084,1.5306684973520979,0.7779391062457657,2.0036349307785843
1776265298.5284696,69.65794324874878,-5.251819641890825,2.6540187217699196,1.5299425011013676,0.7777403812747701,2.932032651999142
1776265298.563172,69.69264578819275,-5.22177692380433,2.670061853270114,1.5292249344730766,0.7775777574251119,0.981644376405779
1776265298.5738928,69.70336651802063,-5.191677036841682,2.6860498202496923,1.5285134585792077,0.7774526055927258,3.179815877358849
1776265298.6219559,69.7514295578003,-5.161495763433584,2.7020057703430527,1.5278066806929267,0.777328061306919,0.7104577456927463
1776265298.6438677,69.77334141731262,-5.13122135855604,2.7179475298694684,1.5271012231502499,0.7771847818532452,1.5618237579356125
1776265298.6459856,69.77545928955078,-5.100849025965134,2.733886126753397,1.5263940829594782,0.7770111663560835,16.199130474332723
1776265298.6646564,69.7941300868988,-5.070376332913774,2.749821633810442,1.52568237653258,0.7768036695646433,1.8421940216436496
1776265298.7201946,69.84966826438904,-5.03980369476371,2.7657553219285864,1.5249660961673173,0.7765604237866836,0.6208893629426145
1776265298.733645,69.86311864852905,-5.009157781246279,2.7816624949147553,1.5242527101362209,0.7763227904047527,2.56764156151391
1776265298.7739756,69.9034492969513,-4.978460573603092,2.797517895623822,1.5235457546947209,0.7761252512809407,0.8568514273502955
1776265298.7895381,69.91901183128357,-4.947715672033782,2.813324616705077,1.522844346258564,0.7759607310369032,2.221833076734889
1776265298.8376973,69.96717095375061,-4.91691130500569,2.829099295549992,1.5221470636808752,0.775809577736611,0.7187743437955325
1776265298.8452008,69.9746744632721,-4.8860387809689385,2.8448582400019777,1.5214515767333645,0.7756589233400822,4.620373623368722
1776265298.863997,69.99347066879272,-4.855089919614629,2.860623017472322,1.5207567973674778,0.7754926097464795,1.8482265011838535
1776265298.8729722,70.002445936203,-4.824066770366623,2.8763926002013753,1.5200638113527298,0.7753114471120018,3.8782113698039407
1776265298.9425488,70.07202243804932,-4.792983286381415,2.892152730100428,1.5193749318652157,0.7751333064819755,0.5009940405121607
1776265298.9520571,70.08153080940247,-4.761849637083977,2.9078911768363755,1.5186945852781373,0.7749721509616257,3.6696296113198525
1776265298.9666924,70.09616613388062,-4.7306711258813285,2.9236002368005356,1.5180205006327627,0.7748301343627451,2.385931713032092
1776265298.9755735,70.10504722595215,-4.69944287719109,2.9392878607446646,1.517349196371774,0.7746984803224601,3.9357347048288727
1776265299.0322337,70.16170740127563,-4.66815834591056,2.954963494582171,1.5166806916803877,0.7745676468733969,0.6176911676637793
1776265299.050251,70.17972469329834,-4.636811234952354,2.9706299568481644,1.5160132145383438,0.7744282830359239,1.9453711435342698
1776265299.0666296,70.19610333442688,-4.605405013395257,2.9862879799712845,1.5153470178197457,0.7742816037793648,2.14299862326082
1776265299.0732577,70.2027313709259,-4.5739492123055605,3.001934133099394,1.5146853757129948,0.7741391876378332,5.3014798692300795
1776265299.1321633,70.26163697242737,-4.542439933676182,3.0175714070446746,1.514030124309823,0.7739953340231847,0.597264355438265
1776265299.1412838,70.27075743675232,-4.5108706582359055,3.033210069327257,1.5133780972141648,0.7738384071645287,3.8634563540988713
1776265299.1549566,70.28443026542664,-4.479227373368744,3.0488585051684614,1.5127280591098198,0.7736600347633619,2.582284387101648
1776265299.176589,70.30606269836426,-4.447514310167004,3.064504636846225,1.5120794239958673,0.7734599682421447,1.6349819702396764
1776265299.18723,70.31670379638672,-4.415754215372681,3.0801309127479333,1.511434831550437,0.7732631941164192,3.326909675548826
1776265299.2454016,70.37487530708313,-4.383970020635083,3.095713722152723,1.5107986759257879,0.7730932522341364,0.6086190397020166
1776265299.2547817,70.38425540924072,-4.352164950538446,3.1112603851312173,1.5101715072459336,0.772948052796864,3.774690717064176
1776265299.2664793,70.39595293998718,-4.320337175125843,3.126772898137548,1.5095521986042986,0.7728195716724549,3.027328682284621
1776265299.2774966,70.40697026252747,-4.288479479866646,3.1422610407690574,1.5089381597637832,0.7726979209099378,3.215700687293855
1776265299.3241436,70.45361733436584,-4.256584770032981,3.1577316562166264,1.5083293035020287,0.772579349649176,0.7600468146518912
1776265299.3423676,70.47184133529663,-4.224651445366357,3.1731882002007237,1.507725904438013,0.7724623429661781,1.947018968059354
1776265299.361042,70.49051570892334,-4.192665977373433,3.1886490697481227,1.5071249261591129,0.7723316524098993,1.9026743328786506
1776265299.37248,70.50195360183716,-4.160634850313175,3.204112154031772,1.506525117202852,0.7721916264045757,3.1101272512873006
1776265299.4115758,70.54104948043823,-4.128563442326589,3.2195699070821937,1.505925580758882,0.7720499898854024,0.9107675471270167
1776265299.4282947,70.55776834487915,-4.096446920459827,3.235029060895627,1.505330727819009,0.7719018857372727,2.1322276968199696
1776265299.449328,70.57880163192749,-4.064294488294432,3.250479775641307,1.5047427270044786,0.7717537650141355,1.6962166911317558
1776265299.4541109,70.58358454704285,-4.032115777087751,3.2659052681602296,1.504160692459581,0.7716170021568787,7.461911839937655
1776265299.4934013,70.62287497520447,-3.9999044985277843,3.2813099616139976,1.5035859651725747,0.7714827406160368,0.9088717858979379
1776265299.5033762,70.63284993171692,-3.967664275310062,3.2966886153004147,1.5030164873607803,0.7713549521921762,3.5814463246692743
1776265299.5179334,70.64740705490112,-3.9353986394118565,3.3120393490573514,1.5024529978881926,0.7712385937676622,2.4548538429886033
1776265299.5318844,70.66135811805725,-3.903133369892752,3.327332480372803,1.5018990918178952,0.7711557866323625,2.5596918580101264
1776265299.5653641,70.69483780860901,-3.8708647433363748,3.3425779487783713,1.5013528542166246,0.7711031441699818,1.066107633903688
1776265299.5792286,70.70870232582092,-3.8385720638218164,3.3578005190375526,1.5008119225826162,0.7710600138102733,2.575268269431663
1776265299.5912302,70.72070384025574,-3.8062402917560543,3.373006179549576,1.500277195877738,0.7710152573868262,2.9773675312875993
1776265299.6014736,70.73094725608826,-3.773843115816647,3.388220446754327,1.4997463956177877,0.7709407457073573,3.494508883541794
1776265299.6441288,70.77360248565674,-3.741381024920107,3.403449442083128,1.4992163969649601,0.7708363956977472,0.840710755870564
1776265299.6572096,70.78668332099915,-3.7088798053592624,3.418671277167335,1.4986900108384835,0.7707279574579343,2.743941286184104
1776265299.6785223,70.80799603462219,-3.676347891587829,3.4338740238551924,1.4981638143924707,0.7706226527291621,1.685038953235813
1776265299.6900012,70.81947493553162,-3.643793857595291,3.4490504242989335,1.4976368099693138,0.7705242579574352,3.1293644715635565
1776265299.701163,70.83063673973083,-3.6112315722432835,3.4641909136271294,1.4971137158649268,0.7704456418146212,3.2175740413177145
1776265299.7329042,70.86237788200378,-3.5786465617055434,3.4793106000159155,1.4965988615357568,0.7703704283698393,1.1318325502544164
1776265299.7481701,70.87764382362366,-3.5460190009205834,3.4944278259961568,1.4960862175934044,0.7702828295005391,2.3557793600639294
1776265299.763056,70.89252972602844,-3.5133423104880865,3.5095478632201793,1.4955698083859421,0.7701778466325236,2.4190003458294513
1776265299.7762506,70.90572428703308,-3.480613622186367,3.5246741027906054,1.4950468806772548,0.7700589987746828,2.7328602228048045
1776265299.8028395,70.93231320381165,-3.4478404125504905,3.539806728256086,1.4945221775662665,0.769932147044041,1.3577840601013234
1776265299.8175852,70.94705891609192,-3.4150577252350893,3.5549128838252653,1.4940029483042276,0.7698202544230225,2.4481318360765707
1776265299.8376298,70.96710348129272,-3.382276448243316,3.569989965531432,1.4934863885347065,0.7697264088376886,1.8002870734069862
1776265299.85284,70.98231363296509,-3.3495095785031523,3.585024875803017,1.4929737357492796,0.7696555156808036,2.370470958659599
1776265299.8777092,71.00718283653259,-3.316749469093389,3.600025203090457,1.4924631675897615,0.7695975307922515,1.4489663782109028
1776265299.8799987,71.0094723701477,-3.2839837642063356,3.615003306186765,1.4919539372311381,0.7695473529933792,15.737031911914661
1776265299.9005857,71.03005933761597,-3.2512060317571456,3.6299667233706407,1.4914425803525888,0.7695012542604618,1.7503952978876662
1776265299.90935,71.03882360458374,-3.2184174073213065,3.6449134343017877,1.4909303250248434,0.7694578173666184,4.111960479757001
1776265299.9542623,71.08373594284058,-3.185600665997086,3.6598589014489304,1.4904175190912332,0.7694059481337444,0.8029730034934535
1776265299.9763033,71.10577702522278,-3.1527533966645915,3.67480541002684,1.4899002904495022,0.7693428275196361,1.6374727341390742
1776265299.9788134,71.10828709602356,-3.1198763126119458,3.6897513175569916,1.4893755370485242,0.7692720063252788,14.389501654621139
1776265299.9885929,71.11806654930115,-3.086968266309836,3.704697085845645,1.4888433812100845,0.7691959932367523,3.6962091112059814
1776265300.031044,71.16051769256592,-3.0540348357660934,3.7196342187995204,1.4883036250289265,0.769119577170184,0.8519572875132589
1776265300.0331802,71.16265392303467,-3.021076478936179,3.7345702857034144,1.4877583355029347,0.7690401367397983,16.940542606748224
1776265300.0508785,71.18035221099854,-2.9880907032135653,3.7495126107602346,1.4872062741022485,0.7689494275507377,2.0463312898596193
1776265300.0765643,71.20603799819946,-2.9550840269796836,3.7644549171440236,1.4866478623501662,0.7688551260356299,1.4107290860361765
1776265300.1262233,71.25569701194763,-2.922066150368298,3.779382950963655,1.486088516417906,0.7687637686619626,0.729777332599538
1776265300.140041,71.26951479911804,-2.8890486532971758,3.794287527978993,1.485528278102013,0.7686806330496211,2.621985271393628
1776265300.1575856,71.28705930709839,-2.8560348047282287,3.809176606828417,1.4849678051229644,0.7686117910733965,2.064483060966297
1776265300.1783679,71.30784153938293,-2.82305014031385,3.8240254556131075,1.4844152502647645,0.7685621738887171,1.740770084086288
1776265300.206343,71.3358166217804,-2.7900907349141795,3.8388356340356062,1.4838715984303597,0.7685304634035098,1.291794569738318
1776265300.2395968,71.36907052993774,-2.7571348420005064,3.8536287413805073,1.4833339134528376,0.7685057435959773,1.08642187819915
1776265300.249553,71.37902665138245,-2.724162972408237,3.868417923885099,1.482798880626366,0.7684749788788923,3.629998138723091
1776265300.2715979,71.40107154846191,-2.6911371224697604,3.88323675266626,1.4822661337180796,0.7684215620334942,1.6421962750829788
1776265300.2720392,71.40151286125183,-2.6580475419239935,3.898094219969827,1.481730234569098,0.7683378340290674,82.20031608243623
1776265300.3414507,71.4709243774414,-2.6249145190203103,3.9129804474150496,1.4811931609739064,0.7682405115284952,0.5233637982973817
1776265300.3453941,71.47486782073975,-2.59176256855058,3.9278796581519693,1.4806587067202506,0.7681381298725981,9.217837580822547
1776265300.354843,71.48431658744812,-2.5586245897553823,3.942758858718638,1.480131062403576,0.7680407388165228,3.844838095361051
1776265300.377658,71.50713157653809,-2.5255181916274076,3.957603222401078,1.479610151955819,0.7679531602463563,1.5904373580077042
1776265300.440731,71.57020473480225,-2.4924374479262763,3.972418729973993,1.479095563253527,0.767873463883041,0.5747375537173159
1776265300.4491382,71.57861185073853,-2.459370751094501,3.9872043303573914,1.4785842845074082,0.7677928545599514,4.308901042911599
1776265300.4741182,71.60359191894531,-2.4263034142546784,4.001971115443842,1.4780742557974278,0.7677078499680952,1.4498888288882212
1776265300.4913042,71.62077784538269,-2.3932304646586635,4.016727644704552,1.4775635288142255,0.7676176457379764,2.107496309194833
1776265300.5245175,71.65399122238159,-2.3601488244945115,4.031486090778265,1.477052935191667,0.7675246869129327,1.0907650638151094
1776265300.5613506,71.69082427024841,-2.3270665272082995,4.046237483410602,1.4765443905684654,0.7674300803747087,0.9835105108520888
1776265300.5617547,71.69122838973999,-2.2939882134990057,4.060971177999575,1.4760344191257806,0.7673347128181344,89.6142570812899
1776265300.5641053,71.69357895851135,-2.2609438679142992,4.075664749385196,1.4755280912385758,0.7672477222123213,15.386690466305032
1776265300.6072445,71.73671817779541,-2.2279453944777043,4.090316639648005,1.4750288751351393,0.7671748619937413,0.8370233942809439
1776265300.619858,71.74933171272278,-2.1950030720684475,4.104920140989913,1.4745377622711546,0.7671154713116481,2.857048509912593
1776265300.6475995,71.77707314491272,-2.1621167906774157,4.11948018404845,1.47405203866688,0.7670664250338656,1.2965651278807357
1776265300.6528592,71.78233289718628,-2.129293727849306,4.133991479196935,1.4735707878074438,0.7670247944081285,6.82370238663173
1776265300.6961439,71.82561755180359,-2.0965425583783825,4.148458587406666,1.4730959298518214,0.7669964620772202,0.8272513076155421
1776265300.7103572,71.83983087539673,-2.0638572121019543,4.162888314998079,1.472627845784177,0.7669799114888299,2.513971508191177
1776265300.7323036,71.86177730560303,-2.031237210290688,4.177282206636487,1.4721653145080336,0.7669728558774365,1.6247550728043827
1776265300.7469225,71.87639617919922,-1.998675814615871,4.191652375753133,1.47170731561128,0.7669787843155762,2.434819982599259
1776265300.7501554,71.87962913513184,-1.9661778022480998,4.206003462981175,1.471255517103615,0.7669978176670191,10.98949740318389
1776265300.801445,71.93091869354248,-1.93376189706913,4.220326708045386,1.4708100944137839,0.7670361985093078,0.6910203992659733
1776265300.813902,71.94337558746338,-1.901457592309167,4.234594043298561,1.470373915760792,0.7670891810927314,2.835165030161623
1776265300.848156,71.97762966156006,-1.8692943381191762,4.248772745498453,1.4699470131334447,0.767143109849398,1.0262260118942708
1776265300.8485663,71.97803997993469,-1.8372699273322808,4.262866013556458,1.4695254363946035,0.7671968267683088,85.27735972046064
1776265300.9045634,72.0340371131897,-1.8053718051760343,4.276887738260532,1.4691092266058388,0.7672535967672249,0.6222891523314938
1776265300.9124074,72.04188108444214,-1.773599320987599,4.29084780505943,1.468698387554211,0.7673179755990902,4.424611682340125
1776265300.945269,72.07474279403687,-1.7419481598788837,4.304763746404595,1.4682964007657147,0.7673958470049317,1.0522157558294758
1776265300.9486303,72.07810401916504,-1.7104178066157736,4.318636987895007,1.467899777431462,0.7674937672817547,10.249173534742331
1776265300.9884927,72.11796641349792,-1.6790180173134688,4.332458497741095,1.4675063518782532,0.7676050265180528,0.8606961929944638
1776265300.998202,72.12767577171326,-1.6477669011804692,4.346210208214589,1.467114349748323,0.7677229549793926,3.516732075431621
1776265301.0063121,72.13578581809998,-1.6166838337025857,4.359873215725957,1.4667205433078283,0.7678369477339501,4.186869465761679
1776265301.030289,72.1597626209259,-1.5857829707910485,4.373433049742592,1.4663237471742816,0.7679429512630367,1.4075038582886195
1776265301.0790303,72.20850396156311,-1.5550795960142128,4.386868381331577,1.4659231858234483,0.7680270108121418,0.6876431640980805
1776265301.094887,72.224360704422,-1.5245697058716585,4.400183425999187,1.4655173564397255,0.7680874526868747,2.0995022778470265
1776265301.0992305,72.22870421409607,-1.4942415435150689,4.413392731665306,1.4651063164884615,0.76813435357795,7.616537674857956
1776265301.1153407,72.24481439590454,-1.4640851290230952,4.426505403172741,1.4646893334081907,0.768176198374874,2.0413520670483094
1776265301.1634836,72.2929573059082,-1.434082675912918,4.439545125187451,1.46427240107469,0.7682292284238349,0.6795660271874241
1776265301.1861951,72.31566882133484,-1.4042256716103045,4.452525476617466,1.4638568903100102,0.7683012084945202,1.4335996733034477
1776265301.1898544,72.31932806968689,-1.374524009365582,4.465436094870403,1.4634391635473782,0.7683837566107998,8.85127123135095
1776265301.198958,72.32843160629272,-1.344990146613072,4.4782659694607325,1.4630163956802276,0.7684745972492077,3.537416868829569
1776265301.2554693,72.38494300842285,-1.315643837857614,4.490992642191959,1.4625870792023772,0.7685616325754601,0.5660799666350045
1776265301.2725315,72.40200519561768,-1.2865028769391782,4.503596149071985,1.4621506441138377,0.76863174062986,1.8609986881803242
1776265301.2868865,72.4163601398468,-1.2575636991677248,4.516084730872643,1.461706558799992,0.7686882071446971,2.195900026754959
1776265301.3072665,72.4367401599884,-1.228818930961734,4.528467674665855,1.4612551029628547,0.7687376479774545,1.5359063329944105
1776265301.314645,72.44411873817444,-1.2002695495786044,4.540739190835389,1.4607955044638536,0.7687813208422872,4.211980206217865
1776265301.3581789,72.48765254020691,-1.1719171164845652,4.552893637153647,1.4603279803262226,0.7688140871029917,0.7086771727172565
1776265301.367989,72.4974627494812,-1.143754434047893,4.564938853945084,1.4598535244546942,0.7688424558470791,3.12267707375573
1776265301.3861325,72.51560616493225,-1.1157804891042844,4.576872451534733,1.459370614663479,0.7688655304234209,1.6764684128778187
1776265301.3940184,72.52349209785461,-1.0879934030829534,4.588694576485056,1.4588786418923452,0.7688829458969014,3.829786249118183
1776265301.431028,72.56050157546997,-1.060393272465387,4.60040446954015,1.4583752757608468,0.7688938407496259,0.8102167761499695
1776265301.4404314,72.56990504264832,-1.032976015913179,4.61200903796323,1.4578606507518486,0.7689059010446003,3.166539168068274
1776265301.4553607,72.5848343372345,-1.0057357589589506,4.623519001302357,1.4573378065297646,0.768924191400535,1.9811218266504487
1776265301.4657202,72.59519386291504,-0.9786768483875751,4.634929540366977,1.4568067878340676,0.7689502704298274,2.835187119867432
1776265301.5038164,72.63329005241394,-0.9518064921610465,4.646233294913079,1.4562670165081695,0.7689766718546045,0.7653303554446393
1776265301.519252,72.64872574806213,-0.9251312989887912,4.65742294119198,1.4557174380837494,0.7690007274398469,1.8743741128004525
1776265301.5402257,72.6696994304657,-0.8986561638826172,4.66849207878979,1.455156917881783,0.7690183883561941,1.3684502978172497
1776265301.5406654,72.67013907432556,-0.872389816463759,4.679426543655259,1.4545848049623338,0.7690226402251708,64.72779032045776
1776265301.5796814,72.70915508270264,-0.8463305589289183,4.690226852127596,1.454003029995249,0.7690161487545863,0.7231573436763175
1776265301.5846214,72.71409511566162,-0.8204676360987241,4.700905584033613,1.4534164816361272,0.7690079742415435,5.665339448150115
1776265301.6007197,72.73019337654114,-0.7947960993027151,4.711465117101434,1.4528250881901876,0.7689954807878111,1.7247048730522236
1776265301.6083522,72.73782587051392,-0.7693103343913108,4.721910071220468,1.4522276909406437,0.7689839586461402,3.609509343793854
1776265301.6504824,72.77995610237122,-0.7440102966612862,4.732239298923311,1.4516244606463722,0.7689731240148314,0.6487982730885584
1776265301.6732337,72.80270743370056,-0.7189059707434786,4.742436572761585,1.4510141178069285,0.7689592231735024,1.191280257187478
1776265301.682007,72.81148076057434,-0.6940013668601634,4.752494364947716,1.4503945552888156,0.7689366299985496,3.0622371031961286
1776265301.6979568,72.82743048667908,-0.6692912889992879,4.762419690879666,1.4497674863819012,0.7689098818665097,1.6700170570691937
1776265301.735869,72.86534261703491,-0.644765886902004,4.772225756533503,1.449136873950049,0.768884794271563,0.6968923246892476
1776265301.7453847,72.87485837936401,-0.6204247300610799,4.78191126542869,1.4485025541213332,0.768862364183508,2.7538545601057023
1776265301.759103,72.88857674598694,-0.5962709803865152,4.791471877558809,1.4478642484839739,0.7688401341052852,1.8941705217256284
1776265301.7702193,72.89969301223755,-0.5723098358149855,4.800900321473493,1.4472204993736726,0.7688154879501917,2.317095779703847
1776265301.780421,72.90989470481873,-0.5485395287359076,4.810200352982292,1.446571954066534,0.7687907907866885,2.5028288205752
1776265301.8675387,72.99701237678528,-0.5485395287359076,4.810200352982292,1.446571954066534,0.7687907907866885,0.0
1776265301.868157,72.99763059616089,-0.5249561653024539,4.8193784328793345,1.4459201368356074,0.7687658523734807,40.947858431594426
1776265301.8683898,72.99786353111267,-0.5015605185588018,4.8284334331061585,1.4452645863698508,0.7687405012318764,107.73565336269293
1776265301.8685815,72.99805521965027,-0.4783553716230567,4.837360220313238,1.4446034907116485,0.7687158059456476,129.75079119778414
1776265301.8687923,72.9982659816742,-0.45534771414203906,4.846147399003548,1.4439357243492097,0.7686885645890899,116.89785358453513
1776265301.8901045,73.01957821846008,-0.4325410705596035,4.854787883559908,1.4432621953759952,0.7686534139290142,1.1447808336276823
1776265301.9027522,73.03222584724426,-0.4099308546353995,4.863286037557053,1.4425839490607208,0.7686099672084111,1.9105583881294088
1776265301.9154305,73.04490423202515,-0.38751004021051294,4.871650239192728,1.4419014448624026,0.7685666059650273,1.8882449141077502
1776265301.9266455,73.0561192035675,-0.36527515579063247,4.879882543691324,1.441215575954768,0.7685236979288439,2.11501661529769
1776265301.9582045,73.08767819404602,-0.3432253597779446,4.887981333523425,1.4405251425195122,0.7684826772604726,0.7446443995535437
1776265301.9700253,73.09949898719788,-0.3213578694828383,4.895950385959849,1.4398320575325174,0.7684416798374147,1.969801407840222
1776265301.9867537,73.11622738838196,-0.29967133966253146,4.903790439243376,1.439134650896677,0.7684024069464904,1.37913513116926
1776265301.9952683,73.12474203109741,-0.27816641442460044,4.911501467975594,1.4384339059475841,0.7683662745853633,2.6843582933975263
1776265302.0293021,73.158775806427,-0.25684379789152,4.919084178701919,1.4377313719900089,0.7683307194587974,0.6652704736606588
1776265302.0411625,73.17063617706299,-0.23570504738260006,4.9265374028904745,1.4370253392513292,0.7682953854521851,1.8907788948618827
1776265302.055417,73.18489074707031,-0.2147463113440704,4.933868797740593,1.4363183156169272,0.7682598241236414,1.5584659247238202
1776265302.071109,73.20058274269104,-0.1939744630519951,4.941069284141805,1.4356092056883767,0.7682217441667206,1.4017272496151325
1776265302.1031847,73.23265838623047,-0.1733910140834668,4.948137733419483,1.4348963036702411,0.7681794729288453,0.6788632590985881
1776265302.107284,73.23675775527954,-0.15298992218273358,4.955083647894417,1.4341811503986495,0.7681407550959938,5.260070719663621
1776265302.1372485,73.26672220230103,-0.13276071915750556,4.961923903334326,1.4334680446276928,0.7681120824807235,0.7130546455894918
1776265302.1460254,73.27549910545349,-0.11270171257117749,4.96866329323884,1.4327570406265169,0.7680927804841098,2.4123347034446656
1776265302.164334,73.29380774497986,-0.09281645774961272,4.9752997091698115,1.4320479384404672,0.7680823808551799,1.1456568881471887
1776265302.1708734,73.30034708976746,-0.07311557123386564,4.981819656643752,1.4313399187762785,0.7680738990627187,3.1752130865826333
1776265302.1850297,73.31450343132019,-0.05360459967523595,4.988218083367778,1.430631879321518,0.7680639522896753,1.451331156265332
1776265302.2015936,73.33106732368469,-0.034293271195756946,4.994481030306082,1.4299228451336115,0.7680504296067946,1.2263966836870945
1776265302.215557,73.34503078460693,-0.015184003775144157,5.000602958540482,1.4292103980143172,0.7680292486396626,1.4379377648376677
1776265302.2468023,73.37627601623535,0.003719144308071372,5.006573139013005,1.4284940480761907,0.7679980399685704,0.6348636523813291
1776265302.269836,73.39930963516235,0.022420230105072034,5.012391418411147,1.4277748418516754,0.7679552190106421,0.8508639299277829
1776265302.2722394,73.40171313285828,0.040927708032620705,5.018062693285217,1.4270567327371624,0.7679035568376726,8.059183587629649
1776265302.286533,73.41600680351257,0.059263722760724634,5.023614828936972,1.426347490921495,0.767857208112894,1.3412438659824346
1776265302.3322206,73.46169424057007,0.0774349698357151,5.029053778592723,1.4256447293511352,0.7678155886141533,0.41544871018636015
1776265302.3369339,73.46640753746033,0.09545111060753778,5.034392885246393,1.4249515138524294,0.7677859423276975,3.9894372623678063
1776265302.3504682,73.47994184494019,0.11331311609394944,5.039636341741187,1.424267619846342,0.7677654256198067,1.3763747614263482
1776265302.359012,73.48848557472229,0.13101510870098537,5.044781719295669,1.4235902458046947,0.7677531885579999,2.159135139295655
1776265302.3900738,73.51954746246338,0.1485445634456463,5.049817349532874,1.4229179896722641,0.7677412686957364,0.5875621189995207
1776265302.399391,73.52886462211609,0.16588985817896099,5.054732352922345,1.4222481019143114,0.7677265331385072,1.9362827676041583
1776265302.417209,73.54668259620667,0.1830432918425139,5.059519026895691,1.4215790040527667,0.767707929720534,1.0001890103551037
1776265302.4276867,73.55716037750244,0.20000623928560912,5.064181479270306,1.4209110077233493,0.767678742862709,1.6801956797272177
1776265302.4654226,73.59489631652832,0.21678365490286045,5.068726216533662,1.4202430879839576,0.7676438710789469,0.4609636613648723
1776265302.4727829,73.60225653648376,0.23337780951080297,5.073153767845345,1.419577877828677,0.767606311269293,2.3351943961959285
1776265302.4920156,73.62148928642273,0.24979630780661985,5.077473236989523,1.4189186788864951,0.7675709947551899,0.88338800876397
1776265302.4953063,73.62477993965149,0.26604140666799303,5.081686320775446,1.4182650405177981,0.7675394839438888,5.103927025641024
1776265302.5321372,73.6616108417511,0.28210937940475334,5.08578660554862,1.4176149950211745,0.7675049933324712,0.45058959272143373
1776265302.5476174,73.67709112167358,0.29799796370573867,5.089770978877607,1.4169651172962314,0.7674643420117682,1.0589882239982307
1776265302.5691807,73.69865441322327,0.3137127217135268,5.09364840314791,1.416317264618173,0.7674251038417099,0.7512306088377289
1776265302.5953066,73.72478032112122,0.329261890498236,5.097432409516781,1.4156781598281827,0.7673941716130892,0.6130212337961862
1776265302.6275747,73.75704836845398,0.34465037266571796,5.101131870942518,1.4150497578133137,0.7673697376111985,0.4908691935555383
1776265302.6368034,73.76627707481384,0.3598762385973288,5.104745969670298,1.4144294284849348,0.767354533199842,1.697010371523405
1776265302.6570485,73.78652215003967,0.37492989157352596,5.108263828964907,1.413815204668903,0.7673406606812323,0.7642069715803107
1776265302.661817,73.79129076004028,0.38981055205954007,5.111687965033196,1.4132057362068497,0.7673291189893602,3.20464358747287
1776265302.6886683,73.81814193725586,0.40451228778971915,5.1150116910386,1.4126011120165822,0.7673182305074814,0.5617960426056868
1776265302.7344031,73.8638768196106,0.4190243024892739,5.118219721287739,1.4119987330565915,0.7672968114098102,0.32523472525910335
1776265302.7532024,73.88267612457275,0.43334397074733894,5.121307231495761,1.4113948006338215,0.7672590940511508,0.7798791109946777
1776265302.7600513,73.88952493667603,0.4474749122076555,5.124276648153797,1.4107900713759838,0.767204682437683,2.1101789573544862
1776265302.7720118,73.90148544311523,0.4614280776387266,5.127139702939789,1.4101876649312304,0.7671398981358083,1.1919734019155237
1776265302.8485076,73.97798132896423,0.4614280776387266,5.127139702939789,1.4101876649312304,0.7671398981358083,0.0
1776265302.8522573,73.98173093795776,0.47521093517421154,5.129902507930115,1.4095869080782701,0.7670745527161834,3.752355829571261
1776265302.864539,73.99401259422302,0.4888441727697877,5.132595338484667,1.4089971925981384,0.7670260644934368,1.132513646873934
1776265302.8722637,74.00173735618591,0.5023392891807599,5.135236296189378,1.4084228424306158,0.767006046759619,1.7816849388793488
1776265302.884014,74.01348757743835,0.5156838664093109,5.137810085736978,1.4078619796202523,0.767003097954581,1.1576024100847264
1776265302.9287915,74.058265209198,0.5288620356209924,5.140301620430769,1.4073137474544202,0.7670036969277827,0.29976648014858676
1776265302.9477253,74.07719898223877,0.5418552714854192,5.142690134387479,1.4067749065300896,0.7669916288119123,0.6983253426251438
1776265302.9654872,74.09496092796326,0.5546624940778706,5.144978086612032,1.406245183213808,0.7669706456506565,0.73307078652135
1776265302.9761682,74.10564184188843,0.5672755271784521,5.147151707590672,1.4057209004871543,0.7669285435062628,1.1993063521350882
1776265303.041121,74.17059469223022,0.5796967264723023,5.149210764825005,1.4051988133864046,0.7668655600700868,0.19401037776577199
1776265303.0556042,74.18507790565491,0.5919426495190241,5.151174524935925,1.4046827432150772,0.7667957035460571,0.8570688136249096
1776265303.0648592,74.19433283805847,0.6040281014390884,5.1530603355183064,1.404175176512649,0.7667310257163192,1.322778349614903
1776265303.0926256,74.22209930419922,0.6159642821049947,5.154881782286355,1.4036773849811985,0.7666800396261646,0.4352233025456241
1776265303.1229124,74.25238609313965,0.6277539149994275,5.156643202941753,1.4031895837892623,0.7666479079435156,0.3939164723612456
1776265303.1408162,74.2702898979187,0.6393859594025609,5.158330943182822,1.402709956809618,0.7666203298990252,0.657046314945224
1776265303.1587079,74.28818154335022,0.6508543690079842,5.1599402661499925,1.4022354659044522,0.7665936597904587,0.6478158207229817
1776265303.1819758,74.31144952774048,0.6621552099031476,5.161469176422982,1.4017661120824765,0.7665657004104727,0.49052169046669164
1776265303.2186265,74.34810018539429,0.6732908576824764,5.162924469854786,1.4013020830868177,0.7665404619792373,0.30667723367480676
1776265303.2281532,74.35762691497803,0.6842643394304452,5.164313265673308,1.4008439203059266,0.7665236867307987,1.162046201650668
1776265303.2478156,74.37728929519653,0.6950681998106633,5.165625636742459,1.4003914930227357,0.7665061461384267,0.5539856648442713
1776265303.2484117,74.37788534164429,0.7056988105086524,5.166857162303856,1.3999446790028485,0.7664800274223535,17.970127808990362
1776265303.2688897,74.3983633518219,0.7161609082336952,5.168014870661857,1.3995052583893892,0.7664520756918791,0.5144604062300239
1776265303.3317304,74.46120405197144,0.7264554382550995,5.169098244227491,1.3990734195082744,0.7664224837330528,0.16486739900919614
1776265303.3465183,74.47599196434021,0.7365850508399516,5.1701112346759,1.3986515517496243,0.7665440125033104,0.6890002264592515
1776265303.3819587,74.5114324092865,0.7465294089936533,5.171026397033666,1.3982617094901062,0.767049150354843,0.2819938101136
1776265303.3909488,74.52042245864868,0.756269460435962,5.171815042191559,1.397911482366505,0.7678649394077813,1.0876693765384244
1776265303.4576168,74.58709049224854,0.7658029083568297,5.172470248490242,1.3975926392392455,0.7689474523768117,0.1434158752380608
1776265303.4580677,74.58754134178162,0.7751455333856448,5.173008648719498,1.3972966841138998,0.7702771486196276,20.767026993427873
1776265303.4676805,74.59715414047241,0.7843364724154069,5.1734747348178445,1.3970280646066728,0.7718664095761865,0.9577511434957677
1776265303.4790187,74.60849237442017,0.7934045922400909,5.17390171372088,1.3967884716086023,0.7737209633775839,0.8009472859721329
1776265303.5185113,74.64798498153687,0.8023707410287563,5.174317285661003,1.3965758744275871,0.775846183751984,0.2273410733573447
1776265303.5376518,74.66712546348572,0.8112363764279783,5.17473154576686,1.3963865280413952,0.7782296672726786,0.4637985679823727
1776265303.5513172,74.68079090118408,0.8199912253392613,5.175146625049567,1.3962174009275103,0.7808516649327357,0.6414953506009885
1776265303.5603817,74.68985533714294,0.8286191593213477,5.175560207411281,1.396065803674729,0.7836877316104857,0.9530842422102357
1776265303.6112669,74.74074053764343,0.8371106106545876,5.17597390024271,1.3959291070528497,0.7867217329175663,0.16709419400775996
1776265303.616222,74.7456955909729,0.8454594640194717,5.176391115654466,1.3958047626652306,0.7899388084566337,1.6872061262780602
1776265303.6480443,74.77751803398132,0.853654304430434,5.176806870137831,1.3956907377290302,0.7933130132475983,0.2578737351541231
1776265303.6508503,74.78032398223877,0.8616852683359132,5.177215349615106,1.3955858332362199,0.7968213642664567,2.866064859935816
1776265303.7003708,74.82984447479248,0.8695420486608502,5.177605314111397,1.3954884056691264,0.8004324685664814,0.1588646446779473
1776265303.7103722,74.83984589576721,0.8772312752905422,5.177983626819893,1.3953981407884215,0.8041437966797149,0.7697962861467436
1776265303.726999,74.8564727306366,0.8847650444908692,5.17836615485659,1.3953181406896726,0.8079681155836249,0.4537182607929127
1776265303.7471316,74.87660527229309,0.8921573851333127,5.17877459237113,1.3952530078851755,0.8119270722685686,0.3677579337757102
1776265303.7943294,74.9238030910492,0.8994079397087444,5.179211701016547,1.3952024854311529,0.8160075556677153,0.1539031746720591
1776265303.8132846,74.94275832176208,0.9065138023472676,5.17967704402281,1.3951639404478433,0.8201989245468627,0.375684567827565
1776265303.8277252,74.95719885826111,0.9134637385005543,5.180158725126634,1.3951363565989972,0.8244756547451124,0.48243794585103067
1776265303.852093,74.98156666755676,0.9202442717918444,5.180639183067789,1.395118870098863,0.8288020157964637,0.2789564147866805
1776265303.8711333,75.00060701370239,0.9268494006951267,5.181109006881191,1.3951086395375554,0.8331511377833766,0.3477786061778938
1776265303.89752,75.02699375152588,0.9332855551024307,5.181574464986207,1.3951051289496408,0.8375227455311223,0.2445533152130828
1776265303.9091783,75.03865194320679,0.9395522155314996,5.182032330978065,1.3951089893486137,0.8419058599067859,0.5389657535776502
1776265303.9411867,75.07066035270691,0.9456488028199261,5.1824786494387,1.3951192030255384,0.8462883812316615,0.19097828066029202
1776265303.9545822,75.08405590057373,0.9515905425325045,5.182933638431278,1.3951410198488583,0.8507071351271513,0.44486232643524487
1776265303.9974158,75.12688946723938,0.9573935066955699,5.18341926508185,1.3951762128391052,0.8551896408282377,0.13595307546300928
1776265304.0257807,75.15525436401367,0.9630682331993391,5.183951242644724,1.3952244405700749,0.8597565929925779,0.20094595008714364
1776265304.039766,75.16923975944519,0.9686174280540881,5.184539064324169,1.3952865081393047,0.8644194330081983,0.3990296117161283
1776265304.0418043,75.17127799987793,0.9740144657087436,5.185148336028279,1.395362482142217,0.8691072892966765,2.6649704227874014
1776265304.073501,75.20297479629517,0.9792401135083905,5.185755033008692,1.3954506338000159,0.8737734328241417,0.16599428741207406
1776265304.116134,75.24560761451721,0.9842860249332303,5.186346245803633,1.3955469072371758,0.8783899841946727,0.11918847747230904
1776265304.1324086,75.26188230514526,0.9891522113165541,5.186917772488315,1.395648469657754,0.8829434925858625,0.3011231705158741
1776265304.1443784,75.27385210990906,0.9938536005457653,5.187487181207004,1.395756287318835,0.8874656214406604,0.39574353354749514
1776265304.1642482,75.29372191429138,0.9984029970600284,5.188070568051054,1.395870935633123,0.8919848997894259,0.23090723727099347
1776265304.1805105,75.30998420715332,1.0028039613283846,5.188671328844417,1.395992073214538,0.8964950753737075,0.27323517704784445
1776265304.2115743,75.34104800224304,1.0070578467336329,5.189289563388924,1.3961171798162804,0.9009965058697935,0.1384375634717853
1776265304.2254844,75.35495805740356,1.0111773163599438,5.189948170785329,1.3962501875744882,0.9055302549464586,0.3000638868634439
1776265304.2484877,75.37796139717102,1.0151636629657814,5.190651741176633,1.3963897777261947,0.91009821216157,0.17607725481636677
1776265304.2608688,75.39034247398376,1.0190143294329101,5.191401327688521,1.396534343521319,0.9146905760817029,0.3170652884837347
1776265304.2732275,75.40270113945007,1.0227204454767729,5.192187193657677,1.3966854348006532,0.919288286061517,0.3067913252252143
1776265304.2972033,75.42667698860168,1.026263084669165,5.192980401241421,1.3968445194919266,0.9238351998908435,0.15156243199174776
1776265304.3525412,75.48201489448547,1.0296443206855328,5.193786294726169,1.3970087798468018,0.9283403640129947,0.06288326102260083
1776265304.370392,75.49986577033997,1.0328625400193794,5.1946002064483165,1.3971765119049457,0.9327868164815488,0.1861970981053014
1776265304.3915753,75.52104902267456,1.0359252496837972,5.195433299567195,1.397350054974547,0.9372006899568212,0.15005884188197763
1776265304.4085684,75.53804206848145,1.0388365425071053,5.196289651175963,1.3975289361429484,0.9415902405467528,0.17889053987627984
1776265304.4089487,75.53842234611511,1.0415991672459501,5.197172232607949,1.3977103821665557,0.9459639918047117,7.641392520673478
1776265304.4571338,75.58660745620728,1.0442117159075008,5.198076854931432,1.39789251588089,0.9503111480241632,0.05750171345644695
1776265304.4708855,75.60035920143127,1.0466767982778047,5.199008763062898,1.3980767103672256,0.9546282043915492,0.19210520776655454
1776265304.478172,75.60764575004578,1.0489877045972935,5.199957169140438,1.3982633856178497,0.958895294672849,0.34377278569482095
1776265304.5000405,75.62951421737671,1.0511426401199957,5.200916706163677,1.3984515553942671,0.9631029349210316,0.1082107685826696
1776265304.53065,75.66012358665466,1.0531494597776399,5.20189921965514,1.3986417212647215,0.9672696865535616,0.0732619891281753
1776265304.5500655,75.6795392036438,1.0550161502316453,5.202918312519881,1.3988352468785143,0.9714237412812401,0.1099908942259472
1776265304.5656831,75.69515681266785,1.056743338871372,5.203975706180598,1.3990347461726425,0.9755706384704455,0.13029906994728088
1776265304.5824149,75.71188855171204,1.0583272043846867,5.205065178695828,1.3992390760393671,0.9796956948078764,0.11554195197568772
1776265304.6005645,75.73003816604614,1.0597654057161645,5.2061840957423975,1.3994465419626607,0.9837905627313936,0.10104724471357664
1776265304.6102529,75.73972654342651,1.06105856262319,5.207336176530557,1.3996560063023333,0.9878663307861427,0.180065252805894
1776265304.6345797,75.76405334472656,1.0622101154055643,5.208531047377755,1.399867902331395,0.9919394093759506,0.06876895046510378
1776265304.6490471,75.77852082252502,1.0632139149996715,5.209757488807279,1.4000802798945577,0.9959967946483632,0.11052538736401693
1776265304.6770523,75.80652594566345,1.0640580975905272,5.210992151046208,1.4002949107397242,0.9999977909546144,0.05395418319494199
1776265304.6896727,75.81914639472961,1.06472818175042,5.2122045866849325,1.400514138923505,1.0038796694412135,0.11113108020438442
1776265304.7177813,75.84725499153137,1.0652299403414407,5.213403208773408,1.400740503534229,1.0076636993114552,0.046924289739824716
1776265304.726695,75.85616874694824,1.0655725217641767,5.214599383476957,1.4009737084069775,1.0113710123924247,0.14201990209424376
1776265304.749947,75.8794207572937,1.0657661353669392,5.215808394603172,1.4012141465614805,1.0150339971633415,0.05366417354754964
1776265304.7629383,75.89241194725037,1.0658251835822967,5.217056418957669,1.401465040779865,1.0187090496525306,0.09809435091554994
1776265304.7809374,75.91041111946106,1.0657518829223036,5.218345428905338,1.4017242692955796,1.022399363146562,0.0731622280916668
1776265304.8082235,75.93769717216492,1.065545212650817,5.2196752437786085,1.40198691264346,1.026103825802604,0.050251607672532866
1776265304.866262,75.99573564529419,1.065194677759177,5.22102594246388,1.402251390590297,1.0297900101587412,0.02447144433827864
1776265304.8799522,76.00942587852478,1.06468278880751,5.222360883254947,1.4025195081938506,1.0333898656209672,0.10625401994523836
1776265304.9228048,76.05227851867676,1.06468278880751,5.222360883254947,1.4025195081938506,1.0333898656209672,0.0
1776265304.9235597,76.0530333518982,1.0640053828623817,5.223666807326286,1.4027899524135359,1.0368833290866846,1.9816470324260378
1776265304.923814,76.0532877445221,1.063162844066405,5.224937607772924,1.4030606399708112,1.0402656401115014,6.087333011927351
1776265304.926475,76.05594873428345,1.062164173397249,5.226192664315318,1.4033330360192253,1.0435755766012809,0.6113781956028156
1776265304.9577267,76.0872004032135,1.0610255962042627,5.227458170128942,1.403610732752631,1.046861785149103,0.055191055302399504
1776265305.0050232,76.13449692726135,1.0610255962042627,5.227458170128942,1.403610732752631,1.046861785149103,0.0
1776265305.011859,76.14133262634277,1.059756348049454,5.228746212063049,1.4038942577378861,1.050154693567797,0.267773314394818
1776265305.0301368,76.15961050987244,1.058354496266444,5.230047088858849,1.4041817926036964,1.053444374162505,0.10580795565847884
1776265305.0368223,76.16629600524902,1.056806799819465,5.231331263869461,1.404473863666265,1.0566721764881668,0.3039692249098117
1776265305.0828164,76.21229004859924,1.0551138123413646,5.232600470028305,1.4047738539184462,1.0598348677510225,0.04646414588880133
1776265305.1968496,76.32632327079773,1.0551138123413646,5.232600470028305,1.4047738539184462,1.0598348677510225,0.0
1776265305.2080421,76.33751583099365,1.053276898449569,5.23385651227256,1.4050807115460313,1.0629323139156595,0.2006996476511215
1776265305.220087,76.34956073760986,1.051297920370987,5.235104646306206,1.4053904748342332,1.0659756325142629,0.19594304636028465
1776265305.2207527,76.35022640228271,1.049176481934387,5.236346101244249,1.4056996875717287,1.0689692790427987,3.721637022307382
1776265305.2483385,76.3778121471405,1.0469122773151922,5.237579397737185,1.4060098638301992,1.0719136720212932,0.09413893998224561
1776265305.2753584,76.40483212471008,1.044516785272609,5.238831963999073,1.4063262534595542,1.0748555361203787,0.1007275133578708
1776265305.3131318,76.44260549545288,1.0419840726920135,5.240088473341551,1.4066489022400757,1.077770169530171,0.07533401326309073
1776265305.3345857,76.46405935287476,1.0392981941879778,5.2413239733553745,1.4069746315433267,1.080610075005579,0.13863740779164316
1776265305.347963,76.47743678092957,1.0364716169712895,5.24255798141403,1.4073050462934815,1.083416378037872,0.23187210777880835
1776265305.3705914,76.5000650882721,1.0335159654128014,5.243808602437961,1.407640102288202,1.086219843715577,0.14259982968316026
1776265305.3740232,76.50349688529968,1.0304383847928817,5.245073506856584,1.4079785724900293,1.0890199248970565,0.97457830745767
1776265305.3846312,76.51410484313965,1.0272322237626965,5.24633335536518,1.4083201756266985,1.0917906562500885,0.3263306544329977
1776265305.4372919,76.5667655467987,1.0238880411107165,5.2475523362334116,1.4086675097587666,1.0944781595031599,0.0679126273216653
1776265305.442195,76.57166862487793,1.0204025129234624,5.248721096184027,1.4090197684486867,1.0970680796235657,0.753220861741374
1776265305.4671032,76.59657692909241,1.0167754000087457,5.2498495816533195,1.4093733081746658,1.0995655114979916,0.15316278648769177
1776265305.4712613,76.60073494911194,1.0130251317121663,5.250976473100544,1.4097329583086806,1.1020283547627086,0.9457378305371025
1776265305.5183587,76.64783239364624,1.0091706366518105,5.252137135594716,1.4100993196277738,1.1045135070280176,0.08582397351273617
1776265305.5741327,76.7036063671112,1.0052129456370897,5.253333516645531,1.4104692002051158,1.1070198127412254,0.07442681254442451
1776265305.574633,76.70410656929016,1.0011578562967178,5.254579239772212,1.4108413609001873,1.1095685565685967,8.51338306977624
1776265305.595151,76.72462463378906,0.9970037057985764,5.255871017146145,1.4112144280941616,1.1121494478263108,0.21280416638374453
1776265305.60665,76.73612380027771,0.9927317684155503,5.25717544906646,1.4115864250607277,1.1147080245984484,0.38977756076513204
1776265305.6226118,76.7520854473114,0.9883233099991844,5.258445662003344,1.4119586032555351,1.117180507298187,0.2883709630892552
1776265305.6455443,76.77501797676086,0.9837734159072522,5.259656732149499,1.412328487305868,1.1195321985810185,0.20594419577158224
1776265305.655138,76.78461170196533,0.9790936712538727,5.260811025695123,1.4126949569438025,1.1217739874475758,0.5038618190146391
1776265305.6756096,76.80508327484131,0.9743075108754008,5.261935666940232,1.4130610603927256,1.1239569508475311,0.24082809514355322
1776265305.7709541,76.90042781829834,0.9743075108754008,5.261935666940232,1.4130610603927256,1.1239569508475311,0.0
1776265305.7716117,76.9010853767395,0.9694297204171907,5.263051055375482,1.413426802456216,1.1261098643248437,7.629802135187319
1776265305.7718568,76.90133047103882,0.9644736977340248,5.264178935753259,1.4137918466706083,1.1282555194631374,20.791323215279526
1776265305.7730896,76.90256333351135,0.9594489929940158,5.2653348045034525,1.414154568620339,1.1304109590761973,4.192422558472633
1776265305.7832663,76.91273999214172,0.9543641378761496,5.266531284189137,1.4145154096639745,1.1325879501370981,0.5145278530120684
1776265305.8243706,76.95384430885315,0.9492169112799264,5.267758005384535,1.414873896806857,1.134772268223868,0.12902580757864562
1776265305.8541944,76.98366808891296,0.9439919832864103,5.268985594524166,1.4152316612625642,1.1369334253494738,0.180363177386476
1776265305.8642073,76.99368095397949,0.938674081497432,5.270174097934822,1.4155897651859168,1.1390310277561464,0.5453831365671077
1776265305.8741848,77.00365853309631,0.9332626786249235,5.271307035136383,1.4159453706333534,1.141054556263848,0.5552601314458774
1776265305.9119713,77.04144501686096,0.9277617754376789,5.272379834470175,1.4162971584820727,1.1430090829310584,0.14861310463925106
1776265305.9628968,77.09237051010132,0.9277617754376789,5.272379834470175,1.4162971584820727,1.1430090829310584,0.0
1776265305.9658113,77.09528493881226,0.9221762002708834,5.273402268133766,1.4166442374124861,1.1449057214838991,1.9520049255084913
1776265305.9661586,77.095632314682,0.916521910064021,5.274400018822318,1.4169904785516714,1.1467712251581927,16.55865379702526
1776265305.96636,77.09583377838135,0.9108191933664973,5.275406672270288,1.417340684491562,1.1486356467150518,28.79656748322024
1776265306.007531,77.13700461387634,0.9050685082204956,5.2764138757486,1.4176944395383724,1.1504901835503878,0.14206488264750702
1776265306.019824,77.1492977142334,0.8992635955860562,5.2774077827012,1.418049499072758,1.1523246856925995,0.4799504239494619
1776265306.0409744,77.17044806480408,0.8934119652987889,5.278394705222265,1.418406653034732,1.154143390171611,0.28108331652604795
1776265306.059488,77.18896174430847,0.8875173952353789,5.279372592638496,1.4187615361995678,1.155944649562645,0.3233102876111894
1776265306.1012523,77.23072600364685,0.881586641291439,5.280360731579954,1.4191157577105145,1.1577416489260495,0.14421263732693387
1776265306.1274729,77.2569465637207,0.8756215390481658,5.2813625744186705,1.4194703906149442,1.1595276749485823,0.23107952014634014
1776265306.128321,77.25779461860657,0.8696219420582529,5.2823618270777,1.4198270061528147,1.1612919541569349,7.184308346000458
1776265306.1403146,77.26978826522827,0.8635791497284525,5.283333955791656,1.4201834213132294,1.1630220055415132,0.5111753744966573
1776265306.1503525,77.2798261642456,0.8574854429229372,5.284252098261835,1.4205395346879637,1.1647076282575093,0.6149462157369049
1776265306.2045941,77.33406782150269,0.8513434290968029,5.285113300121546,1.420892003170729,1.1663555622176698,0.11452644235050624
1776265306.219504,77.34897780418396,0.8451609176223697,5.285930682838335,1.4212395841017074,1.1679711812688012,0.4189132112058241
1776265306.226408,77.355881690979,0.8389462545476651,5.286714154103538,1.4215806557540143,1.1695559710862629,0.9086378317868363
1776265306.2420964,77.37157011032104,0.8326993877184856,5.287465374396499,1.4219132562494394,1.1711158294054365,0.40161207921569064
1776265306.291893,77.42136669158936,0.8264233488289076,5.288187015904842,1.4222375875213285,1.1726506841180981,0.12703103256302525
1776265306.3086746,77.43814826011658,0.8201341521998677,5.288904281863127,1.4225599228510348,1.1741670527457908,0.37768622715626293
1776265306.3202603,77.44973397254944,0.813846852730212,5.289645291995554,1.4228834270756625,1.1756767682537568,0.5471459888615542
1776265306.3325424,77.46201610565186,0.8075634731633287,5.290406210347893,1.423209609695064,1.1771702514370919,0.5160084901165886
1776265306.3743088,77.50378251075745,0.8012865524576807,5.291179248881614,1.4235364552856207,1.1786452868803956,0.15162386479471412
1776265306.3954992,77.52497291564941,0.7950157838064461,5.291951746765357,1.423862775933606,1.1800955191690772,0.2985593208059717
1776265306.413114,77.5425877571106,0.7887559670255542,5.292727409662348,1.4241877919267931,1.1815199577801758,0.35856459297656995
1776265306.4227834,77.55225706100464,0.7824928855824834,5.293492505960551,1.424511056102036,1.1829177558996724,0.6533992480277389
1776265306.4615583,77.59103202819824,0.7762102524055777,5.294210814308684,1.4248334333870765,1.1842894610492314,0.16329542944509726
1776265306.4772243,77.60669803619385,0.7699019816218281,5.2948639398194794,1.4251542391042087,1.1856396150604223,0.4053425712131007
1776265306.5007608,77.63023447990417,0.7635739693708501,5.295461892118423,1.4254721832974946,1.186969104827684,0.2703954626886583
1776265306.510619,77.64009261131287,0.7572402631084885,5.296017406653546,1.4257922261825868,1.1882782267631786,0.6457685182649402
1776265306.5613565,77.69083023071289,0.7509167275652814,5.296566253248328,1.4261159309514737,1.1895690695862275,0.1252632307926044
1776265306.5699234,77.69939708709717,0.7446115383729066,5.297129143385762,1.4264394937407958,1.1908405180122237,0.7398897146158616
1776265306.5833569,77.71283054351807,0.738326801308305,5.29770953885664,1.4267582092176625,1.1920911697118641,0.4704315711109916
1776265306.5946445,77.72411823272705,0.7320585939369924,5.29829131319581,1.4270729588659212,1.1933237059098258,0.5583969629791548
1776265306.6685116,77.79798531532288,0.7258075544461201,5.298860723606189,1.4273859900003938,1.194537879755908,0.08508147678353291
1776265306.686581,77.81605458259583,0.7195843325899178,5.299442082224961,1.4276975463652464,1.195726457315109,0.3463382064320779
1776265306.6896048,77.81907844543457,0.713388836955889,5.3000418219126155,1.428005285154023,1.1968903203954973,2.0609594885554245
1776265306.6992602,77.82873392105103,0.7072074977693805,5.300620269431207,1.4283138484266624,1.1980380077119652,0.6437807077103185
1776265306.7109773,77.84045100212097,0.7010366936708861,5.3011509223330675,1.428624094459797,1.199176300285065,0.5292567352804363
1776265306.7850897,77.91456341743469,0.6948794646942733,5.301634400040898,1.428933245278215,1.2003131226352637,0.08343965142090125
1776265306.7967868,77.926260471344,0.6887479015109484,5.302083868229262,1.429241720902916,1.2014410873040433,0.5262649093212063
1776265306.8139267,77.9434003829956,0.6826578883579236,5.302532372329259,1.4295534858879595,1.2025533272806246,0.3567380921541353
1776265306.8209052,77.95037889480591,0.676614495033071,5.302992217954139,1.4298712026873384,1.2036431830012482,0.8696961505709028
1776265306.929868,78.05934166908264,0.676614495033071,5.302992217954139,1.4298712026873384,1.2036431830012482,0.0
1776265306.931367,78.06084060668945,0.6706226121417443,5.303476554189817,1.4301909597127016,1.2047056996624987,4.016127235047108
1776265306.9320393,78.06151294708252,0.6646754078692246,5.3039678080396655,1.4305126028355157,1.2057514197931432,8.888534964309434
1776265306.9325223,78.06199598312378,0.6587703598815641,5.304460605724053,1.4308343921883466,1.2067758810045475,12.28543143773008
1776265306.9328485,78.06232213973999,0.6529031095952407,5.30493724596471,1.4311566402084894,1.2077882648847238,18.075343110748594
1776265307.0336776,78.16315126419067,0.6470652737444018,5.305364972869807,1.4314791769666062,1.2088012216127964,0.05814157062613319
1776265307.0498846,78.17935824394226,0.641265954501265,5.305764388784478,1.4318031295987566,1.2098049763328762,0.3592327019307859
1776265307.0638204,78.19329404830933,0.6355036685330712,5.306142563076425,1.432130194430694,1.2107975462880285,0.41504148662681367
1776265307.105851,78.23532462120056,0.6297808432716532,5.30651022898411,1.4324647950815974,1.2117779741570016,0.13667138946797777
1776265307.247209,78.3766827583313,0.6297808432716532,5.30651022898411,1.4324647950815974,1.2117779741570016,0.0
1776265307.3105478,78.44002151489258,0.6240981841961581,5.306863169638893,1.4328039529397665,1.2127494420454805,0.09005073165979186
1776265307.324774,78.45424771308899,0.6184632693308333,5.3072073612354425,1.4331424062304932,1.213706746927974,0.3975449590314943
1776265307.3457189,78.47519254684448,0.6128821489650563,5.3075565547661645,1.4334782344512063,1.2146387239198937,0.26746971156935634
1776265307.3462436,78.47571730613708,0.607357681959394,5.307903508529497,1.4338103145988086,1.2155518513434518,10.567327690048689
1776265307.4467485,78.57622218132019,0.607357681959394,5.307903508529497,1.4338103145988086,1.2155518513434518,0.0
1776265307.4730651,78.60253882408142,0.6018880497283862,5.308239376435189,1.43413639352862,1.2164510082000428,0.20859908593942297
1776265307.4920332,78.62150692939758,0.5964797757727212,5.3085817029786435,1.4344562598062602,1.2173233242552177,0.28619248424119903
1776265307.5006504,78.63012409210205,0.5911353403347672,5.308925473888848,1.4347695741276816,1.2181763407866286,0.6225526412601774
1776265307.5195875,78.64906120300293,0.58585146510317,5.309255471812278,1.435075951546882,1.2190168397033847,0.28003362118786806
1776265307.6069098,78.73638343811035,0.5806321854188947,5.309581902304558,1.435375717557616,1.2198421244897404,0.05998543579857206
1776265307.6309965,78.76047015190125,0.5754716253633214,5.309890889890009,1.435670331154506,1.220658132134405,0.21498116927674155
1776265307.660716,78.79018974304199,0.5703619934693606,5.3101640746647405,1.4359620735175043,1.2214802721839764,0.17245323599167312
1776265307.6936057,78.82307934761047,0.5653059628654662,5.310412315598042,1.4362511931268458,1.2223014550041993,0.15416332243834735
1776265307.7028372,78.83231091499329,0.5603119836787341,5.310655286447857,1.4365377629623344,1.2231040000569704,0.5424963894558131
1776265307.7557545,78.88522815704346,0.555372501282042,5.310891710229876,1.4368201404457217,1.2238931423048687,0.09360262698604557
1776265307.7564623,78.88593602180481,0.550485819688279,5.311132572779104,1.4370983059634623,1.2246646809573292,6.922953824419571
1776265307.792305,78.92177867889404,0.545653271396641,5.311384181204651,1.4373736260023529,1.225413670780187,0.13522769036442336
1776265307.8234735,78.95294713973999,0.5408827285158563,5.311661325364114,1.4376462366339646,1.2261303852448386,0.1535640830779479
1776265307.8744323,79.00390601158142,0.5361767328368823,5.311965655677501,1.4379148274027547,1.2268135132984261,0.09269177635214897
1776265307.9410164,79.07049012184143,0.5361767328368823,5.311965655677501,1.4379148274027547,1.2268135132984261,0.0
1776265307.9415994,79.07107305526733,0.5315235191234863,5.312260999220792,1.4381850552771198,1.2274910334932376,8.011894914601852
1776265307.9418526,79.07132625579834,0.5269217495211103,5.312548247102721,1.4384562893679544,1.2281581333082008,18.24126144348976
1776265307.9420607,79.0715343952179,0.5223686679712622,5.312804611975521,1.4387293193560844,1.228832502855098,21.94903425833419
1776265307.98248,79.11195373535156,0.5178656683757571,5.313032514131993,1.439006000549927,1.2295115633374814,0.11175947984934702
1776265308.005836,79.13530969619751,0.5134216758345335,5.31324596551038,1.439283779937599,1.230186766786334,0.19086257740301202
1776265308.0169559,79.1464295387268,0.5090410951089471,5.313450787713888,1.4395632807841134,1.2308537050413484,0.39517326544869336
1776265308.0319145,79.16138815879822,0.5047245507456093,5.313646437113573,1.4398423829657183,1.2315079538219513,0.289463906073618
1776265308.0900204,79.21949410438538,0.5004716166507898,5.3138252385176425,1.4401187270795794,1.2321546563307277,0.07341162177050378
1776265308.1128058,79.24227952957153,0.4962795807021773,5.313983816902381,1.440394396099826,1.23279489130048,0.18450750945069513
1776265308.1259909,79.25546455383301,0.49215417204461176,5.3141398044290575,1.4406685146643363,1.2334226729410551,0.31379898594438876
1776265308.1532533,79.28272700309753,0.4880967389155362,5.314301668818636,1.4409384824208833,1.2340310684920333,0.1492758332811709
1776265308.180259,79.30973267555237,0.48410520436837545,5.314460497391959,1.4412026295710705,1.234625666990855,0.14824356184334292
1776265308.191789,79.32126259803772,0.4801704339542877,5.314588143139976,1.4414630594900744,1.2352288666595617,0.3421917967305117
1776265308.2185204,79.34799408912659,0.47628498777885303,5.314680118846847,1.4417194782252654,1.2358468802338733,0.14570770511430808
1776265308.227917,79.35739064216614,0.4724485041886756,5.314745867116672,1.441972210902701,1.2364719997199602,0.4092310459464013
1776265308.2869248,79.41639852523804,0.46867362996146517,5.314816274193739,1.4422227769848477,1.2370818540869764,0.06412424823578033
1776265308.2989616,79.42843532562256,0.4649692006954277,5.314906433756287,1.4424704862427848,1.2376697362522855,0.3085368562035595
1776265308.3247962,79.45426988601685,0.4613377649131109,5.315015017704271,1.442716957103352,1.2382383094799367,0.14095109764008382
1776265308.3460522,79.47552585601807,0.4577747459096637,5.3151311612876055,1.4429612274316246,1.2387909122253902,0.16810667566501072
1776265308.3608506,79.49032425880432,0.4542820873407178,5.315267513831814,1.443203358325053,1.2393205020280553,0.23676174441113965
1776265308.4032443,79.53271794319153,0.45086493274178024,5.315446371992989,1.443442294404922,1.2398110299015654,0.08091215050843689
1776265308.4175785,79.54705214500427,0.4475240099963746,5.315661034782023,1.4436766174776097,1.2402620255006473,0.23412551730090292
1776265308.430335,79.5598087310791,0.4442489368864447,5.315878753756118,1.4439092455640232,1.2406971040662238,0.2579479401553569
1776265308.440921,79.57039475440979,0.44102759389220814,5.316067997672699,1.444142120809662,1.2411402231175213,0.3056189170841961
1776265308.5134425,79.64291620254517,0.4378538797337108,5.316207748886864,1.4443726521441294,1.2416075838639902,0.04392001533457031
1776265308.5311453,79.66061902046204,0.4347289734320083,5.316304409838498,1.4445989365272602,1.242095763660628,0.1770666856329531
1776265308.5404377,79.66991138458252,0.4316586604760964,5.316366582315225,1.4448196317184872,1.2425940410348364,0.3313325134521853
1776265308.5560794,79.68555307388306,0.4286494210893713,5.316408499942272,1.4450335072447231,1.243096999362985,0.19288974083715996
1776265308.6142008,79.74367451667786,0.4256949223373407,5.316430201242734,1.4452426505755047,1.2436040578261025,0.05096176708725638
1776265308.630496,79.75996971130371,0.4227991441454965,5.316444311235624,1.4454472613325224,1.2441060879843289,0.1781526562179804
1776265308.638397,79.76787066459656,0.41996944982582624,5.3164818492924475,1.4456480564953782,1.244583793327845,0.35907792810031197
1776265308.6589806,79.78845429420471,0.4172075899116211,5.316553834036814,1.4458444160728325,1.2450282256432414,0.13456164066155396
1776265308.7143414,79.8438150882721,0.41451254677502697,5.316650227763,1.4460371380293484,1.2454413132337223,0.04883679994154944
1776265308.730568,79.86004161834717,0.4118854250107435,5.316772965786245,1.446227262341835,1.245824383169641,0.16250242678304033
1776265308.7351882,79.86466193199158,0.40932832880554926,5.316908073926424,1.4464139513760177,1.2461863907073658,0.5556894279808796
1776265308.7485237,79.87799739837646,0.40682704203970044,5.317017711659103,1.4466003440685373,1.2465522892628094,0.18826616285381068
1776265308.8138082,79.94328188896179,0.4043769192627867,5.317091811797915,1.4467865339969925,1.2469310940800287,0.03765525467165122
1776265308.8201857,79.94965934753418,0.4019820031528325,5.317141315509406,1.4469702275303946,1.247315023956882,0.37671128840494106
1776265308.8391337,79.9686074256897,0.39964501449433554,5.317161854747022,1.4471485710912793,1.2477055798417054,0.12369981569424297
1776265308.8575609,79.98703455924988,0.39736882092014864,5.3171604482851595,1.4473184679904718,1.2480985232082755,0.12386765489790054
1776265308.9766285,80.10610222816467,0.39516014348379735,5.317156623420982,1.4474799003508683,1.2484780784402636,0.018599275955402544
1776265308.9767954,80.10626912117004,0.39516014348379735,5.317156623420982,1.4474799003508683,1.2484780784402636,0.0
1776265308.985541,80.11501479148865,0.3930131217063233,5.317154292789819,1.4476596914279334,1.2491262189067223,0.24635478345540981
1776265309.023549,80.15302276611328,0.39088683322729767,5.317120484637676,1.4479665130028556,1.2501599693716592,0.05652964926985512
1776265309.0492747,80.17874836921692,0.38875443414912314,5.317033653762193,1.4484584494299213,1.2515608440831127,0.08513423034284141
1776265309.0502238,80.17969751358032,0.3866103385200969,5.3168873135520425,1.4491593484742813,1.253318144990813,2.381609588684001
1776265309.1196272,80.24910092353821,0.3844698210019113,5.316694495341039,1.450085318109575,1.2554153559496888,0.03371842823835698
1776265309.1202512,80.24972486495972,0.3823645164422397,5.31648453033218,1.451251678623256,1.2578303208165131,3.8720699586451492
1776265309.1431966,80.27267026901245,0.3803274504828178,5.316285130920991,1.452671453020435,1.2605386335466362,0.10856271202291662
1776265309.1641548,80.29362845420837,0.3783888071900708,5.316121846912909,1.4543554758295152,1.2635115764042857,0.12277385713484701
1776265309.2268648,80.35633850097656,0.37657683556596283,5.316016080985565,1.4563110392330894,1.266717114698701,0.042546307373231625
1776265309.2990892,80.42856287956238,0.37657683556596283,5.316016080985565,1.4563110392330894,1.266717114698701,0.0
1776265309.3014078,80.43088150024414,0.3749098895215061,5.315976237111198,1.4585430877870824,1.2701271829350396,1.2016183518269035
1776265309.306088,80.4355616569519,0.3733956756313356,5.316000528944436,1.4610564538546944,1.2737259310221212,0.6269780657748085
1776265309.3064845,80.43595814704895,0.3720393811485771,5.316082679920043,1.4638559212954654,1.2775103443432312,7.848368419996539
1776265309.3643541,80.49382781982422,0.3708455549245896,5.316214654453756,1.466944516732162,1.281484282115049,0.057265213132684685
1776265309.3893433,80.51881694793701,0.36981781996225094,5.3163927619644475,1.4703252224886891,1.285643686969941,0.14157981067726041
1776265309.4169915,80.54646515846252,0.36896021177950555,5.316621780205013,1.4740001854852833,1.289974029769042,0.13674112177557132
1776265309.4182796,80.54775333404541,0.3682766637473821,5.316908674972191,1.477971469968862,1.294448913268035,3.1361268623548164
1776265309.4952211,80.62469482421875,0.36776962960829057,5.317262470276583,1.4822396156882276,1.299058740777887,0.056051594373444896
1776265309.5064359,80.63590955734253,0.36744079448197714,5.31769738259689,1.4868035887093958,1.3037747219704527,0.4098560209925773
1776265309.5172677,80.64674139022827,0.3672902258813862,5.3182252991371515,1.4916629801748895,1.308579602654671,0.4514750091123559
1776265309.5355678,80.66504144668579,0.3673147416225314,5.318851374919875,1.4968172389127563,1.3134644200752137,0.28372597537544975
1776265309.594094,80.7235677242279,0.36751024695307094,5.3195798658415905,1.5022660066353462,1.3184227517593807,0.0939872932691944
1776265309.6023676,80.73184132575989,0.3678734923076398,5.320414407375922,1.5080089303925979,1.3234463329209858,0.7027895372151329
1776265309.6247835,80.75425720214844,0.3684009240338866,5.32135577966447,1.5140471816709464,1.3285229153048002,0.27364129300228257
1776265309.718436,80.84790968894958,0.36908859178104697,5.322403818407755,1.5203812745613008,1.3336566720666014,0.06894568265740379
1776265309.7592297,80.88870334625244,0.3699342952539234,5.323560784275621,1.5270104613909272,1.3388416838841537,0.16625924804950115
1776265309.7764523,80.905925989151,0.3709367325869896,5.324829429339194,1.533934367879007,1.34406628031972,0.41283973992866196
1776265309.7827652,80.91223883628845,0.3720939015950582,5.326211918706671,1.54115381629565,1.3493243222314437,1.1787316347263233
1776265309.789199,80.91867280006409,0.37340400841618504,5.327711298625171,1.5486677869595007,1.3546147114341403,1.208167400827766
1776265309.810915,80.9403886795044,0.3748664476708844,5.329330709433587,1.5564750515971475,1.3599298294510251,0.3732961543885645
1776265309.8478806,80.9773542881012,0.3764800910850037,5.331072505296514,1.5645761815145085,1.3652543004791988,0.22837225628368144
1776265309.8572185,80.98669219017029,0.3782435424029807,5.332938626729571,1.5729719972810057,1.37058051066032,0.940214335092003
1776265309.8731966,81.00267028808594,0.3801557897060901,5.334930540357204,1.581662585299903,1.3759064865394866,0.5707001074473084
1776265309.8877366,81.01721024513245,0.38221542986858575,5.33704854277929,1.5906471414107148,1.381224983156356,0.6504707587507633
1776265309.962328,81.09180164337158,0.38221542986858575,5.33704854277929,1.5906471414107148,1.381224983156356,0.0
1776265309.9629097,81.09238338470459,0.3844208412478312,5.339292683016697,1.5999262450505791,1.3865319951611452,16.842621788433295
1776265309.965092,81.0945656299591,0.3867710988413625,5.341663754234924,1.609499021851291,1.3918279649975076,4.645780227694165
1776265309.9653845,81.09485816955566,0.3892658161710971,5.344161880866708,1.6193641273320494,1.3971085200500362,35.81673300521618
1776265309.9792738,81.1087474822998,0.39190394124158173,5.346786350603709,1.629518206638841,1.4023745300366302,0.7786184462101475
1776265310.0213282,81.15080189704895,0.39468416390222,5.3495375625160735,1.6399561523387054,1.4076277669474606,0.2650548518344203
1776265310.042278,81.1717517375946,0.3976054872348081,5.352415891916208,1.6506729376876352,1.4128660869762018,0.5477218351416031
1776265310.0568845,81.18635821342468,0.4006678655629678,5.355421803583545,1.6616620701079285,1.4180801235945526,0.8076713883849296
1776265310.0703807,81.19985437393188,0.40386998445900874,5.358555959037372,1.6729162609311086,1.4232691569758098,0.8975406313731494
1776265310.128847,81.25832056999207,0.407211078114596,5.361819130223201,1.6844281642644081,1.4284313171818872,0.21248463500753753
1776265310.1354878,81.26496148109436,0.41069061449201105,5.365211267250542,1.6961908542711561,1.4335604093076997,1.9164427467109066
1776265310.1524951,81.28196883201599,0.4143073698439406,5.368732489274736,1.708197913503531,1.4386607430910077,0.7658425378436856
1776265310.1645184,81.2939920425415,0.4180602376626973,5.372383784769515,1.7204431748831719,1.4437342218218263,1.1076698358385308
1776265310.2236342,81.35310792922974,0.42194766327737654,5.376165061220608,1.7329201829305554,1.4487724905816501,0.23013486147765674
1776265310.261604,81.39107775688171,0.42194766327737654,5.376165061220608,1.7329201829305554,1.4487724905816501,0.0
1776265310.2622814,81.39175510406494,0.42596871793151014,5.380075408302914,1.7456223837763707,1.4537697479823772,20.499746663654616
1776265310.2628133,81.39228701591492,0.4301241155312751,5.384114747755998,1.7585424775568075,1.4587194774516894,26.62140478135276
1776265310.2630336,81.392507314682,0.4344134732786566,5.388282907145869,1.77167276124559,1.4636242631325258,65.49434100671093
1776265310.3410406,81.47051429748535,0.4388344961452138,5.392579005761162,1.7850067365195754,1.4684875360384608,0.1883167814408444
1776265310.3671088,81.49658250808716,0.4433857537562291,5.397002222624127,1.798538491884287,1.4733090980809742,0.5733474931121633
1776265310.378568,81.50804162025452,0.4480673268978878,5.401553240076654,1.812262002223595,1.4780905121383143,1.3262360266633764
1776265310.3863065,81.515780210495,0.4528787708065097,5.406234355222314,1.8261717588795843,1.4828204028289502,1.9958253963415333
1776265310.4086034,81.53807711601257,0.45782131440756463,5.411046961275246,1.840261003741748,1.4874972515277933,0.7035716515374659
1776265310.4664147,81.59588837623596,0.46289351763406716,5.415990335878815,1.854521993681009,1.4921223419794367,0.2754297410791909
1776265310.4958456,81.62531924247742,0.46809597681174514,5.421063699269067,1.868946688262401,1.496698830018556,0.5488003262743292
1776265310.506246,81.63571977615356,0.47342869241508984,5.42626631316938,1.8835292283415837,1.5012274238139234,1.5744821738804369
1776265310.5091016,81.63857531547546,0.4788869025428881,5.431597439914338,1.8982649050045746,1.5057129069731856,5.811080199894866
1776265310.5560873,81.68556094169617,0.4844688092266172,5.437055868658377,1.9131490577246988,1.5101587965794723,0.35771456107112215
1776265310.5633943,81.69286799430847,0.49016919861644886,5.442642815404449,1.9281781340231356,1.5145599064306137,2.32885906887473
1776265310.5781653,81.70763897895813,0.49598314506720664,5.4483590022658515,1.9433472359312776,1.5189154047223992,1.165897377719702
1776265310.5952587,81.72473239898682,0.5019061346197046,5.4542039547876096,1.9586520004627628,1.523227409138003,1.0191470576827497
1776265310.6444848,81.77395844459534,0.5079339341694473,5.460178263631163,1.9740887533046387,1.5274968579470811,0.35785738483099067
1776265310.6625152,81.79198884963989,0.51406420179009,5.466283532152119,1.989652977328403,1.5317143729194014,0.9876255865514325
1776265310.6876795,81.81715321540833,0.5202946492244346,5.4725198455010196,2.0053376018220272,1.5358762491275373,0.7149853059959462
1776265310.7022374,81.83171105384827,0.5266224303437469,5.478885846790189,2.021136086547909,1.5399864266661694,1.2481437690932544
1776265310.756378,81.88585162162781,0.5330449162304425,5.485381107838637,2.0370431723603657,1.5440481600090916,0.3388065020911129
1776265310.7738624,81.90333604812622,0.5395587662477731,5.492006224048433,2.05305619846314,1.5480632304168782,1.05884071305086
1776265310.791893,81.92136669158936,0.5461600071716647,5.498761852659996,2.0691729395343885,1.5520318186920627,1.036046477017705
1776265310.8074622,81.93693590164185,0.5528513810768572,5.505646714640998,2.085388967567825,1.5559507909105086,1.210404107819374
1776265310.8458142,81.97528791427612,0.5596340908343752,5.51265981262903,2.101698478538598,1.5598225651343673,0.49554032765053196
1776265310.8611593,81.99063301086426,0.5665077107457928,5.519800798604028,2.1180969012207544,1.5636449005341873,1.2486804452665328
1776265310.8808465,82.01032018661499,0.5734683985382765,5.52707016084074,2.1345803742846696,1.5674141146129688,0.9810040827775224
1776265310.8859026,82.015376329422,0.5805120765551305,5.534468746664575,2.1511448527453125,1.5711360548012965,3.8490012818608026
1776265310.9386864,82.06816005706787,0.5876409657688938,5.541996398750063,2.1677864273789167,1.5748156867974195,0.37145635720529363
1776265310.9531193,82.08259296417236,0.5948570604239383,5.549652363177081,2.1845010511272713,1.5784502044376687,1.3684041259341027
1776265310.9704938,82.09996747970581,0.6021623599193934,5.557435377809582,2.2012821907693385,1.582040016319577,1.1446893500315394
1776265311.004405,82.13387870788574,0.609557986974968,5.5653456356592885,2.218125828870453,1.585586631236193,0.5904939691724473
1776265311.0148582,82.14433193206787,0.6170396412112737,5.573384013418358,2.2350301245099073,1.589089182745074,1.9284024071439887
1776265311.062729,82.1922025680542,0.6246009717690751,5.581553247218001,2.251993388701796,1.5925453305583666,0.4238394923128154
1776265311.0855215,82.21499514579773,0.6322372543224323,5.58985369874119,2.269011064855181,1.5959545852113373,0.8957286348539821
1776265311.0910597,82.22053337097168,0.6399472718146899,5.5982845508840695,2.2860799173048996,1.599314362960161,3.7086716416308616
1776265311.1073012,82.23677492141724,0.6477267266603562,5.6068457270993415,2.303197303380968,1.6026287424010408,1.2720206560035177
1776265311.1781006,82.30757427215576,0.6555714774507067,5.6155359303874475,2.3203596191546305,1.6058978693923533,0.29343632402360137
1776265311.195573,82.32504677772522,0.6634834267957844,5.624351817512639,2.337561719296417,1.6091257367950043,1.1953720676396276
1776265311.2046733,82.33414697647095,0.6714609219132506,5.63329169178596,2.354800379960303,1.6123150434734428,2.3069437590087096
1776265311.2209485,82.35042214393616,0.6794968028500977,5.642356972212722,2.3720722502013323,1.615460199627985,1.2962529712849926
1776265311.2734168,82.40289044380188,0.6875865443760486,5.6515487245744715,2.3893740254671996,1.6185623099162822,0.40398321259863657
1776265311.2806664,82.41014003753662,0.6957309931990736,5.6608667296412865,2.406703240848744,1.6216247667961838,2.937347507712003
1776265311.2975693,82.4270429611206,0.7039279598995453,5.670311998418207,2.424057761680415,1.6246473073001606,1.2655316121909082
1776265311.3217914,82.45126509666443,0.7121736839609459,5.679885872622981,2.4414338562951974,1.627624884178153,0.8869740595668095
1776265311.37601,82.50548362731934,0.7204626149491764,5.689590033938917,2.4588273015423012,1.630555940809694,0.3978960917947653
1776265311.3852904,82.51476407051086,0.7287912370760069,5.699424534461009,2.476233661987277,1.6334424641095235,2.3337142234367487
1776265311.413435,82.54290866851807,0.7371583017630018,5.709388062662762,2.4936506097685,1.6362888668397888,0.7724412732388181
1776265311.5257406,82.65521430969238,0.7371583017630018,5.709388062662762,2.4936506097685,1.6362888668397888,0.0
1776265311.5361342,82.66560792922974,0.7455614706121088,5.719479390801408,2.5110775203785862,1.6390927496137562,2.0994375697657954
1776265311.581247,82.7107207775116,0.7540021960123401,5.729695843900386,2.528513902573913,1.6418611247716153,0.4854691160273749
1776265311.5959861,82.72545981407166,0.7624796110762461,5.740035878309838,2.5459566053511273,1.6445881288729618,1.4911395763383803
1776265311.6117687,82.74124240875244,0.7709913781795441,5.750499222904453,2.563402747356093,1.6472802536175493,1.3972482240425215
1776265311.622895,82.75236868858337,0.7795343352775577,5.761087035954352,2.580850197831807,1.6499377673883608,1.988498323718159
1776265311.6873658,82.81683945655823,0.7881008570683394,5.77180208080082,2.5982962943336583,1.6525546279661372,0.344245590858202
1776265311.7099888,82.83946251869202,0.7966872404579444,5.782645826182824,2.6157384655418836,1.6551304398523536,0.9839859636643675
1776265311.7148545,82.84432816505432,0.8052875959161325,5.793619202361689,2.633173259645586,1.6576642877672505,4.588049135740342
1776265311.7409422,82.87041592597961,0.8139010120519702,5.804720750649408,2.6505975936648767,1.6601578994913686,0.8580262522684085
1776265311.7572882,82.88676190376282,0.8225250077891701,5.815949798892556,2.668008653632453,1.6626125108646146,1.3728914412805617
1776265311.7991488,82.92862248420715,0.8311559970123208,5.827306551854134,2.68540541309402,1.6650314695851458,0.5374279376861563
1776265311.8293283,82.95880198478699,0.8311559970123208,5.827306551854134,2.68540541309402,1.6650314695851458,0.0
1776265311.8310802,82.96055388450623,0.8397898077644916,5.838790815766147,2.702785006787089,1.6674145882375373,12.871472776696743
1776265311.8322053,82.961678981781,0.8484275961093186,5.85039920525615,2.7201449312812462,1.6697650783314089,20.086622514544697
1776265311.842163,82.97163677215576,0.8570687234701061,5.862130981292228,2.7374828430113327,1.672082135700998,2.274344575907043
1776265311.8887641,83.01823782920837,0.8657115741906907,5.87398646076245,2.7547968147597373,1.6743675883932636,0.48698808634326757
1776265311.8978827,83.02735638618469,0.8743534756942092,5.885965675210296,2.7720859485607896,1.6766204075403226,2.4937929443715703
1776265311.9071972,83.03667092323303,0.8829933503987042,5.89806846923578,2.789348989745826,1.6788386941192597,2.4461325606905016
1776265311.918574,83.0480477809906,0.8916362501713346,5.910292091563058,2.806583781358602,1.6810264709577578,2.0066008952225594
1776265311.9854321,83.114905834198,0.9002804442548198,5.922637006970483,2.823788675397923,1.68318479821677,0.3420975864181136
1776265312.0059848,83.13545846939087,0.9089223981945052,5.935105828576571,2.8409632197106323,1.6853139067355316,1.1149662077986475
1776265312.00653,83.13600373268127,0.9175632070205569,5.9476982181033256,2.858105603588086,1.6874108667107643,42.105365040187316
1776265312.021662,83.15113568305969,0.9262020788516837,5.960414453997237,2.8752138971064007,1.689478505925467,1.5200007156509925
1776265312.0677907,83.1972644329071,0.9348347216927055,5.973256281188167,2.892288933067745,1.691519452735465,0.49954229386391497
1776265312.0761018,83.205575466156,0.9434617502874476,5.986222876973653,2.909330118061262,1.6935339395203595,2.7777450054351456
1776265312.0901628,83.2196364402771,0.9520798266158885,5.999314541399547,2.9263354403302038,1.6955198632986461,1.644743260721597
1776265312.1193793,83.24885296821594,0.960684049933054,6.012533019867241,2.943303800390185,1.697478901571351,0.7929239942318322
1776265312.1388361,83.26830983161926,0.9692787680981313,6.025875013176703,2.960235550666234,1.6994110618986336,1.192738058890919
1776265312.151159,83.2806327342987,0.9778626076299795,6.039338191134131,2.9771279672856896,1.701314091526027,1.8862607705572798
1776265312.169432,83.29890561103821,0.9864329574291596,6.052921805663036,2.993978303438838,1.7031866004666696,1.273949971611735
1776265312.1723704,83.30184412002563,0.9949842893151877,6.066627896086432,3.010781652693727,1.7050305765560099,7.932438484194857
1776265312.2219915,83.35146522521973,1.0035137112537411,6.080457469878344,3.027536091527253,1.7068466330518692,0.47034873107091557
1776265312.2354617,83.3649353981018,1.0120186134105236,6.094410610231666,3.04424058993826,1.7086348996339913,1.7347963724372217
1776265312.2464843,83.37595796585083,1.0204961576454987,6.1084864417481795,3.060891691240629,1.710395832605287,2.1223297966783856
1776265312.2614772,83.39095091819763,1.0289436269577925,6.1226858943069455,3.0774877699111935,1.7121299162255703,1.5619499479595667
1776265312.2730494,83.40252304077148,1.0373581106139549,6.137008250625368,3.094026894762817,1.7138363180506764,2.0256358246340818
1776265312.298673,83.42814660072327,1.0457431928508591,6.151449597649936,3.1105087885348275,1.7155149880888223,0.9156828569527548
1776265312.3137357,83.44320940971375,1.0541014216114504,6.166006977723007,3.1269332843259856,1.717166352125141,1.559132684087677
1776265312.3229232,83.45239686965942,1.0624295197446318,6.1806819753111055,3.143297461862664,1.7187897951565945,2.5584110405423655
1776265312.33596,83.4654335975647,1.0707261624668203,6.195476080499307,3.1595982854862172,1.7203870210773595,1.8045026362793797
1776265312.37235,83.50182366371155,1.078988116576864,6.2103915709141235,3.1758365428663238,1.721961134429197,0.6470439142500861
1776265312.378726,83.50819969177246,1.0872081640951246,6.225431413862959,3.1920115978586256,1.7235138210375063,3.6961715197657
1776265312.403041,83.53251457214355,1.0953864014939716,6.240594955914431,3.2081226922446673,1.7250438158263355,0.9700969839880266
1776265312.4140341,83.54350781440735,1.103526043942655,6.255879184125367,3.2241699902272147,1.726555584423602,2.1475772495030387
1776265312.4562101,83.58568382263184,1.1116327439320552,6.271279316873349,3.2401559475119583,1.7280427875933893,0.5602995321874739
1776265312.4685612,83.59803485870361,1.1197080148138345,6.286792012476409,3.256078099935916,1.7295069153227198,1.9148981343566716
1776265312.4789367,83.60841035842896,1.127753110368215,6.3024173146306826,3.271936200368906,1.7309512563958047,2.281507072594616
1776265312.489399,83.61887264251709,1.13576670339035,6.318158941886726,3.28773004974642,1.7323747239018539,2.2648202804293214
1776265312.523343,83.65281677246094,1.1437456208124166,6.334019833190426,3.3034578374179078,1.7337780253676807,0.6987679593308754
1776265312.5392368,83.66871047019958,1.1516869516366408,6.35000117522742,3.3191173905974005,1.7351579926816103,1.4938090109336513
1776265312.5522435,83.68171715736389,1.1595860406168153,6.366104841762014,3.334704941429122,1.7365168090404748,1.8270079590167465
1776265312.567738,83.69721174240112,1.1674335467927077,6.382336035924831,3.3502203981788385,1.7378579051126464,1.5351042155804728
1776265312.6042688,83.73374247550964,1.1752280933630608,6.398692916423418,3.365663323452589,1.7391802312056055,0.651705425751509
1776265312.6087916,83.7382652759552,1.182967340969169,6.415172783872554,3.3810320513760246,1.7404849436576961,5.267982062049279
1776265312.6270182,83.75649189949036,1.1906511654805572,6.431772037170642,3.3963262741762463,1.7417722104556372,1.3081424719931714
1776265312.642772,83.77224564552307,1.1982858246048231,6.448483355089979,3.4115481730014174,1.7430395956691864,1.5145108833045189
1776265312.6812692,83.81074285507202,1.2058704994239613,6.4653043215530746,3.4266963779148707,1.7442886051499922,0.6201338511540392
1776265312.6955123,83.82498598098755,1.2134074548455618,6.482233656222976,3.4417705497844016,1.7455174164086542,1.6771631334915524
1776265312.7080743,83.83754801750183,1.220899752739358,6.499271119835116,3.4567678666867536,1.7467237352043075,1.9027562721157618
1776265312.714847,83.84432077407837,1.2283514360525647,6.5164185602526254,3.4716878326131098,1.747910086874164,3.5318007508649565
1776265312.7560341,83.88550782203674,1.2357674476775073,6.533676492542503,3.48653007049406,1.7490780245311814,0.5812516425730259
1776265312.807167,83.93664073944092,1.243146316531434,6.551049597370545,3.501294979145859,1.750231917142406,0.4686616149088493
1776265312.8185976,83.94807124137878,1.2504832077261356,6.568543380035987,3.51598138809957,1.7513738694886236,2.0988304870094607
1776265312.8433745,83.97284817695618,1.2577774751750597,6.586160573503593,3.5305915320025423,1.7525032967942007,0.96950690808013
1776265312.8550527,83.98452639579773,1.2650244712769159,6.6039026794588525,3.5451228599991587,1.7536157160257262,2.059493123176665
1776265312.9067922,84.03626585006714,1.272229430645214,6.621763391450573,3.559574374548428,1.7547113517301915,0.4653752780612759
1776265312.917726,84.04719972610474,1.2793972836245306,6.6397365785890265,3.57394654516267,1.755791149354983,2.2044678874180033
1776265312.9471254,84.07659912109375,1.2865237938537342,6.657822547378413,3.5882378192485227,1.7568559105529806,0.8206756945241848
1776265312.9581227,84.08759641647339,1.2936089860109452,6.676021029636616,3.6024474169030714,1.757902628450424,2.196135433139905
1776265312.9912362,84.12070989608765,1.3006487514600622,6.694334053212659,3.6165750689165193,1.7589347878224144,0.7301183506063008
1776265313.002893,84.13236665725708,1.3076437195283543,6.71276086215312,3.630620633607261,1.7599500630362008,2.0762517539721714
1776265313.0253286,84.1548023223877,1.3145948740469393,6.731301880801158,3.6445839470479755,1.7609492280759838,1.0799485157680078
1776265313.0346246,84.16409826278687,1.3215017991995586,6.749957935059134,3.6584646301062174,1.7619334961070663,2.60947469743564
1776265313.0984497,84.22792339324951,1.32836053977425,6.7687307849636955,3.672262171623352,1.7629049832467931,0.38051635306086107
1776265313.1621134,84.2915871143341,1.32836053977425,6.7687307849636955,3.672262171623352,1.7629049832467931,0.0
1776265313.1627643,84.29223799705505,1.335163455477162,6.787624366802791,3.6859759217033905,1.763867450678066,37.359955674224025
1776265313.1630085,84.29248213768005,1.341905869082668,6.806639534538284,3.6996057089816516,1.7648190509668962,99.72795639645129
1776265313.1632445,84.29271817207336,1.3485894490753758,6.825771088939828,3.7131487873132083,1.7657598841341402,103.26545570606756
1776265313.1938374,84.32331109046936,1.3552148867914584,6.845014178633962,3.726602853926318,1.7666863346131498,0.7974662584571928
1776265313.2155187,84.3449923992157,1.3617840123887106,6.864365163357332,3.7399677397088817,1.7675967531148358,1.126219247309746
1776265313.2320697,84.36154341697693,1.3683010829244597,6.883820603937751,3.75324385600828,1.7684935445347425,1.4765574022413737
1776265313.2413657,84.3708393573761,1.3747617253906712,6.903384023683335,3.766431337715757,1.7693801164778753,2.6314438260288653
1776265313.2921765,84.42165017127991,1.3811659517119663,6.9230570481304525,3.7795301932931067,1.7702506640242894,0.48192852879097786
1776265313.3027189,84.43219256401062,1.3875158440160753,6.942840298891094,3.7925385177852595,1.771108259247682,2.3252368925322453
1776265313.3130946,84.44256830215454,1.3938165923617793,6.962732372828008,3.8054563653649,1.7719518428095602,2.365237442828205
1776265313.3280568,84.45753049850464,1.4000714301691466,6.982732802196935,3.8182834382490087,1.772782619386661,1.642123722514323
1776265313.3418388,84.47131252288818,1.4062827622889293,7.002842275163943,3.831019971197984,1.7736008103762901,1.7849791696815323
1776265313.383738,84.51321172714233,1.4124599494801047,7.023055835157044,3.84366508419583,1.774404722603431,0.5878430239737227
1776265313.3913836,84.52085733413696,1.418609016305403,7.043369998554315,3.856214415374007,1.7751919626843273,3.2249741406552426
1776265313.416519,84.54599261283875,1.4247236394986316,7.06379093326524,3.8686630362752075,1.7759631296153842,0.9821036205118739
1776265313.4252214,84.55469512939453,1.4307995626822618,7.084324476620833,3.8810061496428045,1.776719956889795,2.8401329699078226
1776265313.487587,84.61706066131592,1.43683329067635,7.104974803693304,3.8932406963663104,1.7774633372280957,0.3968420080869164
1776265313.5088675,84.63834118843079,1.442816552367007,7.1257477863276915,3.9053662916224643,1.7781976109327804,1.1647272549823562
1776265313.5186272,84.64810085296631,1.4487479506602263,7.146642093778391,3.917385000504922,1.7789251057953261,2.543472171805639
1776265313.522479,84.65195274353027,1.454630485793864,7.167651294019459,3.9292978605643007,1.7796429420898006,6.453385364731868
1776265313.5570061,84.68647980690002,1.4604662745393966,7.188768830592121,3.941104263418884,1.7803519166538333,0.7208173520955373
1776265313.5809312,84.71040487289429,1.466255676694706,7.20999059243621,3.952805642525829,1.7810494431104087,1.0414145193528015
1776265313.6031148,84.73258852958679,1.472002556438666,7.231312787160068,3.964401973592246,1.7817342142760193,1.124372091628698
1776265313.603489,84.7329626083374,1.4777032829688426,7.252738456100649,3.9758924113200127,1.7824099078516686,66.75529850109713
1776265313.6420279,84.7715015411377,1.4833535826031587,7.274272380775488,3.987276243106695,1.7830756300303132,0.6488126746012447
1776265313.6496327,84.7791063785553,1.488954486712989,7.2959158414568215,3.998552414648684,1.7837326002442961,3.292535938188821
1776265313.6771245,84.80659818649292,1.494505992109956,7.317669383148453,4.009720243343928,1.78437968498656,0.9120902941231331
1776265313.6828067,84.81228041648865,1.5000087756765577,7.339532104421637,4.02077938291294,1.7850162112073236,4.419220798757607
1776265313.7303278,84.85980153083801,1.5054679471165529,7.361501097530582,4.0317314229413475,1.7856452272578194,0.5291814863899839
1776265313.7575326,84.8870062828064,1.5108804010672847,7.383578171907796,4.042575700837026,1.7862639574692896,0.925761768542938
1776265313.7615085,84.8909821510315,1.5162464221772316,7.405763153074905,4.053311703663433,1.7868734768230876,6.344170712848124
1776265313.7818327,84.91130638122559,1.521564455821991,7.428057357292743,4.063937089657664,1.7874737912360181,1.2429919816686048
1776265313.819402,84.94887566566467,1.5268308223072928,7.450469925833861,4.074452411815049,1.788064310456062,0.67370637997955
1776265313.8792691,85.00874280929565,1.5268308223072928,7.450469925833861,4.074452411815049,1.788064310456062,0.0
1776265313.8829443,85.0124180316925,1.5320469359646183,7.472999391241232,4.084857736292131,1.7886471623361215,6.899864794882925
1776265313.884402,85.01387572288513,1.5372133827731123,7.495642872495408,4.095151542725735,1.7892246597131127,17.42781132950091
1776265313.886276,85.01574969291687,1.5423195846709468,7.518428789571405,4.105332669510736,1.7897975848752812,13.593621274467662
1776265313.8963842,85.02585792541504,1.5473619110753414,7.541372709255269,4.115396592490872,1.7903720452161442,2.5282786857681865
1776265313.9299827,85.05945634841919,1.5473619110753414,7.541372709255269,4.115396592490872,1.7903720452161442,0.0
1776265313.9306068,85.06008052825928,1.552343222613627,7.564459739202563,4.125344169293245,1.790950021229003,41.058189277868856
1776265313.941106,85.07057976722717,1.5572694346583729,7.587665912507587,4.135177812648565,1.7915228780248205,2.44595124936831
1776265313.9603398,85.08981347084045,1.5621477467903109,7.610966468576342,4.14489744206869,1.7920864240242187,1.3368989722436615
1776265313.9741035,85.10357713699341,1.5669779657163032,7.63436098198231,4.154500394656467,1.7926464370675426,1.8705693688530107
1776265314.0263352,85.15580892562866,1.571766163723207,7.65781167260186,4.163993155394606,1.793190528749606,0.49296198298728583
1776265314.0418742,85.1713478565216,1.5765146083641672,7.6812914237510626,4.173381256922885,1.7937132454745404,1.6557785315151239
1776265314.050366,85.17983961105347,1.5812216870971596,7.704813361943802,4.182664243449576,1.794219625955566,3.029034758326742
1776265314.0697627,85.19923639297485,1.5858793760768748,7.728396030425434,4.191839849088665,1.7947166900283398,1.3265038507578113
1776265314.0958946,85.22536826133728,1.5904814260048403,7.752077662310751,4.200908487285899,1.7952142591943108,0.9862605056913524
1776265314.1058207,85.23529434204102,1.5950195352105245,7.775880760367806,4.209867428461034,1.7957232163289374,2.6027340288939467
1776265314.122523,85.25199675559998,1.5994927231042826,7.799805718877297,4.2187091926421365,1.796249553030737,1.5504196105147037
1776265314.1305423,85.26001596450806,1.603906403094194,7.823825877197605,4.227433776482798,1.7967880565007044,3.2339718141443585
1776265314.1684465,85.29792022705078,1.6082649524795167,7.84790523688004,4.2360473490059025,1.7973270158907646,0.6844180648211787
1776265314.1796947,85.30916833877563,1.612577982784734,7.8720069921247555,4.244556413141682,1.7978576506741433,2.3044804339006872
1776265314.1889095,85.31838321685791,1.6168536242940652,7.8961017049940585,4.25296142280042,1.7983692145936758,2.807885328954063
1776265314.2100966,85.33957028388977,1.6210909982435553,7.9201945299051255,4.261263830677806,1.7988607044539202,1.2192867035341828
1776265314.2428675,85.37234115600586,1.6252764047116823,7.944336593915623,4.269462033299592,1.7993563640523114,0.7884235054995865
1776265314.2549639,85.38443756103516,1.629401864601942,7.968557580248816,4.27754961092914,1.7998735826924022,2.138376474212067
1776265314.2661881,85.3956618309021,1.6334690270350167,7.992847221680381,4.285521458065002,1.8004132410774156,2.3062418633757136
1776265314.2758827,85.40535640716553,1.6374789594505423,8.017171280684185,4.293378693353965,1.8009691223946847,2.6689382706730855
1776265314.3137507,85.44322443008423,1.6414318573103217,8.041517325994306,4.301122158766444,1.8015454289794488,0.6826820541167072
1776265314.320562,85.450035572052,1.6453274784266745,8.065862059208921,4.3087537902140465,1.8021299095316052,3.789173310845473
1776265314.335653,85.4651267528534,1.649171639293702,8.090179314531769,4.316273043922149,1.802713935962238,1.7057581510009185
1776265314.3504229,85.47989654541016,1.6529677427763876,8.114426931743715,4.323682796211866,1.8032771009573456,1.7357804424535959
1776265314.3617365,85.49121022224426,1.656721995664381,8.138584830370133,4.3309861205650675,1.8038117252901475,2.2552727656325726
1776265314.3832166,85.51269030570984,1.6604403635400473,8.162649971716945,4.338185061593007,1.8043080191419296,1.1821443238718294
1776265314.4014168,85.53089046478271,1.6641142673288878,8.186637929263286,4.3452825173967415,1.8047771635634042,1.3892326425999806
1776265314.4109113,85.54038500785828,1.6677363005120505,8.210577925142093,4.352276727991337,1.80524506533672,2.6544100727084667
1776265314.4184625,85.54793620109558,1.671298123529827,8.234479682479103,4.359164324936765,1.8057224796003803,3.3276944157791584
1776265314.448739,85.57821273803711,1.674795662791193,8.258351579350016,4.365944382565463,1.8062176781875523,0.827747021168465
1776265314.4589255,85.58839917182922,1.6782284570050001,8.282186056571765,4.3726155245604215,1.8067274280639445,2.4530083500913524
1776265314.4700508,85.59952449798584,1.6815954552871288,8.305970939200035,4.379178434585107,1.8072509273534667,2.2383515991088925
1776265314.482672,85.61214566230774,1.6848941943598055,8.329694725866265,4.385632330157442,1.807793953927965,1.9654525523090831
1776265314.5144136,85.64388728141785,1.6881335193708182,8.353334820483314,4.39197785467828,1.808334928296553,0.7778538889477576
1776265314.5497594,85.67923307418823,1.6881335193708182,8.353334820483314,4.39197785467828,1.808334928296553,0.0
1776265314.5653222,85.69479584693909,1.691317368238133,8.376885734055515,4.398216482504861,1.8088743473912519,1.5787910488933243
1776265314.5658178,85.69529151916504,1.6944432908619265,8.400351028341891,4.404347313368884,1.8094140702578214,49.3342131134677
1776265314.566044,85.6955177783966,1.6975158564832298,8.42369772962713,4.410370149420437,1.8099287032329703,107.42563636296127
1776265314.606245,85.73571872711182,1.7005441380243693,8.446890394865314,4.416285671675902,1.8103915435503761,0.6001349552886687
1776265314.6297486,85.75922226905823,1.7035290673285723,8.469928657804262,4.422093046517371,1.8108057760002956,1.018812770697707
1776265314.6332831,85.76275682449341,1.706459957236263,8.49282914950602,4.4277915839202615,1.8111901168231848,6.727906658832116
1776265314.6452148,85.77468848228455,1.7093277578617665,8.51560545486678,4.4333833474141375,1.8115605228762344,1.9802244884885882
1776265314.6791291,85.808602809906,1.7121254057921207,8.538290289148726,4.438872641544336,1.8119454286889338,0.6931174936101566
1776265314.6967106,85.82618427276611,1.714851687452531,8.56090151406308,4.444258682140261,1.8123728849671292,1.3311289968136233
1776265314.7222862,85.8517599105835,1.7175092782476278,8.583432238333911,4.449538881332139,1.8128406133048587,0.9107604189025355
1776265314.7346323,85.86410593986511,1.7201043821749626,8.60585270143698,4.454714763381662,1.813322564961953,1.8755847961159036
1776265314.7701633,85.89963698387146,1.7226483839746964,8.628127326807334,4.459788085059082,1.8137844495455748,0.6469353618986278
1776265314.7805393,85.91001296043396,1.7251507396644394,8.650221329126264,4.464757937549837,1.8141892523754501,2.1958319888687137
1776265314.7912,85.92067360877991,1.7276151617774786,8.672122181200228,4.469621325789399,1.8145293013897297,2.1170662375835048
1776265314.8115172,85.9409909248352,1.730041252328387,8.693837669397666,4.474378617105224,1.8148153445816537,1.1006607445896783
1776265314.8232465,85.95272016525269,1.7324252251165544,8.71537903514436,4.4790314700655225,1.8150622042745626,1.8898670407655613
1776265314.856609,85.9860827922821,1.7347578025351496,8.736774089139976,4.4835850013166585,1.8153013425333535,0.6593686510759806
1776265314.8741558,86.00362944602966,1.7370320343020638,8.758049803142935,4.488042527415636,1.8155611990981804,1.2456104922909177
1776265314.8947797,86.02425336837769,1.7392446849508891,8.779216384749242,4.492402570708586,1.8158561404081244,1.053337431560633
1776265314.9040148,86.03348851203918,1.7413947526789044,8.800268736118856,4.496662291347778,1.8161824971965055,2.3374110569918973
1776265314.9484332,86.07790684700012,1.7434884918412876,8.82118669789407,4.5008209889004345,1.81652273875118,0.4824556604769131
1776265314.9662554,86.09572911262512,1.7455374892957924,8.841942947091214,4.504879193009093,1.8168505528235688,1.1922321119829298
1776265314.999011,86.12848472595215,1.7475439838014535,8.862520423261584,4.5088364191885,1.81715123910808,0.6426493177397256
1776265315.0122266,86.14170026779175,1.7495019134143444,8.882916010878487,4.512691040883453,1.817422346104467,1.5775954840467505
1776265315.0283613,86.15783500671387,1.751416660567562,8.903126152414536,4.516444151817041,1.8176631002477444,1.2795161093381135
1776265315.0538058,86.18327951431274,1.753290051265152,8.923153109706995,4.52009624221724,1.8178747685070906,0.8034444208777732
1776265315.0652094,86.19468307495117,1.7551174980015152,8.94300519490725,4.5236469661301655,1.8180683648061868,1.7757394771177792
1776265315.1067028,86.23617649078369,1.756898745621125,8.962690110416396,4.527098123846159,1.8182539381572085,0.4835556863313632
1776265315.1214206,86.25089430809021,1.7586373132566206,8.982207785966233,4.530450617957372,1.8184337223743834,1.3507217111098022
1776265315.1482222,86.27769589424133,1.7603305474242095,9.001562973140967,4.533705360186717,1.8186119135137282,0.7350251198467931
1776265315.1586037,86.28807735443115,1.761972952923611,9.020759750481142,4.5368638856908134,1.8187946777136,1.8806688403764134
1776265315.180608,86.31008172035217,1.7635709377995659,9.039795849920251,4.539927952613609,1.8189782477310479,0.8792448645907022
1776265315.1968427,86.32631635665894,1.7651249162552936,9.058668891181423,4.542898489243792,1.8191610268281087,1.180715082349653
1776265315.2164452,86.34591889381409,1.766631311572393,9.077378043999364,4.545775566542938,1.8193456561148822,0.9686972115588155
1776265315.2295067,86.35898041725159,1.7680880311647176,9.095921173561578,4.548559398929764,1.819533761038828,1.4399108728858288
1776265315.2451534,86.37462711334229,1.7695016711481324,9.114290476767108,4.551251667513108,1.8197120331218466,1.189982258970354
1776265315.2984273,86.42790102958679,1.7708769884576865,9.132479541739325,4.553853138695668,1.8198778145004253,0.3458645538646573
1776265315.3185232,86.4479968547821,1.7722071188178599,9.15049205493146,4.556365247811953,1.8200325387804628,0.9074233373335994
1776265315.3261578,86.4556314945221,1.7734941872170935,9.16832824807951,4.558787958767701,1.8201786560426358,2.3636920787906535
1776265315.3338404,86.46331405639648,1.774735811746927,9.185992854188148,4.56112087227626,1.8203214710968216,2.3249014046016416
1776265315.3460033,86.47547698020935,1.7759352270166895,9.203486120534244,4.563364676287514,1.8204615732044358,1.4533774661376895
1776265315.3728654,86.50233912467957,1.7770951364382066,9.220806222180082,4.565520647990486,1.8205986101378793,0.6511866709513717
1776265315.391172,86.52064561843872,1.7782227510164001,9.23794811349458,4.567592453809844,1.8207259233354842,0.9452066509678401
1776265315.398178,86.5276517868042,1.7793155770271116,9.254914783075629,4.569580951569292,1.8208431018379652,2.4432353153566893
1776265315.413037,86.54251074790955,1.7803747828450485,9.271707613828832,4.571486750970535,1.8209541295784692,1.139634675722469
1776265315.4434927,86.57296633720398,1.7814002175908825,9.288328356752487,4.573310424650472,1.8210614758082004,0.5500437740941686
1776265315.4610178,86.59049153327942,1.7823921891897512,9.304777194614248,4.5750528052318495,1.8211663680210424,0.9455290104869034
1776265315.4687064,86.59818005561829,1.7833515401749085,9.321054040673886,4.576714671653839,1.8212675847645918,2.1316925705249496
1776265315.4789894,86.60846304893494,1.7842754216861276,9.337161149886217,4.5782970470171085,1.8213648985174622,1.5764862311577663
1776265315.51859,86.64806365966797,1.7851615826748037,9.353099265748101,4.579801014091373,1.821462907229691,0.4048782398169149
1776265315.5326438,86.66211748123169,1.7860099633558342,9.368867431463588,4.581227085727352,1.8215598467041165,1.128179622144205
1776265315.5391376,86.66861128807068,1.7868189465244495,9.384466284924668,4.582575772545621,1.821657491250346,2.4142902886130697
1776265315.557739,86.68721270561218,1.7875925158948254,9.39989246802102,4.5838504878140425,1.821753976144926,0.8331665232812527
1776265315.6086512,86.73812484741211,1.7883353559282418,9.415141872343149,4.585053083191467,1.8218434228976033,0.30080794001267297
1776265315.6321127,86.7615864276886,1.7890581367573442,9.43020760156378,4.58618625571881,1.8219178022133498,0.6446950253203508
1776265315.6597939,86.78926753997803,1.7897588274048342,9.44509246889568,4.587251339029079,1.8219819859581603,0.5396952792410253
1776265315.6810195,86.8104932308197,1.7904382678752624,9.459799845630277,4.58824816564693,1.8220359486724007,0.6952315083389364
1776265315.6979685,86.82744216918945,1.7910990814727235,9.474332508162817,4.589177169615096,1.8220839278868524,0.8600722317588434
1776265315.7231448,86.85261845588684,1.7917412086474656,9.48869379510997,4.590040075054655,1.8221261769171189,0.5720267793135626
1776265315.7252202,86.85469388961792,1.792355645276336,9.502893122296209,4.590840179434703,1.8221752905677593,6.85886426956613
1776265315.735341,86.86481475830078,1.7929336039487804,9.516937246529134,4.591577843721855,1.8222340033557902,1.3907259499234461
1776265315.781763,86.91123676300049,1.7934745765175266,9.530824732908625,4.592252202946113,1.822301889276786,0.2997365147579352
1776265315.7998111,86.9292848110199,1.7939826643755032,9.54454841664409,4.592864889153714,1.8223761194559718,0.7616749607656563
1776265315.892596,87.0220696926117,1.7944619249303702,9.558100419656622,4.593415990326954,1.8224497240529887,0.14627025843253327
1776265315.8961473,87.02562093734741,1.794910693426912,9.571478063537043,4.59390611335796,1.8225177305069664,3.7716745450330107
1776265315.9271514,87.05662512779236,1.795332075950511,9.584678059474234,4.594335641710306,1.8225783917461034,0.42619087764682023
1776265315.9499273,87.07940101623535,1.7957233244022432,9.59770267497908,4.594706563053279,1.8226349493564202,0.5723495172524159
1776265315.9738705,87.10334420204163,1.7960863344487137,9.61055373151637,4.5950195787151795,1.8226834346955985,0.5371044892101515
1776265315.977209,87.10668277740479,1.796423926688844,9.623232164392741,4.595274805974959,1.8227235450253998,3.799672938110445
1776265315.9871407,87.11661434173584,1.7967340513299628,9.63574096039167,4.595473293252609,1.822761346546949,1.2600445986919786
1776265316.0316336,87.16110730171204,1.7970166669262575,9.648083471516314,4.595617402424268,1.8228001821052955,0.27749530228891567
1776265316.0580246,87.18749833106995,1.7972762705158658,9.66025875090189,4.595709204424917,1.8228382395726581,0.46145955792733323
1776265316.0702865,87.19976019859314,1.7975138008778562,9.672266367238928,4.595749700046268,1.8228738735327656,0.9794620376421608
1776265316.0834935,87.21296715736389,1.797730363013655,9.684105529315945,4.5957392499625715,1.8229045760067317,0.8965839454101828
1776265316.108835,87.2383086681366,1.7979232211140364,9.69577846278919,4.595678747343883,1.8229301041068073,0.46069405361745736
1776265316.1353035,87.26477718353271,1.798091475867577,9.70728666575261,4.595569468827504,1.8229550905657692,0.4348544477916741
1776265316.1357524,87.26522612571716,1.798231230471939,9.718632951455689,4.59541368884972,1.822984868406651,25.2776772245382
1776265316.1467178,87.2761914730072,1.7983390747342403,9.729819374251909,4.595212262716799,1.8230200882838505,1.020374053907319
1776265316.1891701,87.31864380836487,1.7984134064455104,9.740845265347453,4.594965358588038,1.8230622326883132,0.25979502949732397
1776265316.2083895,87.3378632068634,1.7984598211460843,9.751704384539028,4.594674709962343,1.823105070518665,0.5652157801453763
1776265316.2117672,87.34124088287354,1.7984825312672785,9.762391500077333,4.594339977050756,1.8231406563217296,3.1656027550539165
1776265316.220297,87.34977078437805,1.7984839777718122,9.77290461376221,4.593961924527628,1.8231669216184776,1.2332978269717674
1776265316.257303,87.38677668571472,1.7984642795524304,9.783245284532793,4.593543041022315,1.8231885552476619,0.27966269717280584
1776265316.2760909,87.40556454658508,1.7984184270215375,9.793421338094237,4.593085375641233,1.8232081850784272,0.5421821740651771
1776265316.2826152,87.4120888710022,1.7983470798703287,9.803435735046198,4.5925909918169685,1.8232331196068503,1.5368405871180264
1776265316.302194,87.43166780471802,1.7982463785768117,9.81329183751335,4.5920617782338065,1.8232666435758655,0.5041548160438688
1776265316.3246002,87.45407390594482,1.7981145280830482,9.82299089565925,4.591498078811559,1.8233069258576378,0.4336461620151957
1776265316.3492062,87.478679895401,1.7979577486606793,9.832522776162325,4.590899751550514,1.8233466649906125,0.38819522519991223
1776265316.3566747,87.48614835739136,1.7977762903912329,9.841882488615312,4.590266108841296,1.823381007050902,1.256335135454507
1776265316.3737562,87.50322985649109,1.797567689163601,9.851076576920939,4.5895968191947,1.8234120225934003,0.5398107415526929
1776265316.38565,87.51512360572815,1.7973321713537258,9.86010937646977,4.5888931412861815,1.8234462092453545,0.7620160524631316
1776265316.402324,87.5317976474762,1.797077275767,9.868979882252933,4.58815653146213,1.8234781669918885,0.5340448623625211
1776265316.4183123,87.54778599739075,1.7968041595291,9.877690052119062,4.587388035045987,1.8235124486854595,0.5471653195525875
1776265316.4350169,87.56449055671692,1.7965101112245287,9.886243478220763,4.586588452163748,1.823544296856946,0.514575003521934
1776265316.4480717,87.5775454044342,1.7961917108542476,9.89464308713002,4.585757990713288,1.8235840286383165,0.6470060811097753
1776265316.46951,87.59898376464844,1.7958446036176925,9.902890648005904,4.584898403219053,1.823633164902598,0.38713296892570975
1776265316.4805896,87.61006331443787,1.7954717215535696,9.91098127964599,4.584009862782155,1.8236825232294538,0.7353921138066547
1776265316.4960048,87.62547850608826,1.7950744500088984,9.918909847017757,4.583094088361928,1.8237334917794894,0.5183951520142892
1776265316.502917,87.63239073753357,1.7946588506252055,9.926670145243731,4.582151923422238,1.8237762042799037,1.1325318192387976
1776265316.5353484,87.66482210159302,1.794223342544992,9.93426380579835,4.58118344017852,1.8238107608033467,0.236423882389756
1776265316.5443728,87.67384648323059,1.7937714429482998,9.941691430863749,4.58018848414293,1.8238399742367069,0.8319218751242072
1776265316.5642993,87.69377303123474,1.7933141522310696,9.948948478920348,4.579169330208666,1.8238607313640745,0.3684790585017423
1776265316.5730658,87.70253944396973,1.7928511460184955,9.956039195481099,4.57812824768395,1.8238741819788846,0.8192264638520511
1776265316.618687,87.74816060066223,1.792382440236794,9.96297001910322,4.577065977699486,1.8238827056845721,0.15403828714950382
1776265316.6377082,87.76718187332153,1.791911117905952,9.969743234065028,4.5759830510143225,1.8238947557524383,0.36145919317271186
1776265316.6412504,87.77072405815125,1.7914305777779922,9.976365375193804,4.574881082101449,1.8239110977602833,1.9000644419293533
1776265316.6541166,87.78359031677246,1.7909335050214568,9.982842815448436,4.573761513676292,1.823936856671218,0.5123672083763137
1776265316.6811435,87.81061720848083,1.7904222882875596,9.989173015706525,4.572624583929407,1.823964829103557,0.2387168313665065
1776265316.6966147,87.82608842849731,1.7898932119428146,9.995354364326865,4.571469727947429,1.8239968950366041,0.40788779122211527
1776265316.7032049,87.83267855644226,1.7893488658185996,10.001381040146024,4.570296946963467,1.8240332344822532,0.9353095567829864
1776265316.7253048,87.8547785282135,1.7887976001066213,10.007243687377137,4.569106648228211,1.8240659987980985,0.2718377516727092
1776265316.7497718,87.87924551963806,1.7882457192054309,10.012937433180563,4.567898885430209,1.8240892345780593,0.23895614070774146
1776265316.7613163,87.89078998565674,1.787691512569499,10.01846445991477,4.5666725741328555,1.8241024832240909,0.4927467359371643
1776265316.7793298,87.90880346298218,1.7871300035456352,10.023827215289135,4.565428676584392,1.8241072326324885,0.30719717960905357
1776265316.7881935,87.91766715049744,1.7865573870666878,10.029035040899366,4.564170585895671,1.8241118384277917,0.6078900132607703
1776265316.8070176,87.93649125099182,1.7859736936234591,10.03409288507644,4.562899333086339,1.8241169817771188,0.2787766888331599
1776265316.8330996,87.96257328987122,1.7853851273827956,10.038999204239312,4.561615786330486,1.8241224472688609,0.19574675730197716
1776265316.8545806,87.98405432701111,1.7847874182087484,10.043758111913872,4.560321319412492,1.8241312449403366,0.2312694347563312
1776265316.8637729,87.99324655532837,1.7841818736724135,10.048367663902626,4.559015707143596,1.8241448162654457,0.5253354870170985
1776265316.8750815,88.00455522537231,1.783573297464347,10.052825984172003,4.557699908507787,1.824158936916665,0.4145583062985441
1776265316.9010236,88.03049731254578,1.7829633667815412,10.057131918340074,4.556373695514715,1.8241709771727548,0.175261106868182
1776265316.9109154,88.04038906097412,1.7823505732233378,10.061283199307764,4.555037070625146,1.8241795426119016,0.4452195685453779
1776265316.9293828,88.05885648727417,1.7817327650422288,10.065283544869423,4.553690628979012,1.8241898446472116,0.23099244679071185
1776265316.939989,88.06946277618408,1.7811138442441525,10.069132574640678,4.552334461414397,1.8241979863434596,0.38916764239979273
1776265316.9845653,88.11403894424438,1.7804937516028163,10.072831014416208,4.5509680420882255,1.8242063902003496,0.08953774587419569
1776265317.0119298,88.14140343666077,1.7798744648683915,10.076375616914778,4.549592152608445,1.8242140521953292,0.1407800720666498
1776265317.01319,88.1426637172699,1.7792544998440483,10.07976398555082,4.548207298803665,1.824220562770962,2.9458326375436967
1776265317.0269687,88.15644240379333,1.7786280703459936,10.083003850580981,4.546815581352422,1.8242290843661484,0.2599190328971745
1776265317.059797,88.18927073478699,1.7779917894257005,10.086103239871886,4.545419139722743,1.8242433823168842,0.10535061097963594
1776265317.0735354,88.20300912857056,1.777348128327032,10.089059267769601,4.544019910427525,1.8242578156542106,0.24261956608795046
1776265317.0855262,88.21499991416931,1.7766999269146437,10.09186772314431,4.542617131893439,1.8242710779351368,0.2673321476188552
1776265317.09021,88.21968364715576,1.7760550042327636,10.094515904804215,4.541210913049504,1.8242739138965582,0.6548109964270591
1776265317.1472785,88.27675223350525,1.7754215587473527,10.09698033931391,4.539802153530371,1.82425342136753,0.05096475551986332
1776265317.1623042,88.29177784919739,1.7748008491615197,10.099263575438014,4.538393771286649,1.824214119220473,0.18325645174921615
1776265317.1712205,88.30069422721863,1.7741867121387347,10.101394450946623,4.536988724362833,1.824171559637712,0.29443039117016906
1776265317.184031,88.31350469589233,1.773573296179708,10.103389560299311,4.53558717786235,1.8241341243018538,0.19625936359911586
1776265317.2461898,88.37566351890564,1.7729514243208122,10.105266122577515,4.534190261329009,1.824106519529524,0.038943116021062436
1776265317.2501996,88.37967324256897,1.7723190846764578,10.107032138136153,4.532796769386019,1.824090107692921,0.5827752949487741
1776265317.2628772,88.39235091209412,1.771678333499629,10.10868767302373,4.531406207777196,1.8240893551614756,0.17787171047773018
1776265317.2831063,88.41258001327515,1.7710358550869796,10.110219648475663,4.530018768364155,1.824095114695512,0.1069953787646925
1776265317.292007,88.42148065567017,1.770404539949531,10.111578970535515,4.528634417264895,1.82408727160919,0.229228419021114
1776265317.3405633,88.47003698348999,1.7697846050508663,10.112764134296262,4.527253107080185,1.8240633227264347,0.03959824770418789
1776265317.3609068,88.49038052558899,1.7691763282871,10.113798784329216,4.525877282185165,1.8240370049933041,0.0897463608732883
1776265317.3715847,88.50105834007263,1.7685803133457116,10.114695148080417,4.5245065026563696,1.8240067998403613,0.16322730394404927
1776265317.3882687,88.517742395401,1.7679933027715824,10.115458820021137,4.523138444624826,1.8239759970616438,0.10028308353202543
1776265317.428171,88.5576446056366,1.7674104705365798,10.116101055315912,4.52177590778927,1.8239491259754899,0.04047737165806922
1776265317.4486275,88.57810115814209,1.7668328923494465,10.116630060314684,4.520419376228007,1.823924608588871,0.0765722257382674
1776265317.4608853,88.59035897254944,1.7662588695703438,10.1170343971185,4.519068559397889,1.8239000744785816,0.12419818291263092
1776265317.4700515,88.59952521324158,1.7656923784830671,10.117317017407247,4.517725423590221,1.823876189468748,0.1619919228693554
1776265317.5135589,88.64303255081177,1.765128302118111,10.117493305139954,4.5163916501015,1.8238564840468339,0.03353087276738343
1776265317.5292969,88.65877056121826,1.7645649429898291,10.117558397841576,4.51506702435459,1.8238395142204638,0.09155653757225292
1776265317.553238,88.68271160125732,1.7640084876579312,10.117493017101154,4.513749873647555,1.8238226108882287,0.05978704723111918
1776265317.5701609,88.69963455200195,1.763462153430945,10.117300834300536,4.512441257590589,1.8237984261418945,0.0845624116512494
1776265317.6082249,88.73769855499268,1.7629274600574705,10.11698609875671,4.511142736483663,1.823769542667358,0.037808320810840554
1776265317.6220214,88.75149512290955,1.7624057416925722,10.116539567231264,4.509850790630567,1.8237374314658024,0.1060491769119873
1776265317.6321902,88.7616639137268,1.7618966094123396,10.115953913834474,4.5085614391066615,1.8237010316933906,0.1479890545793411
1776265317.6554801,88.78495383262634,1.7613963263585746,10.115225897081986,4.507273656347993,1.8236515157655715,0.06705158868565762
1776265317.719847,88.84932065010071,1.76090032998108,10.114357497826227,4.505988531284034,1.8235935163894788,0.025298699754789603
1776265317.7365625,88.86603617668152,1.7604018287715033,10.113379546980742,4.504710447663399,1.8235384879546084,0.10078964119039045
1776265317.7371223,88.86659598350525,1.7598919720037598,10.11233593389793,4.5034473770135035,1.823496555191084,3.0652253155811167
1776265317.759166,88.88863968849182,1.7593669570742487,10.111245332411329,4.502203218777314,1.8234720316385515,0.07874331208874794
1776265317.8194828,88.94895648956299,1.7588317902145143,10.110101664442052,4.500974735315072,1.8234635844933549,0.029207284790707392
1776265317.8383715,88.96784520149231,1.758300779317231,10.108864675106647,4.499762340010684,1.8234580131818967,0.0959109310995775
1776265317.854358,88.98383164405823,1.7577839464260891,10.10749042409092,4.498562850844262,1.8234395151795213,0.11859456198069422
1776265317.859009,88.98848271369934,1.757281348799189,10.105981207554608,4.497374861258277,1.8234096401144262,0.4268611575430061
1776265317.8781743,89.00764799118042,1.7567882687266325,10.104366181439296,4.496201610816285,1.8233793552475697,0.10728771867037847
1776265317.9350994,89.06457304954529,1.756306439802984,10.102637597167758,4.4950402494449255,1.8233429408595832,0.03754943715883193
1776265317.962676,89.09214973449707,1.7558407658721096,10.10077732874646,4.4938864197935375,1.823302136924731,0.08115656303837859
1776265317.9698293,89.09930300712585,1.7553884734850647,10.09880038562723,4.492742873737459,1.8232593975970686,0.3254750515813454
1776265317.9706745,89.10014820098877,1.7549508995210565,10.096723548687795,4.491608270983327,1.8232150625787078,2.84747335163495
1776265318.0333576,89.16283130645752,1.7545242503688416,10.094583930214297,4.490485931663193,1.8231755073566462,0.03914126315260039
1776265318.047614,89.17708778381348,1.7541016218502201,10.092411085095087,4.48937705088478,1.8231449917013596,0.17366002059853317
1776265318.0638978,89.19337153434753,1.7536803194566346,10.090193725063994,4.488281274878111,1.8231228293735022,0.1540778442956648
1776265318.0931423,89.22261595726013,1.7532617290936119,10.087918318807185,4.4871979695638995,1.8231008999033682,0.08735515302515652
1776265318.1541622,89.28363585472107,1.75284738043043,10.085592490924705,4.486129456507805,1.8230831530025227,0.042491906387187965
1776265318.1688986,89.29837226867676,1.7524393734620505,10.083216134304648,4.485077214573178,1.823066114435405,0.1785191785494922
1776265318.1846166,89.31409025192261,1.752046155019664,10.080763035374344,4.484038212707583,1.8230465577487451,0.17132758165280476
1776265318.2128315,89.34230518341064,1.751673926652947,10.078225437050072,4.483014094311736,1.8230266435829725,0.09787945534051674
1776265318.2650955,89.39456915855408,1.7513225545686792,10.075607968077962,4.4820017561525844,1.8230048346983387,0.05411618969140686
1776265318.2851934,89.4146671295166,1.7509885000555743,10.072914470628543,4.480998616765288,1.8229840865412499,0.1439737750455032
1776265318.3322444,89.46171808242798,1.7506643813170992,10.070165511097718,4.480005073976968,1.8229629966690017,0.06250481713167433
1776265318.360459,89.48993277549744,1.7503507459392909,10.067377230135843,4.479021189169244,1.822945061444633,0.10538361336439199
1776265318.3860664,89.51554012298584,1.7500363498032918,10.064586278844562,4.478051344777596,1.8229318573775837,0.116034604965598
1776265318.4047432,89.53421688079834,1.749715006397381,10.061797563477706,4.4770950166613455,1.8229187243759206,0.1587853646533569
1776265318.4108598,89.54033350944519,1.749385697545895,10.059001268958909,4.476155000990252,1.8229113971407838,0.4852983189578111
1776265318.4210806,89.5505542755127,1.7490609923918325,10.056150484117437,4.475231882658246,1.8229038853453468,0.29489566165781445
1776265318.5097997,89.63927340507507,1.7487455214865857,10.053217531818456,4.474322983401105,1.8228882219796767,0.03479202473682054
1776265318.5172875,89.64676117897034,1.7484407787926237,10.050211655247011,4.473426394319863,1.8228698114224702,0.42088783962503196
1776265318.5272481,89.65672183036804,1.7481433335949497,10.047144155204808,4.472542169141365,1.822850619730669,0.321889175781459
1776265318.5556738,89.68514752388,1.7478538513816133,10.044027906603754,4.471674701488432,1.8228298189888208,0.11425091635159827
1776265318.55902,89.6884937286377,1.7475722757745629,10.040877354805865,4.4708213685221985,1.8228097967870407,0.9790771745431386
1776265318.6155171,89.74499082565308,1.7472966117636763,10.037685035034663,4.469981652908352,1.8227933346697514,0.05862962712272411
1776265318.6271493,89.75662302970886,1.7470230568217806,10.034471164877315,4.4691556286428,1.8227781316249634,0.2862381889101512
1776265318.641696,89.77116966247559,1.746751194426275,10.031255698973599,4.468345145848183,1.822765303312434,0.22872391733676392
1776265318.6534257,89.78289937973022,1.7464787269403013,10.028047020135729,4.46754820104356,1.822755518908354,0.2828180178427049
1776265318.7666075,89.89608120918274,1.7464787269403013,10.028047020135729,4.46754820104356,1.822755518908354,0.0
1776265318.7974145,89.92688822746277,1.7462032926989957,10.024836867629546,4.46676376763002,1.8227449798152697,0.10763988056290688
1776265318.82439,89.95386362075806,1.7459243152712007,10.021611702836246,4.465996125338606,1.8227358245057121,0.1233338557711035
1776265318.833725,89.9631986618042,1.745646920857198,10.018362170126563,4.465245352235364,1.822731624989323,0.35850412002464405
1776265318.854258,89.98373174667358,1.7453821213105043,10.015061152070746,4.4645082298565395,1.8227305450525932,0.16522928138185333
1776265318.9081738,90.03764748573303,1.745133762400835,10.01171235789105,4.463780070223909,1.8227256014086433,0.06372967911741409
1776265318.9306164,90.06009006500244,1.7449044166505316,10.008332047786986,4.463060494556342,1.8227204873190603,0.1543339531031756
1776265318.9488971,90.07837080955505,1.7446968772242786,10.00492802095556,4.462348853826881,1.8227170578713265,0.1905724314182013
1776265318.951066,90.08053970336914,1.744507164310942,10.00152476693189,4.461648835100684,1.8227175796129578,1.604355836792991
1776265319.0187895,90.14826321601868,1.7443316088969603,9.998135658003708,4.460961870378211,1.8227147602445326,0.051126772048009854
1776265319.0771472,90.20662093162537,1.7443316088969603,9.998135658003708,4.460961870378211,1.8227147602445326,0.0
1776265319.0787008,90.20817446708679,1.7441654165638873,9.99478034458958,4.460288576956427,1.822712389683268,2.2054423643924768
1776265319.0800295,90.20950317382812,1.7440076812442689,9.99144483343075,4.459631077435714,1.822708671756707,2.561403679893987
1776265319.080498,90.20997166633606,1.743862251665772,9.988094682133013,4.45899183658489,1.8227081398290688,7.2865453255379
1776265319.1228714,90.25234508514404,1.7437305246538575,9.984720095039606,4.458368373192248,1.822708154725084,0.08104666589304345
1776265319.1432247,90.27269840240479,1.7436187808774966,9.981291776193142,4.457759089220661,1.8227118675027438,0.17116776183918525
1776265319.1510115,90.28048515319824,1.743518604097611,9.977825399338377,4.45716085706813,1.8227189163639739,0.45192741020730637
1776265319.1615944,90.2910680770874,1.7434319403091671,9.974317568835247,4.456577911250419,1.822728121204947,0.3361069903412561
1776265319.2430606,90.37253427505493,1.7433553599992888,9.970790160871173,4.456009618115768,1.822735359336285,0.04386744004898668
1776265319.3267314,90.45620512962341,1.7432894152761482,9.967259899596698,4.45545217759014,1.8227440514068558,0.04272227828033152
1776265319.36137,90.49084377288818,1.7432298788647267,9.96374769131377,4.454903432980956,1.8227488322615517,0.10264016486216695
1776265319.36189,90.4913637638092,1.7431725356890917,9.960272279230972,4.454362335647777,1.822751752607793,6.76502159060413
1776265319.3802261,90.50969982147217,1.7431180859927906,9.956829341921638,4.453829329674963,1.822754759938801,0.19002864502172329
1776265319.419834,90.54930758476257,1.7430766316296458,9.953392468005598,4.4533050110276395,1.8227575452147546,0.08778292258134503
1776265319.4401147,90.56958842277527,1.7430476751775732,9.94994993168641,4.452787259507643,1.8227616897013723,0.17165826649916363
1776265319.451902,90.58137559890747,1.7430339956441199,9.946480453511526,4.452276457004825,1.8227704192413652,0.29751870256927104
1776265319.459311,90.58878469467163,1.7430359497987118,9.942977922667668,4.451771839660334,1.822784943726065,0.47761501062768774
1776265319.522628,90.65210175514221,1.7430516052060958,9.939445033738568,4.451275881202148,1.8228020205603772,0.05634445976675624
1776265319.5421665,90.67164015769958,1.7430804711039358,9.935895477838915,4.450788954809458,1.82282341696905,0.18337807679120438
1776265319.542973,90.67244672775269,1.743117875948201,9.932354685958911,4.45031225282913,1.8228424437298374,4.429786477167635
1776265319.5677762,90.69724988937378,1.7431620980342568,9.928847140648656,4.449843792144104,1.8228563532665898,0.14268207927146184
1776265319.6208627,90.75033640861511,1.743214457104916,9.925381000323064,4.449371570691724,1.8224678062712234,0.06590282532096155
1776265319.6333747,90.76284837722778,1.743287486942613,9.921946337870471,4.448731499224537,1.8209317881871008,0.2792971632461334
1776265319.6406918,90.77016544342041,1.7433915863216964,9.918533903632367,4.447789126942456,1.8183597995095684,0.48403223036575505
1776265319.6685627,90.7980363368988,1.7435280198684109,9.915141659239746,4.446497633229015,1.8149130008831504,0.13032735259920772
1776265319.715513,90.8449866771698,1.7436880929923473,9.911775978292187,4.444850896159414,1.8107615702760533,0.07987922084667057
1776265319.7361534,90.86562705039978,1.743860443463165,9.908445265229755,4.442864118883443,1.8060115568461657,0.1880824506290624
1776265319.7602801,90.88975381851196,1.744040505983155,9.905151449917621,4.4405601562120385,1.8007137257346528,0.1667718485795551
1776265319.7646177,90.89409136772156,1.7442318857533388,9.901886452782627,4.4379647143521,1.7948714401527808,0.9625948426220713
1776265319.8415604,90.9710340499878,1.7444319824101269,9.898646228239912,4.435105059393641,1.7885074716347125,0.05622734182397604
1776265319.846998,90.97647166252136,1.7446536264570593,9.895410878337547,4.432011063269065,1.7816381160262513,0.8242814339528894
1776265319.8611882,90.99066185951233,1.7448967109960603,9.892173186109295,4.428710835330567,1.7742680941658258,0.3262537744988957
1776265319.873125,91.0025987625122,1.7451655917784696,9.88891602094716,4.42523067663697,1.7664084751162024,0.39995246551939917
1776265319.948792,91.07826566696167,1.7454536263071452,9.885635391248263,4.421596163232351,1.758072383702364,0.06481840850250814
1776265319.9665618,91.09603548049927,1.7457352787118567,9.882349414679705,4.417831455997998,1.7492812434388836,0.28165723616058835
1776265319.9781818,91.10765552520752,1.7459838120130409,9.879072515380992,4.413959661095053,1.7400664677409141,0.4370420319396335
1776265319.9823549,91.11182856559753,1.746192485957007,9.875796390846684,4.410000747567854,1.7304491297021463,1.232413414375581
1776265319.9924955,91.12196922302246,1.7463593260549972,9.87250238304992,4.4059706879382405,1.72045484926826,0.5135424608532683
1776265320.050966,91.18043971061707,1.7464748062273072,9.869155882179482,4.4018735903812,1.710078236732961,0.09049644867942569
1776265320.0557513,91.18522500991821,1.746525306688601,9.865734416856398,4.397716149013337,1.6993045061398546,1.1252257787930051
1776265320.069317,91.19879078865051,1.7465004980246441,9.862219046665752,4.393506013123561,1.688124848799304,0.4043158840614592
1776265320.0800207,91.2094943523407,1.7463715226572103,9.858621752263172,4.389255572964267,1.6765480536311637,0.5203748768183615
1776265320.1473885,91.27686214447021,1.7461075999689628,9.85496570962318,4.384976916779621,1.6646036498525105,0.08363210926695379
1776265320.1635015,91.29297518730164,1.7456946897931853,9.851253973927967,4.380677588883465,1.6523136491386266,0.3534331453508585
1776265320.1692076,91.29868125915527,1.7451215477215611,9.847482035349842,4.376366039709258,1.63967719604325,1.0089620848283887
1776265320.1927361,91.32220983505249,1.7443780738203636,9.843653511012347,4.372054799474214,1.6266935994114369,0.24708385128789723
1776265320.252059,91.38153266906738,1.7434570623166006,9.83977293508262,4.3677536463416615,1.6133809284897769,0.09887849078849663
1776265320.2673552,91.3968288898468,1.7423511291215263,9.835861823229251,4.363480480422948,1.5997552969260447,0.38554900893407557
1776265320.2751157,91.40458941459656,1.7410557121991161,9.831940823277343,4.359253551970124,1.5858652709610865,0.7614501705796445
1776265320.2756598,91.40513348579407,1.739569916453642,9.82802644585178,4.355088690589166,1.5717386686682984,10.854445964192198
1776265320.3459709,91.47544455528259,1.7379012516263657,9.824131656165793,4.3509969883133754,1.557387883336379,0.08377512849190832
1776265320.3511903,91.48066401481628,1.73605971774176,9.82028573475654,4.346989663927014,1.542879761948662,1.1211087214169404
1776265320.3806543,91.51012802124023,1.734068178794712,9.816468548887677,4.343075477027976,1.5281833184897202,0.19748713706841362
1776265320.3960202,91.52549386024475,1.731943531357215,9.812675370502925,4.339255805850277,1.5132978269946797,0.3766306579827229
1776265320.4565716,91.58604526519775,1.7297011274676581,9.80892770196093,4.335532432850371,1.4982524203160457,0.09478009598047442
1776265320.4662843,91.5957579612732,1.727360154762492,9.805239917542432,4.331905457013792,1.4830751826059816,0.5845519325186107
1776265320.4825418,91.61201548576355,1.7249350722112753,9.801632463777029,4.328375367389501,1.4677861931088072,0.3444354595631273
1776265320.5004292,91.62990283966064,1.7224424890345733,9.798129287135923,4.324942245234667,1.452403113035253,0.3075892799856521
1776265320.569743,91.69921660423279,1.7199020022210019,9.794749936438272,4.321606703344153,1.4369439736531038,0.07769247266253033
1776265320.593314,91.72278761863708,1.717327404434287,9.791475099485961,4.3183704529906795,1.4213840209065758,0.22379503676828316
1776265320.5974793,91.72695302963257,1.7147342482873922,9.788298927421025,4.3152301788612535,1.4057179754765807,1.239895227269335
1776265320.6308665,91.76034021377563,1.712137097420334,9.785212074019585,4.312184045990551,1.3899486225496291,0.15140468103208898
1776265320.633308,91.76278162002563,1.7095493816617169,9.782218699501618,4.309230062711812,1.3740770308858241,2.022552419929194
1776265320.6871927,91.8166663646698,1.7069781463893845,9.779320059918275,4.306366784113809,1.3581056291204279,0.08941037040951835
1776265320.7014532,91.8309268951416,1.704424984853803,9.776523528433351,4.30357307760021,1.342362752821922,0.32998373542479803
1776265320.7123504,91.84182405471802,1.7018963533411704,9.773955744837377,4.300745933494775,1.3269715604325418,0.420331415414578
1776265320.7344468,91.86392045021057,1.6994043542331538,9.771665659888777,4.297802150424234,1.311856246112499,0.20300042654125053
1776265320.7651641,91.89463782310486,1.6969540327248849,9.769603197487811,4.294697666082929,1.2969676132058927,0.1452094875317251
1776265320.7799299,91.90940356254578,1.694537398428287,9.767662360332718,4.291414801175233,1.2822466866452955,0.30576751175331
1776265320.7891955,91.9186692237854,1.692138624689235,9.765728508856148,4.287943087022188,1.267685497308567,0.500972544903932
1776265320.8063664,91.9358401298523,1.6897452093314398,9.763709907578647,4.284271722941611,1.2533512785289282,0.28100748310521445
1776265320.8502562,91.97972989082336,1.687352715489643,9.76155707356961,4.280387195712853,1.2392837560995946,0.11493860996152679
1776265320.8601854,91.98965907096863,1.684969149635444,9.759264931802708,4.276276128751057,1.225503380320277,0.5313630640418553
1776265320.8725805,92.00205421447754,1.68261874013161,9.756860224702338,4.271941572909351,1.2120079619047877,0.44258695775551343
1776265320.8878531,92.01732683181763,1.680333136173471,9.754384005542512,4.26739697133569,1.198763600326677,0.3704443058510798
1776265320.920981,92.05045461654663,1.6781426365129577,9.75187337729755,4.2626469947022265,1.1857146554736837,0.1751415983764528
1776265320.9401648,92.06963849067688,1.6760706734382953,9.749351049255397,4.257694539951,1.172824102341814,0.3091888392396273
1776265320.9531343,92.08260798454285,1.6741298521286578,9.74681671913464,4.25254526913674,1.1600555064085216,0.467129460420322
1776265320.9622436,92.09171724319458,1.6723212160431866,9.744248439030063,4.24720241779758,1.1474065646609466,0.6803896604752666
1776265320.981275,92.11074876785278,1.6706413047652895,9.741615100718153,4.241669953886727,1.134937555094035,0.33383159787579764
1776265321.001087,92.13056063652039,1.6690887989820076,9.738886764986253,4.235957237589349,1.1226960850899694,0.32901365778658814
1776265321.0085714,92.13804507255554,1.6676615476861063,9.736044931211682,4.23006912551343,1.1107222876346288,0.8941227964563657
1776265321.017344,92.14681768417358,1.6663604159203698,9.733081603708529,4.224008918278865,1.0990292498800884,0.783147882690862
1776265321.060456,92.18992972373962,1.6651902582386044,9.729996920044755,4.217779919764485,1.0876089038103,0.16349855701303123
1776265321.072792,92.20226573944092,1.6641602304652987,9.726797442855638,4.2113894251279556,1.0764289522342525,0.5853209634486515
1776265321.0823643,92.21183800697327,1.6632796585408771,9.723491286193303,4.20484524633383,1.0654489640746727,0.771458019635467
1776265321.1043658,92.23383951187134,1.6625535903949964,9.720081613845942,4.198151383119044,1.0546387375107598,0.34303293957664366
1776265321.1213195,92.25079321861267,1.661982600354767,9.716566011242712,4.191309941064959,1.0439949040759706,0.45494648440987556
1776265321.1891575,92.31863117218018,1.661982600354767,9.716566011242712,4.191309941064959,1.0439949040759706,0.0
1776265321.1897748,92.31924843788147,1.66156567253509,9.712939385224745,4.184325939479433,1.0335238684596293,12.76681241133286
1776265321.1900191,92.31949281692505,1.6613013374383527,9.709196822618251,4.177204220865282,1.0232335893378826,32.93885831586538
1776265321.190215,92.31968879699707,1.661188616532966,9.705334165008427,4.169950628701018,1.013135900388374,41.93653065827968
1776265321.1945183,92.32399201393127,1.6612259566110064,9.701346373726894,4.16257084529699,1.0032396853149501,1.9493298909461112
1776265321.2364106,92.36588430404663,1.6614128349387267,9.697230244040771,4.1550691870335354,0.9935333360998376,0.20430387352296717
1776265321.2694395,92.39891314506531,1.6617503837572614,9.692985198598612,4.147450696020079,0.9840103666310314,0.2642500328947046
1776265321.2721274,92.4016010761261,1.6622398243557566,9.688611610909525,4.13972033275935,0.9746544855432395,3.3093477539240004
1776265321.2794259,92.40889954566956,1.6628813255712835,9.68410942860744,4.131881875374099,0.9654677314262485,1.2416508826069517
1776265321.314025,92.4434986114502,1.6636741318246857,9.679477845789798,4.12393845876554,0.9564380565656853,0.26674682980843645
1776265321.3143888,92.4438624382019,1.664618206625493,9.674716566489968,4.115893126928617,0.9475560149017349,25.82600606728893
1776265321.3350163,92.46448993682861,1.6657133983589223,9.669825411290377,4.107748127006096,0.9388234363263673,0.4636371362366499
1776265321.3463836,92.47585725784302,1.6669592279564673,9.664803669588425,4.099507656383977,0.9302309046581707,0.8559734723266746
1776265321.3931372,92.52261090278625,1.6683554350852097,9.659651153941422,4.091174638277418,0.921769377613042,0.21166932734509197
1776265321.418903,92.54837679862976,1.6699016148789778,9.654367323905008,4.082752583711973,0.913429196786126,0.39050982837352183
1776265321.4337904,92.56326413154602,1.6715970565227718,9.648951994717569,4.0742438630404605,0.905202921326376,0.6869832032249209
1776265321.4359508,92.56542444229126,1.6734406276199734,9.643404405255495,4.065651027210158,0.89708271200591,4.81081252275977
1776265321.4694643,92.59893798828125,1.6754315525439787,9.637723859496822,4.056977841349354,0.8890881887339143,0.31501583637252456
1776265321.4924345,92.62190818786621,1.6775697027216643,9.631909818092414,4.048228736390891,0.881217371841015,0.466698135095263
1776265321.5059812,92.63545489311218,1.6798551555189816,9.625962314890554,4.039406148783348,0.87346946215053,0.8033499587301083
1776265321.52109,92.65056371688843,1.6822880508277827,9.61988164705383,4.0305144065634915,0.8658368935154078,0.730923565145146
1776265321.5549955,92.68446922302246,1.68486835971822,9.613668026424385,4.021557104735639,0.858315102605698,0.3304092555049487
1776265321.5662007,92.69567441940308,1.687595141212053,9.607321413731293,4.0125363197438455,0.8509124614777608,1.0139716325658703
1776265321.5876253,92.71709895133972,1.690467915157105,9.600841971123135,4.0034559161104415,0.8436228140502647,0.5376594998087648
1776265321.6088195,92.73829317092896,1.6934859030064713,9.594229679495244,3.9943190852336095,0.8364360182703606,0.5508712923648225
1776265321.6222713,92.75174498558044,1.6966482807191858,9.58748425889059,3.9851287694242448,0.8293446941066834,0.8794802956941717
1776265321.652999,92.78247261047363,1.6999542946225752,9.580605429722011,3.975887548736887,0.8223654507133442,0.39005070667445246
1776265321.665239,92.79471278190613,1.7034034608220405,9.573592819977089,3.9665998669921474,0.8155209104604795,0.9916643245682679
1776265321.6808,92.81027364730835,1.7069960660147065,9.566446020669758,3.957272892336594,0.808813970680237,0.7896237886687792
1776265321.6910255,92.82049918174744,1.7107320335068197,9.559165026259107,3.9479109233717065,0.8022413904371526,1.2160244816135843
1776265321.7581437,92.88761734962463,1.7146113143705255,9.551750470818357,3.9385163826889773,0.7957887013429913,0.18744569117359844
1776265321.7686572,92.89813089370728,1.7186341744401696,9.544203179615588,3.9290916070796937,0.7894498339032012,1.2105146002643823
1776265321.7819185,92.91139221191406,1.722800609152478,9.536523964280395,3.9196390913441737,0.7832194520009892,0.97061678305903
1776265321.7924185,92.9218921661377,1.7271101040858339,9.528712701385556,3.910161587322009,0.7771032414064329,1.2396039680515811
1776265321.8324764,92.96195006370544,1.7315616652809487,9.52076926242252,3.900661942209591,0.7710938501300405,0.3284981850616544
1776265321.870825,93.00029873847961,1.7315616652809487,9.52076926242252,3.900661942209591,0.7710938501300405,0.0
1776265321.8720107,93.00148439407349,1.7361539875804712,9.512693649501907,3.8911432225934366,0.7651879591386169,11.218087646411952
1776265321.872285,93.00175857543945,1.7408869002261664,9.504486874616267,3.88160705332883,0.759379531305564,49.026319584958635
1776265321.9016206,93.03109431266785,1.7457598783666541,9.496149928757966,3.8720543069899116,0.7536614612949216,0.46302847981893464
1776265321.9512174,93.08069109916687,1.7507715785748832,9.487682634480414,3.8624875565525265,0.7480443964956924,0.27670174225838406
1776265321.971295,93.10076880455017,1.7559214377426098,9.47908483881168,3.8529103599826384,0.742528289698628,0.6904369260061641
1776265321.9900846,93.11955833435059,1.7612093365605015,9.470357268913268,3.8433254420044562,0.7370999421206708,0.7451015216620391
1776265321.99183,93.12130379676819,1.7666345736272338,9.461500304956608,3.8337341557193825,0.7317572067739262,8.099631080902244
1776265322.0279188,93.15739250183105,1.7721964620469615,9.452514254855684,3.8241375666418786,0.7264936453874868,0.3955556428991596
1776265322.071227,93.2007007598877,1.7721964620469615,9.452514254855684,3.8241375666418786,0.7264936453874868,0.0
1776265322.0718648,93.20133852958679,1.7778954067817174,9.443399701783084,3.8145385626304145,0.7213133720079232,22.596855945507905
1776265322.0721338,93.20160746574402,1.7837313230325818,9.434157316001672,3.804938417658441,0.716210299832647,54.09437914511881
1776265322.072331,93.20180463790894,1.7897034552573836,9.42478750695115,3.7953373095777576,0.7111798002742978,74.47663131960888
1776265322.1118615,93.24133515357971,1.7958110790195576,9.415290552904935,3.785735775854269,0.7062188435210732,0.37494483944295254
1776265322.131085,93.26055860519409,1.8020538966150177,9.405666707257387,3.7761358141096046,0.7013391524451593,0.778127173970177
1776265322.178012,93.30748558044434,1.8084316297524725,9.395915955649377,3.7665421993513526,0.6965409283454334,0.3216213292553628
1776265322.194737,93.32421064376831,1.8149436126506646,9.38603812479632,3.7569573917301566,0.6918294393642447,0.9103995485687743
1776265322.2079258,93.33739948272705,1.8215903484659706,9.376033105241953,3.7473865590669195,0.6872027322742046,1.16449952961651
1776265322.230655,93.36012864112854,1.8283719701192451,9.365900888975032,3.73783427236327,0.6826617982467532,0.6814442045093632
1776265322.2454534,93.3749270439148,1.8352885657396676,9.35564203554148,3.72830326396526,0.678198891687113,1.0553875546257796
1776265322.2711267,93.40060043334961,1.8423398868185126,9.34525728579308,3.7187948453751893,0.6738117026835893,0.6133664584041617
1776265322.281172,93.4106457233429,1.8495262822918461,9.334747442072938,3.70931124474008,0.6695019690523885,1.5804183504420781
1776265322.3048975,93.43437123298645,1.8568479014232628,9.324113215354076,3.699855344953809,0.6652628245267623,0.6745204343245482
1776265322.320034,93.44950771331787,1.8643034986694633,9.313354600833847,3.690429471799762,0.6610891512468526,1.0656454197264347
1776265322.3362336,93.4657073020935,1.8718915852687192,9.302471276040713,3.681035031942112,0.656987050443822,1.0035274143446102
1776265322.3462353,93.47570896148682,1.8796113676741897,9.291462993102739,3.67167334832339,0.6529541913234903,1.6380762913201259
1776265322.4016044,93.53107810020447,1.8874628671130893,9.280330378736627,3.662346072598252,0.6489835472276095,0.2981800636040621
1776265322.4195707,93.54904437065125,1.8954455494102316,9.269074008275538,3.6530552190774754,0.6450842313231773,0.925944887051792
1776265322.4288003,93.55827403068542,1.9035595837765475,9.257694255002983,3.643804056589908,0.6412564344589133,1.8159583876992897
1776265322.441265,93.57073879241943,1.9118051471157793,9.246191430653813,3.6345942631187036,0.637497126316022,1.354669481229725
1776265322.499598,93.6290717124939,1.9201822398284336,9.23456605385486,3.6254266968301256,0.6337976655060525,0.29161679960236836
1776265322.50607,93.63554358482361,1.928690655422719,9.22281847898341,3.6163039879429895,0.6301581248805458,2.64767516330076
1776265322.5136993,93.64317297935486,1.937330396247163,9.210949265300577,3.6072279373696534,0.6265772586082444,2.262266454577944
1776265322.5368104,93.66628408432007,1.9461011258129814,9.198959105103615,3.5981986960145615,0.6230486332821963,0.7522091617576957
1776265322.578512,93.70798563957214,1.955001740218935,9.186848406725346,3.589216489739301,0.6195684353067222,0.4198677924197874
1776265322.594502,93.72397565841675,1.964031832841123,9.174617536115065,3.580282830055779,0.616137923632479,1.1027936093214818
1776265322.5951355,93.72460913658142,1.9731901497678166,9.162266792033195,3.5713969339645435,0.6127575032748762,28.033791736402474
1776265322.6192615,93.74873518943787,1.9824753017426417,9.149796429322727,3.5625580166825657,0.6094230093431308,0.741288409069059
1776265322.673812,93.80328559875488,1.99188685308217,9.137207258519162,3.553765310853407,0.606135857858867,0.33016153464345294
1776265322.692141,93.82161474227905,2.0014244995047537,9.124499314465263,3.5450206304722047,0.6029027813970318,0.9894827664948198
1776265322.6926858,93.8221595287323,2.011088692708254,9.111672888914777,3.5363273238735955,0.5997216066355906,33.52072603766752
1776265322.7224672,93.85194087028503,2.0208800698437415,9.098728724689513,3.5276866505326803,0.5965879617811248,0.617401744355257
1776265322.7323017,93.8617753982544,2.030798231394513,9.085666784564905,3.5190998215262583,0.5934965325386637,1.8824126673083148
1776265322.7794132,93.90888690948486,2.0408430148137606,9.072487218112965,3.510568680077174,0.5904540978692789,0.39561682872702586
1776265322.792546,93.92201972007751,2.051014501140706,9.059190371393814,3.5020946215666084,0.5874665163670616,1.4287619401379783
1776265322.8179986,93.94747233390808,2.061313305605034,9.04577624662452,3.49368153121715,0.5845300510183836,0.7421136537905798
1776265322.83344,93.96291375160217,2.0717397163176585,9.032244834553248,3.4853316663078147,0.5816374997785172,1.231358854008706
1776265322.8665855,93.99605917930603,2.0822935063839276,9.018596229101984,3.4770469305386476,0.5787908738259558,0.5774269666645038
1776265322.8762603,94.00573396682739,2.092973090442902,9.004830178989119,3.4688275562531006,0.5759904829824837,1.9911925835829858
1776265322.8889453,94.01841902732849,2.103777353760351,8.99094673190577,3.4606728448604867,0.573234851928597,1.5285889315926184
1776265322.9154394,94.04491305351257,2.1147060238146906,8.976946271390695,3.452582839853245,0.570523371331864,0.7366407852972545
1776265322.9538274,94.0833010673523,2.125758743445371,8.962829405033043,3.4445573157761786,0.5678536669079348,0.5117028857938245
1776265322.9742205,94.10369420051575,2.1369349855161133,8.94859665416681,3.4365976436050016,0.5652327312651974,0.969422968967175
1776265322.9950552,94.1245288848877,2.1482359900807007,8.934249025778207,3.4287063357240974,0.5626531409821164,0.9549328864237494
1776265323.005891,94.13536477088928,2.159662399667664,8.919787061593277,3.4208856779101264,0.560109220267138,1.8477341304459738
1776265323.0606945,94.19016814231873,2.171214244020324,8.90521123742014,3.4131357823375166,0.5575984877928033,0.3676500992544876
1776265323.1416128,94.27108645439148,2.1828905670642285,8.890521431871658,3.405456439487442,0.5551266634565719,0.25056852010251596
1776265323.189247,94.31872057914734,2.194690309200447,8.875717587980892,3.3978483779651,0.5526945876531605,0.4283211577077457
1776265323.1896546,94.3191282749176,2.2066121232275795,8.8607997632526,3.390310889493579,0.5503000689706523,50.35641365469373
1776265323.2191198,94.34859347343445,2.2186549624973746,8.845768114783892,3.382843353108883,0.5479417477798126,0.701091354477949
1776265323.2275867,94.35706043243408,2.230818375920106,8.83062274034902,3.3754457905461273,0.5456221635037158,2.4549464493090514
1776265323.2421594,94.37163305282593,2.24310282791086,8.815364189461768,3.3681188831856224,0.5433379884059998,1.4351888073360095
1776265323.2501295,94.37960314750671,2.2555084726528754,8.799993521963485,3.3608620210321085,0.541086893806766,2.6402793718835285
1776265323.2911117,94.42058539390564,2.268035269646091,8.784511361984174,3.3536759120450443,0.5388674221554935,0.5166165378123003
1776265323.3268251,94.456298828125,2.268035269646091,8.784511361984174,3.3536759120450443,0.5388674221554935,0.0
1776265323.3275483,94.45702195167542,2.280682803856552,8.768917848452645,3.3465605971556216,0.5366819296817482,29.457348710686464
1776265323.3287814,94.45825505256653,2.29345090779722,8.753213039926974,3.3395175433319366,0.534527171775884,17.379427765601555
1776265323.3290036,94.45847725868225,2.3063390259580925,8.737397266387866,3.332546345002604,0.5324028892524826,97.02768876074951
1776265323.334297,94.46377062797546,2.3193471135662107,8.72147116833783,3.3256461669712993,0.5303073732676069,4.097611003383167
1776265323.3809114,94.5103850364685,2.3324750508715852,8.705435026351525,3.318818796196112,0.5282467195551349,0.46809619023525795
1776265323.4129262,94.54239988327026,2.345723139444959,8.689288887919282,3.31206646850273,0.5262206724404018,0.6856201570313654
1776265323.4170358,94.54650950431824,2.3590920915886477,8.673033179161143,3.3053910054914564,0.5242280697307931,5.372826233858396
1776265323.4201462,94.5496199131012,2.3725813765554,8.656667940268186,3.298792876280729,0.5222626179087027,7.140779827402779
1776265323.462522,94.59199571609497,2.3861899084433045,8.640192769139336,3.2922731969730785,0.5203283473162592,0.5272161818530808
1776265323.4756286,94.60510230064392,2.399916830834298,8.623607664914696,3.285831321036834,0.5184236322093423,1.714559849405806
1776265323.4856043,94.61507797241211,2.413761041454825,8.606912434934491,3.279466538624577,0.5165511826056767,2.2658294351604065
1776265323.4984381,94.62791180610657,2.427721736776987,8.590107319090036,3.2731778210933826,0.5147120863783295,1.7714562573600687
1776265323.5197647,94.6492383480072,2.4417988252821545,8.573192941098174,3.2669638374515135,0.5129025979793568,1.0722058310292277
1776265323.538976,94.66844964027405,2.4559932569785707,8.556170272925494,3.2608245563244833,0.5111165884467278,1.1971490511205505
1776265323.5471795,94.67665314674377,2.4703048350586614,8.539038843923043,3.254761347452469,0.5093650270998824,2.8197176662218895
1776265323.5651972,94.69467091560364,2.4847334348408077,8.52179806029919,3.248776273917608,0.5076471693404145,1.2912134176993457
1776265323.599882,94.72935557365417,2.49928129764112,8.504450309808574,3.24287054138732,0.5059526799707027,0.6745897615368043
1776265323.6072621,94.73673582077026,2.513948337369388,8.486995220744594,3.237044859970314,0.5042827821184038,3.188470032762988
1776265323.630778,94.76025176048279,2.5287302686430086,8.469428536961889,3.231298947263189,0.5026478242232008,1.0064080139088036
1776265323.633111,94.7625846862793,2.5436276003203497,8.451752552615188,3.2256323702408003,0.501044204762333,10.20215111475963
1776265323.669705,94.79917860031128,2.558637901384234,8.433965048136349,3.220044441228434,0.4994807272351722,0.6540963000340859
1776265323.6800902,94.80956387519836,2.5737609319073522,8.416065919401657,3.214533557477416,0.49795963602701665,2.3178842746818646
1776265323.692592,94.82206559181213,2.5889995537632156,8.398058669986918,3.20909957432524,0.4964698524872419,1.9363369666618033
1776265323.7142055,94.843679189682,2.6043577186876616,8.379947646139712,3.203742346147825,0.4949998865873994,1.126282338099911
1776265323.7552924,94.88476610183716,2.619838203198551,8.36173274979085,3.1984613562068813,0.49354326464401305,0.5958331852749604
1776265323.7648156,94.89428925514221,2.6354495863081624,8.343415150534947,3.193255461121245,0.4920904141564346,2.5857188291816016
1776265323.7930026,94.9224762916565,2.651186250338229,8.324986518791437,3.188124054433578,0.490656556636778,0.8787981849665957
1776265323.8074577,94.93693137168884,2.6670447853586134,8.306447813568257,3.183067635934293,0.48924584675497695,1.7235972678448557
1776265323.8108287,94.94030237197876,2.6830149781087687,8.28779903375892,3.178088012272917,0.4878756498567893,7.431728552110224
1776265323.8688607,94.9983344078064,2.699099844655251,8.269048041164613,3.173187589226736,0.4865350695376696,0.43400241638082093
1776265323.8912342,95.02070784568787,2.7152989381402746,8.250197304227331,3.168365655517715,0.48522264006311056,1.131619292572971
1776265323.9148693,95.04434299468994,2.731617456044989,8.231252221120634,3.163622160522861,0.4839199832667306,1.0767931235180315
1776265323.9161131,95.04558682441711,2.7480543524039263,8.21221524745793,3.1589556881047183,0.48263220094735004,20.565790771634493
1776265323.9659116,95.09538531303406,2.7646191426962803,8.193094954451785,3.154366034067015,0.48133411174607876,0.5162958445156712
1776265323.9793844,95.10885810852051,2.7813121143006403,8.17389832504772,3.1498568400635545,0.48002259611075093,1.9176418483813285
1776265323.997959,95.12743258476257,2.7981333427222794,8.154630647864503,3.145427572486116,0.47869226056621084,1.397506796733852
1776265324.008565,95.1380386352539,2.8150797688864344,8.135293539428032,3.141073929645431,0.47734877789450003,2.4587802205496474
1776265324.0608406,95.19031429290771,2.8321418865158274,8.11588178938852,3.1367947526208697,0.47600807840721154,0.5011174646940646
1776265324.082379,95.21185278892517,2.849303085498766,8.096400020165001,3.1325938952645997,0.4746795020034927,1.2210723735635889
1776265324.098168,95.22764158248901,2.866537640048564,8.076848906402663,3.1284747401281874,0.4734023757190427,1.6712121578318015
1776265324.12175,95.25122380256653,2.883837950902734,8.057234845119847,3.1244387688006574,0.47218638062408724,1.1221676728638712
1776265324.1735823,95.30305600166321,2.901198918180069,8.037556059360128,3.1204830314779604,0.47102980418398677,0.5120129571653071
1776265324.1818364,95.3113100528717,2.9186334782722874,8.0178255628238,3.1166042375803875,0.4699063077298499,3.224347919463478
1776265324.1991777,95.32865142822266,2.936167404220702,7.998063604150546,3.1128024419449996,0.4687718890841058,1.5391704381820714
1776265324.2227383,95.35221195220947,2.9537946524296124,7.978270404962823,3.1090753390023242,0.4676300039341391,1.1360236175015823
1776265324.2714128,95.40088653564453,2.971511970477978,7.958454548067823,3.1054219309194195,0.4664816508219065,0.5512385153999807
1776265324.3004868,95.42996048927307,2.989330065779476,7.938628205393048,3.101842559222716,0.4653181393559346,0.9250798919045419
1776265324.3047302,95.43420386314392,3.007239521753152,7.918784852910388,3.0983367532377994,0.4641542288359153,6.353244102984717
1776265324.3363001,95.46577382087708,3.0252284097592588,7.898919352919234,3.094902514677363,0.46300585945820866,0.8558487103212016
1776265324.351082,95.48055577278137,3.0432839214005605,7.879034240459271,3.0915395591298886,0.4618781343802379,1.8312169812385564
1776265324.4020798,95.5315535068512,3.0432839214005605,7.879034240459271,3.0915395591298886,0.4618781343802379,0.0
1776265324.4038405,95.53331422805786,3.0613738481138624,7.859117037146379,3.0882510963678063,0.4607992935853626,15.395028941644533
1776265324.4040966,95.53357028961182,3.0794871128715973,7.839166693273656,3.0850379112883455,0.45977010274596525,105.97945826111614
1776265324.4042969,95.53377056121826,3.097635663719771,7.819197066726574,3.0818977952402973,0.45877388743749575,135.64805448277974
1776265324.4186206,95.54809427261353,3.115836132161766,7.799227545360358,3.0788318909910393,0.4577955057938608,1.8984339774126
1776265324.4645712,95.59404492378235,3.134076627161297,7.779264330184726,3.0758427051771777,0.45683767274434595,0.5920757205375498
1776265324.4794137,95.60888743400574,3.152359821535866,7.759323626572885,3.0729295696329566,0.4558950094286069,1.8332591386308625
1776265324.4900033,95.61947703361511,3.1706874089462573,7.739414719129235,3.07008898155629,0.45497331834862514,2.56941530430694
1776265324.5093477,95.6388213634491,3.1890320199497757,7.719533163951333,3.0673232748602324,0.4540788910428684,1.4057262477757793
1776265324.566854,95.69632768630981,3.2073627919720376,7.69967527463274,3.064636347099141,0.4532170526285268,0.47226610280674497
1776265324.5718431,95.7013168334961,3.2256949293129926,7.679861521597056,3.062028955149543,0.45237995666343267,5.435636742271141
1776265324.5991542,95.72862792015076,3.244031012145586,7.660103284165872,3.059500961045517,0.45156616021884605,0.9913117012395511
1776265324.5995305,95.72900414466858,3.26236668290335,7.640411376067667,3.0570505459298136,0.4507773485868746,71.81351518823284
1776265324.6485944,95.77806806564331,3.2806975379096275,7.620792259046807,3.0546727891923826,0.45001839099964075,0.5493897856668261
1776265324.6534622,95.78293585777283,3.2990061335238443,7.601241897950253,3.052364985101647,0.4492873842708889,5.5228239611418495
1776265324.6783967,95.807870388031,3.3172776247966573,7.581755360524092,3.050127410455406,0.44857618424367823,1.0750685384120529
1776265324.6900504,95.81952404975891,3.335500984395004,7.562333610712215,3.047959536901233,0.44787936448641785,2.292900136059396
1776265324.7253454,95.85481905937195,3.353676133857418,7.542988488365789,3.045859909536288,0.4471964703786752,0.7544025575282549
1776265324.7400424,95.86951613426208,3.371809251128812,7.523729479651702,3.0438263189910124,0.44653457185239886,1.8051389879002249
1776265324.7467763,95.87625002861023,3.389883842525512,7.504555116162452,3.041858306575542,0.4458854855445383,3.9240080384496285
1776265324.7707875,95.90026116371155,3.407894892859649,7.485473276788302,3.0399554057471527,0.44524317013174486,1.0956778694624376
1776265324.822737,95.95221066474915,3.4258358769094555,7.466485728595957,3.038116871955772,0.4446021942883798,0.5040956606960343
1776265324.8310416,95.96051526069641,3.4437168867401358,7.447600882562875,3.0363414955959294,0.44397273491040157,3.1389368425300983
1776265324.8441432,95.9736168384552,3.461543526394427,7.428827904830988,3.0346258491558458,0.44337051083077494,1.9803167204546082
1776265324.861763,95.99123668670654,3.479315092497519,7.41017477180581,3.0329671437800862,0.44280041599605185,1.4652245288444186
1776265324.9211376,96.0506112575531,3.4970194867388638,7.391642109092579,3.0313640984468053,0.44225399546832034,0.4325124938918318
1776265324.9247427,96.0542163848877,3.5146429704016904,7.373231110557844,3.029817360990682,0.4417159724620451,7.082469031514777
1776265324.9492085,96.07868218421936,3.53217916290837,7.354945656015879,3.028326067973282,0.44118381001647927,1.0373306012667265
1776265324.949606,96.07907962799072,3.549633333471191,7.3367941089504685,3.0268887960016886,0.44067529204023176,63.462703786047115
1776265324.9820623,96.11153602600098,3.5670222325185166,7.318795415754818,3.0255054738513025,0.44023206440975954,0.7722583125322987
1776265325.0334253,96.16289901733398,3.5670222325185166,7.318795415754818,3.0255054738513025,0.44023206440975954,0.0
1776265325.034015,96.1634886264801,3.5843381552786058,7.300951157991686,3.024173625863055,0.43984900823523804,42.23213407418998
1776265325.0387015,96.1681752204895,3.601538791603111,7.2832504960450155,3.0228943017476197,0.43946086851283084,5.273469577744153
1776265325.0412328,96.17070651054382,3.6186181826260846,7.265691190773678,3.021664434330322,0.4390644710190052,9.689313427638877
1776265325.0482728,96.17774653434753,3.6355658618056377,7.248270510950297,3.020483784902963,0.4386372852637994,3.45638899579097
1776265325.1015325,96.2310061454773,3.652379685757752,7.230989621120424,3.0193521666819163,0.43817542661883935,0.4532028288339786
1776265325.122282,96.2517557144165,3.6690722837160807,7.213856077816465,3.0182686121156226,0.4377087511664204,1.1540121523789428
1776265325.1228354,96.2523090839386,3.6856563142374643,7.196878021517063,3.017230988534564,0.43727051098651054,42.93023937574325
1776265325.134739,96.2642126083374,3.7021341112624158,7.180059234037152,3.016235879568118,0.4368670942975241,1.9797913132161322
1776265325.1854465,96.31492018699646,3.718492534281444,7.163397905353697,3.0152811978014795,0.4364797103295417,0.4608577667725827
1776265325.1942909,96.32376456260681,3.734723225971253,7.146894024843566,3.014366489500063,0.4360991073915141,2.6192589433447666
1776265325.205871,96.33534479141235,3.750816645584901,7.130545891095288,3.013491012767891,0.435709002041538,1.9824348227519684
1776265325.2214031,96.3508768081665,3.7667685910332263,7.114353740891694,3.0126540684599536,0.4353024552842183,1.4644167865737199
1776265325.2684283,96.39790201187134,3.7825787230832377,7.098319804997293,3.0118527876630954,0.43488341217007925,0.47914655924681565
1776265325.2814808,96.41095447540283,3.7982466753755086,7.082446368337503,3.011084829623168,0.4344557511611972,1.709778426708498
1776265325.2889493,96.41842293739319,3.813777075222058,7.066737261111098,3.0103493674130863,0.4340315400931151,2.9594136721236066
1776265325.3051121,96.43458580970764,3.829178186646547,7.051197710416993,3.009647037868231,0.4336311261125955,1.354328642708405
1776265325.3365946,96.46606826782227,3.8444401407820417,7.035827113638902,3.0089778632713498,0.43323935266177566,0.6883501525931114
1776265325.35476,96.48423361778259,3.85956029154877,7.020626708927597,3.0083402814391698,0.4328543831746586,1.1807877996601017
1776265325.3781376,96.50761127471924,3.874535363652123,7.0055961739049115,3.0077325984932815,0.4324718409565057,0.9079569064454691
1776265325.3970425,96.52651619911194,3.8893641647614214,6.99073438830017,3.0071529901211353,0.4320927507808658,1.1109500906817833
1776265325.4330537,96.5625274181366,3.904050335167459,6.976043988329583,3.006600430269165,0.4317316930771765,0.5770346253747144
1776265325.451097,96.58057069778442,3.9185924535745227,6.961524618951365,3.0060746201835675,0.4313855675611839,1.1392777662278342
1776265325.497423,96.62689661979675,3.932982184810224,6.947173173308016,3.0055755839063134,0.4310340739048,0.43883044836892043
1776265325.4978364,96.62731003761292,3.947211709666854,6.932987129207488,3.0051030086557176,0.4306596459191774,48.61527696604503
1776265325.4980464,96.6275200843811,3.961280553877343,6.918966490084461,3.00465629542818,0.43026499198934687,94.58520278580252
1776265325.5403788,96.66985249519348,3.9751904556079225,6.905112837655703,3.004233789557935,0.42985325959688137,0.4638616907594079
1776265325.5532498,96.68272352218628,3.988947931644844,6.8914281735309,3.0038355520793045,0.42944092594442823,1.5079354402755047
1776265325.5693374,96.69881105422974,4.0025498571141815,6.877913053884615,3.0034614912473487,0.4290229390406898,1.1921277248337405
1776265325.5821688,96.7116425037384,4.015993477451027,6.864567438131873,3.0031128716926707,0.42859502965040636,1.4765428419617257
1776265325.6396847,96.76915836334229,4.029283518202157,6.851392217000961,3.002788892290754,0.4281667282917881,0.3254188771367589
1776265325.6628222,96.79229593276978,4.04241970394569,6.838386668026957,3.0024890978589425,0.42773983667334625,0.7990320520413242
1776265325.663887,96.79336071014404,4.055405073870809,6.825551894021171,3.002213361604708,0.4273207467668383,17.149116663204023
1776265325.6780963,96.80756998062134,4.068245881905516,6.8128896326504504,3.001960204625226,0.42692622437701355,1.2692848722314207
1776265325.743457,96.87293076515198,4.080946377125275,6.8004013901203635,3.0017275257333194,0.42656964670257647,0.27253772178753205
1776265325.7464356,96.8759093284607,4.0935053861231125,6.788085672815121,3.0015138443416394,0.42624470031105743,5.905943554937267
1776265325.7726576,96.90213131904602,4.1059183241307435,6.7759398519120335,3.001319023400349,0.42594361163507083,0.6623366289955932
1776265325.788634,96.91810774803162,4.118178766740108,6.763960186463551,3.0011427122385954,0.4256512417301562,1.072980785063535
1776265325.8464656,96.97593927383423,4.130281859188475,6.752145199220887,3.000983980120737,0.42535865806903334,0.29248075055365014
1776265325.8602116,96.98968529701233,4.142224063887781,6.7404954883484525,3.0008424155240703,0.42505692734340234,1.213724575656955
1776265325.877024,97.00649762153625,4.153997569829406,6.729008892498066,3.000718766538404,0.42472976485153446,0.9783948440209819
1776265325.8886485,97.01812219619751,4.165597441455457,6.717683110627657,3.000613378589661,0.4243655598179587,1.3946648871987495
1776265325.9911644,97.12063813209534,4.165597441455457,6.717683110627657,3.000613378589661,0.4243655598179587,0.0
1776265326.0725665,97.20204019546509,4.165597441455457,6.717683110627657,3.000613378589661,0.4243655598179587,0.0
1776265326.0805528,97.21002650260925,4.177030798666074,6.706519464235766,3.0005253016050744,0.42398258906121056,2.00090918583632
1776265326.0811565,97.21063017845154,4.1883014633082425,6.695518317260942,3.0004543702720023,0.4235857160844963,26.089932247271953
1776265326.094273,97.22374677658081,4.199416906247618,6.684681423879534,3.000400622414934,0.42319511785996167,1.1835377084817724
1776265326.0947971,97.22427082061768,4.2103834832425715,6.67401052263272,3.000364032020382,0.42282516191702496,29.198843412378846
1776265326.1694934,97.29896712303162,4.2212043174361416,6.66350680070698,3.0003444544387743,0.42248578445835705,0.2018897538109296
1776265326.2075024,97.33697605133057,4.2318768093918155,6.65316881559422,3.000341238538691,0.4221699355118307,0.3909222020395418
1776265326.217739,97.34721279144287,4.242396295131309,6.642994638613025,3.0003539902111656,0.42186525781878975,1.4296222905513007
1776265326.2339213,97.36339497566223,4.252756070169893,6.632981765050025,3.000382533219587,0.4215572190716692,0.8903467129526222
1776265326.2591717,97.38864541053772,4.26294911149831,6.623127599941546,3.000426674312798,0.42122736660456955,0.5614798132360552
1776265326.293554,97.42302775382996,4.272978358155986,6.613434290228081,3.000485645008354,0.42088376480662565,0.40567627404250384
1776265326.309457,97.43893074989319,4.282843048495736,6.603901209438633,3.000559393128449,0.42052110410063814,0.8626360598122416
1776265326.3233778,97.45285153388977,4.292546927341927,6.594529087629042,3.000647134267078,0.42015180631686455,0.9691332390155345
1776265326.333696,97.46316957473755,4.3020982925706255,6.585320402853449,3.0007488702560963,0.41979640476569047,1.2858993028508237
1776265326.4005504,97.53002405166626,4.311501000607709,6.576278961976204,3.00086409415675,0.41946966580169776,0.195125200576976
1776265326.4166985,97.54617214202881,4.320752169515617,6.567404949060133,3.0009932620046658,0.41916173197144063,0.7938935081173905
1776265326.4289258,97.55839943885803,4.329851760230441,6.558694957716547,3.001135924384077,0.41886952481817724,1.0302438208785882
1776265326.4330852,97.56255888938904,4.338799439684635,6.550146728277604,3.0012919226143953,0.41858959754297165,2.9753167884051175
1776265326.4971144,97.6265881061554,4.347593032730762,6.541757850426956,3.0014604388060278,0.41831593387044036,0.18982552651654208
1776265326.5072796,97.63675332069397,4.356228786315416,6.533525764973923,3.0016411621653796,0.418038053996435,1.1738214619736393
1776265326.5286305,97.65810418128967,4.3647036016614,6.525451154310637,3.001834387760323,0.4177483549836328,0.5483257756542088
1776265326.5405803,97.67005395889282,4.373009127968292,6.517531903404689,3.0020398297792346,0.41742463031576116,0.9604981848959
1776265326.6003702,97.72984385490417,4.38115056171249,6.509767974776807,3.002257719979734,0.41707587485053443,0.18819344992096126
1776265326.6085896,97.7380633354187,4.389136344134507,6.502160885946844,3.0024881124419722,0.41672408640040176,1.3421142971947613
1776265326.62798,97.75745368003845,4.396976037901765,6.49471419186685,3.0027326040336777,0.41639371365074873,0.557774713849116
1776265326.6473498,97.7768235206604,4.4046710603711094,6.48743238662426,3.0029922424998325,0.41609190903488724,0.547109692318817
1776265326.6885238,97.81799745559692,4.412216104002649,6.480314698609825,3.003267007336812,0.4158013927764735,0.25200793537879934
1776265326.700282,97.82975578308105,4.419620657818491,6.473364472140855,3.0035564251435414,0.4155463711797176,0.8640317514690339
1776265326.742029,97.87150263786316,4.426888624100349,6.46657814863234,3.003860157527912,0.4153305702427259,0.23830191264167344
1776265326.745305,97.8747787475586,4.434013941518569,6.45994819868835,3.004176226928561,0.4151343277306954,2.9723909612782147
1776265326.8367562,97.9662299156189,4.440987941803377,6.453467856679787,3.004503137898336,0.4149326382179006,0.10416126885712637
1776265326.837205,97.96667861938477,4.447808718965768,6.447136270506607,3.004839456520022,0.41472331242580557,20.75451920705618
1776265326.86358,97.99305367469788,4.447808718965768,6.447136270506607,3.004839456520022,0.41472331242580557,0.0
1776265326.8641758,97.99364948272705,4.45447521922293,6.440950933486876,3.005184210675891,0.41450109919145317,15.274249678358565
1776265326.8644059,97.99387955665588,4.4609801612151,6.4349071529711095,3.0055381647967057,0.4142493803118239,38.623796658652
1776265326.864598,97.99407172203064,4.467328621946651,6.429007955693928,3.005902320143636,0.4139804896754797,45.13754923752751
1776265326.9180214,98.04749512672424,4.473517148652297,6.423255458144483,3.006277186752575,0.4136860886793438,0.15831110633695974
1776265326.9377935,98.06726717948914,4.479540991989646,6.417651701100512,3.0066609658273107,0.41335907921511217,0.41656096663623865
1776265326.9605565,98.09003019332886,4.4854014775939515,6.412192954685761,3.0070557318682742,0.4129894978878402,0.3522674341291592
1776265326.9650788,98.09455251693726,4.491104689639039,6.406879743034014,3.00746154087968,0.4125910481281355,1.7259322846042593
1776265327.0224233,98.15189695358276,4.496673741233769,6.401717755881003,3.0078807926099733,0.41221770384450585,0.13261988786795148
1776265327.0411496,98.17062330245972,4.502114920558183,6.396704650290871,3.0083125905527015,0.4118784635814805,0.3957568150245703
1776265327.052942,98.18241572380066,4.507430349107836,6.391838212461225,3.008756220684677,0.411572452740585,0.6122835061213893
1776265327.0792053,98.20867896080017,4.512617422254377,6.3871162843166145,3.0092116824106303,0.41129040512608983,0.26764442482492634
1776265327.1250968,98.25457048416138,4.517674029858431,6.382536744813027,3.009676131022475,0.4110260362430734,0.14900184904472988
1776265327.1390984,98.26857209205627,4.522606418874466,6.378099024753392,3.0101479738608368,0.4107875257910519,0.47506334286818697
1776265327.1729112,98.30238485336304,4.527410331731454,6.373801728167259,3.010628645127953,0.41056144701884084,0.1911523202200818
1776265327.1960983,98.32557201385498,4.53208050562591,6.369644078395364,3.011118673558758,0.4103388797582054,0.27049012474271
1776265327.250904,98.38037776947021,4.536607366012008,6.3656205742601255,3.011618576764722,0.4100967636584993,0.11088405297268708
1776265327.2674181,98.39689183235168,4.540996167715074,6.361735052532255,3.0121280217008004,0.4098478918679767,0.35628662721254456
1776265327.2749145,98.4043881893158,4.545257217164674,6.357996035804841,3.0126469316380704,0.4096176764915963,0.7593864270446065
1776265327.293518,98.42299175262451,4.549392319116092,6.3544035655427615,3.013176057907374,0.40941012890981715,0.2958127101533223
1776265327.3626602,98.4921338558197,4.553393205359586,6.350949095694967,3.0137150242600916,0.409200115904797,0.07684578713843535
1776265327.3752062,98.50467991828918,4.557260634567229,6.347633181466293,3.014262085807636,0.4089931230726518,0.40838540559454384
1776265327.4200265,98.54950022697449,4.5609897578450465,6.344450727587211,3.0148158086493058,0.4087714606539763,0.11007639683104184
1776265327.420605,98.55007863044739,4.564586585325004,6.341402671189835,3.015377843375773,0.4085516453421789,8.208838175547797
1776265327.4703014,98.59977507591248,4.5680558478902205,6.338489750714,3.0159508934887294,0.40834017435481035,0.09187982315051246
1776265327.4862738,98.61574745178223,4.571402706147571,6.335719479922364,3.0165341677351956,0.40815214572212444,0.27444969752335874
1776265327.508084,98.63755774497986,4.57462862162795,6.333094701238681,3.0171221743270387,0.4079889660238097,0.19257915350221597
1776265327.5318627,98.66133642196655,4.577729223117638,6.330608784518272,3.0177131672736444,0.4078379289034383,0.16896685989451676
1776265327.5322313,98.66170501708984,4.580698087243766,6.328251259975946,3.018307498088408,0.4076761457912467,10.410763210260606
1776265327.574296,98.70376968383789,4.583529582505084,6.326013086508227,3.018905841007405,0.4074873716758755,0.08697380946937287
1776265327.5874379,98.71691155433655,4.586224930980763,6.32389273041787,3.019506601435485,0.4072779394995372,0.26492628907991544
1776265327.5947125,98.7241861820221,4.588791492155451,6.321888449657118,3.020109133288704,0.4070493785534198,0.45524114958425765
1776265327.611484,98.740957736969,4.5912379568052515,6.319999307410967,3.020713517478893,0.406818404736196,0.18778798215415765
1776265327.6785643,98.80803799629211,4.59357030372082,6.318222782270082,3.0213231604340085,0.4065938199184529,0.044641844259118935
1776265327.683952,98.81342577934265,4.595794961467707,6.316561157608564,3.0219383478627195,0.40638595208546685,0.5278680174822103
1776265327.699834,98.82930779457092,4.5979135131335305,6.315006808885151,3.022560141962969,0.40619495672297146,0.17001398053744887
1776265327.7154133,98.84488701820374,4.599909426655363,6.313545060511719,3.0231907989385003,0.4059772736042619,0.16387584412671874
1776265327.7573576,98.88683128356934,4.601776299244838,6.312173913805458,3.023833151367106,0.40571998367638146,0.05730749311910428
1776265327.770536,98.9000096321106,4.603514014460415,6.310896339789055,3.02448156342394,0.4054269795370486,0.1708995626048289
1776265327.7850113,98.91448497772217,4.605137873256446,6.3097169316925825,3.0251368947119834,0.4051219855114881,0.14585149519841845
1776265327.7982507,98.92772436141968,4.606668649415828,6.3086450052911704,3.0258000753600487,0.40483617660714594,0.14977698510152093
1776265327.8359528,98.96542644500732,4.6081304836017125,6.30769334558135,3.026470131622186,0.4046086475874121,0.049561714013842344
1776265327.8598142,98.98928785324097,4.609523974311486,6.306864581049606,3.027144274341009,0.4044368754586102,0.07358685273908347
1776265327.8691638,98.99863743782043,4.610833418489712,6.306148703104829,3.027820518649351,0.40429151058461327,0.17524024865486787
1776265327.8903644,99.0198380947113,4.612044990108443,6.305530662006766,3.0284997182736912,0.4041395269251932,0.07170819032994945
1776265327.9234903,99.05296397209167,4.6131579048308975,6.3050065302303855,3.0291802927874216,0.40397656973941687,0.042440282802293845
1776265327.9464774,99.07595109939575,4.614167042304421,6.304566398384531,3.029864406637328,0.40379414072309194,0.056387272346839094
1776265327.9718223,99.10129594802856,4.615080101326275,6.3042079824657415,3.0305521877354833,0.40360023985579274,0.04726761887855638
1776265327.9791026,99.10857629776001,4.615905273312767,6.303931023631366,3.0312425164927848,0.403402603269628,0.15259315010844104
1776265328.008513,99.13798666000366,4.616634865043051,6.3037346814137525,3.0319325318646984,0.40318560718116364,0.034791079229690144
1776265328.0235543,99.15302801132202,4.617277978547427,6.303623124189396,3.0326265737453206,0.40296406798935186,0.0633421027331772
1776265328.0322888,99.16176247596741,4.617848522367339,6.303600138907541,3.0333249712390624,0.4027584653412162,0.10328198786115131
1776265328.0484889,99.1779625415802,4.618354993862008,6.3036679043137,3.034026506416686,0.40257741812308,0.053574096087671816
1776265328.067033,99.19650673866272,4.618803187086447,6.303823584607915,3.0347332847297324,0.4024174130013738,0.04590456176026524
1776265328.12172,99.25119376182556,4.619202840120699,6.304066016525933,3.0354483772090726,0.4022932985170665,0.01562188462653429
1776265328.13144,99.26091361045837,4.6195553708243615,6.304395781007464,3.036169020350726,0.4022047683571012,0.08923807352495451
1776265328.1436887,99.27316236495972,4.6198542709765205,6.30480956375442,3.036892404753832,0.40214075603458593,0.0722807185911644
1776265328.1508849,99.28035855293274,4.620071257612052,6.305291553038948,3.037618858452068,0.4020565687738937,0.12484459431496885
1776265328.2260394,99.35551309585571,4.620188896709679,6.305831797881235,3.0383476315752387,0.40193105393615336,0.01217192187261865
1776265328.2266753,99.35614895820618,4.620215397240815,6.30642696683207,3.0390794494353783,0.4017707413068402,1.4840562872571648
1776265328.2511868,99.38066053390503,4.6201935077517104,6.307090003176486,3.039819528909673,0.4016237076323645,0.04054771189917533
1776265328.2772753,99.40674901008606,4.62014267823488,6.307827206723059,3.040567369597061,0.40151376626003743,0.040299066627640455
1776265328.334113,99.4635865688324,4.6200478231986555,6.3086327647830265,3.041322440321196,0.40142430177243144,0.019497240576077254
1776265328.3520014,99.48147511482239,4.619896552042204,6.309501015592685,3.042081742182816,0.40133882836724316,0.06503079606964063
1776265328.3581424,99.4876160621643,4.619669745980476,6.310420669162898,3.04284306933851,0.4012322979889068,0.19789226017601588
1776265328.3716848,99.50115847587585,4.619373967164878,6.311396577524125,3.0436060660215922,0.4011158490022605,0.0940449607669393
1776265328.4460719,99.5755455493927,4.6190321659444,6.312434875546637,3.044372329744981,0.4010133912795038,0.017945790157476514
1776265328.4565904,99.5860641002655,4.618650149803742,6.313537404619733,3.045144184942126,0.40093186820226134,0.1330053590959734
1776265328.4783647,99.60783839225769,4.618217884526161,6.314704717011051,3.04592061193481,0.40086273212573637,0.0673764936408555
1776265328.4803925,99.60986614227295,4.617727823087247,6.315940160254781,3.0466986574117656,0.40079854725515135,0.7595000768693492
1776265328.5555675,99.68504118919373,4.617181701224552,6.317244283449759,3.047477281597472,0.40074031873567306,0.021470903955879642
1776265328.5784972,99.70797085762024,4.616571993995241,6.3186051386827495,3.048255828030742,0.40067686891312904,0.0733635664296517
1776265328.5922377,99.72171139717102,4.615896634674591,6.320015258578538,3.0490308573840297,0.40060252976277144,0.12700051054178033
1776265328.6093383,99.73881196975708,4.615174499870873,6.321477227966906,3.0498031210866583,0.4005359156523286,0.10550664504953453
1776265328.649687,99.77916073799133,4.614412498010749,6.322987998829761,3.050576846824377,0.400482405408986,0.04611222981234621
1776265328.666321,99.79579472541809,4.613605193177147,6.324537534198381,3.0513533001016913,0.40043139646269993,0.11494438363431708
1776265328.67265,99.80212378501892,4.612754770847241,6.326122122822981,3.0521311854174473,0.40038334865617103,0.3095877141983301
1776265328.6954024,99.82487607002258,4.611865513887895,6.327742867585578,3.0529102405702084,0.40033617463609383,0.08817225388052065
1776265328.709442,99.83891558647156,4.610930184796912,6.329396588444637,3.0536884809598743,0.40029008987989995,0.14623847370103762
1776265328.8126013,99.94207501411438,4.610930184796912,6.329396588444637,3.0536884809598743,0.40029008987989995,0.0
1776265328.8593974,99.9888710975647,4.609945592384186,6.331076049059959,3.054465578491547,0.4002385389616185,0.044793512639188945
1776265328.879128,100.00860166549683,4.608913095038615,6.332776929436761,3.0552461177639296,0.40018248580695204,0.10832708940403481
1776265328.9188845,100.04835820198059,4.607822940025138,6.334495605638174,3.0560282724073917,0.4001169815325945,0.05484327851316489
1776265328.9192793,100.04875302314758,4.606654778176795,6.336222831660379,3.0568104462559913,0.40003206602791863,5.640630041365127
1776265328.988975,100.11844873428345,4.605425031230597,6.337968859199746,3.057593836907154,0.3999401457529558,0.03263863181813899
1776265329.008247,100.13772058486938,4.60414402425123,6.339742171866311,3.0583755180036167,0.3998460363677331,0.12054199803747818
1776265329.0189648,100.14843845367432,4.602815605230174,6.341553660625549,3.059153511526318,0.39975326027020275,0.2218053361282599
1776265329.0352085,100.16468214988708,4.601461138686008,6.3434086415539115,3.0599283207634573,0.3996738555846677,0.14922822728610755
1776265329.1018157,100.23128938674927,4.600086123297548,6.345304432614838,3.0606974576308454,0.39960782684232504,0.03700810512552132
1776265329.1279511,100.25742483139038,4.600086123297548,6.345304432614838,3.0606974576308454,0.39960782684232504,0.0
1776265329.1285763,100.25804996490479,4.598686995249734,6.347233725619972,3.0614606451015485,0.3995506258920297,4.003042449941489
1776265329.1312978,100.26077151298523,4.597248902294866,6.349184024892485,3.06221864057742,0.3994909520191132,0.932911505492577
1776265329.1414776,100.27095127105713,4.595791294778524,6.351158508877996,3.0629737234347982,0.3994352227134802,0.2522410887836991
1776265329.2740202,100.40349388122559,4.595791294778524,6.351158508877996,3.0629737234347982,0.3994352227134802,0.0
1776265329.2748373,100.40431094169617,4.594313404285314,6.353157662835804,3.0637249947733336,0.39938736849130124,3.1786502774073955
1776265329.275223,100.40469670295715,4.592806654764243,6.35517260556989,3.0644699637514896,0.39934101708288305,6.802080763956077
1776265329.2754343,100.40490794181824,4.59125044833596,6.357192545996257,3.065210478376851,0.39928534835077695,12.569846424013214
1776265329.2759655,100.40543913841248,4.58964899584176,6.359213991861715,3.065946886562836,0.3992271593039243,5.04900149118015
1776265329.3580494,100.48752307891846,4.588013590055822,6.361241739800397,3.066677615381512,0.39916713450312746,0.03296139638532201
1776265329.3651824,100.49465608596802,4.586359656348432,6.363276862592655,3.0674036060001195,0.39910919563187497,0.38147745532946126
1776265329.3811924,100.51066613197327,4.584702487382816,6.365323913000064,3.068129994038031,0.3990596594361946,0.17064788650117668
1776265329.3815749,100.51104855537415,4.583055044905787,6.367385384421416,3.068855974400939,0.3990202514750282,7.15680232462486
1776265329.4534726,100.58294630050659,4.58141871439124,6.369469295014757,3.069578513682216,0.39899035369861413,0.038197709372010204
1776265329.470155,100.59962868690491,4.579784660791041,6.37157652347469,3.0702947325017163,0.3989650546496287,0.16550814756834242
1776265329.4882445,100.61771821975708,4.578143106747346,6.373701145736346,3.0710031961660307,0.39894743073023153,0.15350335336436702
1776265329.4959688,100.62544250488281,4.576481106004975,6.37582937205591,3.0717043534722657,0.3989269173637569,0.36117794750400406
1776265329.5041585,100.63363218307495,4.574776457334336,6.377944430670657,3.0724007929235304,0.39890226830978887,0.342423822389996
1776265329.563365,100.69283866882324,4.573029150317382,6.3800453767773035,3.073093050900623,0.3988695453720899,0.04761157834073709
1776265329.5823557,100.71182942390442,4.571244578287249,6.382135423818764,3.0737815877221037,0.3988341261439204,0.14918888890288978
1776265329.5981581,100.72763180732727,4.569441830699213,6.3842260750039435,3.074469666384306,0.3988002933785751,0.18003778419678218
1776265329.6266034,100.75607705116272,4.567643646367172,6.386325754033265,3.075153930626307,0.39874137561698325,0.10011744896703625
1776265329.671082,100.80055570602417,4.565863913110257,6.38844144034513,3.0758169568399003,0.39864110845412376,0.0639204105045099
1776265329.6888232,100.81829690933228,4.564107776835929,6.390576805557401,3.0764451581179335,0.3985009741953067,0.15980954232330763
1776265329.7036047,100.83307838439941,4.562379559610889,6.3927349813411904,3.077031189205481,0.39832446216034895,0.19120456668356262
1776265329.7252584,100.85473203659058,4.560663704298172,6.394910238821723,3.077572307221642,0.3981121060417419,0.13036558067368667
1776265329.7926195,100.92209315299988,4.558936464289068,6.397092668453738,3.0780723396716674,0.3978640978452687,0.041979542036549314
1776265329.806931,100.93640470504761,4.557189523483307,6.399271050011824,3.078532960320279,0.39758177994548927,0.19774753670990045
1776265329.8311136,100.9605872631073,4.555411340513398,6.40143462519063,3.0789530371113627,0.3972723775862488,0.1171035970248727
1776265329.8411028,100.9705765247345,4.553607219899651,6.403577034120941,3.0793302665827875,0.39693173832999346,0.2829178429010139
1776265329.9092233,101.03869700431824,4.5517931404352305,6.40569594391409,3.0796655958897796,0.3965680060392094,0.04124262949171394
1776265329.9338906,101.06336426734924,4.549977960859273,6.407790983429924,3.0799621200503458,0.3961816515901543,0.11301738770516011
1776265329.9620633,101.09153699874878,4.548159679172073,6.409857140848612,3.0802215458950766,0.39576787434613947,0.098126776921216
1776265329.9632819,101.09275555610657,4.546330624143297,6.411885206419843,3.0804406824829917,0.39533236338213285,2.2483977767344894
1776265330.011125,101.1405987739563,4.544472563775226,6.413864917010368,3.0806185620115274,0.3948815555881421,0.05687112349014754
1776265330.028433,101.15790677070618,4.542569867751375,6.415790301075541,3.080756457314736,0.3944253680041483,0.15659923119929228
1776265330.0520916,101.181565284729,4.540634180874195,6.417656784746285,3.0808541887812644,0.3939675584959695,0.11373331841044723
1776265330.0719702,101.20144391059875,4.538679102449584,6.419471363146477,3.0809121507282686,0.39350623666505974,0.1342160357512308
1776265330.180412,101.30988574028015,4.538679102449584,6.419471363146477,3.0809121507282686,0.39350623666505974,0.0
1776265330.2218573,101.35133099555969,4.536729052130071,6.421245915867292,3.0809343676546486,0.39303167375801795,0.06361904700830441
1776265330.2753754,101.4048490524292,4.536729052130071,6.421245915867292,3.0809343676546486,0.39303167375801795,0.0
1776265330.276169,101.40564274787903,4.534798666348998,6.422984062447962,3.0809227407219657,0.39253396706375726,3.2728287676635928
1776265330.276456,101.40592980384827,4.532894426165263,6.424684089697207,3.080878089299055,0.3920121114043001,8.894014384107184
1776265330.281171,101.41064476966858,4.531025663716933,6.426340158346858,3.0808001556913016,0.39146168251068264,0.5298408207584577
1776265330.2909145,101.42038822174072,4.529170038610187,6.427938481216751,3.0806905344358873,0.3908950937897116,0.2516079082009386
1776265330.3370104,101.46648406982422,4.527285822179658,6.42946214699227,3.080550794683315,0.3903402479320382,0.05265575319430075
1776265330.3449762,101.47444987297058,4.525369952457246,6.430906425005895,3.0803774180652472,0.38980458057115347,0.3019815996844038
1776265330.3678975,101.49737119674683,4.523436895864215,6.432278642246166,3.0801710753687668,0.38928242463174345,0.10381387676703589
1776265330.376002,101.50547575950623,4.521501319814777,6.433581127339643,3.0799313608695904,0.38876663326530675,0.28937896495290105
1776265330.4449208,101.5743944644928,4.519583208910278,6.434827263912179,3.0796613006869253,0.38824085095560745,0.033419739502540124
1776265330.4570868,101.58656048774719,4.51770720380757,6.436030084004968,3.0793652413009203,0.3876861204727665,0.18478271727814596
1776265330.468658,101.59813165664673,4.51586913184084,6.437184698339304,3.0790398773590644,0.3871081601878816,0.18968536829309815
1776265330.4805186,101.6099922657013,4.514048611397037,6.438281278651131,3.07868529868553,0.38652084390012853,0.18166421681900535
1776265330.533769,101.66324257850647,4.5122387421739525,6.439323371381629,3.0783007530483815,0.3859318212747641,0.03987861514049501
1776265330.5450854,101.67455911636353,4.510435865984674,6.44030669510513,3.077887364966735,0.3853405109455158,0.18510942323690294
1776265330.581103,101.71057677268982,4.5086460207922965,6.441229758770463,3.0774474513088106,0.38474705600482706,0.05723133318518479
1776265330.5814638,101.7109375,4.506855269567804,6.442085772549719,3.076981637109906,0.38415560759654455,5.651797096619875
1776265330.6189215,101.74839520454407,4.505060400730501,6.44287727177896,3.0764901555433344,0.3835721448343499,0.05398811414071571
1776265330.6280394,101.75751304626465,4.503253022808289,6.443599083928512,3.0759718430476837,0.3830052115465264,0.22088777337382223
1776265330.645583,101.77505660057068,4.501429588836947,6.444249113659049,3.0754238280691752,0.38245332866805887,0.11468070542740269
1776265330.6513247,101.78079843521118,4.499593535225344,6.444827852006452,3.0748454955010747,0.3819183326412094,0.3500796350290951
1776265330.7000518,101.82952547073364,4.4977610940058605,6.445340772397586,3.0742387334550396,0.38139129974619473,0.04098895404599815
1776265330.7155874,101.84506106376648,4.495942597373889,6.445791578129141,3.073603856573684,0.3808646734093934,0.12733258148094
1776265330.7261832,101.85565686225891,4.494137523259862,6.446179639700218,3.072942845870728,0.3803436520484123,0.18508053983610553
1776265330.7409108,101.87038445472717,4.49234459108443,6.446504895572685,3.0722578455521306,0.37982468276590337,0.13218014469890932
1776265330.7826133,101.91208696365356,4.490576745637409,6.446773451608444,3.071551837848135,0.37930141592992417,0.04609934907563151
1776265330.8029945,101.93246817588806,4.4888450125961254,6.446997354004025,3.0708268717060556,0.37876736614633527,0.09276500464940841
1776265330.819565,101.94903874397278,4.487148581383431,6.447177647665893,3.070084006406084,0.3782194203842125,0.11228992215063442
1776265330.8199506,101.94942426681519,4.485484097208154,6.447311067219765,3.0693215170378854,0.3776591222390029,4.761517660897147
1776265330.8302248,101.95969843864441,4.483844688522653,6.447399495444543,3.068543518963576,0.3770917963362102,0.17683174829114695
1776265330.8834727,102.0129463672638,4.482208984116208,6.447437855205193,3.0677505553442526,0.37653323502831015,0.03414562158005446
1776265330.8966527,102.02612638473511,4.480562916552101,6.447424994647543,3.066940346601279,0.3759899678383009,0.13920352474349496
1776265330.9108825,102.0403561592102,4.478928448676345,6.447364957174617,3.066116523392819,0.37545207962773225,0.1286971431623685
1776265330.9271414,102.05661511421204,4.477328800253709,6.447264257610762,3.0652778733436077,0.3749097874829109,0.11125952566523349
1776265330.9557314,102.085205078125,4.475752878106186,6.447115864018005,3.0644239872682637,0.3743680494713464,0.0629073751891941
1776265330.9683185,102.09779214859009,4.47418504019149,6.446920098453956,3.063556978517897,0.37383298066217174,0.14318350111582917
1776265330.9782171,102.10769081115723,4.472612875483,6.446675231794508,3.06267381218371,0.3733152801100749,0.18384224867716245
1776265331.0015512,102.1310248374939,4.471033691539641,6.446379167216786,3.0617735305997544,0.3728152163897005,0.07892910089269144
1776265331.0358958,102.16536951065063,4.469453407592058,6.4460271619347,3.060855491173747,0.3723326309754702,0.05419130949194849
1776265331.0580993,102.1875729560852,4.467880834360961,6.445620090309984,3.059919946692394,0.37186683898929934,0.08442608206348375
1776265331.076486,102.20595979690552,4.46632657683905,6.445168470850105,3.0589679456838894,0.3714054698392733,0.10212520940076014
1776265331.0883155,102.21778917312622,4.464806359591975,6.44468077135339,3.0580003106124334,0.3709392149522266,0.1578170094873677
1776265331.1192274,102.24870109558105,4.463326252680019,6.444158964653342,3.0570167889134585,0.37046734635998224,0.059915736140722896
1776265331.1473737,102.27684736251831,4.463326252680019,6.444158964653342,3.0570167889134585,0.37046734635998224,0.0
1776265331.1488054,102.27827906608582,4.46189691923909,6.443611277360018,3.056022841728774,0.3699865970839742,1.2747552451485111
1776265331.1492348,102.27870845794678,4.460503254354193,6.443031501711952,3.055018796039006,0.36950251878715845,4.221980969980576
1776265331.150163,102.27963662147522,4.459129980564404,6.442419556704157,3.0540044785647487,0.36902116766484716,1.9539816405523964
1776265331.200549,102.33002257347107,4.457759557271345,6.441766035453999,3.052980604612513,0.36854896905046775,0.03634440873603123
1776265331.231261,102.36073470115662,4.457759557271345,6.441766035453999,3.052980604612513,0.36854896905046775,0.0
1776265331.2318017,102.36127543449402,4.456393224436418,6.441073078607497,3.051949661275585,0.368087836641243,3.414975541559562
1776265331.2432861,102.37275981903076,4.45503055079024,6.440341934160868,3.0509131523767055,0.36763964025804874,0.1621041641303123
1776265331.2591755,102.38864922523499,4.453670013038103,6.439571308999242,3.049867836321903,0.367206497615629,0.11837157259252801
1776265331.3088872,102.43836092948914,4.452316007716773,6.438764374826203,3.0488124917788224,0.366782930808623,0.03815799288422849
1776265331.3254027,102.45487642288208,4.450961423166613,6.437919395391288,3.0477483347645693,0.36637103447064634,0.11617434026451473
1776265331.3382416,102.4677152633667,4.449641826283535,6.437048509592679,3.0466801294889807,0.36595849239047956,0.14861923615259645
1776265331.3493128,102.47878646850586,4.448388970470475,6.436166934010689,3.0456100391437455,0.365526849875545,0.16878623655270517
1776265331.3809323,102.51040601730347,4.4471753358426325,6.435265610472396,3.04453823466592,0.36508996685402845,0.05860681803186163
1776265331.4393027,102.56877636909485,4.445970938911072,6.434332955401526,3.0434633279814465,0.3646596576468688,0.03194020446703195
1776265331.4683423,102.597815990448,4.444754959177914,6.433367207928583,3.042385289505531,0.3642475930527133,0.06509571629935423
1776265331.485212,102.61468577384949,4.44353471378409,6.432372054472826,3.0413029289844298,0.36384768480734464,0.11326259510846422
1776265331.498198,102.62767171859741,4.44232863507688,6.43135712836365,3.040216031433648,0.363452593936652,0.14744344577726265
1776265331.5356002,102.66507387161255,4.441138158235379,6.430323588898623,3.0391234625667423,0.3630626351170849,0.05128340925004568
1776265331.5452847,102.67475843429565,4.43997044434154,6.429275320448656,3.038026390237011,0.3626802654178516,0.19770408097931363
1776265331.5619595,102.69143319129944,4.438827967094876,6.428213557944235,3.0369242499426763,0.36230120072432687,0.11453194932406223
1776265331.5688179,102.69829154014587,4.437709841610888,6.427140732239034,3.0358189327634535,0.36192707840042126,0.2775285983230664
1776265331.6297338,102.75920748710632,4.436614989753625,6.42605665525891,3.03471241225434,0.3615505333237686,0.031139981909094252
1776265331.6389709,102.76844453811646,4.435545905643668,6.42496410356248,3.0336072149142317,0.3611780148042595,0.20420857535649212
1776265331.6679718,102.79744553565979,4.4345061995256145,6.423861640055648,3.0325014417821956,0.3608107511150826,0.06468534214861678
1776265331.67529,102.80476379394531,4.433493941267658,6.422743113788355,3.0313957602502937,0.3604460983524254,0.2555764051765562
1776265331.7443998,102.87387347221375,4.432496919274967,6.421602749563487,3.030292210888227,0.3600866481056636,0.027117972496304012
1776265331.7642326,102.89370632171631,4.43152340168828,6.420444995779314,3.029188915246776,0.3597290495524141,0.09440242570066419
1776265331.786512,102.91598558425903,4.4305858123043045,6.419280057547509,3.0280882416778776,0.3593690158809442,0.08334124240282412
1776265331.787744,102.91721773147583,4.429658646402888,6.418103036599193,3.0269916153235714,0.35901538749225687,1.5069405013581891
1776265331.8427322,102.97220587730408,4.428720914863824,6.4169059262959784,3.025898111473219,0.35867214580324136,0.03406205765429023
1776265331.8445249,102.97399854660034,4.427776153624824,6.415692315261321,3.0248057650778386,0.3583386404468413,1.0523064333200902
1776265331.8670669,102.99654054641724,4.426817836325907,6.414458604632345,3.0237157377125445,0.3580149442235574,0.08450366156353493
1776265331.8791645,103.00863814353943,4.425857033700019,6.413209994571242,3.022627853813819,0.35770168337402564,0.15826212093551625
1776265331.9500027,103.07947635650635,4.424899859121774,6.4119485291571126,3.0215403852370146,0.3573956803137701,0.027117489106309824
1776265331.950527,103.08000063896179,4.42391550518933,6.410679249209905,3.02042289877759,0.35770519288309854,3.7322096310667305
1776265331.9543371,103.08381080627441,4.42278488832299,6.409409267697785,3.019155270844126,0.35881933581207126,0.5566305470082892
1776265331.9709036,103.10037732124329,4.421491243187802,6.408129694418675,3.0176881933476487,0.360619977850429,0.14108800190422993
1776265331.9928443,103.12231802940369,4.420081902394216,6.406831024481115,3.01601121165851,0.36305015815765185,0.11606629272787455
1776265332.0411704,103.1706440448761,4.41863617423376,6.405505049292596,3.0141352929645215,0.3660723787547143,0.05616638366949538
1776265332.0573583,103.18683195114136,4.417239171608989,6.404145676408926,3.0120786032038303,0.3696566155286906,0.17504637866409253
1776265332.0791364,103.20861005783081,4.415962437749916,6.4027498177497515,3.009856566452318,0.37374510301222796,0.13399716689521077
1776265332.0975351,103.22700881958008,4.414853181641204,6.401318680543451,3.007476503593085,0.3782584485896422,0.16254003664224903
1776265332.1670995,103.29657316207886,4.414853181641204,6.401318680543451,3.007476503593085,0.3782584485896422,0.0
1776265332.1677692,103.29724287986755,4.413929308590185,6.399857589343653,3.004944480804112,0.3831388327328709,4.577831566049708
1776265332.168017,103.29749059677124,4.41318730367484,6.3983726574752,3.002271498744725,0.38835371016445347,12.701976965516684
1776265332.1732807,103.30275440216064,4.412611178413858,6.3968692343742894,2.999467169672215,0.39388667193077886,0.6143170593933946
1776265332.18314,103.31261372566223,4.4121822179369286,6.395353190831652,2.996538263325394,0.39972396530943805,0.3373244887499866
1776265332.249589,103.37906265258789,4.4118895384695,6.393832544983696,2.9934916332490795,0.4058398665886422,0.05143196005943608
1776265332.2714353,103.40090894699097,4.41173173091748,6.392318100957631,2.9903329177816578,0.4122214589074647,0.1605102835811477
1776265332.2915359,103.42100954055786,4.411711113644556,6.39082245455007,2.9870643155073404,0.41884743207339953,0.17883050472487796
1776265332.2996027,103.42907643318176,4.411833261176762,6.389359583350989,2.9836873584579693,0.42570175306917973,0.4564608846735665
1776265332.3590071,103.48848080635071,4.412105567984609,6.387942909852668,2.9802011070352363,0.43276695350043143,0.06351280464969153
1776265332.3688939,103.49836754798889,4.412536618203629,6.386586329729067,2.976608893250919,0.4400090660414472,0.39082143379080914
1776265332.3995688,103.5290424823761,4.41313168088712,6.385304094855196,2.9729159114295425,0.447421551028983,0.12890920157829303
1776265332.4095113,103.53898501396179,4.413889738477283,6.384107492991548,2.969121908081705,0.45500272125735564,0.407321909458886
1776265332.4805322,103.6100058555603,4.414803802077571,6.383003125970245,2.965227057304954,0.4627338288524056,0.05843779465111694
1776265332.4984612,103.62793493270874,4.415868421607549,6.381996155682242,2.961239663740919,0.4705894458759499,0.23694148166206308
1776265332.5114493,103.64092302322388,4.417080425789676,6.381091811486689,2.9571657999408996,0.4785644662428557,0.33457386732139005
1776265332.5246165,103.65409016609192,4.4184377729022515,6.38029498603654,2.953007175517476,0.4866577999753411,0.33769764492702736
1776265332.6076035,103.73707723617554,4.4199370030192515,6.379608863010944,2.948763893721493,0.4948592825005099,0.05485614341500212
1776265332.639352,103.76882576942444,4.421575517700537,6.379035760963002,2.9444376146049915,0.5031523832175714,0.14682664359848827
1776265332.6397681,103.76924180984497,4.4233548195896155,6.378579046697677,2.940031372926741,0.5115289462721623,11.474441999507977
1776265332.6488297,103.77830338478088,4.42527697153578,6.3782425611338365,2.9355461742263014,0.5199827075983753,0.539785683027056
1776265332.6700096,103.79948329925537,4.427341928988025,6.37802935509193,2.930983426380442,0.5284925119938352,0.23667711309797912
1776265332.7763722,103.90584588050842,4.427341928988025,6.37802935509193,2.930983426380442,0.5284925119938352,0.0
1776265332.8142223,103.94369602203369,4.429549442195818,6.377941938423035,2.926346739036731,0.5370504491908853,0.13569592546459822
1776265332.8275316,103.95700526237488,4.431899744258636,6.377982393397313,2.9216384602144516,0.5456537278209519,0.3953986946190847
1776265332.8361204,103.96559405326843,4.4343932937955355,6.378152863137386,2.916860717282505,0.5542883362011803,0.6277951400891899
1776265332.8628037,103.99227738380432,4.4370292788098,6.378455138294341,2.9120160535723896,0.5629527596834811,0.2070069891892548
1776265332.9447625,104.07423615455627,4.439806618887619,6.378890292786301,2.9071061000669354,0.5716406489831017,0.06903218376280028
1776265332.9576004,104.08707404136658,4.44272401615461,6.379458633462674,2.902133271636952,0.5803450660826278,0.45127201314379595
1776265332.9721467,104.10162043571472,4.445780710831925,6.3801605204734715,2.897100188164419,0.5890384633993339,0.4076788795156874
1776265332.983714,104.11318778991699,4.448976314543993,6.3809968922357925,2.8920122830011934,0.5977148644742227,0.5244198645965301
1776265333.0328422,104.1623158454895,4.452309658643589,6.381967985052735,2.8868710465201084,0.6063776555122059,0.12627713717279687
1776265333.0804055,104.20987915992737,4.452309658643589,6.381967985052735,2.8868710465201084,0.6063776555122059,0.0
1776265333.081025,104.21049857139587,4.455780679150278,6.3830741264119615,2.8816771438190556,0.6150258563346878,10.242211952127503
1776265333.0812578,104.21073150634766,4.459390533429384,6.3843163011522925,2.876430947813732,0.6236531842497968,27.8540882247951
1776265333.0814505,104.21092414855957,4.463139170381808,6.385695344618885,2.871133131814537,0.6322568440512861,34.44117616198939
1776265333.1528811,104.28235483169556,4.463139170381808,6.385695344618885,2.871133131814537,0.6322568440512861,0.0
1776265333.1534333,104.28290700912476,4.467026104313251,6.387211557461586,2.865784073669449,0.6408384349083761,12.285495410843742
1776265333.155757,104.28523063659668,4.471051384502213,6.388865331194795,2.8603863715385347,0.6493812970921399,2.983900071155942
1776265333.1562,104.28567361831665,4.475215528820069,6.3906577661635735,2.854943090633603,0.6578886770488053,15.991498612156287
1776265333.1803586,104.30983233451843,4.479517511211501,6.392588876513089,2.849455313613622,0.666349409521311,0.29949703173489023
1776265333.2303529,104.35982656478882,4.483956400722635,6.394658768456297,2.8439266194906945,0.6747537693611141,0.14773928963779331
1776265333.2681162,104.3975899219513,4.483956400722635,6.394658768456297,2.8439266194906945,0.6747537693611141,0.0
1776265333.2687874,104.39826107025146,4.48853210049148,6.396867745760973,2.8383604880459146,0.68310433103883,11.229221921523076
1776265333.269035,104.39850878715515,4.493244063066229,6.399215661261951,2.832758390450423,0.691391535942182,31.033708292368928
1776265333.273903,104.40337657928467,4.498092041400762,6.401702482460329,2.82712224896922,0.6996198523938285,1.6104248174169968
1776265333.353604,104.48307776451111,4.5030748288212905,6.404327426206254,2.821452162696138,0.7077955446320792,0.10027165090608121
1776265333.4121377,104.54161143302917,4.5030748288212905,6.404327426206254,2.821452162696138,0.7077955446320792,0.0
1776265333.4126592,104.54213285446167,4.508192155637639,6.4070904675420355,2.815749226853566,0.7159108015374369,15.621218998918959
1776265333.4128802,104.5423538684845,4.513445528822365,6.409993977732068,2.810015430680259,0.723969237010227,37.55819011533204
1776265333.4130728,104.54254651069641,4.518836410565291,6.413040549968549,2.8042523557669985,0.7319712852711453,43.910896339623385
1776265333.413257,104.54273056983948,4.524362024732861,6.41622706350361,2.798460943510004,0.7399152247016236,46.808291224791375
1776265333.4794643,104.6089379787445,4.530019941012816,6.41955046403285,2.7926423776361085,0.7477993467687956,0.13246235859970926
1776265333.561287,104.6907606124878,4.5358088038291955,6.423009171373348,2.7867984464813507,0.7556247424685297,0.10905651032518586
1776265333.5784795,104.70795321464539,4.541728718446965,6.426603024537282,2.7809308104775807,0.7633878465861331,0.5279544882986161
1776265333.5950544,104.72452807426453,4.547780337107225,6.430332029513573,2.7750399228408464,0.7710797426134464,0.5569891053159869
1776265333.6841614,104.8136351108551,4.5539660757108225,6.434198120506573,2.769130053800121,0.7786863129911827,0.10535765142960397
1776265333.699561,104.82903480529785,4.560286435290334,6.43820203301196,2.7632029701019407,0.7862171015686413,0.6198227881753523
1776265333.7137125,104.84318614006042,4.566741249596483,6.442343798112428,2.7572591479779343,0.7936616350817788,0.6856584594777678
1776265333.7232478,104.85272145271301,4.573330563935551,6.446623384454999,2.751301098519535,0.8010260409668374,1.0341184543305113
1776265333.7913861,104.92085981369019,4.5800574442272675,6.451045480211464,2.7453296604129265,0.8083072223428067,0.14710024038525282
1776265333.811455,104.94092869758606,4.586920211712852,6.455609142009053,2.739346226942555,0.81550341193206,0.5074820972058605
1776265333.8205123,104.94998598098755,4.593915390325006,6.460311214876165,2.733353069147551,0.8226149634860521,1.141859437168258
1776265333.8334336,104.96290731430054,4.60103985890039,6.465147926642876,2.7273521994543066,0.8296530043463087,0.812286263981611
1776265333.907133,105.03660678863525,4.608293636863647,6.470120197992657,2.721344175367718,0.8366197805103444,0.1445150993797273
1776265333.9128568,105.04233050346375,4.615674195748216,6.475224434265449,2.715331100708553,0.8435059873796129,1.8872337808020025
1776265333.9315884,105.06106209754944,4.623180520995453,6.480458696582827,2.709315492884729,0.8503185693847388,0.5846407773878864
1776265333.9383736,105.06784725189209,4.630818597692898,6.485832232214991,2.7032976210558504,0.8570604455739596,1.6373835621703392
1776265334.0075495,105.13702321052551,4.638587480472367,6.491342745187644,2.6972778400892023,0.8637342052823506,0.16288333603710367
1776265334.0289733,105.15844702720642,4.646487146216228,6.496990536269473,2.691256241138318,0.8703359066501786,0.5333489142685653
1776265334.0478804,105.17735409736633,4.654524167233619,6.502787793488391,2.6852348193669,0.8768641543914601,0.6132977595686699
1776265334.0482857,105.1777594089508,4.6626931268349425,6.508725807035191,2.6792146412196702,0.8833267536709293,29.008089647074282
1776265334.1390128,105.26848649978638,4.670983722085508,6.514787394867153,2.6731995735120786,0.8897253609806325,0.13118474850684442
1776265334.1625588,105.29203248023987,4.670983722085508,6.514787394867153,2.6731995735120786,0.8897253609806325,0.0
1776265334.163316,105.2927896976471,4.67939298162155,6.520969047137051,2.667191395887457,0.896053911239876,15.903889407491727
1776265334.1636322,105.29310584068298,4.68792049740635,6.527268778425387,2.66119044386321,0.9023171732356668,38.53519566123713
1776265334.1742904,105.30376410484314,4.696574251701074,6.533698505771308,2.65519544001816,0.908515457722794,1.1573814331188903
1776265334.1883664,105.31784009933472,4.705360333116369,6.540266425514057,2.6492067832886543,0.9146481498016407,0.887885545752469
1776265334.2654183,105.39489197731018,4.714273261394912,6.546961419433547,2.6432267796141873,0.9207013065506853,0.16417570725893119
1776265334.2764935,105.40596723556519,4.7233100860032495,6.553779024549393,2.637256711549704,0.9266747852824092,1.1555375531399066
1776265334.2840393,105.41351294517517,4.732478964484848,6.560732792568307,2.631296576214662,0.9325660744525232,1.7174547664598743
1776265334.3039455,105.4334192276001,4.74177818390528,6.567820335924728,2.625346626695215,0.9383789006233267,0.6590429421253862
1776265334.3969584,105.52643203735352,4.751204153252771,6.575034861479367,2.61940903101469,0.9441225072371966,0.14269299452339132
1776265334.4183764,105.54785013198853,4.76075198470921,6.582366724516042,2.6134853207151867,0.9498023507895144,0.6264185958783375
1776265334.4536664,105.5831401348114,4.770419128658355,6.589812420484736,2.607573833321666,0.9554164347808144,0.38420733124207596
1776265334.4680843,105.59755802154541,4.780201294760806,6.597361804085333,2.601679950939181,0.9609289915654967,0.9495294986312758
1776265334.5197213,105.6491949558258,4.790099728479912,6.605014958938276,2.595811091885711,0.9663441606394705,0.2676385010373801
1776265334.5291321,105.6586058139801,4.800112804939924,6.6127657419749255,2.5899701342803434,0.9716733321678733,1.4817612540257645
1776265334.540836,105.6703097820282,4.810246035507547,6.620622148463369,2.5841544365572138,0.9769153919175436,1.202954441678471
1776265334.553133,105.68260669708252,4.820500831139626,6.628584539390602,2.5783605336839845,0.9820760676079641,1.156162860446113
1776265334.6341352,105.76360893249512,4.830881642107652,6.636658763384113,2.5725864417993995,0.9871538448354488,0.1773155343931387
1776265334.6950707,105.82454442977905,4.830881642107652,6.636658763384113,2.5725864417993995,0.9871538448354488,0.0
1776265334.6966794,105.82615303993225,4.841389739280537,6.644844277141033,2.56683251972496,0.9921449524843166,9.020000506414322
1776265334.697401,105.82687473297119,4.8520221231061065,6.653134002998415,2.561101456598306,0.9970562812541659,20.299003216657617
1776265334.6984074,105.82788109779358,4.862770296690266,6.661509681049393,2.555395777372797,1.0019045008683103,14.679179205809096
1776265334.7367725,105.8662462234497,4.873628924099342,6.669957646732304,2.549718582825565,1.006701053050164,0.3879346082256949
1776265334.7570918,105.88656544685364,4.884599770393257,6.678478229868093,2.5440701556202323,1.0114450230836345,0.7379949287985053
1776265334.8202643,105.94973802566528,4.895681894771137,6.687066348202954,2.5384496709257376,1.0161448969284417,0.23910590234194498
1776265334.85335,105.98282361030579,4.90688940649272,6.695750720371735,2.5328539337632385,1.0207783772706298,0.46070419165622495
1776265334.9435616,106.07303524017334,4.918225338005704,6.704534792217375,2.5272812058588476,1.0253441351942634,0.17055074613267426
1776265334.957358,106.08683156967163,4.929690556347001,6.713418399306334,2.5217339779585104,1.0298217588307572,1.125569640194522
1776265334.979182,106.10865569114685,4.94128703611914,6.722406472602939,2.5162148063049,1.0341996396120556,0.7182703759942429
1776265334.9926748,106.12214851379395,4.953012003258214,6.731494614107165,2.5107231142801187,1.038473719461071,1.1723708505813095
1776265335.003875,106.1333487033844,4.964861388892749,6.7406753973894675,2.5052612552530227,1.0426498653223497,1.4244304064720765
1776265335.0533173,106.18279099464417,4.976821664859962,6.749920832468556,2.4998351446508273,1.0467522291456643,0.3248516874310856
1776265335.0752687,106.20474243164062,4.988889039435718,6.759222651100125,2.4944437283640464,1.0507904005535236,0.7362650958751729
1776265335.0817804,106.21125411987305,5.001058792283957,6.768567214186768,2.489086819222068,1.0547788775756777,2.495785316952393
1776265335.1085377,106.23801136016846,5.013340207066143,6.777972409102296,2.483762728517249,1.0586962111417166,0.6114086533295869
1776265335.1667707,106.29624438285828,5.025733379852798,6.787433393581222,2.4784704738402894,1.0625472469791366,0.28274997084194664
1776265335.1701128,106.29958653450012,5.038240363547086,6.796950507615353,2.4732108818795537,1.0663283051323533,4.958773268752315
1776265335.1933432,106.32281684875488,5.05086550935771,6.8065292005309095,2.4679840326127587,1.0700301415911369,0.7183410835860264
1776265335.2006752,106.330148935318,5.063612749888859,6.816175881522814,2.4627888373322935,1.0736423583545673,2.292518694392624
1776265335.2332847,106.36275839805603,5.076473754742092,6.825869176961772,2.4576280421263283,1.07718871439513,0.5186074937703736
1776265335.2580676,106.3875412940979,5.089440849861589,6.8355864842858916,2.452505336674033,1.0806898008109604,0.6857358606609283
1776265335.264403,106.39387679100037,5.102518794676343,6.845334609503712,2.4474220035163814,1.084137516346273,2.696717900040389
1776265335.2742393,106.40371298789978,5.115707382465994,6.855110090537844,2.4423799788383067,1.0875313096761898,1.7459248816245636
1776265335.3128138,106.44228744506836,5.12901042582584,6.864920107193896,2.437375979265183,1.0908573777306378,0.4477014601016619
1776265335.3308964,106.46037006378174,5.142424852443953,6.874753232473609,2.432408920378525,1.094130617924513,0.9599412010202265
1776265335.3419998,106.47147345542908,5.155941953658437,6.8845818171481445,2.427483207640749,1.0973880089805108,1.5691984771109637
1776265335.3531616,106.4826352596283,5.169561919522507,6.894401603248487,2.422598296564827,1.100636195340107,1.5666792742193012
1776265335.3839524,106.51342606544495,5.183289877960411,6.904221433995802,2.4177524176621814,1.1038567101626213,0.5703138544676858
1776265335.392504,106.52197766304016,5.1971272886675175,6.914039416014877,2.412945133358322,1.107049804423025,2.0621329452806316
1776265335.4165037,106.54597735404968,5.211081957467924,6.923870482149562,2.4081753398406276,1.110194964131782,0.7385017463605501
1776265335.423557,106.55303072929382,5.225166787039468,6.933744464251036,2.4034427442923065,1.113245787572442,2.5293245072756947
1776265335.460528,106.59000158309937,5.239377289384032,6.943647390727333,2.3987463987340316,1.1162237484754827,0.48541171853229786
1776265335.4714868,106.60096049308777,5.253711794448792,6.953576135903491,2.39408378375764,1.1191274476617523,1.647050228218918
1776265335.484002,106.61347579956055,5.268170591400555,6.963533821545789,2.3894545894655455,1.1219451576220187,1.4507067043750792
1776265335.498372,106.62784576416016,5.282741106297503,6.973488537733615,2.3848647151904596,1.1247258957716295,1.2688670161667632
1776265335.5193617,106.64883542060852,5.297410881755239,6.983406797252896,2.3803178376966567,1.1275166616175152,0.8710222709841827
1776265335.5385754,106.66804909706116,5.312180063698506,6.99328685824513,2.3758160798199306,1.1303221535986232,0.9540381343157355
1776265335.559673,106.68914675712585,5.327056940984275,7.0031477859566715,2.3713585988172565,1.1331095711920725,0.8719652558003502
1776265335.5635638,106.69303750991821,5.342049693242273,7.013006552069499,2.3669445433772367,1.1358484664903996,4.749385357258541
1776265335.5825386,106.71201229095459,5.357170497974899,7.0228952068170365,2.36257187647012,1.1384834094727259,0.9796595679951714
1776265335.617561,106.74703478813171,5.37242378413396,7.03282578744888,2.3582377766874507,1.1409939145077856,0.534227651158557
1776265335.628223,106.75769662857056,5.387805389079514,7.0427885433934385,2.3539414709186954,1.1433891873166488,1.765462995841974
1776265335.6411517,106.7706253528595,5.403305193487652,7.052761827584892,2.349684595064388,1.1457013460411323,1.4631319872949344
1776265335.6578984,106.78737211227417,5.418909598741948,7.06271068280604,2.3454721997983405,1.1479783236246393,1.1333237977267765
1776265335.6972582,106.82673192024231,5.434609001171233,7.072607246295717,2.341309035907157,1.15026528947108,0.4832238722183297
1776265335.708954,106.83842778205872,5.450402472433754,7.0824482545976055,2.3371942644259263,1.1525603260828419,1.6294723026315368
1776265335.7266872,106.85616087913513,5.466287350305736,7.092221597263443,2.333125510845104,1.1548812374483433,1.0764800351302397
1776265335.7445319,106.87400555610657,5.482267751709997,7.101931684601028,2.3291005263539186,1.1572215456757817,1.071885738411583
1776265335.7753873,106.90486097335815,5.498356270464066,7.111607288584707,2.3251204954233557,1.1595281155991906,0.6219686417262733
1776265335.7916968,106.92117047309875,5.514561450548956,7.121266000148484,2.321184841576074,1.1617657967591086,1.1816075556279018
1776265335.807545,106.9370186328888,5.530881389198977,7.130898005366281,2.317291260890701,1.1639451383748864,1.2207228839648998
1776265335.811226,106.94069957733154,5.547316544773448,7.1405028592893665,2.31343662782656,1.1660696526137844,5.276444870205299
1776265335.869499,106.99897265434265,5.5638670495495015,7.150080993263293,2.3096207331579737,1.1681338449206204,0.3346185770713599
1776265335.88263,107.01210379600525,5.580522857904542,7.159600866204496,2.305845788413666,1.1701867980696015,1.4890056105750427
1776265335.8895955,107.0190691947937,5.597280953653531,7.169053574377566,2.3021127635600855,1.1722443234876951,2.8137735040588057
1776265335.9175718,107.04704546928406,5.614144058019768,7.178443224766026,2.298423637909238,1.1742880839054535,0.7023963052350933
1776265335.9803126,107.10978627204895,5.631115733086958,7.187777854001777,2.294775429937234,1.1763042445290386,0.314148974975644
1776265336.0077822,107.13725590705872,5.631115733086958,7.187777854001777,2.294775429937234,1.1763042445290386,0.0
1776265336.0084639,107.13793754577637,5.648196391458903,7.197058151023863,2.291164834519013,1.1782858713817206,29.00572308292351
1776265336.0087352,107.13820886611938,5.665386860020407,7.2062836089766895,2.2875933814345557,1.180233519477811,73.10075831525671
1776265336.034254,107.16372776031494,5.682685169339718,7.21544461491887,2.284062338128236,1.1821654532766546,0.7794340151882957
1776265336.0529284,107.18240213394165,5.700090907303348,7.224537784996317,2.280574569929307,1.1840845674583733,1.0680505183604168
1776265336.0748525,107.20432615280151,5.717609219301635,7.233579274080434,2.2771331101598222,1.1859566644746964,0.9127925913295307
1776265336.0971625,107.22663617134094,5.735240015657734,7.242569681631882,2.273735696959056,1.1877754568218195,0.9000534776795748
1776265336.1188078,107.24828147888184,5.752979612546793,7.251497482733785,2.270381040410432,1.1895574960234374,0.9304936172912707
1776265336.1325257,107.2619993686676,5.770820907118261,7.260339855525351,2.2670697585098742,1.1913426129888594,1.4714898777388072
1776265336.1519082,107.28138184547424,5.788757963805343,7.269077324681546,2.263803077406676,1.1931690613245474,1.0430880691843347
1776265336.1666808,107.29615449905396,5.806796740727207,7.277725278359818,2.2605842552385633,1.1950061417264968,1.3715829479813242
1776265336.1840303,107.3135039806366,5.824939069127028,7.2862855298675635,2.2574120095711354,1.1968509860780574,1.1706245972576896
1776265336.1985886,107.3280622959137,5.843199594497723,7.294801923137782,2.2542897541893985,1.1986189330015689,1.4005271851492256
1776265336.247303,107.37677669525146,5.8615798200794265,7.3032786144921715,2.251213055901329,1.2002985710835177,0.4202705604422513
1776265336.2579763,107.3874499797821,5.880078109091586,7.311712018222307,2.248179894111541,1.201898199302295,1.925838784317548
1776265336.2781417,107.40761542320251,5.898687706203831,7.320081944423256,2.245191402390338,1.2034537015726574,1.0226849901722188
1776265336.2950766,107.4245502948761,5.9173982373447345,7.328356819536442,2.242249720173396,1.205026160435729,1.2205043101168485
1776265336.3504815,107.47995519638062,5.936202513668939,7.336515308503687,2.2393516263251034,1.2066593757675763,0.3736439747176418
1776265336.3519537,107.48142743110657,5.955103186008832,7.344566485439845,2.2364972921589406,1.208332522939142,14.088352498681834
1776265336.3714643,107.50093793869019,5.9741106353179445,7.352543584956824,2.2336876065008586,1.2099816120454248,1.0663035806600494
1776265336.3729079,107.50238156318665,5.993232242720864,7.360470103900307,2.2309226110103215,1.2115630889666067,14.465856887286947
1776265336.4185767,107.54805040359497,6.01247026604234,7.368355792425231,2.2281982217688805,1.2130595924616916,0.45915800518919603
1776265336.44844,107.57791376113892,6.031827314457344,7.376209106069752,2.225515867057737,1.214452039684039,0.7052448851364149
1776265336.4773045,107.60677814483643,6.051296662644795,7.3840031808408195,2.2228770374177427,1.2157806682357457,0.7322814485134647
1776265336.480591,107.61006474494934,6.070871063997301,7.391714967442897,2.220279994540691,1.217085379086143,6.44995745494533
1776265336.522243,107.65171670913696,6.090541238028486,7.399311297216129,2.217725189525884,1.2184336381742356,0.5099452503553596
1776265336.550507,107.6799807548523,6.110299738166539,7.406774279768819,2.2152119853119285,1.219856566449846,0.752544306387437
1776265336.553683,107.6831567287445,6.130148519539616,7.414112099720632,2.212737199353193,1.2213382266595065,6.7084687032365435
1776265336.5681553,107.69762897491455,6.150096332045273,7.421346749634681,2.2103015304401326,1.2228315283163982,1.475828604656381
1776265336.5839727,107.71344637870789,6.170156395363431,7.4285091808999875,2.2079057705116547,1.2242788805336955,1.3551336929912665
1776265336.6283047,107.75777840614319,6.190330453313894,7.435604373876071,2.2055489647837074,1.2256675218117696,0.4853117374637568
1776265336.652827,107.7823007106781,6.210618433425675,7.442632900194076,2.203228833182546,1.2270009326162223,0.8806658566940543
1776265336.6641955,107.7936692237854,6.231022712791931,7.449609579650415,2.200944994331359,1.2282515984018412,1.9074317289525056
1776265336.680937,107.81041073799133,6.25153720124584,7.456518972479384,2.1986962934848586,1.2294494083493779,1.2999592127341018
1776265336.729592,107.8590657711029,6.272158353499889,7.463349263405676,2.196483431023792,1.2306161871951091,0.44877840455574014
1776265336.7463992,107.87587285041809,6.292878892169923,7.4700908280889955,2.1943074086174934,1.2317753981708919,1.3029061881885917
1776265336.7553196,107.88479328155518,6.3136938392555715,7.4767277913121175,2.1921697156023745,1.2329460207376965,2.460843935561922
1776265336.7667212,107.89619493484497,6.334598370496053,7.483242335304535,2.190067627078111,1.2341554276114408,1.9292606297862787
1776265336.8065772,107.93605089187622,6.355597839945417,7.489647643721823,2.187999429332979,1.2353730083134853,0.5532881412103576
1776265336.8234212,107.95289492607117,6.376698987443632,7.495959126651781,2.185963409896403,1.2365734913741568,1.3131497362997955
1776265336.8278956,107.95736932754517,6.397905805330289,7.502199355503442,2.1839611341087406,1.2377150332061093,4.960745411072907
1776265336.8461604,107.97563409805298,6.4192090458671,7.508363058826553,2.1819931163065953,1.238816391118885,1.2189668807750735
1776265336.8893046,108.0187783241272,6.4406030873433755,7.514466586071007,2.180062712399298,1.2398636868899013,0.5175952216466606
1776265336.894483,108.02395677566528,6.462077425472014,7.520511866002753,2.1781691781585453,1.2408565590759464,4.323539593972665
1776265336.9265943,108.056067943573,6.4836197797890875,7.526484254001944,2.1763125991131265,1.241819250887542,0.6985694866431479
1776265336.928573,108.05804657936096,6.5052232011517335,7.532364209668902,2.174490493050971,1.2427788377967464,11.352944691691778
1776265336.967211,108.09668469429016,6.526878977468584,7.538133631506787,2.172700963202491,1.243754267759936,0.5818727542494825
1776265336.9852507,108.1147243976593,6.548577033924959,7.543782299040272,2.1709439358571623,1.2447548223528029,1.246694734429633
1776265337.0173798,108.14685344696045,6.570312727871645,7.549319902604218,2.169220669606811,1.2457702860022233,0.7001798462791204
1776265337.0191607,108.14863443374634,6.592084213587099,7.554753050593038,2.1675330917038678,1.246783456762788,12.634875702277856
1776265337.0588644,108.18833804130554,6.613889971729815,7.5600893828351845,2.165881243354108,1.2477918934482097,0.5669487803774476
1776265337.0673158,108.19678950309753,6.635725193175181,7.565335488605192,2.164266342614824,1.2487902693503448,2.663986783199751
1776265337.0823936,108.2118673324585,6.657589161694535,7.570513941840607,2.162692498584979,1.2497561796840297,1.493842952303173
1776265337.0941582,108.22363185882568,6.679472742348917,7.575602466834303,2.161159100614233,1.2507085812496277,1.9142010853470774
1776265337.104463,108.23393678665161,6.701370078497162,7.580595293454578,2.1596612548718355,1.2516513839843275,2.1843165650353433
1776265337.1529639,108.2824375629425,6.723270756611483,7.5854855273298485,2.1581954838571438,1.2525943573979053,0.46365921135051286
1776265337.1575425,108.28701615333557,6.745161592684822,7.590250512791551,2.1567627247903483,1.2535472861342378,4.903081136025314
1776265337.181317,108.31079077720642,6.767035961136556,7.594883860680452,2.1553679288766556,1.2545128252179347,0.9423137599953981
1776265337.1869457,108.31641936302185,6.788893119359249,7.599414442502377,2.1540106695369,1.2554702684188723,3.97311135869071
1776265337.3073902,108.43686389923096,6.788893119359249,7.599414442502377,2.1540106695369,1.2554702684188723,0.0
1776265337.3193085,108.44878220558167,6.8107327001785745,7.6038644200121475,2.152690011342982,1.2564112486039238,1.873371965572261
1776265337.3402834,108.46975708007812,6.832552997207129,7.60824926596338,2.151405627988989,1.257330048718139,1.0628687628853786
1776265337.3537662,108.4832398891449,6.854353727366265,7.612578402032734,2.150156059052208,1.2582285866526248,1.651103009195627
1776265337.367134,108.49660778045654,6.876129518541917,7.616843955601244,2.1489382206156122,1.2591190326964603,1.6624186759466772
1776265337.4429889,108.57246255874634,6.897872223110357,7.621050131155912,2.1477527243996395,1.260003045195531,0.29236817067767407
1776265337.4616086,108.59108233451843,6.919569969343508,7.6251834184586995,2.146600801531324,1.2608841979005156,1.1878734889644502
1776265337.4726255,108.60209918022156,6.94121030028959,7.629227402616748,2.1454818928608987,1.261762105204723,2.0008775528639298
1776265337.482688,108.61216163635254,6.962781122794025,7.633160556412227,2.144393563355808,1.262632443060305,2.18172013317819
1776265337.5178933,108.64736700057983,6.984269281971173,7.636977556312619,2.143335728137904,1.2634899089013125,0.6206485970774113
1776265337.5340304,108.66350412368774,7.005680887035416,7.640720610039097,2.1423169556176784,1.2643448821043641,1.3484543699824425
1776265337.5453124,108.67478609085083,7.02701138880585,7.644392686761375,2.141333371395734,1.2651938548481925,1.9204636417841654
1776265337.5625806,108.692054271698,7.048249017233341,7.647986189968578,2.1403805022382145,1.2660373351999046,1.2485720438127261
1776265337.5799456,108.70941925048828,7.069380464546727,7.651493572912812,2.1394570926231866,1.266870943745401,1.234694305860238
1776265337.5947797,108.7242534160614,7.090399893304062,7.654908874505321,2.1385609543793533,1.2676902417990925,1.4368137362341955
1776265337.6054893,108.73496294021606,7.111304050238099,7.658235510856431,2.1376914368792863,1.2684918602687298,1.9781504557766476
1776265337.619142,108.74861574172974,7.132094325764056,7.66148458210547,2.1368504811168143,1.2692892250533685,1.5424981689830684
1776265337.6545238,108.78399753570557,7.152771182337238,7.6646625448661645,2.136042274573772,1.270084936834993,0.5916957851490247
1776265337.6739762,108.80344986915588,7.173332453327469,7.6677657475128855,2.1352627830191184,1.2708727636177517,1.0697293627178908
1776265337.6744494,108.8039231300354,7.193772094758355,7.670785745844418,2.1345082480169073,1.2716494797125182,43.68693040743379
1776265337.6898904,108.81936407089233,7.214081227386273,7.673706087349052,2.1337781282525428,1.2723956447433682,1.3296475492402944
1776265337.708574,108.83804774284363,7.234256725333891,7.6765297062331195,2.1330737272011677,1.2731113702005463,1.0910221995526452
1776265337.742205,108.87167859077454,7.254297750300787,7.679271699990302,2.1323964950547967,1.2738101242221087,0.6018006914685873
1776265337.7564533,108.8859269618988,7.274201047167654,7.681935869010439,2.131741831367107,1.2744916933120145,1.410089671841743
1776265337.764516,108.89398980140686,7.293963711361678,7.68452813304888,2.1311061533569795,1.2751619953045883,2.4733329389011947
1776265337.7773843,108.90685796737671,7.313585115347501,7.68706288166009,2.1304928043223366,1.275842388708322,1.5382110184099367
1776265337.8265765,108.956050157547,7.333060008175708,7.689533618501914,2.129904696951962,1.276520619787543,0.3992463625249093
1776265337.846146,108.97561979293823,7.352382219891653,7.691931217369127,2.129340976098239,1.2771864693156907,0.9953458601239493
1776265337.8523788,108.9818525314331,7.3715485576928454,7.694258440624907,2.1288014880376607,1.2778384175379947,3.0989019097575374
1776265337.8612497,108.99072337150574,7.390555359992336,7.696509645451739,2.1282820619338363,1.278473996200763,2.1583867462212716
1776265337.8828943,109.0123679637909,7.409397384838693,7.698670728372937,2.1277798722700685,1.279070640176508,0.8765330288912684
1776265337.9058135,109.03528714179993,7.428071272425253,7.700737054990149,2.1272926688363327,1.2796203631856666,0.8200197504942384
1776265337.9111648,109.04063844680786,7.446580586530767,7.702733641397766,2.1268246296450384,1.2801567137911127,3.480005405656337
1776265337.9226005,109.05207419395447,7.464924342942595,7.70466152149716,2.1263763613156716,1.2806772271132758,1.613382307998336
1776265337.954916,109.08438968658447,7.483107675328873,7.706550458930482,2.1259512162931227,1.2812220743213572,0.5658625217239204
1776265337.9771304,109.10660409927368,7.50113129883494,7.708409704076606,2.12554708913726,1.2818083330143981,0.8158564606386991
1776265337.9838903,109.11336398124695,7.5189879273683555,7.710218102569211,2.1251625162910486,1.282401936920571,2.655680358630437
1776265337.9994686,109.12894225120544,7.536672008907728,7.711961159495431,2.1247968781817703,1.282979960218316,1.1409186492158299
1776265338.0252624,109.1547360420227,7.554177607346799,7.713618206844727,2.1244476257567064,1.283511667203873,0.6818430947033626
1776265338.0382674,109.16774106025696,7.571506256683033,7.715196908046586,2.1241128614793197,1.2840057656656734,1.338224445174485
1776265338.0507932,109.18026685714722,7.588659504227749,7.716702129112946,2.123788458192555,1.284468623533329,1.3749399905552566
1776265338.0701268,109.19960045814514,7.605638744432702,7.718139597895854,2.123473283725268,1.284909554110215,0.8815168161153036
1776265338.1095746,109.23904824256897,7.622451408189276,7.719546292402874,2.1231763629722855,1.2853898101940977,0.42775588320766356
1776265338.1148398,109.24431347846985,7.639097567307256,7.720923236544401,2.122896747701135,1.285907532152362,3.172764136215999
1776265338.135248,109.26472163200378,7.6555746272599245,7.7222618509966585,2.1226327254145287,1.286452691219125,0.8101396322058999
1776265338.1538625,109.28333616256714,7.671876563611621,7.723538265327845,2.122383922570234,1.2869841277375835,0.8785461028565298
1776265338.1578007,109.28727436065674,7.687999849550942,7.7247403290815315,2.1221482929740336,1.287483071616561,4.1058753353408495
1776265338.2214746,109.35094833374023,7.687999849550942,7.7247403290815315,2.1221482929740336,1.287483071616561,0.0
1776265338.2221339,109.35160756111145,7.703938553040391,7.725847027203728,2.1219254857301686,1.287917225485077,24.23842376303091
1776265338.2231424,109.35261607170105,7.719691398382989,7.7268537595369,2.1217155366259806,1.2882735536669214,15.653160207954095
1776265338.2344446,109.36391830444336,7.73526380995072,7.727776248711781,2.121519010295827,1.2885758164461825,1.3803422203819162
1776265338.2504878,109.3799614906311,7.750662485057803,7.728637396132601,2.12133521835846,1.2888595120433712,0.9613944753956299
1776265338.3374639,109.46693754196167,7.750662485057803,7.728637396132601,2.12133521835846,1.2888595120433712,0.0
1776265338.3416817,109.47115540504456,7.7658948694227306,7.729463906980465,2.121165310033098,1.2891674315570902,3.6169351783861954
1776265338.3419876,109.47146129608154,7.780963747989411,7.730263531816028,2.1210059801989365,1.2895114702065114,49.334301632253464
1776265338.35158,109.48105359077454,7.795865944135428,7.731020937384189,2.1208563239361653,1.2898640611669177,1.5556425541685297
1776265338.3673482,109.49682188034058,7.810600162954995,7.731733627291323,2.1207163833900156,1.290219196999947,0.9355554229896105
1776265338.4829698,109.61244344711304,7.810600162954995,7.731733627291323,2.1207163833900156,1.290219196999947,0.0
1776265338.4836068,109.6130805015564,7.825167911804716,7.73241179871196,2.1205860592033114,1.2905901606656707,22.893032448481872
1776265338.5137858,109.64325952529907,7.839565423875397,7.733040029818364,2.120464526014054,1.290949873553659,0.4775411048188229
1776265338.537177,109.66665077209473,7.853790261127264,7.7336076156366165,2.120349306513174,1.2912782680816817,0.6086303461653755
1776265338.5526693,109.68214297294617,7.8678449402260355,7.734127174605575,2.1202427068659997,1.2915965257073116,0.907855713646287
1776265338.6032588,109.73273253440857,7.881733070060248,7.734616664368593,2.120146196070037,1.291931292529861,0.27470268484500515
1776265338.608159,109.73763275146484,7.895457704724345,7.735093341119636,2.12006129280627,1.2923118415307289,2.8025641124136897
1776265338.6275902,109.75706386566162,7.9090153558010385,7.735546541209106,2.1199918745522544,1.2927226157546727,0.6981278141996373
1776265338.6388032,109.76827692985535,7.922398794249923,7.7359473969700225,2.119937667255073,1.293109065695956,1.194102677195177
1776265338.7064962,109.83596992492676,7.935603898315946,7.736278439234604,2.119894674244281,1.2934409670072409,0.19513574276763285
1776265338.7222197,109.85169339179993,7.948631667062026,7.736542270301322,2.119859253185681,1.2937218398737416,0.828728689400789
1776265338.7378588,109.8673324584961,7.961481858229677,7.736734649441441,2.1198283466132355,1.2939420985111365,0.821766960001918
1776265338.7430243,109.87249803543091,7.974159089728942,7.736874716484157,2.1198048223449275,1.2941351943802746,2.4543293499401697
1776265338.8237128,109.95318651199341,7.98666973398361,7.736986808183933,2.1197899158521785,1.2943392604333863,0.15505504394398492
1776265338.8256273,109.9551010131836,7.999017858492916,7.7370855737599324,2.119784643841338,1.2945784983116875,6.44999369879386
1776265338.8533342,109.98280787467957,8.01120646118408,7.737183788458756,2.1197879767429386,1.2948747616144731,0.43992708610913134
1776265338.8539422,109.98341584205627,8.023236518543623,7.737285061846697,2.119798613456257,1.2952310927812964,19.78804915056967
1776265338.8672068,109.99668049812317,8.035105682972398,7.737382250146841,2.1198157867722522,1.2956356837481122,0.8948271775231715
1776265338.9235976,110.05307126045227,8.046805095204569,7.73744183222911,2.119841449482214,1.296026899917258,0.20747355792444686
1776265338.9405792,110.07005286216736,8.05833194735619,7.737453476807403,2.119873547212982,1.296388467455281,0.6787877207586809
1776265338.955824,110.08529758453369,8.069684415589574,7.737409771325319,2.1199131073394555,1.2967100582959166,0.7446919017331279
1776265338.966982,110.09645557403564,8.080865267426395,7.737322411877429,2.11996050612995,1.2970142643098426,1.0020885552672287
1776265339.0323203,110.16179394721985,8.091879231972294,7.737209754973153,2.1200177010591257,1.2973331565162085,0.16857917711832993
1776265339.0373929,110.16686654090881,8.102726972370936,7.7370715433755555,2.1200836369362506,1.2976657728949215,2.1387128320561546
1776265339.047106,110.17657971382141,8.113403616609414,7.7368856935613906,2.1201604006921873,1.2979662987185039,1.0993871605388241
1776265339.0786767,110.2081503868103,8.123906626358684,7.736637725088819,2.1202459341711397,1.2982126747129195,0.3327862127175261
1776265339.1455297,110.27500343322754,8.134238639034674,7.736335228943604,2.1203418201093682,1.2984197540945517,0.1546209961921005
1776265339.148751,110.27822470664978,8.144402000104433,7.735983200776535,2.120445163270282,1.2985944370913218,3.157130607987919
1776265339.1710448,110.30051851272583,8.154400509975922,7.73559391900952,2.120554862933356,1.2987547127206829,0.4488550061146451
1776265339.1840627,110.31353640556335,8.164234153742324,7.735161866748597,2.1206708093175775,1.2988893153183632,0.7561756370669748
1776265339.2413201,110.37079381942749,8.17390521494056,7.734695190647957,2.120793671986139,1.299005545838681,0.1691151101150316
1776265339.2442338,110.37370753288269,8.183421617687802,7.7342307373406785,2.1209267853451172,1.299169832300445,3.270280324748682
1776265339.269503,110.39897680282593,8.192787405337326,7.733793095122338,2.121070332840499,1.2994240348977415,0.37108732907775677
1776265339.282336,110.41180968284607,8.202000957677301,7.733374380733752,2.1212219480916126,1.2997499505513546,0.7188026268147164
1776265339.3258097,110.4552834033966,8.211056392069995,7.732952368410196,2.121380517964911,1.30011016923499,0.2085547143842311
1776265339.3906898,110.52016353607178,8.21994346567839,7.732483640974923,2.1215469935529847,1.3004274454757634,0.13719119471359287
1776265339.415864,110.54533767700195,8.228655562121308,7.731939236193244,2.121718131871806,1.3006476197872658,0.34681488625254536
1776265339.4306629,110.56013655662537,8.237192159259832,7.731315179404523,2.1218909889110074,1.30076284732175,0.5784980106999748
1776265339.5029764,110.63245010375977,8.245561228704288,7.730644833812658,2.1220710624617567,1.3008331064094008,0.11613044021071327
1776265339.5301394,110.6596131324768,8.25377177527505,7.7299649093531,2.1222605857503294,1.3009181514885848,0.30338408978826603
1776265339.5614433,110.69091701507568,8.261825335814768,7.7292760102228915,2.1224552885509924,1.3010181544185084,0.2582847538893238
1776265339.5619411,110.69141483306885,8.269725278229728,7.728591252661238,2.1226554391953196,1.3011558145535636,15.933713885020001
1776265339.5801208,110.70959448814392,8.277474465706906,7.727927778088966,2.1228637576660496,1.3013547128321108,0.42796894828220344
1776265339.615094,110.74456763267517,8.285064817941148,7.727261425423014,2.123078962119802,1.3015770696087243,0.2179553494224616
1776265339.6363053,110.7657790184021,8.292494491794407,7.72657623097311,2.1232983452162095,1.3017908375991294,0.351906628395347
1776265339.677249,110.80672264099121,8.29976357684979,7.725867221599554,2.123519785631755,1.3019875518666024,0.17846337218882394
1776265339.6781049,110.80757856369019,8.30687193722084,7.725129659352505,2.123743368920223,1.302157673844134,8.35358055081416
1776265339.7331736,110.86264729499817,8.313815834289922,7.724345747804606,2.12397454978437,1.3022685491121404,0.1269654942593553
1776265339.7499232,110.87939691543579,8.320601722610505,7.72354331982357,2.1242135432926266,1.302372234592196,0.40820896134520396
1776265339.7715263,110.90100002288818,8.327232777923983,7.722731111919015,2.1244576541785736,1.302477845857638,0.30944948192664623
1776265339.7852418,110.91471552848816,8.333711272299674,7.72191648501086,2.1247054614094747,1.3025965320055284,0.4764105165498115
1776265339.8465326,110.97600626945496,8.340038814754433,7.721107420534481,2.124958223628765,1.3027426106527942,0.10416032605953536
1776265339.88094,111.010413646698,8.346213790057776,7.720297077235433,2.125215812568086,1.302902517000926,0.1811600971510368
1776265339.881311,111.01078462600708,8.352235682979126,7.719481741136622,2.1254747828183738,1.3030689314680708,16.39540016019334
1776265339.8888044,111.01827812194824,8.358104116386265,7.7186620947832125,2.1257333904677784,1.3032380071907188,0.7914914200375804
1776265339.9486241,111.07809782028198,8.363820465956085,7.717848523084366,2.125991529590545,1.303426668355987,0.09661904395266746
1776265339.961665,111.0911386013031,8.369384519132824,7.717040783926797,2.126247154063716,1.3036345716686628,0.43158348275390224
1776265339.9703112,111.09978485107422,8.3747920785307,7.716220318027439,2.126500032523887,1.303827170418458,0.6332561568094386
1776265339.9811223,111.11059594154358,8.38003839923064,7.7153681483596435,2.126751544437764,1.3039687596812815,0.4921822997474907
1776265340.0324843,111.16195797920227,8.385123659936704,7.714500006019171,2.127006525426999,1.304084528409647,0.10056317365034037
1776265340.037412,111.16688561439514,8.390052407796746,7.71363963036835,2.127264613422331,1.3042190733503807,1.0167009234867346
1776265340.0455298,111.17500352859497,8.394828619951497,7.712793041426695,2.127523822136723,1.304383429205134,0.5983781117535275
1776265340.0640888,111.1935625076294,8.399454795992922,7.711960509611225,2.127782148622392,1.3045808239410288,0.25365532944699204
1776265340.1202097,111.24968338012695,8.403928158750427,7.71112150162405,2.1280414873479474,1.3047726057922155,0.08123084734741423
1776265340.1242096,111.25368332862854,8.40824592864664,7.710260316007147,2.128302455557698,1.3049242255722782,1.1026497306446954
1776265340.136003,111.2654767036438,8.412409296632578,7.709385290002635,2.128567023474826,1.3050540505974761,0.3614356487527996
1776265340.148294,111.27776765823364,8.416416451384535,7.708494732456985,2.1288391548310797,1.305160108313605,0.3347121724410165
1776265340.1648126,111.29428625106812,8.420266304938039,7.707595610617556,2.129116302578376,1.305250083434376,0.2399209042566864
1776265340.2152545,111.34472823143005,8.423961351024511,7.706701157317141,2.129396827093321,1.3053443672973997,0.07557395560350216
1776265340.227797,111.35727071762085,8.427508751456815,7.7058336806083965,2.1296813236663192,1.3054862359717678,0.29204665385355344
1776265340.2357802,111.36525392532349,8.430909216807208,7.7049916538032655,2.129967844237667,1.305673059359629,0.4402821479512867
1776265340.2492285,111.37870216369629,8.43415826053445,7.704152524658328,2.13025564378478,1.3058653886382023,0.25043981890900585
1776265340.2932253,111.42269897460938,8.437252503268205,7.703287200248274,2.1305478367975463,1.3060092035945594,0.0733285166850671
1776265340.306154,111.43562769889832,8.44019185771061,7.702373672600884,2.1308437378828318,1.3060682560656562,0.23917528797915602
1776265340.3212967,111.4507703781128,8.442980021794853,7.701417304881955,2.1311431876049243,1.3060507495871818,0.1956587296931879
1776265340.325087,111.45456075668335,8.445623058292242,7.700453662658926,2.13144795886672,1.306015906212946,0.7465449367569158
1776265340.3782206,111.50769424438477,8.448129669785827,7.699533171746866,2.131761394961316,1.3060502253565796,0.050601125992762064
1776265340.393856,111.52332973480225,8.450499889873635,7.698656478868388,2.132079682241394,1.3061472357268398,0.16290656004970952
1776265340.4159172,111.54539084434509,8.452732105263994,7.697817419217445,2.132399058004898,1.3062988845633479,0.10906042952394773
1776265340.41923,111.54870367050171,8.454821742190973,7.6970026275738315,2.1327154160912496,1.3064786002762476,0.683727944813844
1776265340.464062,111.59353566169739,8.456769863138849,7.696202780292897,2.133027714420065,1.3066704535544185,0.04748746829778607
1776265340.476929,111.60640263557434,8.458571986549764,7.69539118455892,2.1333384130494912,1.30682848628002,0.15549245735230188
1776265340.4873915,111.61686515808105,8.460223642401774,7.6945461082287645,2.133651049227736,1.30691350219978,0.17982778185304346
1776265340.4997103,111.62918400764465,8.461736851705203,7.693690899262836,2.133965852853498,1.3069693026664708,0.14339270455064343
1776265340.558285,111.68775868415833,8.463124769839855,7.692869668082116,2.1342866626356685,1.3070767497741562,0.028071514446393924
1776265340.5782247,111.70769834518433,8.464387375666814,7.692082524062289,2.134611699765411,1.307232774564529,0.07637861349412432
1776265340.5849087,111.71438241004944,8.465521145843399,7.6913149074814395,2.1349364674174605,1.3074179110153052,0.21052696878321675
1776265340.5941339,111.72360754013062,8.466527036117329,7.690553157370475,2.1352622330433406,1.3076027875909033,0.1412609553841684
1776265340.6597154,111.7891891002655,8.467408876038345,7.689795659425724,2.1355854352842742,1.3077893893576085,0.018398596538489773
1776265340.665802,111.79527568817139,8.468168151122889,7.68904222312741,2.1359062906456394,1.3079813368868622,0.18347589593730887
1776265340.6751294,111.804603099823,8.468802151475913,7.688282631390112,2.1362247207693423,1.3081645740020866,0.11143403013876171
1776265340.7261744,111.85564804077148,8.468802151475913,7.688282631390112,2.1362247207693423,1.3081645740020866,0.0
1776265340.7268088,111.85628247261047,8.469306743504548,7.687493231107073,2.1365407221996473,1.308301730763129,1.5584780741094735
1776265340.7270489,111.85652256011963,8.46968235296718,7.686668947114552,2.136851260094712,1.308387892391861,3.988464337592896
1776265340.7568266,111.88630032539368,8.469934732467793,7.685826780974119,2.1371570321731794,1.3084454892113373,0.03125907252448659
1776265340.7670639,111.89653754234314,8.470071836255055,7.684977566043969,2.137459090318791,1.3084954630219832,0.08905771160528518
1776265340.789463,111.91893672943115,8.470094194836987,7.6841247648367945,2.137756053091782,1.3085434579510122,0.04032749978542869
1776265340.8016238,111.9310975074768,8.47000396003531,7.683270133736955,2.1380471268380976,1.3085880561142693,0.07461176155766652
1776265340.8584843,111.98795795440674,8.469804463974057,7.682410939678954,2.138334386785789,1.3086215835103803,0.016314474457192064
1776265340.869417,111.99889063835144,8.469498800519967,7.68154668744495,2.1386247398331877,1.3086452633239738,0.087956082405291
1776265340.9096043,112.03907799720764,8.469094040673125,7.680708799886762,2.13891940416053,1.3087045413707274,0.024287992329777023
1776265340.943674,112.07314777374268,8.468592372619689,7.679912106496187,2.139214645601636,1.3088092657292976,0.02896088217233285
1776265340.9740193,112.10349297523499,8.468001098908818,7.679159382635253,2.1395090177683462,1.3089603513835257,0.03300111144969551
1776265341.0088453,112.13831901550293,8.467325076728837,7.678431393882342,2.1398067859808876,1.309141471654501,0.02978031432938126
1776265341.009778,112.13925170898438,8.466550452725144,7.677673566923962,2.1401106145676403,1.3092832120046434,1.2066751696979916
1776265341.045061,112.17453479766846,8.465670889454127,7.676868361809801,2.1404171556954106,1.3093679205108548,0.034896064937621304
1776265341.1028178,112.23229146003723,8.4646900927795,7.676045095534741,2.1407271755312784,1.3094250436758006,0.022811454609055853
1776265341.1120932,112.2415668964386,8.463614790614667,7.675216461220633,2.1410395090357968,1.3094652503667612,0.15018210794815567
1776265341.163189,112.29266262054443,8.463614790614667,7.675216461220633,2.1410395090357968,1.3094652503667612,0.0
1776265341.163798,112.29327178001404,8.462439869481605,7.674359352286773,2.1413519513221626,1.3094688864065678,2.4419110149254912
1776265341.1826215,112.31209516525269,8.461171453322024,7.673478598627198,2.141662343659195,1.3094471194058355,0.08367799629790654
1776265341.2321668,112.36164045333862,8.459817622987583,7.672613417917026,2.1419758881484654,1.3094398477233256,0.033040079623078186
1776265341.2917058,112.42117953300476,8.459817622987583,7.672613417917026,2.1419758881484654,1.3094398477233256,0.0
1776265341.295739,112.42521262168884,8.458382927957517,7.671785007547504,2.1422904268030405,1.3094665313311356,0.4181118922662342
1776265341.29648,112.42595362663269,8.456874480973529,7.670989224717192,2.1426037648903096,1.3095193202161004,2.3401071414236414
1776265341.3023293,112.43180298805237,8.455292578560304,7.670218258542652,2.1429148289727094,1.3095883965533304,0.30551280689252464
1776265341.3449528,112.47442650794983,8.453639205382883,7.66947895028146,2.1432266666454844,1.3096793553472517,0.04311674266524588
1776265341.3559303,112.4854040145874,8.451918528622748,7.668772974821355,2.143538739761331,1.3097913995812627,0.1717943546343554
1776265341.3742595,112.50373315811157,8.450130977897787,7.668088290271906,2.143853767296752,1.3097788054881603,0.10583917677842981
1776265341.4079268,112.53740048408508,8.448286288317261,7.667400096727827,2.1440654895335243,1.3087158623902726,0.05881760193808772
1776265341.4180274,112.54750108718872,8.446409119108324,7.666708344119129,2.1440044546843118,1.3065764330493053,0.19815670471876587
1776265341.4520326,112.58150625228882,8.444510493461964,7.666012736000299,2.1436037580966607,1.303476870749189,0.06061904567247492
1776265341.4902198,112.61969351768494,8.442594366856955,7.665313936307508,2.1428393303346556,1.2995480020440104,0.057037894220846604
1776265341.5091372,112.63861083984375,8.440662306618844,7.664607925575147,2.1417121885178325,1.2949464886653703,0.12399124660648841
1776265341.5210226,112.65049624443054,8.438717363846274,7.663877863196639,2.140236494465871,1.2897431408852476,0.21439977677401556
1776265341.5653865,112.69486021995544,8.43675434822777,7.663130825122049,2.1384333204806443,1.2839818760663542,0.06239747942553135
1776265341.5861747,112.71564841270447,8.434766600490152,7.66237766238391,2.1363299338652157,1.277676024008124,0.1438520007685122
1776265341.586543,112.71601676940918,8.432748507040825,7.661623730439136,2.133954460189687,1.2708276264430727,8.705871206919067
1776265341.595127,112.72460079193115,8.43069093539314,7.660882155693257,2.1313331426934403,1.2634573411193797,0.39770614569826507
1776265341.6971889,112.82666254043579,8.43069093539314,7.660882155693257,2.1313331426934403,1.2634573411193797,0.0
1776265341.7560148,112.88548851013184,8.428586254102637,7.660160403184269,2.128492594958288,1.255586222973068,0.06133736006258984
1776265341.778667,112.90814065933228,8.426426070944478,7.659472105235989,2.125458563036274,1.2472421703606704,0.16720465205276575
1776265341.7953055,112.92477917671204,8.424198908775496,7.658832641511954,2.122254719765419,1.2384670346906868,0.23763878878515063
1776265341.8313086,112.960782289505,8.42189313201808,7.658218126332494,2.118898929625751,1.2292652370503456,0.11437103574456424
1776265341.873347,113.00282073020935,8.419490369502089,7.657615610781903,2.115403366148432,1.2196342902362447,0.10191394962138303
1776265341.8787034,113.00817704200745,8.416974682818937,7.657005921697134,2.1117787855084598,1.2095411949536625,0.8315395875674648
1776265341.9040363,113.0335099697113,8.414326993326181,7.6563918823762425,2.108034092413635,1.199000065609881,0.18265150598035307
1776265341.9281723,113.05764603614807,8.41153013287664,7.65576990284117,2.104177820971699,1.187996846355887,0.19904556451468425
1776265341.9581697,113.08764338493347,8.408569636431578,7.655153976762922,2.10022223928172,1.176549913817297,0.16598163516178982
1776265341.9711492,113.10062289237976,8.40543238776455,7.65456803389526,2.0961817715701283,1.164693195112256,0.39669356051387095
1776265341.9767165,113.10619020462036,8.40210913959914,7.654009097598772,2.092067106289615,1.152417420950474,0.9553154025590502
1776265341.9920785,113.12155222892761,8.398596872671405,7.653496954264941,2.0878962057202863,1.139746058981785,0.35651184827235516
1776265342.0589843,113.18845796585083,8.394895154069566,7.653064188443778,2.08368856499933,1.1267463189731646,0.08401186930299431
1776265342.077315,113.20678877830505,8.391004806792052,7.652728335579327,2.079460039921964,1.1134503654287489,0.3139901672443544
1776265342.0929196,113.22239327430725,8.386928810432941,7.652493857322426,2.0752257578749456,1.099876837972136,0.3769423555314732
1776265342.1108718,113.24034547805786,8.382672964320959,7.652356884441701,2.07100021949772,1.0860152839562824,0.33415656533669585
1776265342.1313953,113.26086902618408,8.378249598634124,7.652325634757417,2.06679184838241,1.0719010926048145,0.29748913464381893
1776265342.1862957,113.31576943397522,8.373668357180826,7.652404909053878,2.0626082965014216,1.0575603989938187,0.11301423708707374
1776265342.201519,113.33099269866943,8.368948984188954,7.652612709531525,2.0584539793682057,1.0430367086070371,0.41323514365175906
1776265342.2142408,113.34371447563171,8.364128802013601,7.652972268016687,2.054334675071378,1.0283824082976059,0.49920356118895204
1776265342.245177,113.37465071678162,8.359240665763798,7.653489097085574,2.0502521111907472,1.0136343824948097,0.20654428843274159
1776265342.3311157,113.46058940887451,8.359240665763798,7.653489097085574,2.0502521111907472,1.0136343824948097,0.0
1776265342.331743,113.46121668815613,8.354297638914685,7.654142340617715,2.0462078119682054,0.9987664797054029,10.234700218575522
1776265342.3319814,113.46145510673523,8.349318393916423,7.654915164204579,2.0422058245062633,0.9837686869669481,26.989308462118355
1776265342.3614268,113.49090051651001,8.344315706374168,7.655788124102994,2.0382510238738814,0.9686286120577793,0.21859320875760513
1776265342.390973,113.52044677734375,8.339309997379493,7.656757505466922,2.034346866651822,0.9533607027283961,0.21734664362866676
1776265342.4484923,113.57796597480774,8.334315883363468,7.657812641882767,2.0304957668362786,0.9379660234584961,0.11116590622306292
1776265342.4529824,113.58245611190796,8.32935099267149,7.65895158786289,2.0266983270923435,0.9224588404418134,1.4150063939617865
1776265342.4811177,113.61059141159058,8.324419116187428,7.660155926321953,2.0229556492536593,0.9068367390285527,0.2241758839861653
1776265342.4997678,113.62924146652222,8.319527160974822,7.661412611840486,2.019267341117589,0.891096293835765,0.33534092830442497
1776265342.6012092,113.73068284988403,8.319527160974822,7.661412611840486,2.019267341117589,0.891096293835765,0.0
1776265342.6447103,113.77418398857117,8.314685689490634,7.662722063229921,2.015633046142868,0.8752514617315802,0.14238146024923615
1776265342.6525362,113.7820098400116,8.309900256115272,7.664084747666142,2.012053708017166,0.8593135652204587,0.7832184116154549
1776265342.6528664,113.78234004974365,8.305198331889681,7.665527070953702,2.008530527295512,0.8432873069371565,18.321361156079696
1776265342.6682622,113.79773592948914,8.30060025047536,7.667054669470631,2.005062369196918,0.8271678453022108,0.3870208111785536
1776265342.718231,113.84770464897156,8.29609997735146,7.6686479150835805,2.0016478045215393,0.810955602190907,0.1174619715646876
1776265342.7838538,113.91332745552063,8.29609997735146,7.6686479150835805,2.0016478045215393,0.810955602190907,0.0
1776265342.7890208,113.91849446296692,8.291693538849449,7.670296240269725,1.9982876514946253,0.7946546782357982,1.1189021349391104
1776265342.7893965,113.91887021064758,8.287381686156909,7.672000130160122,1.9949807473096324,0.7782732321027355,15.15595791949453
1776265342.789605,113.91907858848572,8.283170120480035,7.67376076137501,1.9917253178804601,0.7618099425215683,26.906345237612346
1776265342.8224099,113.95188355445862,8.279045898472932,7.675556601830155,1.9885223543152926,0.7452753892808289,0.16833022058775707
1776265342.8419764,113.97145009040833,8.27500899930995,7.677376551812068,1.9853725345966968,0.7286800893870902,0.27772743686200885
1776265342.8529496,113.98242330551147,8.271073674007528,7.679239463272952,1.9822732611242568,0.712017834755445,0.4870414141574374
1776265342.867145,113.99661874771118,8.267236813329513,7.681141735986211,1.9792231781503127,0.6952925700951011,0.3703776908659026
1776265342.8923888,114.02186250686646,8.26349358546412,7.683075272809719,1.9762229173597818,0.6785103619553453,0.20489113149203794
1776265342.9179192,114.04739284515381,8.259848306484074,7.68503930526396,1.9732702499908326,0.6616705395920318,0.1991998392507044
1776265342.9611523,114.09062600135803,8.259848306484074,7.68503930526396,1.9732702499908326,0.6616705395920318,0.0
1776265342.9617457,114.09121942520142,8.256298932785391,7.687024018427963,1.9703666648299656,0.644784510484181,8.420277860267618
1776265342.9619715,114.09144520759583,8.252846248768808,7.689026556030927,1.9675123646795336,0.627852496110223,21.733118733083707
1776265342.9621637,114.09163737297058,8.249495576108446,7.69104507388009,1.9647051485496156,0.6108808463421027,25.055278058597864
1776265343.020256,114.14972972869873,8.246250514340723,7.693076361165419,1.9619451310223137,0.5938725002892103,0.0812423660902089
1776265343.0270057,114.1564793586731,8.243119622330946,7.695128909596121,1.959230279742923,0.5768215838551715,0.6851463802478407
1776265343.0354483,114.16492199897766,8.240108309869788,7.6972058591242805,1.9565585587224583,0.5597257245473481,0.5365478227317524
1776265343.0443702,114.17384386062622,8.237216169325183,7.699303678861658,1.9539295509497017,0.5425876386868891,0.49719188273326087
1776265343.094066,114.22353959083557,8.234436143131742,7.701414192926632,1.951345467051571,0.5254122556430385,0.0873886997858804
1776265343.1050909,114.23456454277039,8.231769556374363,7.7035282555208475,1.948806972543058,0.5082052344863816,0.3850770882972794
1776265343.1272311,114.2567048072815,8.229211451467863,7.705639383329697,1.9463132903251954,0.4909757427052227,0.18742341021245862
1776265343.1559947,114.28546833992004,8.226749907698185,7.707731966513294,1.9438682373573117,0.47373594942785263,0.140862877477102
1776265343.187776,114.31724977493286,8.224384397897676,7.7098035649197865,1.9414731095829103,0.4564851372087034,0.12437117693296885
1776265343.1992033,114.32867693901062,8.222141739060199,7.711868627745993,1.9391267171130524,0.43920436442367555,0.33665568274380825
1776265343.223627,114.35310077667236,8.220018992522531,7.713923377974245,1.9368260158278292,0.42189792829552286,0.15331332120587163
1776265343.2279968,114.35747051239014,8.21800956096884,7.715963727325062,1.9345693205487913,0.4045719414275252,0.834381623799144
1776265343.3004563,114.42992997169495,8.216106379534711,7.717987043502099,1.932355907049426,0.38723028032584755,0.04901741274627593
1776265343.3215604,114.45103406906128,8.214312032734219,7.719997864718206,1.9301863353468263,0.36987567911819036,0.1639390970503726
1776265343.3629553,114.49242901802063,8.214312032734219,7.719997864718206,1.9301863353468263,0.36987567911819036,0.0
1776265343.3643012,114.49377489089966,8.212621366208419,7.721999071001377,1.9280618014550839,0.3525018370661889,2.5061466517256976
1776265343.37217,114.50164365768433,8.211032268318236,7.723989521709174,1.9259821682978107,0.3351141217693814,0.4178749605165151
1776265343.4139562,114.54342985153198,8.209532423582742,7.725965945241769,1.9239479087073947,0.3177162542034504,0.07678195911831316
1776265343.4211018,114.55057549476624,8.208121297829603,7.727926709615601,1.9219604014592382,0.30030956211635873,0.43778669747656973
1776265343.4466634,114.57613706588745,8.206812344906146,7.729877514494137,1.9200184147924488,0.2828915340030395,0.1192415329788751
1776265343.4755292,114.60500288009644,8.205622910685719,7.731825080099604,1.9181179584293337,0.26545245777185555,0.10288170875350006
1776265343.4759266,114.6054003238678,8.204560821518074,7.733769143805733,1.9162574145529656,0.24799078248032574,7.278839486351384
1776265343.5225143,114.65198802947998,8.203602816693119,7.7356970068826225,1.9144388281381293,0.23051786525333298,0.06049020118581211
1776265343.54005,114.6695237159729,8.202726604700935,7.737598637787766,1.9126608118339632,0.21303908324122284,0.1566445113431309
1776265343.5672092,114.69668292999268,8.20191740719096,7.73947151261294,1.9109222806756092,0.1955580560338763,0.0986949013458817
1776265343.5789967,114.70847034454346,8.201164830437888,7.741319579151942,1.9092270308859103,0.17809165113355366,0.22212834115347013
1776265343.6423628,114.77183651924133,8.200508144835815,7.74317487332883,1.9075778498930325,0.16062282447965373,0.04052182544202092
1776265343.663147,114.79262065887451,8.199958111689199,7.745050979462949,1.905974031315258,0.1431367075391673,0.12166698975193307
1776265343.67414,114.80361366271973,8.19951145273808,7.74694763261742,1.9044108293834867,0.12562843044378827,0.2272426021373348
1776265343.6908164,114.82029008865356,8.199189575407345,7.748860942033203,1.9028843883042654,0.10808458452539509,0.14803410998712904
1776265343.7318766,114.86135029792786,8.198983021606121,7.750777643508288,1.9013922640102339,0.09050926145551276,0.05937122418986752
1776265343.7521317,114.88160538673401,8.198857425361775,7.752680851353427,1.8999362096987407,0.07290945019960735,0.11846887615010541
1776265343.7605622,114.89003586769104,8.198784716637844,7.7545553942376975,1.8985176842471532,0.055297305738483016,0.27897523597929313
1776265343.7728076,114.90228128433228,8.198732540958703,7.7563851834505755,1.8971416003991153,0.03769037200792558,0.18701512158754435
1776265343.8036132,114.93308687210083,8.198698158154993,7.7581591664768235,1.8958000708322325,0.02009416029144055,0.07220727187533592
1776265343.822509,114.95198273658752,8.198675469480106,7.759867410344448,1.894486004236323,0.0025156576829433197,0.1140627907140478
1776265343.8282328,114.95770645141602,8.198669733581864,7.761499989317913,1.8931971454853176,-0.015045087540332349,0.36340471784041234
1776265343.8457024,114.97517609596252,8.198713793606201,7.763046983870098,1.8919326064406492,-0.032618441927635126,0.11440115874880229
1776265343.8933702,115.02284383773804,8.198819153264353,7.7644977976917735,1.8906865496878602,-0.05022284282602069,0.040181552961898986
1776265343.931177,115.06065058708191,8.198990977315384,7.765843572895915,1.8894578846486134,-0.06786535797788074,0.04841382672297724
1776265343.931618,115.06109166145325,8.199224361390618,7.767076376768638,1.8882478078278169,-0.08554897990622115,3.9520464783569333
1776265343.9318464,115.06132006645203,8.199486244140385,7.768188430709044,1.8870601810895684,-0.10324249902875565,7.21498772160098
1776265343.9985163,115.12799000740051,8.199746207079656,7.769175311457458,1.8858940263713544,-0.12091003709580592,0.02324368606219656
1776265344.0330906,115.16256427764893,8.199977502425476,7.770035348843435,1.8847479518100605,-0.13851679287083657,0.04198005873550037
1776265344.0588958,115.18836951255798,8.200167600820686,7.770767053434867,1.8836229032320309,-0.15603937767313303,0.05252642998295134
1776265344.0630898,115.19256353378296,8.200334258920318,7.771366454282582,1.8825184145758034,-0.1735010899632288,0.30225309689340035
1776265344.0737085,115.20318222045898,8.2005219563991,7.771826026350836,1.8814401908568819,-0.19097138444111092,0.11178542597289494
1776265344.0914693,115.22094297409058,8.200754834927382,7.772139268980179,1.8803859806655572,-0.2084926685547453,0.06329402983854686
1776265344.1184893,115.24796295166016,8.201040826262728,7.772301585995973,1.8793554837307518,-0.22608295090943434,0.04003311779163485
1776265344.119036,115.24850964546204,8.201351759791184,7.772312664466489,1.878353754280816,-0.2437024142612048,1.9186879908509962
1776265344.1374023,115.26687598228455,8.201662790787093,7.772175730497235,1.8773801660408689,-0.26131219693386104,0.05614598275441394
1776265344.1984112,115.32788491249084,8.201966039902675,7.771893688819095,1.8764334585887574,-0.2789064476592032,0.016937290227589843
1776265344.2224646,115.35193824768066,8.202259583281368,7.771467995205849,1.875509308598501,-0.29648287546307933,0.04402627460024169
1776265344.2324278,115.36190152168274,8.202551176967075,7.770897747401712,1.8746048595754696,-0.3140563478534709,0.11123439504681583
1776265344.2485669,115.37804055213928,8.202851945686621,7.770180629150586,1.873721426199409,-0.3316534902464544,0.07292473700604359
1776265344.300907,115.43038058280945,8.203144814276898,7.769318825058196,1.872859728664446,-0.3492457852107033,0.023947172940042918
1776265344.3080842,115.43755793571472,8.203432701126427,7.768311867836213,1.8720203320463067,-0.3668406258295105,0.18700111584573023
1776265344.3173196,115.4467933177948,8.203726799999114,7.767157419284176,1.8712025714755984,-0.38446241963112754,0.15646171534656916
1776265344.3321612,115.46163487434387,8.204037561178218,7.7658521124216,1.870406195404685,-0.4021378190980587,0.10513215083807556
1776265344.3924403,115.52191400527954,8.204329107584849,7.76440306150692,1.8696342373172938,-0.41980689262263315,0.027663525119398145
1776265344.4229727,115.55244636535645,8.20455466793683,7.762822812897703,1.8688894089258055,-0.43739312390845986,0.057692424237622185
1776265344.4236574,115.55313110351562,8.204693171803884,7.761118065716791,1.868171889908393,-0.45485902348938523,2.70873201349347
1776265344.437152,115.56662559509277,8.204758864694357,7.759284046322167,1.867480098972304,-0.4722342526062106,0.1453373789671824
1776265344.4832606,115.61273431777954,8.204783449419157,7.757308651220226,1.866813292254814,-0.48957685281788343,0.04522023122998751
1776265344.4991872,115.6286609172821,8.2048046441673,7.755175783293199,1.866170304702987,-0.5069615025806637,0.13987800184248983
1776265344.5071273,115.63660097122192,8.204846556552173,7.752873840662412,1.86554793868013,-0.5244360656233418,0.30037080263902943
1776265344.5186863,115.64815998077393,8.204893081767889,7.7504059996747205,1.864944920837725,-0.5419692324904931,0.2198175132026644
1776265344.5632546,115.69272828102112,8.20491928398427,7.747782509820385,1.8643593603030406,-0.5595202505751479,0.060315776347236574
1776265344.5790834,115.70855712890625,8.204912039237058,7.745012659985319,1.8637888453894516,-0.5770622459715294,0.17866140602067646
1776265344.5860357,115.71550941467285,8.20486986627823,7.742101238459901,1.8632330969693889,-0.5945903609674629,0.4263761947220718
1776265344.597691,115.72716474533081,8.20479374457208,7.739050528892602,1.8626931729844267,-0.6121029713209946,0.2658916330459702
1776265344.6080203,115.7374939918518,8.204692967166627,7.735858500073287,1.8621684053788277,-0.6296166532118286,0.3133284082098533
1776265344.67258,115.80205368995667,8.20457911373928,7.732521031844138,1.8616581642696821,-0.6471535024638441,0.05232622970756814
1776265344.68831,115.81778359413147,8.204445944244767,7.729040535784374,1.8611609792234538,-0.6647020113146133,0.22367262967814155
1776265344.6985173,115.82799100875854,8.204276164678086,7.725423988251045,1.8606803943513361,-0.6822007891406545,0.3578072897361897
1776265344.7170923,115.84656596183777,8.204044542035213,7.721681007653773,1.8602192028980058,-0.699602585259643,0.20341330319666964
1776265344.7825012,115.91197490692139,8.203749509895198,7.717813880072756,1.8597764892128794,-0.7168802285860593,0.059679170725110836
1776265344.7955432,115.9250168800354,8.203400600415995,7.713817854674942,1.8593559630892773,-0.7340039168875684,0.3092486055058945
1776265344.8041224,115.93359613418579,8.203007324610033,7.709686950166625,1.8589562495368568,-0.750998179193996,0.4859151833190961
1776265344.8161077,115.94558143615723,8.202579637525462,7.70541374652562,1.8585748734117218,-0.7678531492815656,0.35972841984841036
1776265344.8650384,115.99451208114624,8.20213958578709,7.700985478747473,1.8582109069919521,-0.7846081640359293,0.0912503430500655
1776265344.8688593,115.99833297729492,8.201707442695694,7.6963910822348245,1.8578605106735546,-0.8012981307630404,1.2112234471596297
1776265344.8857439,116.01521754264832,8.201284377862564,7.691629936302109,1.8575196970613828,-0.8179220718660324,0.28381187222065996
1776265344.9076807,116.03715443611145,8.200856198660652,7.686711705657956,1.8571894342477617,-0.8344409244484453,0.2255501036359449
1776265344.9539504,116.08342409133911,8.200413540059767,7.68164817987101,1.856871958741901,-0.8508422387190759,0.11006658516029126
1776265344.9718866,116.10136032104492,8.19994739906108,7.6764508950982115,1.8565690079020287,-0.8670805726272505,0.29141763690411693
1776265344.9799025,116.1093761920929,8.199441411247973,7.671132937386182,1.8562821811312167,-0.8831402396640442,0.6673847192291587
1776265344.9869459,116.11641955375671,8.198893386152971,7.665699982429357,1.856010254509243,-0.899025760658565,0.7762332323785986
1776265345.0462554,116.17572903633118,8.198316529475397,7.660144825801922,1.8557533523363545,-0.9147570877684731,0.09426709478079268
1776265345.0583408,116.18781447410583,8.197726726181676,7.6544566370582805,1.8555113198614857,-0.9303459294988758,0.4736116873055137
1776265345.1033578,116.2328314781189,8.197726726181676,7.6544566370582805,1.8555113198614857,-0.9303459294988758,0.0
1776265345.1039608,116.23343443870544,8.19712973745454,7.64862894367922,1.855282263464059,-0.9458070890951905,9.723135848519354
1776265345.1055396,116.23501324653625,8.196526839652085,7.642658753658127,1.8550634325798376,-0.96114663182288,3.8032135997013072
1776265345.1360552,116.26552891731262,8.195918729211376,7.636545807798414,1.854854374908386,-0.9763296265604582,0.20142682743692666
1776265345.1495752,116.27904891967773,8.195300677280004,7.63029462887062,1.8546552472892586,-0.9913543786477261,0.4648529720616475
1776265345.1616251,116.2910988330841,8.194674035775503,7.623907705098256,1.8544650594969465,-1.0062296874075014,0.532817818400363
1776265345.175187,116.30466079711914,8.194045058618446,7.617385599444752,1.854282569848029,-1.0209631486663346,0.483330053050855
1776265345.1864452,116.31591892242432,8.193409532343177,7.6107333266831585,1.8541081629065177,-1.0355472714784395,0.5937788676638467
1776265345.2639918,116.39346551895142,8.192762132750985,7.603955843594872,1.8539431135491395,-1.0499665541886813,0.0878224701415209
1776265345.2978342,116.42730784416199,8.192108159877572,7.597051722757473,1.8537892366591229,-1.0642118774018399,0.2049720698218429
1776265345.308329,116.43780279159546,8.191450372133229,7.59001884148965,1.8536475832998833,-1.078291114633889,0.6731806999603352
1776265345.3098702,116.43934392929077,8.190786997960828,7.582857869892366,1.8535156969587139,-1.09221296762049,4.667228532976406
1776265345.3609061,116.49037981033325,8.19012217739656,7.575565592596284,1.8533924739121943,-1.1059800098671893,0.14349818713140006
1776265345.4032702,116.53274393081665,8.19012217739656,7.575565592596284,1.8533924739121943,-1.1059800098671893,0.0
1776265345.4040866,116.5335602760315,8.189462142457165,7.568137992845415,1.8532758320300868,-1.1195938671040686,9.135571976660803
1776265345.4053059,116.53477954864502,8.18881488056186,7.560570729425718,1.8531672523777674,-1.1330647913210858,6.229673824711102
1776265345.478468,116.60794162750244,8.188170693135312,7.552870957926046,1.8530667591387726,-1.1463850591291551,0.10561927022124054
1776265345.5646534,116.6941270828247,8.187520438622425,7.545046898771376,1.8529760698974551,-1.1595278548132717,0.09110072685489477
1776265345.577696,116.70716977119446,8.186862727830967,7.537101284050644,1.8528940067196542,-1.1724950215708572,0.6113166143950753
1776265345.5944748,116.72394847869873,8.186203054523437,7.529031419240212,1.8528196936642987,-1.1852833790099406,0.4825832694116412
1776265345.6011617,116.73063540458679,8.18554967508106,7.520831106478473,1.8527533476540228,-1.1979143068778628,1.2302467588968637
1776265345.6728034,116.80227708816528,8.184908677446503,7.512496177341378,1.85269352988414,-1.210391018781223,0.11668841873560792
1776265345.683435,116.81290864944458,8.184281385195213,7.50402593715487,1.8526390849545362,-1.2227047488775398,0.7989053371321139
1776265345.6936567,116.8231303691864,8.183666253723663,7.495423843893813,1.8525900087420997,-1.2348614422435935,0.8437130878471942
1776265345.7053745,116.83484816551208,8.183059619791983,7.4866949321736715,1.8525472426596636,-1.2468536548159725,0.7467334506637907
1776265345.7845163,116.91399002075195,8.182458714927039,7.477842972795641,1.852510825339454,-1.2586914645660356,0.1121076389644274
1776265345.80445,116.93392372131348,8.181862342401168,7.468869721143931,1.852482301545677,-1.2703547747812884,0.45115019270173484
1776265345.8316538,116.96112751960754,8.181269732034073,7.4597746299897,1.8524617790657159,-1.2818439728492654,0.3350414570379634
1776265345.8525872,116.98206090927124,8.180683222609147,7.450553867857722,1.8524476641628174,-1.2931746377134519,0.4413717713876458
1776265345.8855643,117.01503801345825,8.180105979413447,7.441204047657641,1.8524386849764152,-1.3043616100852116,0.2840645602573315
1776265345.9029377,117.0324113368988,8.179539217071298,7.431722763430239,1.8524354545873163,-1.3154076910123804,0.5467122838302493
1776265345.9121943,117.04166793823242,8.178984685799692,7.422109337130168,1.8524379325850588,-1.3263183228044502,1.0402745569093896
1776265345.9345992,117.06407284736633,8.178445794916788,7.412364799665219,1.852446176016644,-1.3371057434818912,0.43559339349438975
1776265345.9579847,117.08745837211609,8.177926520868901,7.402491422514293,1.8524610238516375,-1.3477651776893096,0.4227843573538925
1776265346.0060186,117.1354923248291,8.177422751406493,7.392492870924821,1.8524827497840095,-1.3582854140592928,0.2084204521177582
1776265346.0231497,117.15262341499329,8.17693447070288,7.382370185588437,1.8525101255535206,-1.3686681640858571,0.5915847616417734
1776265346.0399313,117.16940498352051,8.176460609074809,7.37212366888418,1.8525432496727223,-1.3789039105420564,0.6112373494239817
1776265346.0591118,117.18858551979065,8.175998502056968,7.361754618716826,1.8525814498506818,-1.388987154977164,0.5411429763109267
1776265346.1116273,117.24110102653503,8.175545417791147,7.351263410486203,1.8526246064022331,-1.398925019981213,0.19996143406128564
1776265346.1348002,117.26427388191223,8.175107360814094,7.340647997864325,1.8526724839766788,-1.4087231395646431,0.4584914089444144
1776265346.1379993,117.26747298240662,8.174689646478837,7.329906044319576,1.8527262976114893,-1.4183844600246576,3.3603842268065045
1776265346.1521158,117.28158950805664,8.174287472520335,7.319036607190394,1.8527854409343567,-1.4279183124868742,0.7705178991212208
1776265346.2074957,117.33696937561035,8.173898543076147,7.3080406543142375,1.852848927428991,-1.4373278944258054,0.19868252909975315
1776265346.3040893,117.4335629940033,8.173521575108214,7.296918943034734,1.8529167202931245,-1.4465986369748842,0.11520745108007276
1776265346.3204982,117.44997191429138,8.1731565956037,7.285672795263005,1.852988431419751,-1.4557282097230817,0.6857426936241044
1776265346.3388329,117.46830654144287,8.172806878642005,7.2743040428338,1.8530630188768051,-1.4647292162807388,0.6203766503637499
1776265346.44077,117.57024359703064,8.172478205799509,7.262815294552729,1.8531411731784944,-1.4736118952261323,0.1127530547779083
1776265346.4423556,117.57182931900024,8.172176244795093,7.251207477257022,1.853223859337085,-1.4823866611772283,7.322871723748018
1776265346.4455934,117.57506704330444,8.171905704613588,7.239480703491849,1.8533117770839802,-1.491054783868182,3.6229840606434376
1776265346.4460692,117.57554292678833,8.17167170782218,7.227635225726906,1.8534041405857238,-1.4996234778737254,24.897163190776492
1776265346.4702518,117.59972548484802,8.171478817568572,7.21567065760776,1.8535008068088823,-1.508097727505568,0.49484067404485055
1776265346.4875772,117.61705088615417,8.171324925280109,7.2035851803701085,1.8536023148565368,-1.5164639617788174,0.6976394393320451
1776265346.506546,117.63601970672607,8.171198909628842,7.191375061990407,1.8537104101343553,-1.524722613437826,0.6437536292294369
1776265346.5612156,117.69068932533264,8.17109135547437,7.17903514370472,1.8538246112944405,-1.5328790929661231,0.22573626306876185
1776265346.6057935,117.735267162323,8.170994334665021,7.16656308697913,1.8539450739613355,-1.5409092976457468,0.27980307360229356
1776265346.6308491,117.76032280921936,8.17090512315314,7.153961739272152,1.8540720556126478,-1.5488139063643502,0.5029725752683585
1776265346.639527,117.7690007686615,8.170811529341773,7.1412331858869535,1.8542059890038964,-1.5566040610061045,1.4668888659333579
1776265346.655987,117.78546071052551,8.170713376609099,7.128381768441262,1.8543450598634295,-1.5642877491517424,0.7808377937710264
1776265346.6695871,117.7990608215332,8.170614967919999,7.115413159908216,1.8544887268659993,-1.5718756681440589,0.9536523357978349
1776265346.7390654,117.86853909492493,8.17052206900738,7.102331339708525,1.8546377906360891,-1.5793684946539042,0.18830345996497252
1776265346.7518165,117.88129019737244,8.170434383790008,7.089134476825097,1.8547916870819707,-1.5867544645375007,1.0350517950012332
1776265346.7674923,117.89696598052979,8.170350377743791,7.075817867721389,1.8549511977147777,-1.5940145957511274,0.849579840409694
1776265346.7931075,117.9225811958313,8.170273773449956,7.062378743661574,1.8551151553425664,-1.6011638579226461,0.5247015227367586
1776265346.8383057,117.96777939796448,8.170202831886801,7.048814240571265,1.8552808401637613,-1.608207869326415,0.30013805402172283
1776265346.8555162,117.9849898815155,8.17014073670164,7.035125798739117,1.8554483319178805,-1.615146861070185,0.7954225863707021
1776265346.8662832,117.99575686454773,8.170086884872322,7.021314042049874,1.8556171057072384,-1.6219777575142127,1.2828935233620238
1776265346.8731658,118.00263953208923,8.170043735504683,7.007381699802471,1.8557866589670304,-1.6287004609483902,2.0244244908681215
1776265346.9305594,118.06003308296204,8.170015719047704,6.993331866585842,1.8559578341991063,-1.635325448942109,0.24481677203838778
1776265346.962612,118.09208559989929,8.17000357358877,6.979166632649445,1.8561306817096164,-1.6418501548741886,0.4419713339292548
1776265346.9710062,118.1004798412323,8.170008691848757,6.9648870624468096,1.8563049063552997,-1.648273852111608,1.7012417643039783
1776265346.9717653,118.10123896598816,8.17002749027476,6.950489068656404,1.8564810539279646,-1.6546040641636486,18.968006799934503
1776265347.0537307,118.18320441246033,8.170058362942003,6.93597061147585,1.8566582972799859,-1.6608453812706376,0.1771425947513699
1776265347.0582254,118.18769907951355,8.17010089543674,6.921331863855726,1.8568372506638107,-1.6669935746581934,3.257171890555426
1776265347.0823853,118.21185898780823,8.17015864019019,6.906575201626253,1.8570200582375282,-1.6730545743385627,0.610842860042561
1776265347.1003468,118.22982048988342,8.170235039072654,6.891702693327118,1.8572058747056777,-1.6790340180603534,0.8280969594770411
1776265347.1523025,118.28177618980408,8.170331803335483,6.876715487663267,1.8573939309825513,-1.6849246013581967,0.2884899603852607
1776265347.1623178,118.2917914390564,8.17044477077859,6.861610682123223,1.8575843872456874,-1.6907250346711653,1.5083427520220163
1776265347.1755724,118.30504608154297,8.170572368059977,6.846386528205636,1.8577769494341787,-1.6964288744013392,1.1487225213325871
1776265347.1901035,118.31957721710205,8.170715212811519,6.831042842415795,1.8579723376973794,-1.7020431087077965,1.056049238289629
1776265347.2535777,118.38305139541626,8.17087290484057,6.815581064574454,1.8581713317607174,-1.7075714772835937,0.24362445929460133
1776265347.2712138,118.40068745613098,8.171049841461244,6.80000534091938,1.8583756701469414,-1.713017562764573,0.8833077335569062
1776265347.289611,118.41908478736877,8.17124411060515,6.784314970185172,1.8585838474931013,-1.7183840369761685,0.8530016672008937
1776265347.299235,118.42870879173279,8.171459148170223,6.768512708322493,1.858794671344179,-1.7236790285914183,1.6422614186677809
1776265347.3171518,118.44662547111511,8.171700580308235,6.75260250915312,1.8590076554695374,-1.7289107864774722,0.8881922757459061
1776265347.3774083,118.50688195228577,8.171971391746075,6.736584042396214,1.85922219259769,-1.7340695750696846,0.2658998977177446
1776265347.4135547,118.54302835464478,8.17226850658865,6.720451928763642,1.8594377268250402,-1.739152870033486,0.44641480038311965
1776265347.428788,118.55826163291931,8.17259022214005,6.70420207790946,1.8596530548972312,-1.744162964954538,1.0670363426743057
1776265347.4550555,118.58452916145325,8.172941694286633,6.687836105590898,1.859869380141355,-1.7491009491700453,0.6232476433149444
1776265347.4841735,118.61364722251892,8.173320086351639,6.671350963505764,1.8600864817390248,-1.753961355282793,0.5663465474604356
1776265347.5071626,118.63663625717163,8.173720099970383,6.654743082360168,1.8603053086675638,-1.7587407799560346,0.7226984158924817
1776265347.5341034,118.66357707977295,8.174131454423378,6.638008147458559,1.8605258552934196,-1.7634425992114537,0.6214154193369811
1776265347.552202,118.68167567253113,8.174555817263938,6.621151250751888,1.8607477694962373,-1.7680695044175498,0.9317684425823913
1776265347.6121569,118.74163055419922,8.174996504841967,6.604180612169762,1.8609713850105212,-1.7726257968475854,0.2831768096712957
1776265347.6226227,118.75209641456604,8.175454005201571,6.5871015554653916,1.8611964308033004,-1.7771104515538534,1.632609711250331
1776265347.6668785,118.79635214805603,8.175929549609366,6.569916193424798,1.8614228402037818,-1.7815272109908882,0.38850177638413913
1776265347.6717088,118.80118250846863,8.176423213900671,6.55262349689903,1.8616505903989455,-1.7858787861660552,3.58177012958135
1776265347.7288716,118.85834527015686,8.176933552878152,6.535220218732186,1.8618796733510208,-1.7901705897328177,0.3046085551467853
1776265347.7421553,118.87162899971008,8.177458457852595,6.517701600030784,1.8621109769038129,-1.7943986562617154,1.319509470855004
1776265347.7579587,118.88743233680725,8.17799553900826,6.500065094244154,1.8623427623906492,-1.7985630771749819,1.1166125187403946
1776265347.762186,118.8916597366333,8.178543056792275,6.482309800880162,1.862574156126912,-1.8026652562235346,4.202403601134216
1776265347.8223276,118.95180130004883,8.179099770193535,6.4644359768232125,1.8628049909695066,-1.8067062408747638,0.29736476191509914
1776265347.834405,118.9638786315918,8.179662158923902,6.446443973092363,1.8630359296093,-1.810692082822913,1.490583606800676
1776265347.84573,118.9752037525177,8.180231645057964,6.428338586216463,1.8632674669507234,-1.8146135380049226,1.59961388238562
1776265347.86988,118.99935364723206,8.180808595423501,6.410123305319737,1.8635000955830672,-1.8184718938688749,0.7546989596004483
1776265347.9353123,119.06478595733643,8.181392221968142,6.391799209486435,1.863733283337399,-1.8222707472968893,0.2802112702100859
1776265347.955221,119.08469462394714,8.18198225433291,6.373367131887683,1.8639660755518632,-1.8260106846153497,0.9263798824396646
1776265347.970466,119.09993958473206,8.182576877417576,6.354825688200387,1.8641983641659716,-1.8296937204642008,1.2169549350529882
1776265347.985612,119.11508560180664,8.183178072827198,6.336175608894297,1.8644314392739703,-1.8333225525303485,1.2320877638443146
1776265348.0049956,119.13446927070618,8.183784575197578,6.3174157013458245,1.8646650015397532,-1.8368983709126232,0.9684008856419315
1776265348.0762074,119.20568108558655,8.184396896214972,6.298546105560013,1.8648988366728068,-1.8404250383396557,0.2651382526718154
1776265348.0949602,119.22443389892578,8.185022964864318,6.279572894029832,1.8651338093512133,-1.8439060754511378,1.0123810163399503
1776265348.111935,119.24140858650208,8.185658129712662,6.260491857845963,1.8653697735350379,-1.847337022293008,1.1247961371970556
1776265348.1253417,119.25481534004211,8.186297270944657,6.241297056053481,1.8656063383854018,-1.850716356337613,1.4326284606000017
1776265348.1991663,119.32863998413086,8.186937772650722,6.221985380542446,1.8658426506792474,-1.8540509434360453,0.2617518776627218
1776265348.213499,119.34297275543213,8.187577820247459,6.202556393665716,1.8660780327115012,-1.8573405638954745,1.3563986425831787
1776265348.228169,119.35764265060425,8.188220367213344,6.183014670071024,1.8663149108503472,-1.8605838898264395,1.332914726515676
1776265348.2491016,119.3785753250122,8.188862571003085,6.1633613735736885,1.8665539906200166,-1.8637788150394905,0.9394518447479211
1776265348.3381553,119.46762895584106,8.189508629208365,6.1436017849608815,1.86679674265063,-1.8669203367925171,0.22201944638642504
1776265348.3516183,119.48109197616577,8.190161774505897,6.123739721438965,1.8670419703261465,-1.870010889145409,1.4762150064660982
1776265348.369029,119.49850273132324,8.190818534572314,6.103772677340805,1.8672877660871008,-1.873050940289479,1.1475294521790458
1776265348.392445,119.52191877365112,8.191474649973372,6.083695764107737,1.8675342843166725,-1.8760368127390983,0.8579222587382788
1776265348.4494283,119.57890200614929,8.19213447949251,6.063511447628855,1.86778322424892,-1.8789705986560887,0.35443115365501243
1776265348.477682,119.60715579986572,8.192799240796381,6.043220300429989,1.8680341926579287,-1.8818498084763844,0.7186144557476464
1776265348.48929,119.61876368522644,8.193463550438295,6.022817613432201,1.8682867914414962,-1.88467704903444,1.7587235927634712
1776265348.5052137,119.63468742370605,8.194128521971786,6.002304195555658,1.8685401742180683,-1.8874556065130048,1.2890036524915283
1776265348.5492764,119.67875003814697,8.194805009558333,5.981689419424808,1.8687960517271764,-1.8901928705861617,0.46813971899375206
1776265348.5607266,119.6902003288269,8.195495758927006,5.960976632989113,1.8690551042982446,-1.892891190525229,1.8100780757617991
1776265348.608581,119.73805475234985,8.196196789724521,5.940162175432177,1.869316045598934,-1.89555006926048,0.4352344609690755
1776265348.6098313,119.73930501937866,8.196904344431973,5.919240998114438,1.8695780771783843,-1.8981658971968982,16.744245914418176
1776265348.6499298,119.77940344810486,8.197618430928598,5.89821084241197,1.869841092055816,-1.9007349503502575,0.5248065848039561
1776265348.6629758,119.79244947433472,8.19834116755156,5.877072653353517,1.8701044443055512,-1.9032583127086202,1.6213504490282664
1776265348.674537,119.80401062965393,8.199068835233541,5.8558237490462774,1.8703681451260339,-1.9057389886607845,1.8391756529008443
1776265348.6930099,119.8224835395813,8.199796901962623,5.834461128712664,1.8706322853357658,-1.9081723187278608,1.1571893949465644
1776265348.6998875,119.82936120033264,8.200523869584398,5.812985572605478,1.8708972677647444,-1.910559173695607,3.12453483986555
1776265348.804186,119.93365979194641,8.200523869584398,5.812985572605478,1.8708972677647444,-1.910559173695607,0.0
1776265348.8241537,119.95362734794617,8.201249938757076,5.7913999054958385,1.871163315418841,-1.9129025023912987,1.0817304569211053
1776265348.832875,119.9623486995697,8.201981074734439,5.769711474935689,1.8714329496581907,-1.9152086190175661,2.4884245777087663
1776265348.8612294,119.99070310592651,8.20272498459584,5.747928769037455,1.871706791951597,-1.9174837912467693,0.7687385495878206
1776265348.895821,120.0252947807312,8.203482949087832,5.7260534766675475,1.8719840809741581,-1.9197298776503455,0.6328163166303132
1776265349.023253,120.15272665023804,8.203482949087832,5.7260534766675475,1.8719840809741581,-1.9197298776503455,0.0
1776265349.0735285,120.20300221443176,8.204259328631577,5.70408702890196,1.8722642377767469,-1.9219526284176243,0.43722928467053496
1776265349.0898862,120.21935987472534,8.205049067175022,5.682021074560852,1.8725479104598823,-1.924143258297777,1.3499427129489863
1776265349.1095748,120.23904848098755,8.205849023416818,5.659848455438438,1.8728330653870073,-1.9262962116357483,1.1269907653685982
1776265349.13186,120.26133370399475,8.206657915986957,5.637565694841786,1.8731179341246662,-1.9284124277443528,1.0006297588606914
1776265349.1791391,120.30861282348633,8.207474373981183,5.615170828515309,1.8734029446037221,-1.9304937839105338,0.47402652400989187
1776265349.1972964,120.32677006721497,8.208299878856836,5.592665649771914,1.8736876126310205,-1.9325388277836824,1.2403927118614442
1776265349.198498,120.32797169685364,8.20912501076058,5.570044656166525,1.873971765428304,-1.9345428685160513,18.839266457040917
1776265349.2213962,120.35086989402771,8.20994761125629,5.547309399080915,1.8742552807561483,-1.9365058310077556,0.9936109872377334
1776265349.3088446,120.43831825256348,8.210771726385262,5.524467652257694,1.8745394801581599,-1.9384360817162622,0.26139284872871404
1776265349.320535,120.45000863075256,8.211604329925946,5.501529369295311,1.8748261803272086,-1.9403423798396942,1.9635959421154479
1776265349.3263142,120.45578789710999,8.2124453161198,5.478497483059201,1.875116368002402,-1.9422269001541843,3.9882331741007087
1776265349.3323648,120.46183848381042,8.213293507643966,5.4553714560762785,1.8754093885148304,-1.944093972125887,3.8249896215864254
1776265349.4236252,120.55309891700745,8.21414654682276,5.4321480866295175,1.8757055742256137,-1.9459390787564392,0.25466587910206184
1776265349.454821,120.58429479598999,8.215004153795872,5.408824631470338,1.8760043207185737,-1.947760356074889,0.7482119334912181
1776265349.4559429,120.58541655540466,8.215869696203962,5.385401511535711,1.876306113951635,-1.9495594295279697,20.896681543994525
1776265349.4765146,120.60598826408386,8.216749999125447,5.3618819105812054,1.8766123223664872,-1.9513350841930537,1.1441957294220713
1776265349.5373447,120.66681838035583,8.217644419567023,5.338263499784065,1.8769225708760415,-1.953088857108434,0.3885801640501486
1776265349.5510397,120.68051338195801,8.218549048624572,5.314541770684001,1.8772349853090615,-1.9548152793343556,1.7335541985314975
1776265349.5584443,120.68791794776917,8.219460080310398,5.290712049684718,1.877550317559478,-1.956505703683541,3.220879490918409
1776265349.5727496,120.70222330093384,8.220379778450104,5.266776184608157,1.8778681390862624,-1.9581650075609478,1.6745924158978178
1776265349.673441,120.8029146194458,8.220379778450104,5.266776184608157,1.8778681390862624,-1.9581650075609478,0.0
1776265349.6751308,120.80460453033447,8.221314765686106,5.242740866091788,1.8781879567041573,-1.959802664620627,14.234847312476363
1776265349.7280636,120.85753726959229,8.222265336755912,5.21860802668964,1.8785103682069388,-1.9614240512226777,0.45630937453624126
1776265349.7728784,120.90235209465027,8.223228603427215,5.194376020681751,1.8788341274468194,-1.96302326266586,0.5411893333713959
1776265349.7748199,120.90429353713989,8.224209020384738,5.170048778417565,1.8791586962755336,-1.9646060755344632,12.541784615495539
1776265349.7751288,120.90460252761841,8.225201222271723,5.145621976301227,1.8794835588298724,-1.9661665871227971,79.12575046403008
1776265349.8335838,120.96305751800537,8.226198777394504,5.121089372488912,1.8798083011863234,-1.967701442624348,0.420067204605544
1776265349.8536694,120.98314309120178,8.227199367604108,5.096448974695546,1.8801332889062625,-1.9692009767947378,1.2278886111047993
1776265349.8629105,120.99238419532776,8.228208068354503,5.0717070289636315,1.880459370549596,-1.9706710773647143,2.6798362546215655
1776265349.8944654,121.02393913269043,8.229225685992814,5.04686614064971,1.8807855654097156,-1.972115683490285,0.7879547554700759
1776265349.9290922,121.05856585502625,8.230256499254583,5.021931210207202,1.8811126172694488,-1.9735388972530246,0.7207835324500715
1776265349.9304798,121.05995345115662,8.231302286398865,4.996904173018777,1.8814414085287166,-1.9749454926962535,18.053549341434806
1776265349.9418156,121.07128930091858,8.232361747532686,4.971783281571541,1.8817716480873155,-1.9763330764442548,2.218218467847518
1776265349.9611459,121.0906195640564,8.233439818788646,4.946570190929537,1.8821043861039102,-1.9777023232338025,1.3056377821875738
1776265350.0371218,121.16659545898438,8.23452912404828,4.9212573108427025,1.882438929170022,-1.979047054224571,0.33350730814936136
1776265350.071631,121.2011046409607,8.23562717482784,4.895841412754748,1.8827747101297874,-1.9803649572975426,0.737247920625673
1776265350.0732696,121.20274329185486,8.236729869110828,4.870318899445194,1.8831106524226018,-1.9816522321050936,15.591198771459334
1776265350.0891397,121.21861338615417,8.237832824472285,4.844687343741606,1.8834457714805166,-1.9829116475195094,1.6167178088351184
1776265350.1327922,121.26226592063904,8.238941341720396,4.818953368552198,1.8837818907819293,-1.984150017602657,0.5901153881568152
1776265350.16354,121.29301357269287,8.240060473122913,4.793124437135059,1.8841205644682613,-1.9853774929854435,0.8408896848520161
1776265350.1642165,121.29369020462036,8.241197902464352,4.767209382219964,1.8844625789216312,-1.986597341685871,38.340281808660656
1776265350.1697524,121.29922604560852,8.242353582163261,4.741208230192843,1.884806090565371,-1.987812036387279,4.701921460695781
1776265350.228785,121.35825872421265,8.2435256488466,4.715117693804213,1.8851506797462811,-1.9890169888302895,0.4424519321514563
1776265350.2472444,121.376718044281,8.244709609068522,4.6889312749721235,1.8854949659020763,-1.9902043635111635,1.4201731683309604
1776265350.2839465,121.4134202003479,8.244709609068522,4.6889312749721235,1.8854949659020763,-1.9902043635111635,0.0
1776265350.2884965,121.41797018051147,8.245899044932592,4.6626415820160245,1.8858383192186399,-1.991373950072453,5.784382592579241
1776265350.2901406,121.41961431503296,8.247085249997971,4.636240575747169,1.8861818994421642,-1.9925147388062077,16.07525057969582
1776265350.2945673,121.42404103279114,8.24826214418441,4.609721977338524,1.8865267514316582,-1.9936227159058584,5.9969806576154125
1776265350.386928,121.51640176773071,8.249434307741646,4.583095757257643,1.8868743994571762,-1.9947073847163685,0.28858882393166974
1776265350.4009867,121.53046035766602,8.25059977857501,4.556368273826339,1.8872257429008756,-1.9957665771784885,1.903120374093824
1776265350.430014,121.55948758125305,8.251764644338296,4.529550497516328,1.8875806239948572,-1.9968174391940807,0.9248355710047746
1776265350.4505012,121.57997488975525,8.25293737011612,4.502653070878019,1.8879417638089635,-1.9978629634238227,1.3142478865464364
1776265350.4938688,121.62334251403809,8.254118515279247,4.475676495230168,1.8883090023991715,-1.9988975836972056,0.6226976586754797
1776265350.5076032,121.63707685470581,8.255305162560761,4.4486151568945616,1.8886804735856346,-1.9999210841878685,1.9724201496582046
1776265350.5214784,121.65095210075378,8.256493121699538,4.421462705196137,1.8890557627467974,-2.0009296853502447,1.9589575266442214
1776265350.535255,121.66472864151001,8.257674022761702,4.394209958336848,1.8894333752171029,-2.001915812039327,1.9802455443767941
1776265350.5987275,121.72820115089417,8.258849176252243,4.3668553104669305,1.889811469182799,-2.0028776205898327,0.43140706443406873
1776265350.6194599,121.74893355369568,8.260023429158013,4.339399853762157,1.890189289874005,-2.0038168376034045,1.3256135176794694
1776265350.6264343,121.75590801239014,8.261197437503853,4.311840656231753,1.8905664821570412,-2.004725788299038,3.9553995915285243
1776265350.6477609,121.77723455429077,8.262374747541518,4.284186424354111,1.8909447665194532,-2.005616117334485,1.2980006796827437
1776265350.7066982,121.83617186546326,8.263561511259557,4.256446610733835,1.8913261278835722,-2.0064972429600183,0.47114139454925696
1776265350.7372406,121.86671423912048,8.264755615111575,4.228621368819504,1.8917129206420753,-2.007371462189931,0.9119637632857232
1776265350.7447376,121.87421131134033,8.26595497670593,4.200711267082136,1.8921050540058502,-2.008238916421955,3.7266029643170118
1776265350.7621112,121.89158487319946,8.267157377728944,4.172716320382146,1.892501351551205,-2.009099618313458,1.61300021590731
1776265350.8244576,121.95393133163452,8.26836611814172,4.144638696254112,1.892901238148074,-2.009955153422351,0.4508110925406072
1776265350.8289218,121.95839548110962,8.269579558274101,4.116474098214451,1.8933027063383063,-2.010799577740159,6.315555621510769
1776265350.8542302,121.98370385169983,8.270782783694784,4.088209721609357,1.8937065603158334,-2.011623042045219,1.1179249277108336
1776265350.882565,122.01203870773315,8.27196918481121,4.059838685942791,1.8941116816966788,-2.0124186750930178,1.0022539248958922
1776265350.9568434,122.08631706237793,8.27196918481121,4.059838685942791,1.8941116816966788,-2.0124186750930178,0.0
1776265350.9575832,122.08705687522888,8.273137721541788,4.031359962813306,1.8945184792082252,-2.013183785077732,38.53081150821425
1776265350.9578712,122.08734488487244,8.274288060806771,4.002778283334991,1.894925902998577,-2.013917486853116,99.32903711036343
1776265350.962407,122.09188079833984,8.27542515981148,3.9741058743779343,1.8953350876551665,-2.01463233259483,6.3268105337554275
1776265350.9751744,122.10464811325073,8.276562430324594,3.945358182547011,1.8957491947665828,-2.0153436442891697,2.2536577799104736
1776265350.994265,122.12373876571655,8.277707398154243,3.9165438349657515,1.8961691207120182,-2.0160585118901184,1.5106945255124449
1776265351.0641694,122.19364309310913,8.278855798219098,3.887654987891988,1.8965942387529258,-2.0167690347759453,0.41363375141797554
1776265351.0960217,122.22549533843994,8.280009897637356,3.8586858778962116,1.897024420104847,-2.017476130717668,0.9103057244460779
1776265351.1092572,122.23873090744019,8.281170030526493,3.8296321224473546,1.897456909742848,-2.0181707863368423,2.1971193568955285
1776265351.114058,122.24353170394897,8.282335183570755,3.800480873926326,1.8978903153050148,-2.018840698372582,6.077688022808562
1776265351.1633468,122.2928204536438,8.283503548540716,3.7712291709081507,1.8983253247883451,-2.0194869023010202,0.5940150439874433
1776265351.1759355,122.30540919303894,8.284672376622373,3.7418759587418604,1.8987613286596214,-2.0201102683843235,2.333808688262991
1776265351.1834767,122.31295037269592,8.285837780812098,3.7124240315664943,1.8991986188622412,-2.020711649097347,3.908966565754817
1776265351.2082832,122.33775687217712,8.286998687623194,3.682880288662004,1.8996400854180597,-2.021295724741881,1.1920197933614034
1776265351.2455056,122.37497925758362,8.28816396597946,3.6532586440541857,1.9000880763881762,-2.0218693398784566,0.7965083527842435
1776265351.259817,122.38929057121277,8.289334469076227,3.623548455389301,1.9005434730685395,-2.0224280597517694,2.077847296548143
1776265351.275496,122.40496969223022,8.290524591991504,3.5937739030555718,1.901009695081953,-2.0229933078542857,1.9007427205867653
1776265351.2820184,122.4114921092987,8.291732506108778,3.5639407532020946,1.9014838649884722,-2.023563615014804,4.578265703961869
1776265351.330108,122.45958161354065,8.292949267276066,3.534031372278761,1.901964523064313,-2.024127098093634,0.6225470570951782
1776265351.3648424,122.49431610107422,8.292949267276066,3.534031372278761,1.901964523064313,-2.024127098093634,0.0
1776265351.3654075,122.49488115310669,8.29416713698999,3.504018590770516,1.9024497242345808,-2.0246616154699364,53.16572230471816
1776265351.37922,122.50869369506836,8.29538416428756,3.473902357839064,1.9029388215824357,-2.0251616458515973,2.182420996979851
1776265351.3925896,122.52206325531006,8.296596382074048,3.4436779857684847,1.9034289808743272,-2.0256228294728666,2.2628001394772634
1776265351.4273531,122.55682682991028,8.297802113676834,3.4133442430428267,1.9039198061111053,-2.026038389462568,0.8733757800122562
1776265351.4551098,122.58458352088928,8.298998860927334,3.382913088812278,1.9044126984179979,-2.0264227812125415,1.0973449741630048
1776265351.4641953,122.5936689376831,8.300186386113023,3.3523869971399733,1.9049071846893004,-2.0267716475503006,3.362881849450444
1776265351.4778085,122.60728216171265,8.301375739085449,3.321788477474716,1.9054066322102736,-2.0271041170851256,2.2497020927511358
1776265351.535872,122.66534566879272,8.302569781648781,3.2911302759134466,1.9059107759312002,-2.027427113291296,0.5284831744829204
1776265351.5452826,122.67475628852844,8.303785976335023,3.2604381346310953,1.906424270979657,-2.027751267320105,3.264452370491195
1776265351.5541914,122.68366503715515,8.305036500113777,3.2297340667450296,1.9069515525432306,-2.028090267245708,3.449872466531153
1776265351.5789392,122.7084128856659,8.306324668875604,3.1990263488842747,1.907490149917637,-2.0284444971389664,1.24210570213492
1776265351.5881135,122.71758723258972,8.307644952186644,3.1683059602900183,1.9080378062425016,-2.028809827807559,3.3521321607933174
1776265351.6600847,122.78955841064453,8.308980200361963,3.137538744036752,1.908595598122851,-2.0291605905377628,0.4279661432743128
1776265351.6695528,122.79902648925781,8.310329761688172,3.106736125862159,1.909161625385064,-2.0294997300902735,3.2569822011891665
1776265351.6781912,122.80766487121582,8.311697835146123,3.0759196332997525,1.909737142489277,-2.0298414464598915,3.5715268601002736
1776265351.6979573,122.82743096351624,8.313084042259835,3.0450974514926834,1.9103232883762142,-2.030192929774328,1.5612041421517662
1776265351.7809227,122.91039633750916,8.314472101539867,3.0142442919748684,1.9109165883932222,-2.0305357988155595,0.37232479434130533
1776265351.8137386,122.9432122707367,8.315863817417956,2.983370563611949,1.911512880497607,-2.030877978749858,0.9419458491061373
1776265351.8198543,122.94932794570923,8.317264910301104,2.9524944185729414,1.912115276859481,-2.0312261189272784,5.054844791814946
1776265351.8330932,122.96256685256958,8.318674411569033,2.9216368170926614,1.9127267317635188,-2.0315828665271884,2.3337143733153423
1776265351.8710406,123.00051426887512,8.32009544341283,2.8908146707057987,1.9133436658811585,-2.0319513207769853,0.8132583688930974
1776265351.8813758,123.0108494758606,8.321534882876284,2.86005946921127,1.9139662325528513,-2.0323311060317444,2.979636683307449
1776265351.8964128,123.02588653564453,8.32299229454642,2.8293804258032127,1.9145938731144416,-2.032722410724155,2.0429561312219855
1776265351.9066553,123.03612899780273,8.32445509865478,2.7987609560974254,1.9152277577298582,-2.0331203997543033,2.993513106356484
1776265351.9896061,123.11907982826233,8.3259176251595,2.768200592683,1.9158687839918012,-2.0335284997554806,0.368917994601278
1776265352.110793,123.24026679992676,8.327374487581437,2.737691661421173,1.916514519191082,-2.033944848016722,0.25209410036665536
1776265352.111967,123.24144077301025,8.328831483536346,2.707245122031391,1.9171640568010964,-2.0343700912753477,25.97018740597909
1776265352.1123295,123.24180316925049,8.330300040865987,2.6768945302060696,1.9178199019156383,-2.0347984424099175,83.86725297044889
1776265352.1337354,123.26320910453796,8.331777873732921,2.646648234129337,1.918482022240707,-2.035229066568296,1.4150101502257144
1776265352.1452324,123.2747061252594,8.333259977514446,2.616501641681554,1.9191540956763025,-2.0356629795302537,2.6259398124431272
1776265352.1589334,123.28840708732605,8.334739754100832,2.586451551205302,1.919835616418463,-2.0360977315500883,2.196504231465285
1776265352.1713529,123.30082654953003,8.336204226910557,2.556482674005413,1.9205238939710505,-2.0365450258374156,2.416572500784252
1776265352.2170012,123.34647488594055,8.337648237451502,2.526600063529497,1.9212156081503193,-2.0370098599191055,0.6555655075996204
1776265352.2348425,123.36431622505188,8.339076402070045,2.4968146341701436,1.9219069767064754,-2.037488566398854,1.6718286814852523
1776265352.2417479,123.3712215423584,8.34048850122216,2.467135587719165,1.9225942568168206,-2.0379777863101958,4.304011954213178
1776265352.2565386,123.38601231575012,8.341883918559533,2.437578594040375,1.9232774086247244,-2.038479518922466,2.0010988712860676
1776265352.2740638,123.40353751182556,8.34327100791846,2.408159683667634,1.9239548194538005,-2.038981120988912,1.6809730349062155
1776265352.3164961,123.44596982002258,8.344661611922264,2.378899259630747,1.9246254379807326,-2.039469508648181,0.6905380875614789
1776265352.3371515,123.46662521362305,8.346064291887402,2.3498091073321303,1.925284547938257,-2.03993536326292,1.4103535364676363
1776265352.339479,123.46895265579224,8.34747621876376,2.3208879806059635,1.9259314530629295,-2.0403801394242156,12.444045708576306
1776265352.3614612,123.4909348487854,8.348889916377146,2.292128366253832,1.9265671718235609,-2.0408164840399903,1.3102130359415047
1776265352.4108312,123.5403048992157,8.350303079877522,2.263527045309117,1.927192710311219,-2.0412424274962184,0.5801704140097234
1776265352.4308846,123.56035828590393,8.351712370878012,2.2350811622094686,1.9278079436538733,-2.041661666816047,1.4205788072592171
1776265352.4364574,123.56593108177185,8.353122643958478,2.20679628858788,1.9284129959096967,-2.0420689884770606,5.082991193810513
1776265352.445243,123.57471656799316,8.3545242921872,2.1786673397229204,1.9290091434729788,-2.0424737261366674,3.2064426255451246
1776265352.4792309,123.60870456695557,8.355907397820452,2.150689901769895,1.9295944693066127,-2.042884559096717,0.8243415511396949
1776265352.4991055,123.62857913970947,8.357264844157466,2.1228642859632814,1.9301681828099158,-2.043307008644286,1.402023286469836
1776265352.5134099,123.64288353919983,8.358599400166089,2.095199983139028,1.9307300375521765,-2.0437337722380073,1.9366190590242172
1776265352.5185876,123.64806127548218,8.359917271647445,2.067709069868734,1.9312787521195942,-2.04415276102571,5.3166000156728925
1776265352.5543795,123.68385314941406,8.361228753281091,2.040406194433516,1.9318128466347175,-2.0445528543575096,0.7638486038249072
1776265352.5616584,123.69113206863403,8.362540408908805,2.0132998078141973,1.9323309439552692,-2.0449227126089364,3.7289942768872826
1776265352.591091,123.72056460380554,8.363851186822405,1.986388261695684,1.9328325072654218,-2.045265856539764,0.9155893983471072
1776265352.5923193,123.72179293632507,8.365158855745133,1.9596663855383452,1.9333183727149321,-2.04558888325042,21.784219055682136
1776265352.6196907,123.74916434288025,8.366460428252356,1.9331276420490147,1.9337881771858927,-2.0458939836878645,0.9708962030917706
1776265352.6330817,123.76255536079407,8.36775007629412,1.9067638730770728,1.934243120597295,-2.046192697055511,1.9714120161939588
1776265352.670397,123.79987072944641,8.369030037978382,1.8805753731251686,1.9346829893339057,-2.046484905049883,0.7027519942812089
1776265352.6738691,123.80334281921387,8.37029805357207,1.854561064823925,1.9351088103192813,-2.0467738573746637,7.502304336977407
1776265352.703126,123.83259963989258,8.371546120668759,1.828715928538245,1.9355203653706219,-2.04706948728081,0.8845296791309031
1776265352.7115266,123.84100031852722,8.37277541312635,1.803043368582255,1.935916710448645,-2.0473683508609146,3.0598754510147104
1776265352.735664,123.86513757705688,8.373990054357249,1.7775504999178613,1.9362976247739823,-2.047663903039146,1.0574784723283763
1776265352.7451031,123.8745768070221,8.375197289174011,1.7522468391221306,1.9366628545223183,-2.047943692374546,2.68401932639203
1776265352.760208,123.8896815776825,8.37639593280192,1.7271337427596805,1.9370115649591184,-2.048205390231744,1.664646510422622
1776265352.7939568,123.92343044281006,8.377579253306981,1.702206299758798,1.9373437011931154,-2.048457226638303,0.7395129788587949
1776265352.8071873,123.93666100502014,8.378746251067987,1.6774636609362528,1.9376597329857312,-2.0487020625549874,1.8723437526921378
1776265352.813758,123.9432315826416,8.379897203187463,1.652906413483431,1.9379603701769457,-2.048937863233437,3.7418388026298888
1776265352.8363159,123.9657895565033,8.381027302327354,1.6285302902865204,1.9382453341865618,-2.0491759657278625,1.0818333821825221
1776265352.8735614,124.00303506851196,8.382130055096564,1.6043300183156608,1.9385145809565338,-2.049419937540069,0.6504644137233943
1776265352.8819747,124.0114483833313,8.383202961830499,1.5803043694176888,1.9387683862925396,-2.049673796986229,2.858674963569901
1776265352.8931003,124.0225739479065,8.384248627730939,1.5564582279111343,1.9390079995174683,-2.0499344467211738,2.145532435913498
1776265352.9104254,124.03989911079407,8.385271368043114,1.5327972630968778,1.9392328417819928,-2.050192604770254,1.3670362467666861
1776265352.9381032,124.06757688522339,8.386272655858331,1.5093247801016365,1.9394415639752682,-2.0504462307309184,0.8488672716897357
1776265352.9591534,124.08862709999084,8.387260995145475,1.4860483643369211,1.9396336909050622,-2.0506858466989555,1.1067906760996005
1776265352.9828491,124.11232280731201,8.388240290561868,1.462971343539435,1.9398098359347469,-2.0509065206893995,0.9747951999261931
1776265352.9981327,124.12760639190674,8.389211418092595,1.4400920388505338,1.9399714248386288,-2.051105604385491,1.4983707165018045
1776265353.0224717,124.15194535255432,8.390177597446279,1.4174082418782339,1.9401186708006954,-2.051281315877397,0.9328599466857467
1776265353.0272102,124.15668392181396,8.391137443277753,1.3949137882572873,1.940253280047615,-2.0514423075175268,4.7515028130380035
1776265353.036726,124.16619968414307,8.392085688252342,1.3726002980498426,1.9403771191691037,-2.0516030144896247,2.3470503177862834
1776265353.0524905,124.18196415901184,8.393017431000521,1.3504610477641588,1.9404910512535232,-2.051768927568873,1.4056377487274547
1776265353.1040518,124.23352551460266,8.393927077177338,1.3284906068342188,1.9405947085532618,-2.0519476157817507,0.42647265683262103
1776265353.1145582,124.24403190612793,8.394807990517016,1.3066854457244281,1.9406882126679026,-2.052147922534246,2.077130693443613
1776265353.1211379,124.2506115436554,8.395662645472305,1.2850516212438983,1.9407723236845582,-2.052358826203832,3.290585989499142
1776265353.1401656,124.26963925361633,8.396499178476443,1.2636010772533892,1.9408457679564417,-2.0525689522774204,1.1281954119794155
1776265353.1822512,124.31172490119934,8.397318751891303,1.2423387435675632,1.940907642594435,-2.052773708481599,0.5055931073691028
1776265353.197207,124.3266806602478,8.398125784956989,1.2212694535518223,1.9409573582504416,-2.05296604465601,1.4098113706967832
1776265353.2060525,124.33552622795105,8.398919933623025,1.200391890911433,1.9409944666993075,-2.0531445245239186,2.361939323866769
1776265353.2315261,124.36099982261658,8.399700245674438,1.1797038250169163,1.9410191737001723,-2.0533128083832017,0.8127157386356244
1776265353.2461154,124.37558913230896,8.400467676509557,1.159203406444714,1.9410325619125104,-2.053473705404342,1.4061516745800495
1776265353.2898424,124.4193160533905,8.401229977338,1.1388934894030756,1.9410354655443443,-2.053621373728137,0.46479874625314255
1776265353.2959063,124.42537999153137,8.4019940427062,1.1187766144611926,1.9410273098444637,-2.0537486942955336,3.3198527097112
1776265353.2998707,124.42934441566467,8.4027553205796,1.0988458882399752,1.9410099255423408,-2.053865111652946,5.0310629705761185
1776265353.3098023,124.43927597999573,8.403506501099152,1.0790915864641393,1.9409854556263477,-2.053983943722987,1.990481394761904
1776265353.369619,124.49909257888794,8.404243479504679,1.0595081084386804,1.9409534870086886,-2.0541077377871386,0.3276242177994701
1776265353.3939614,124.52343511581421,8.404960326847497,1.0400899145836344,1.9409127651729197,-2.0542437738388606,0.7982513796596308
1776265353.4029434,124.5324170589447,8.405658442783642,1.0208401614274742,1.9408631588260805,-2.054387095891236,2.144577360133688
1776265353.4063244,124.53579807281494,8.406345933090249,1.0017689451827219,1.9408054855491885,-2.0545318386125113,5.644369300924024
1776265353.5214744,124.65094804763794,8.406345933090249,1.0017689451827219,1.9408054855491885,-2.0545318386125113,0.0
1776265353.5242877,124.65376138687134,8.407030911650805,0.982885714043349,1.9407400919764302,-2.0546628344455344,6.716489640576451
1776265353.540276,124.66974973678589,8.407714852927246,0.9641930182057725,1.9406657130511955,-2.0547713968576575,1.169936353001146
1776265353.567927,124.69740056991577,8.408391423987183,0.9456851882896131,1.94058243930567,-2.0548682943528265,0.6697946227894058
1776265353.57632,124.70579361915588,8.409050699817088,0.9273526434898455,1.9404917053997495,-2.0549685022304467,2.1856919086922972
1776265353.6336234,124.76309704780579,8.4096900536645,0.9091909663989876,1.9403945815230217,-2.0550755751403322,0.3171396075549743
1776265353.6577609,124.78723454475403,8.410314706384746,0.8912034545041994,1.940289994636908,-2.0551821983188394,0.7456721258134545
1776265353.663889,124.79336261749268,8.410926746747535,0.8733920884393013,1.9401773546376462,-2.055288508935891,2.9082935617234766
1776265353.6816506,124.81112432479858,8.411517976588772,0.8557519827663211,1.9400581508759112,-2.055402833113789,0.9937340491765912
1776265353.7241592,124.85363292694092,8.412086575744487,0.8382831129527437,1.9399316706895078,-2.055522384148291,0.41117745256255805
1776265353.7495525,124.87902617454529,8.412632932951576,0.8209876307503502,1.9397969494002194,-2.0556433499907096,0.6814659688055246
1776265353.7706985,124.90017223358154,8.413156975134266,0.8038672258288607,1.9396537813532992,-2.0557658935321657,0.8100337561653056
1776265353.7771223,124.90659594535828,8.41366424772646,0.786927683553853,1.9395014251416896,-2.0558794835574883,2.6383221109957202
1776265353.844776,124.97424960136414,8.414157174091985,0.7701720316664684,1.9393396743893854,-2.055981549642994,0.24778677553248393
1776265353.8613734,124.99084711074829,8.414629196188889,0.7535947200047227,1.9391705235667547,-2.0560821110588083,0.9992398682040146
1776265353.879464,125.00893759727478,8.415080697181407,0.7371942768918017,1.9389950956381585,-2.0561854909923847,0.9069736533756134
1776265353.9018142,125.03128790855408,8.415516608210305,0.7209730250607107,1.9388128783908167,-2.0562837101440317,0.7260807555443366
1776265353.9168444,125.04631805419922,8.415942359692192,0.7049338597637088,1.9386241524446148,-2.0563734905541327,1.0675827938148723
1776265353.9548774,125.08435106277466,8.416358117641776,0.6890756140176659,1.9384300436018478,-2.0564598184712124,0.4171345606139627
1776265353.9777503,125.10722398757935,8.416762523113055,0.6733950132420132,1.9382312717201409,-2.056543398173914,0.6858359507164963
1776265353.978993,125.10846662521362,8.417149776281349,0.6578845866951608,1.9380285502054162,-2.0566334234098873,12.486813542681167
1776265353.994999,125.12447261810303,8.417515747231347,0.6425392985556131,1.9378235526890923,-2.056736314653809,0.9590795453436421
1776265354.0559297,125.18540334701538,8.417864714565324,0.6273618984204586,1.9376149716585063,-2.0568475185068844,0.2491820548924639
1776265354.0702932,125.19976687431335,8.418199795819612,0.6123556625341138,1.9374018374719735,-2.056960046071225,1.0451116445862076
1776265354.0913904,125.2208640575409,8.418527036372575,0.5975264728226136,1.9371839540695863,-2.0570656900250595,0.7031460060136424
1776265354.10911,125.23858380317688,8.418844321104404,0.5828730998409221,1.9369606270907538,-2.0571672299439956,0.8272414987765317
1776265354.1372633,125.26673698425293,8.419149329334193,0.5683933114287443,1.9367312634700151,-2.057265456795109,0.5145001731530788
1776265354.1547222,125.28419589996338,8.419443858154834,0.5540876727871826,1.936496210275247,-2.057360199649624,0.8196729395732119
1776265354.167404,125.29687762260437,8.419730687217736,0.5399565425460879,1.9362546100338478,-2.057450720441208,1.1146833966453424
1776265354.1767085,125.30618214607239,8.420016589391345,0.5260034519757778,1.9360078364613054,-2.0575330900186,1.5001521567705727
1776265354.2192118,125.34868550300598,8.420307990173846,0.5122317281388823,1.9357561455960135,-2.0575973203578073,0.3241415889470442
1776265354.2236905,125.3531641960144,8.420605853970192,0.49863847225000557,1.9355001355461792,-2.057645673313162,3.03636104627028
1776265354.237062,125.36653566360474,8.42090605864306,0.48521707459427493,1.9352407382483072,-2.0576870234306295,1.0041725353288484
1776265354.2547498,125.38422346115112,8.421203338836818,0.47196022118054376,1.9349777422929912,-2.0577298094637912,0.7498273298428311
1776265354.2759933,125.40546703338623,8.421495224123717,0.45886386213202746,1.9347120979805517,-2.057778058182668,0.6167655983004863
1776265354.2934585,125.42293214797974,8.421773727319259,0.4459217584249924,1.9344453371013517,-2.057839036613698,0.741354896908438
1776265354.3099823,125.43945598602295,8.422036563145472,0.43313368496189175,1.9341777583076571,-2.0579158214131708,0.7742494647498867
1776265354.3202753,125.44974899291992,8.422289129890707,0.4205070813729999,1.9339088204117576,-2.057996464798951,1.227240268550509
1776265354.3444467,125.4739203453064,8.422532305900166,0.40804672414950444,1.9336382547926698,-2.058077156876074,0.5157206906657289
1776265354.3560016,125.48547530174255,8.422763291389913,0.3957527165752426,1.9333640652951587,-2.0581560822342695,1.0644119728733932
1776265354.3694427,125.49891638755798,8.422980085503916,0.38362554084904943,1.933086838187943,-2.058237928202978,0.9026265665006039
1776265354.3807783,125.51025199890137,8.423184094650011,0.3716676626462271,1.9328075516960057,-2.0583216298892566,1.055336015548531
1776265354.396227,125.52570056915283,8.42337778633304,0.35988177092991563,1.9325267488029487,-2.058401947948676,0.7632309778236468
1776265354.422524,125.55199766159058,8.42356681076436,0.3482722089949408,1.9322442029958518,-2.058470625782324,0.44166623858089654
1776265354.4373083,125.56678199768066,8.423751667421225,0.33683785919650494,1.9319586460634188,-2.058528833602761,0.773751933898252
1776265354.4443378,125.5738115310669,8.423928559491282,0.32557279044899917,1.9316716207825488,-2.0585809775355544,1.603251941866317
1776265354.4557512,125.58522486686707,8.424096581478253,0.3144732295479893,1.9313828761604566,-2.0586314001346753,0.9729484351923765
1776265354.5041482,125.63362193107605,8.424256568937922,0.30353705930188757,1.931091151405638,-2.058681765044903,0.22607218867508153
1776265354.5075886,125.63706231117249,8.424409554631797,0.2927638886308188,1.9307966275946444,-2.0587309121381696,3.132875246998103
1776265354.5159233,125.64539694786072,8.424558577347861,0.2821554187309496,1.9304999289700524,-2.0587793262368463,1.2734405555734558
1776265354.5347173,125.66419100761414,8.424708895870161,0.2717159882825724,1.930202671066694,-2.058817575278839,0.5557470605039978
1776265354.5598714,125.68934512138367,8.424854950764896,0.2614405236964353,1.9299045994384172,-2.058850119525006,0.40871344287063516
1776265354.569108,125.69858169555664,8.424996104960117,0.2513273247467441,1.9296058019640336,-2.0588775479948858,1.0954923789216768
1776265354.5786593,125.70813298225403,8.425121584187258,0.24136773540194562,1.9293088810102579,-2.0589142581160367,1.043294451267395
1776265354.5929208,125.72239446640015,8.425222538948818,0.23155518528118693,1.929014016437214,-2.0589711720573383,0.6883924844164553
1776265354.6208389,125.7503125667572,8.425293987125505,0.22188824951227018,1.928721297382332,-2.059054145215707,0.3464286743049026
1776265354.6369424,125.76641607284546,8.425345603890204,0.21237901252128527,1.9284302027200397,-2.059143415551065,0.5907925504718308
1776265354.645536,125.7750096321106,8.425390747753646,0.20304330928697967,1.9281405323868666,-2.0592198286633674,1.0868960042831195
1776265354.660301,125.78977465629578,8.425428399682175,0.19388284548302154,1.927851921996867,-2.0592811762963286,0.6207295290992447
1776265354.6893215,125.8187952041626,8.425456434581724,0.18489445869791077,1.9275636628875434,-2.059331676827152,0.30988565743606517
1776265354.7073228,125.8367965221405,8.425468232620075,0.17607033687147275,1.9272776354317411,-2.0593817759186313,0.49045098745685645
1776265354.7221215,125.85159516334534,8.425462286961801,0.16741441894393289,1.926986328255129,-2.0597445745886453,0.5852443006485425
1776265354.7280502,125.85752391815186,8.425427043637841,0.15901867264769942,1.9265909710120177,-2.060917969404777,1.417687866648885
1776265354.7582893,125.88776302337646,8.425353722264086,0.15094692556256026,1.9260064913160235,-2.062776403254484,0.2676406179102369
1776265354.7651815,125.89465522766113,8.42524208631401,0.14320073514968737,1.9251965481392335,-2.065250649849961,1.130149212549866
1776265354.7791584,125.9086320400238,8.425092943548165,0.13573297213731733,1.9241562151459364,-2.068281098653536,0.5395618000196633
1776265354.7940814,125.92355513572693,8.424912625764774,0.12846126343495984,1.922903919387863,-2.0719314752549622,0.4945994998666857
1776265354.807104,125.93657779693604,8.42471360366821,0.12130317956928094,1.9214652486357213,-2.0762639297423457,0.5608639017767095
1776265354.8364952,125.96596884727478,8.4245013335989,0.11417994703386634,1.91986464317922,-2.0812943854438735,0.2485087459302742
1776265354.8573475,125.98682117462158,8.424278932009424,0.1070233092781022,1.9181234764771096,-2.0869859730674265,0.3533781833281653
1776265354.86421,125.99368357658386,8.424053379338561,0.0998020396948346,1.9162604225526751,-2.0932667124767788,1.0872487376575868
1776265354.8739526,126.00342631340027,8.423828512616142,0.09251396580977789,1.9142958194286688,-2.1000727289291414,0.7750976877428327
1776265354.9111707,126.04064440727234,8.42360733742588,0.08516573850944777,1.9122504174198736,-2.107362933875331,0.20502917274889093
1776265354.9233973,126.05287098884583,8.423398394710008,0.07777149129662972,1.9101440097288644,-2.115108826408804,0.6290606557443212
1776265354.933425,126.06289863586426,8.423211400717728,0.07034611209193799,1.907996932257147,-2.1232966323464826,0.7710510771228998
1776265354.9467762,126.07624983787537,8.423052026585363,0.06289212796544776,1.9058290040844557,-2.131908858773494,0.5815568307315547
1776265354.9760587,126.10553240776062,8.422927346547054,0.05540341656729589,1.9036598323789273,-2.1409301252710216,0.2662860968671148
1776265354.99032,126.11979365348816,8.422848991337295,0.047876344211041796,1.9015080964057032,-2.150347908269813,0.5489688628677032
1776265354.9993477,126.12882137298584,8.422826986044607,0.04030447392871503,1.899391672129396,-2.16015056657007,0.8708867802415325
1776265355.0150561,126.14452981948853,8.422870504564248,0.03267232265613483,1.897327233758492,-2.170315613400588,0.503331120974453
1776265355.0481992,126.17767286300659,8.422994556213183,0.02496758290855291,1.8953275203706896,-2.1808230434066775,0.24020073522371857
1776265355.055618,126.1850917339325,8.423216431224683,0.017183031762247246,1.8934010679172661,-2.191658897440356,1.081357101543819
1776265355.0750046,126.20447826385498,8.423553379233276,0.009308621709936855,1.8915535872623088,-2.2028143648334244,0.4175707972089676
1776265355.0998125,126.22928619384766,8.424028518232136,0.0013359549375225907,1.889787904906457,-2.214292221692097,0.3297194932173041
1776265355.1143665,126.24384021759033,8.424665378092987,-0.006742142120012968,1.888106888552486,-2.2261075545481845,0.568618752144349
1776265355.1271815,126.25665521621704,8.42547823080312,-0.014942485374551501,1.8865132221847574,-2.2382567645876246,0.654952811279636
1776265355.1492665,126.2787401676178,8.426479410436427,-0.023285642944880416,1.8850092724986038,-2.250726402879184,0.3865319495153498
1776265355.1521585,126.2816321849823,8.427683131297398,-0.03178525085536811,1.8835992152243037,-2.26352089061821,3.0080926951125675
1776265355.192205,126.32167863845825,8.429096657663765,-0.040457896206908206,1.8822882802060856,-2.276633115728856,0.22185069840995725
1776265355.2115505,126.34102416038513,8.430723451768122,-0.049325351042394355,1.8810828274868383,-2.290037398091656,0.4701696088354944
1776265355.2200963,126.34957003593445,8.432566297015306,-0.058404868103075686,1.879989903133453,-2.3037223817070096,1.0916248596047236
1776265355.2302327,126.35970640182495,8.43462139058181,-0.06771219486721165,1.8790182249061058,-2.3176670349387685,0.9452019986541427
1776265355.2421904,126.37166404724121,8.436881228766408,-0.07726437872859188,1.87817698988863,-2.3318401455262316,0.8238946858021893
1776265355.2802207,126.40969443321228,8.439340158224567,-0.08707274263805721,1.8774764317975732,-2.3462300873095363,0.2665271228808929
1776265355.2951112,126.42458486557007,8.441988175348898,-0.09714518104272978,1.8769271626433468,-2.3608196123022682,0.7003944206551648
1776265355.3091385,126.43861222267151,8.444812492865795,-0.10749203346296969,1.8765409034838207,-2.3755817889823234,0.7651013073734116
1776265355.321456,126.45092964172363,8.447803673177923,-0.11811765038943121,1.8763294961966577,-2.3905153237440975,0.8963430925844185
1776265355.361978,126.49145174026489,8.450948740827396,-0.12902349449607878,1.8763049396990545,-2.405614753126382,0.2801016803069586
1776265355.3713377,126.50081133842468,8.454229700068574,-0.14021552783747507,1.876479455478081,-2.420857785893015,1.2462433627046008
1776265355.3858385,126.51531219482422,8.45763152116145,-0.15169681838734564,1.8768651730862267,-2.4362298693977307,0.8262179590034874
1776265355.3950322,126.52450585365295,8.46113900924629,-0.16346491940256502,1.8774745678386568,-2.4517354060106094,1.3373127440834143
1776265355.4265985,126.55607223510742,8.464730103799852,-0.17552155110294637,1.8783187959749066,-2.4673497063350185,0.3994240583085156
1776265355.4451134,126.57458710670471,8.468386876403589,-0.18786616442651177,1.879409081036402,-2.483061368488898,0.6978671383578315
1776265355.4480367,126.57751035690308,8.472093853506225,-0.2004915577582836,1.880756114909651,-2.4988696247310047,4.5247995695422185
1776265355.472617,126.60209059715271,8.475827632031823,-0.21339318124300327,1.882367651257007,-2.5147607530566347,0.5503355941426706
1776265355.495588,126.62506175041199,8.479564454524462,-0.22656747495399202,1.884248796029778,-2.5307089437975456,0.6017377711580912
1776265355.5065613,126.63603496551514,8.483286129572399,-0.24000396278816427,1.8864041333171453,-2.546711990093272,1.2856756932590523
1776265355.5281854,126.65765905380249,8.48697159123776,-0.2536918550490872,1.8888371382782805,-2.5627609596039007,0.6651215455372933
1776265355.5309505,126.66042423248291,8.490602938192186,-0.26762183148157315,1.8915500790547577,-2.578849767149573,5.297640986237817
1776265355.5688558,126.69832944869995,8.494170750666575,-0.2817799492677772,1.8945455483262743,-2.5949902897053256,0.3932135745555851
1776265355.5806634,126.71013712882996,8.497664115416578,-0.2961523243963576,1.8978260108026617,-2.6111887402929734,1.2830847292737508
1776265355.5931263,126.72259998321533,8.501071177525118,-0.31072921961590383,1.9013927555751493,-2.6274413082339696,1.2347744843947699
1776265355.6168852,126.74635887145996,8.5043862855017,-0.3255002713719176,1.905247298727491,-2.6437562825564256,0.6575015080450763
1776265355.645494,126.77496767044067,8.50760453962753,-0.34045437560700964,1.9093909977064156,-2.660137934267665,0.5539483112441439
1776265355.6563447,126.78581833839417,8.510716598808367,-0.3555844966677191,1.9138244944841376,-2.676579943005428,1.4810620401957917
1776265355.6755743,126.8050479888916,8.51371615399875,-0.3708847628539446,1.918548184260471,-2.693081963994958,0.8472005017515419
1776265355.6797554,126.8092291355133,8.516599465029492,-0.38634794334927675,1.9235625262401734,-2.7096417284149847,3.9485831393094504
1776265355.693252,126.82272577285767,8.519361089717174,-0.40196782948891724,1.928868333480333,-2.7262545482481237,1.2392714891038388
1776265355.729623,126.85909676551819,8.521996567249156,-0.4177400262631875,1.934465811180766,-2.742919251846796,0.4658175228464464
1776265355.7417936,126.87126731872559,8.524504212372165,-0.4336596623451275,1.9403551129686387,-2.7596323538751872,1.409820191801559
1776265355.753524,126.88299775123596,8.526882219813192,-0.4497215479108746,1.9465366727514892,-2.776395424209524,1.4810922787290202
1776265355.7638662,126.89333987236023,8.529127751450323,-0.4659223271077365,1.953010480842312,-2.793203117910498,1.7008384388318631
1776265355.8088923,126.9383659362793,8.531240609865966,-0.48225844576375465,1.9597767526515233,-2.8100534102608563,0.3954983424377163
1776265355.8227124,126.9521861076355,8.533219966562097,-0.4987267843919045,1.9668361415328368,-2.8269441688300687,1.3043701689705187
1776265355.8298242,126.95929789543152,8.535063354802485,-0.5153249089930327,1.9741880764637207,-2.8438747436424943,2.565716174345898
1776265355.8426,126.97207379341125,8.53676928093519,-0.5320510670052185,1.9818323766336852,-2.8608384698085856,1.4456251939336955
1776265355.8925042,127.02197790145874,8.538337379239351,-0.5489032221634278,1.9897692833338783,-2.8778338332978723,0.3745892639738432
1776265355.90388,127.03335356712341,8.539767745818935,-0.5658790414260372,1.9979990356311355,-2.894862851579084,1.6631687331227776
1776265355.9211125,127.0505862236023,8.541059270351507,-0.5829773033518121,2.0065216392481853,-2.9119207228576913,1.1111574671729703
1776265355.9323533,127.0618269443512,8.542211726485606,-0.6001965801050918,2.0153368642922933,-2.9290071914059927,1.7239864551677753
1776265355.9732745,127.10274815559387,8.543225042436978,-0.6175352076308129,2.0244446587833766,-2.9461195571506527,0.4792476169071576
1776265355.989242,127.11871576309204,8.54409813205224,-0.6349921091376316,2.0338448929426347,-2.963256542311191,1.2429013418747878
1776265355.9960296,127.12550330162048,8.544830172802273,-0.6525664711718642,2.04353738230167,-2.980412886074898,2.9588469162291275
1776265356.0078828,127.1373565196991,8.545421620986833,-0.6702570313177598,2.053522347707967,-2.9975898833403827,1.7145159057300825
1776265356.0538821,127.18335580825806,8.545871889821688,-0.6880627416880621,2.06379965257695,-3.0147820046861886,0.4470456156796567
1776265356.0680323,127.19750595092773,8.546180154623732,-0.7059832631531563,2.0743694599609226,-3.0319893764479997,1.4704949679431696
1776265356.0824578,127.21193146705627,8.54634654686924,-0.7240178984685548,2.0852314695786927,-3.049212212520175,1.4594775720963533
1776265356.095735,127.22520875930786,8.546370817356353,-0.7421656087130284,2.0963854770877837,-3.0664495885306606,1.6043521263368201
1776265356.129353,127.2588267326355,8.546253106358549,-0.7604254174230599,2.107831607221034,-3.0836971194509606,0.6410578031458507
1776265356.1436024,127.27307605743408,8.545993967368364,-0.7787965676017886,2.1195703838066584,-3.100951879837137,1.5300985411664167
1776265356.1513486,127.28082227706909,8.545594313793286,-0.797278366094206,2.131601982688176,-3.1182187459739836,2.8474087602858944
1776265356.1693478,127.29882144927979,8.54505401626526,-0.8158702406106423,2.143926400812062,-3.1354971270815217,1.2396320571469384
1776265356.175809,127.30528259277344,8.544372614260983,-0.8345718338839067,2.156543664235442,3.1304015478618155,3.493204581737451
1776265356.213804,127.3432776927948,8.543549488283363,-0.8533827809166882,2.1694536877654356,3.1131116149426745,0.6008606545545228
1776265356.2372613,127.36673498153687,8.542584655803658,-0.8723025150541694,2.182656396371661,3.095816689338303,0.984388995455948
1776265356.2403512,127.36982488632202,8.541478910018467,-0.8913304988923154,2.1961519211283154,3.0785169419997414,7.558208227110361
1776265356.2514827,127.3809564113617,8.540233387444394,-0.9104669703583739,2.2099400944033825,3.06121033465715,2.1218353285710885
1776265356.2982981,127.42777180671692,8.538849877316999,-0.9297126743014333,2.2240209255806334,3.04389750327785,0.5102346731725682
1776265356.308453,127.43792676925659,8.537328039096982,-0.9490668948375457,2.238394619746724,3.0265802018659116,2.3787233651278554
1776265356.3163261,127.44579982757568,8.535668976646956,-0.9685309757002991,2.2530612121725366,3.00925352740028,3.102693446767765
1776265356.329069,127.45854258537292,8.53387546512221,-0.9881064525261106,2.268018602555554,2.991912961286926,1.9384345579052051
1776265356.3681974,127.49767112731934,8.531945378846805,-1.0077907748891952,2.2832629549884498,2.974562102003665,0.6381976943592769
1776265356.417448,127.5469217300415,8.531945378846805,-1.0077907748891952,2.2832629549884498,2.974562102003665,0.0
1776265356.418155,127.54762864112854,8.5298737352893,-1.0275795378961994,2.298790013948646,2.957210739186066,35.70235637658643
1776265356.4184039,127.54787755012512,8.527660029754951,-1.0474706102867337,2.3145929646077317,2.939859531101034,102.45011346067764
1776265356.4219453,127.5514190196991,8.525309066367251,-1.0674653219243726,2.3306648936259045,2.922499608831043,7.2740622195442315
1776265356.4507139,127.58018755912781,8.52282359210061,-1.0875636214256545,2.346999371352603,2.9051269042174988,0.9043894235630724
1776265356.4665492,127.59602284431458,8.520209844696165,-1.1077691523294615,2.363589960445088,2.887728302250382,1.6592296923722136
1776265356.4733183,127.60279202461243,8.51747714883609,-1.1280879384166471,2.3804266051241565,2.8702860209287575,3.9191012348184344
1776265356.4895406,127.61901426315308,8.514622190667207,-1.1485172790237617,2.3975001663953193,2.8528054287909086,1.6506439694589812
1776265356.5144775,127.64395117759705,8.51163918990514,-1.1690540661039694,2.414803059013896,2.835291619061263,1.083510178653812
1776265356.5257406,127.65521430969238,8.50851170978826,-1.1896865626941988,2.432328121621719,2.81777188396359,2.419473599676953
1776265356.5345259,127.66399955749512,8.505223971209805,-1.2103999339860934,2.4500677019721677,2.800282206243207,3.1267182913483826
1776265356.549633,127.67910671234131,8.50177750950981,-1.2311898017048029,2.468007161601603,2.7828217795987222,1.831931719020935
1776265356.58598,127.71545362472534,8.498191006539312,-1.2520650615343532,2.486136652777223,2.7653521325586703,0.7670643831268928
1776265356.5959582,127.7254319190979,8.4944765062968,-1.2730294483517002,2.5044470608020033,2.747853154185437,2.814264638896419
1776265356.609889,127.7393627166748,8.490634666360025,-1.294078591958302,2.522930903874356,2.7303216969769206,2.0296794263262843
1776265356.6293507,127.7588243484497,8.486662817089185,-1.315207502176037,2.541583008451452,2.712760878604888,1.4624871498442615
1776265356.6317263,127.76119995117188,8.4825539238458,-1.3364088650684138,2.5603974019302074,2.6951806113732064,12.056715268645155
1776265356.66649,127.79596376419067,8.478299983022806,-1.3576732572798704,2.579369872791075,2.6775952433020174,0.8288396302811712
1776265356.681413,127.81088662147522,8.473896346278236,-1.3789922622969721,2.598493130810367,2.66003767131608,1.9416989633181545
1776265356.695528,127.82500171661377,8.469347564419467,-1.4003634953932464,2.6177524532280856,2.6425166072434587,2.06348733590821
1776265356.704134,127.83360767364502,8.46465781172881,-1.421784708044829,2.6371356981038474,2.6250402281314438,3.400813712584356
1776265356.7355046,127.86497831344604,8.459831054867792,-1.4432531726499596,2.6566325390096397,2.6076003154292726,0.9371600010433544
1776265356.7570908,127.88656449317932,8.454866973312699,-1.464764037418325,2.676235385222027,2.590193747915033,1.3676990402759641
1776265356.7733042,127.90277791023254,8.449770521648146,-1.486320421142802,2.6959407187057023,2.5728204740522203,1.8285546426640775
1776265356.783038,127.91251158714294,8.44453422379131,-1.5079129015123665,2.7157413901435437,2.555497503928344,3.0575350860433956
1776265356.8103623,127.93983602523804,8.439160545348967,-1.5295394196186407,2.735634673906226,2.5382422009988304,1.093227124572487
1776265356.8203342,127.94980788230896,8.43363676926664,-1.5511839449523797,2.75561207797585,2.521087011701631,3.005279808598168
1776265356.838583,127.96805667877197,8.42796079853324,-1.5728387136503517,2.775662503717333,2.5040365488810203,1.6468322985261963
1776265356.8464313,127.97590494155884,8.422129206724552,-1.5944925997389894,2.795778015529215,2.4871092263310604,3.8384638253272447
1776265356.8921075,128.02158117294312,8.416144797535916,-1.6161388988621104,2.8159508240920337,2.4703094862266406,0.6609134960280045
1776265356.9064512,128.03592491149902,8.410011697313942,-1.6377743616145715,2.8361732871777963,2.453637595482713,2.108465872061583
1776265356.9138703,128.0433440208435,8.40373148701525,-1.6593935841382264,2.8564378033934372,2.4370857420268677,4.082696616873985
1776265356.9316492,128.0611228942871,8.397305068919565,-1.6809904818363774,2.8767401944286837,2.4206451090496,1.705960161432224
1776265356.9594138,128.08888745307922,8.390726644650064,-1.7025493844290167,2.8970776887825296,2.4043365433208668,1.0934483516420195
1776265356.9722822,128.10175585746765,8.383979713128356,-1.724041501713469,2.917445448427933,2.388202129809845,2.3599683730540697
1776265356.9887328,128.11820650100708,8.3770799753507,-1.7454766695113146,2.93784129854897,2.3722395123348017,1.8468554175025271
1776265356.997673,128.12714672088623,8.37005168882283,-1.7668737793371356,2.958261483874365,2.356399346197699,3.400468820963669
1776265357.0371523,128.1666259765625,8.362905391610836,-1.7882400893963164,2.978699697156387,2.3406524773467923,0.7705033209130818
1776265357.0447903,128.1742639541626,8.355636898720386,-1.8095674816027585,2.999150873049692,2.3250126455209794,3.9839406948972136
1776265357.0588417,128.18831539154053,8.348228072098555,-1.8308305799578395,3.019607153436465,2.3095102299180517,2.1650119419930163
1776265357.0677097,128.1971833705902,8.340668712694773,-1.852010885534828,3.0400622025489255,2.2941500992961212,3.42806086437987
1776265357.082076,128.21154975891113,8.332956614838803,-1.8730993240522087,3.060514668878974,2.2789298867626764,2.11415134538868
1776265357.1318817,128.26135540008545,8.325090689120218,-1.8940869353961016,3.0809590621273215,2.2638759807548507,0.6091051490796874
1776265357.184819,128.31429266929626,8.325090689120218,-1.8940869353961016,3.0809590621273215,2.2638759807548507,0.0
1776265357.1865146,128.31598830223083,8.317075863878854,-1.914973409108433,3.101387448319603,2.2489768126678866,17.86662245066113
1776265357.189113,128.31858658790588,8.308917492198017,-1.9357572723551002,3.1217943063588294,2.234259481689167,11.641689699247596
1776265357.1893387,128.3188123703003,8.30062750498141,-1.9564463328353876,3.1421727346376143,2.219698875555963,133.7572138766367
1776265357.2213647,128.35083842277527,8.292208667408124,-1.9770389728617908,3.16251563107863,2.2052839026347315,0.9412887831620347
1776265357.235573,128.36504673957825,8.283655222900835,-1.997521980044395,3.182818083526565,2.1910214287168674,2.1171847597667357
1776265357.259192,128.38866567611694,8.274965488887682,-2.0178883421353295,3.203077134382531,2.1769075153767994,1.270681805803725
1776265357.2708552,128.400328874588,8.26614321202227,-2.0381400232598694,3.2232918471844445,2.162939962054417,2.5673268417264308
1776265357.2988894,128.4283630847931,8.257193714115271,-2.058284278896344,3.243458396868236,2.1491366797858062,1.0656972798573179
1776265357.3147697,128.4442434310913,8.248114790754267,-2.078313952113327,3.263567191571465,2.1354986905066493,1.876468176582665
1776265357.320178,128.44965171813965,8.238905621348897,-2.098222661590111,3.2836109183444693,2.122034290121771,5.494144554376226
1776265357.3321052,128.46157884597778,8.229569046961615,-2.1180110646592394,3.303581983868607,2.1087329053203505,2.483770343886483
1776265357.3864841,128.51595783233643,8.220107000989147,-2.1376797402046166,3.323474550689589,2.0955878000650103,0.5430656899095017
1776265357.3950334,128.52450704574585,8.210513439147238,-2.157214497121661,3.343283746901673,2.0826145494037447,3.442267968722519
1776265357.419433,128.5489068031311,8.20078565110455,-2.176607191099964,3.36300393104539,2.0698107131996273,1.2016021600770492
1776265357.4272518,128.55672550201416,8.190925445761183,-2.19585770224712,3.3826329079771313,2.0571581919049615,3.735649624473994
1776265357.47625,128.60572361946106,8.180929182879476,-2.2149504364643575,3.4021715150487455,2.044660813741326,0.5936916616863391
1776265357.4873755,128.61684918403625,8.170797959106405,-2.233881034200168,3.42161853952971,2.0323313627204893,2.603812097160571
1776265357.5101643,128.63963794708252,8.160537492418557,-2.2526589800005694,3.4409720942620905,2.0201486676816183,1.2660706362220333
1776265357.5164266,128.6459002494812,8.150151880695093,-2.2712927756541283,3.4602322383790955,2.008095323644148,4.589490886381608
1776265357.5629613,128.69243502616882,8.139644812171541,-2.289788155968073,3.479397326760964,1.996187893495421,0.6152768104283566
1776265357.5922515,128.7217252254486,8.139644812171541,-2.289788155968073,3.479397326760964,1.996187893495421,0.0
1776265357.592845,128.722318649292,8.129017506115298,-2.308143922137172,3.4984610310715336,1.9844296231160643,48.05737250159594
1776265357.5942628,128.7237365245819,8.118266623021007,-2.3263499065377293,3.5174163453179936,1.9728264641178004,20.027279331292647
1776265357.5999854,128.7294590473175,8.107385208953282,-2.344385559611844,3.5362601086271033,1.9613890025965528,4.938844462928166
1776265357.6152258,128.7446994781494,8.096374269325047,-2.362249759592207,3.5549907621463723,1.9501142414166068,1.8456444434294745
1776265357.673509,128.80298256874084,8.08523416951414,-2.3799366393466377,3.5736052961491884,1.9390119794654908,0.48023862473383483
1776265357.6851578,128.81463146209717,8.073970940606577,-2.3974589397072594,3.592102463198856,1.9280699562649368,2.3914230533316694
1776265357.6982536,128.82772731781006,8.062590528641163,-2.4148299753889546,3.6104805803449898,1.917266665373513,2.1175586967571247
1776265357.7053642,128.83483791351318,8.051095034470228,-2.4320555276630516,3.6287367039331544,1.906600016160157,3.8825301343735825
1776265357.762695,128.89216876029968,8.03948157642297,-2.4491261301760843,3.64686743587844,1.896078797556524,0.479275797708492
1776265357.7784648,128.9079384803772,8.027747993459197,-2.4660352798556366,3.6648702926618304,1.8857011107317536,1.733961551358406
1776265357.7893214,128.91879510879517,8.015893109713607,-2.4827773161199373,3.6827428967409865,1.8754777831528537,2.506099719457314
1776265357.7985663,128.9280400276184,8.00391908683619,-2.499360119465318,3.7004823519109618,1.865389976584012,2.92863424735226
1776265357.8429887,128.9724624156952,7.991828025437917,-2.5157942129257895,3.718088871205616,1.8554194240305995,0.6066594578908542
1776265357.8582788,128.98775243759155,7.979621002666138,-2.5320832745549993,3.735562169836687,1.8455587036824928,1.7545102365983398
1776265357.8827853,129.01225900650024,7.967297943718475,-2.5482251431982896,3.752898917340715,1.8358177457866434,1.0895729696279945
1776265357.8831534,129.01262712478638,7.954857316347681,-2.5642138658202525,3.7700954047087976,1.8262019011165025,72.18620554402384
1776265357.9405916,129.07006525993347,7.942297474099273,-2.5800419885912462,3.7871478795968536,1.8167295013766571,0.46031885181074966
1776265357.9411893,129.07066297531128,7.929618173003062,-2.595705141663997,3.8040523983758505,1.8073929027419642,44.00633955595552
1776265357.9528584,129.08233213424683,7.916818686618222,-2.6111973434871074,3.8208072526416594,1.798195267656426,2.242158463765108
1776265357.9640636,129.09353733062744,7.903898993370991,-2.626519139713009,3.8374104182422295,1.7891405651022187,2.3226523844105778
1776265358.0024638,129.1319375038147,7.890858973974529,-2.641669648625185,3.853861082962073,1.7802223192080873,0.674171599036813
1776265358.01459,129.14406371116638,7.877697780295699,-2.656645675848517,3.8701606040446586,1.7714416143832854,2.1236765026508406
1776265358.0456758,129.17514944076538,7.864416239367974,-2.6714545300360575,3.886309293695355,1.7628081842519416,0.824233452653431
1776265358.0603352,129.18980884552002,7.851013439524372,-2.686100503669611,3.902302427777831,1.7543124727630368,1.7390560904996037
1776265358.081929,129.21140265464783,7.837489304519917,-2.7005909790296165,3.9181398135100283,1.7459336714517084,1.1749303492944538
1776265358.1049917,129.23446536064148,7.823845241114267,-2.7149302450769124,3.9338224289519768,1.7376511877010765,1.0949759156419632
1776265358.1058114,129.23528504371643,7.81007910277446,-2.729118577158494,3.9493511094771403,1.7294549020832468,30.66882911287931
1776265358.1252446,129.25471830368042,7.79619333098016,-2.7431496683136567,3.96472838399037,1.7213497887163043,1.2876339076103738
1776265358.134138,129.26361179351807,7.782189503183107,-2.757016903077537,3.979954702437649,1.7133612451718838,2.8003385008328014
1776265358.1795855,129.3090591430664,7.768066064722492,-2.7707163587611268,3.995027193714255,1.7055007200467038,0.5453698152393374
1776265358.1998143,129.32928800582886,7.753824092951514,-2.7842431033640316,4.009942125101485,1.69777906926897,1.2191967274619722
1776265358.203093,129.33256673812866,7.739463933108482,-2.7975987358905656,4.024694053491102,1.6901913704057356,7.484568390144786
1776265358.2129204,129.34239411354065,7.72498646118767,-2.810786918318975,4.039280315606897,1.6827356791881396,2.484787044133988
1776265358.2653775,129.39485120773315,7.710393144775534,-2.823810583466987,4.053699933657446,1.6754041851474637,0.46324204782620465
1776265358.2773662,129.4068398475647,7.6956822163933065,-2.836666344480542,4.06794998784424,1.668195329936475,2.0170363971992415
1776265358.291114,129.42058777809143,7.680849776250652,-2.849355997737431,4.082029230160067,1.661104049420884,1.750640851805786
1776265358.3012042,129.4306778907776,7.665897503096811,-2.8618898322281785,4.095939374387259,1.654120045651405,2.374763120539239
1776265358.3477843,129.47725796699524,7.650828807215022,-2.874274978851053,4.109681280216706,1.6472280816791944,0.5122351964107636
1776265358.3526175,129.4820911884308,7.635645078691211,-2.886512079597747,4.1232531928673595,1.6404179990536554,4.915764531194962
1776265358.3726442,129.50211787223816,7.620349994864081,-2.898597680683221,4.136655017613971,1.6336939054314918,1.1812281525216235
1776265358.3842924,129.51376605033875,7.6049503021455775,-2.910523694841138,4.1498877058965675,1.6270601344931401,2.021560109426155
1776265358.452642,129.582115650177,7.6049503021455775,-2.910523694841138,4.1498877058965675,1.6270601344931401,0.0
1776265358.453248,129.58272171020508,7.589454132428905,-2.9222800327322664,4.162953801098745,1.6205246047719768,38.66308249568746
1776265358.4534779,129.58295154571533,7.573869825005545,-2.9338624938724216,4.175855776994417,1.6140989611375556,101.43239081911497
1776265358.453682,129.58315563201904,7.558202352851816,-2.945272672020886,4.188594384895742,1.607775694832233,113.64507754356855
1776265358.482159,129.6116325855255,7.542455328322674,-2.956515007105079,4.2011716776836625,1.6015434717646622,0.8103740319869607
1776265358.5113873,129.6408610343933,7.526629041856195,-2.9675958894096377,4.213587971526891,1.5953947051389994,0.7857297692591771
1776265358.5238576,129.65333127975464,7.510726785563864,-2.978516009475748,4.225840347485865,1.5893414429667498,1.8325880358569526
1776265358.5372827,129.66675639152527,7.494750075746644,-2.9892742493177007,4.237925212780965,1.5833831658540771,1.6937282079933647
1776265358.5644288,129.6939024925232,7.478704138726438,-2.999870433401795,4.2498413352611175,1.5775160988403647,0.8333346167511223
1776265358.592432,129.721905708313,7.462594097116008,-3.01030515066346,4.261588201517705,1.5717459502592943,0.8036026429670853
1776265358.6080825,129.73755621910095,7.44642144964524,-3.0205743509740834,4.273163913279009,1.566072183424053,1.4301904019904772
1776265358.6138742,129.7433478832245,7.430198359022442,-3.030679776679803,4.284572089332895,1.5604862949149916,3.843250063610419
1776265358.6274855,129.7569591999054,7.413936394085975,-3.0406211900757234,4.2958173175146115,1.554981693135301,1.6258554203749962
1776265358.6391919,129.76866555213928,7.397644935222347,-3.050392011226324,4.306901595846073,1.549571827223373,1.8788202068977602
1776265358.6976612,129.827134847641,7.381323968943299,-3.059990254276556,4.317823533534032,1.5442576013244056,0.3738437994483531
1776265358.70413,129.83360362052917,7.3649817256079535,-3.0694201734277513,4.3285825284879955,1.5390325145631327,3.35763321118233
1776265358.7235563,129.85302996635437,7.348622209123534,-3.078694597599108,4.3391809672270325,1.5338850146238971,1.1111955281513222
1776265358.7375658,129.86703944206238,7.332252592909572,-3.0878172968512954,4.3496218634308015,1.5288062487774363,1.5312692507054975
1776265358.768758,129.89823174476624,7.315879830322268,-3.0967797517330813,4.359908734331291,1.5237989882435101,0.6832540003939619
1776265358.7821693,129.91164302825928,7.29951239543167,-3.1055840427819676,4.370043012085133,1.518866196033271,1.5784214313766622
1776265358.7901342,129.91960787773132,7.283156026205404,-3.114231381950867,4.380024650403317,1.5140103728157608,2.6393943096332584
1776265358.8021123,129.93158602714539,7.266809559500131,-3.1227172919642645,4.389850813031425,1.5092338401656806,1.7427676649295423
1776265358.8483968,129.97787046432495,7.250475536405389,-3.13103867054971,4.399520441806701,1.5045249906807474,0.4477860362742055
1776265358.859203,129.98867678642273,7.234161824892933,-3.1391925383735293,4.409036264148881,1.499887626718009,1.9036249332401027
1776265358.8726454,130.00211906433105,7.217875497524622,-3.1471887145356114,4.41839875507855,1.4953266693030844,1.518838433699561
1776265358.882264,130.01173758506775,7.201627388552599,-3.155030373214182,4.427607806475054,1.4908437959813203,2.105921089107401
1776265358.9346101,130.06408381462097,7.185418969397652,-3.1627183877554605,4.436664991269713,1.4864339520665806,0.38390625158511354
1776265358.9429486,130.07242226600647,7.16925100822317,-3.170254298033746,4.44556946335872,1.482096721725273,2.3909672343402315
1776265358.9668624,130.09633612632751,7.153134309778942,-3.1776110179496495,4.454322156023525,1.4778220749122644,0.8263216118773246
1776265358.9781487,130.10762238502502,7.13707011866414,-3.184796419841218,4.4629269450568465,1.4736031076947902,1.7356543180009552
1776265359.0103164,130.139790058136,7.1210619577817615,-3.191810673877093,4.471385025414635,1.4694444223603487,0.6036025761595343
1776265359.0221362,130.15160989761353,7.105112903606275,-3.1986564896969822,4.479697802143463,1.465344496292472,1.6281282194377855
1776265359.0351224,130.16459608078003,7.089226160214018,-3.2053485842052596,4.487867848039101,1.461304327725241,1.4690036215763207
1776265359.0501356,130.17960929870605,7.073407100819577,-3.211902224085168,4.495899954604111,1.4573197995253127,1.2597671454727468
1776265359.1033838,130.23285746574402,7.057664071653662,-3.2183151685101534,4.503794106848321,1.4533921740429823,0.3519865305235875
1776265359.121526,130.25099968910217,7.042004471163181,-3.2245826236297392,4.511551279304036,1.449524708502128,1.0233310465714984
1776265359.1305928,130.26006650924683,7.026431727822309,-3.2306984140215955,4.51917222428748,1.4457171702977547,2.0276744496065358
1776265359.1421638,130.27163743972778,7.0109487022110475,-3.2366547113514077,4.526659180354575,1.4419611120494662,1.572945368449737
1776265359.1580672,130.28754091262817,6.9955569574823855,-3.2424690538917487,4.5340138931779395,1.4382610376438376,1.1332320154162854
1776265359.200285,130.329758644104,6.980262405078697,-3.248150740460291,4.541235965320429,1.4346234263288618,0.42263606299386236
1776265359.2121294,130.3416030406952,6.9650711156618055,-3.253697409435598,4.548323959139271,1.431044191466503,1.490772974864662
1776265359.229182,130.35865569114685,6.949987155966337,-3.259112556970175,4.555278820219407,1.4275309786980206,1.0245058207574094
1776265359.2462313,130.3757050037384,6.935014574468315,-3.2643811055919887,4.562099264983244,1.4240765503451287,1.0132859562407397
1776265359.2852042,130.41467785835266,6.920155056625843,-3.269498732054307,4.5687817482141195,1.4206679605570254,0.4381970835260994
1776265359.3074262,130.4368999004364,6.90540991838198,-3.274469736577448,4.575327325279114,1.4173054751058183,0.7596596961117195
1776265359.3106184,130.440092086792,6.890783377914046,-3.2792829040730367,4.581737611166728,1.4139810260308838,5.224992458925783
1776265359.3214338,130.45090746879578,6.876278800155874,-3.283934796747893,4.588015110498322,1.410685431734563,1.5233053355217459
1776265359.3748686,130.50434231758118,6.861899535745497,-3.2884431401901915,4.594160016162681,1.4074322857647688,0.3045607873089877
1776265359.390495,130.51996874809265,6.847648129847977,-3.2928164323759908,4.600173509231021,1.4042301552112486,1.0286754209681628
1776265359.4043827,130.53385639190674,6.833530269449383,-3.2970339785090323,4.606054202781716,1.4010494852500937,1.1423506589839916
1776265359.417009,130.54648280143738,6.819544932055209,-3.301110556836904,4.61180417831268,1.397909485032195,1.2403454936067804
1776265359.4586704,130.58814406394958,6.805690210029027,-3.3050713199618778,4.617426355503417,1.394837913434788,0.37127303160689784
1776265359.4754663,130.60493993759155,6.791966611609361,-3.3089263384671264,4.622923603184341,1.3918429684384575,0.9096296806712953
1776265359.480632,130.61010575294495,6.778378499141596,-3.312669507762387,4.628296032234971,1.3889134231963596,2.919862675920956
1776265359.5010967,130.63057041168213,6.764930031059788,-3.316290202945449,4.6335437218485405,1.3860372922407396,0.7272624346895871
1776265359.5496333,130.6791069507599,6.75162514941506,-3.319782362330887,4.638666348450363,1.3832027369713065,0.3024202372249541
1776265359.5629563,130.69243001937866,6.73846377038368,-3.3231486846716596,4.643664786197867,1.3804127381389513,1.0864945475083791
1776265359.5687304,130.69820404052734,6.725446870664239,-3.326375551322161,4.648538375403032,1.3776392804804254,2.4712405162127746
1776265359.5996726,130.72914624214172,6.712575311432216,-3.329463453986028,4.6532887047583635,1.3748849260725466,0.45450385276104577
1776265359.6326976,130.76217126846313,6.699849989877233,-3.332408847993893,4.657920921971598,1.3721410353524353,0.4196456653109038
1776265359.6382546,130.76772832870483,6.687270405168816,-3.335210277680041,4.662434717910331,1.3694047395518991,2.457295677088348
1776265359.6537373,130.7832109928131,6.674836441960276,-3.3378915675352796,4.666833139989583,1.36670395576395,0.8692809030269996
1776265359.667329,130.79680275917053,6.662546117016452,-3.3404850316494885,4.671122583117736,1.3640798450081917,0.9765607807612786
1776265359.6729577,130.80243134498596,6.650401438935025,-3.3429990352677263,4.675301998499541,1.3615431826976363,2.325172714192895
1776265359.7238953,130.85336899757385,6.638404973260409,-3.3454162733158523,4.679372442850573,1.3590642186436963,0.25318741695748853
1776265359.7412503,130.8707239627838,6.626563115705198,-3.3477079204262505,4.6833328463577635,1.356602547070712,0.7314977765088189
1776265359.7484646,130.87793827056885,6.614874409194906,-3.349877717547367,4.6871808092919816,1.354166545330656,1.7320618324602433
1776265359.768165,130.89763879776,6.603341757518496,-3.3519140623250996,4.690914568152691,1.3517292924994189,0.6239353552934189
1776265359.8054683,130.93494200706482,6.591964083996376,-3.3538288803471983,4.694538189516103,1.3493075248952346,0.3241900514522626
1776265359.8212864,130.9507601261139,6.580734697838496,-3.35566411195387,4.69806025831468,1.346959408829574,0.7529978675942824
1776265359.830948,130.9604218006134,6.569656941671377,-3.357426798448973,4.701482621042628,1.3446989883990896,1.2138255793721329
1776265359.8394673,130.96894097328186,6.55873477190933,-3.3590818867990078,4.704802965304826,1.342467502260143,1.3540127118134417
1776265359.8849306,131.014404296875,6.547969959329325,-3.3606179253510557,4.708020163351079,1.3402432687799113,0.2494273372649251
1776265359.887365,131.0168387889862,6.537362347388876,-3.362044470176098,4.7111332053908495,1.3380377451646865,4.578628886035909
1776265359.8984385,131.02791213989258,6.526909437955751,-3.3633690643215743,4.714145340475401,1.3358590014218337,0.9896368266557766
1776265359.9132764,131.04275012016296,6.516613312082603,-3.3645885019692234,4.717055484569138,1.3336949349870326,0.725756404100595
1776265359.959238,131.08871173858643,6.50646980347269,-3.3657195681030068,4.719867035459952,1.331572445035931,0.23033442938076237
1776265359.9689724,131.09844613075256,6.496477074359902,-3.366764505842665,4.722579778404028,1.3294922275123322,1.0690953137558656
1776265359.9810655,131.11053919792175,6.4866352784374275,-3.3677238238021197,4.72519674131204,1.327451851821086,0.8458455970648132
1776265359.9977143,131.12718796730042,6.476943410299173,-3.3686032917081383,4.7277232850846085,1.325454892724565,0.6039072343589755
1776265360.0375957,131.16706943511963,6.4674021981363445,-3.369416948618215,4.730164094019501,1.3235212828644298,0.24778475673059924
1776265360.0440261,131.17349982261658,6.458010268544825,-3.370164693301994,4.732518051827841,1.3216496099919708,1.5102138909489193
1776265360.0601788,131.18965244293213,6.448767886429037,-3.370836531815307,4.7347810746821315,1.3198235390268651,0.5905600027323898
1776265360.082906,131.21237969398499,6.439683571989548,-3.3713972509441885,4.736952445422384,1.3179847456183242,0.4117097484870684
1776265360.1082714,131.2377450466156,6.43076182208777,-3.371820958646284,4.739032457580777,1.3160844009347066,0.3615483542061116
1776265360.1229303,131.25240397453308,6.422000663969945,-3.3721238581279613,4.741023107291366,1.3141479630916173,0.6132486404950065
1776265360.1335537,131.2630274295807,6.413402818285073,-3.3723200653751233,4.742921856445139,1.3121890974287722,0.8290330836822384
1776265360.150163,131.27963662147522,6.404961879807843,-3.372446962871948,4.744735314194061,1.3102562740199801,0.5198612895590141
1776265360.1604583,131.28993201255798,6.396670516902303,-3.3725231078330893,4.746464001970415,1.30837831751996,0.822697988948852
1776265360.2108972,131.3403708934784,6.3885205045468245,-3.372565072232764,4.748110346705877,1.3065760457883953,0.16484784312100695
1776265360.2161658,131.34563946723938,6.380506165740153,-3.3725811076536054,4.749674886237964,1.3048611944310566,1.5498766493876288
1776265360.225902,131.35537576675415,6.372627195276466,-3.3725687555008967,4.751157040586023,1.303228710397145,0.8234315206725688
1776265360.2340217,131.36349534988403,6.364890383677249,-3.3725138447090046,4.752558553834108,1.3016462624668104,0.9683895967687057
1776265360.2820861,131.41155982017517,6.357308665389984,-3.3723783108566727,4.753882615917302,1.3000511011387212,0.16015280036634938
1776265360.2855077,131.41498136520386,6.34988001715821,-3.372158086345775,4.755127723386617,1.2984389203554063,2.2023646340215515
1776265360.2911909,131.4206645488739,6.342597329736205,-3.3718700728832376,4.756298088152368,1.296832799403555,1.2988759473304612
1776265360.306797,131.43627071380615,6.335458734351433,-3.3715179256491363,4.757396377342013,1.2952363670270355,0.46335329968084754
1776265360.3425403,131.4720139503479,6.328453635972016,-3.3711426704848892,4.758429462988772,1.2937091093418638,0.1983816682861667
1776265360.3548405,131.48431420326233,6.321574460474515,-3.3707670326381183,4.759403100202831,1.2922899561664192,0.5656698718481966
1776265360.361495,131.49096870422363,6.314828941964171,-3.3703577037518153,4.760315439467407,1.290924514802263,1.0247549176647903
1776265360.3836331,131.51310682296753,6.30822936848231,-3.369885328138216,4.761161618707321,1.2895624324453727,0.30130595139262806
1776265360.4228747,131.55234837532043,6.301780830400073,-3.369335477164735,4.761938799617331,1.2881759209421937,0.16611051833989574
1776265360.430265,131.55973863601685,6.29547717616807,-3.368721571658291,4.762650950649013,1.2867844128689108,0.8624039016135944
1776265360.4407206,131.57019424438477,6.289321128785226,-3.368044119899578,4.763297075770165,1.2853875162039066,0.5955487089760945
1776265360.4551084,131.5845820903778,6.283312986711127,-3.3672972213884758,4.763874649971032,1.2839767759014633,0.4227093062704475
1776265360.4812849,131.61075854301453,6.2774455528486035,-3.366501959182824,4.764386530747105,1.2825808005621673,0.22704252282154005
1776265360.5017147,131.63118839263916,6.271711044975332,-3.365690574637755,4.764837936110034,1.2812507622771727,0.2843481685660821
1776265360.5155969,131.64507055282593,6.266108083485753,-3.3648583827904726,4.7652305188138575,1.2799765822007083,0.4090151553118408
1776265360.5315578,131.66103148460388,6.260636970564697,-3.3640066146683028,4.765563625475086,1.2787542261277758,0.34753800189778966
1776265360.5714145,131.70088815689087,6.255298097147623,-3.3631343100162394,4.7658356612773085,1.2775819550575087,0.1358994909989499
1776265360.5803397,131.70981335639954,6.250096415172205,-3.362235469577573,4.76605037542759,1.2764422203305295,0.5919346272940531
1776265360.5928314,131.72230505943298,6.245040875731742,-3.3612934914851222,4.766213288844509,1.2753083151894422,0.41188363393331767
1776265360.616793,131.74626660346985,6.2401346244205005,-3.3602878367115987,4.766322353081798,1.2741505258401742,0.20906185835410224
1776265360.6208103,131.7502839565277,6.235375971725721,-3.359213723528148,4.766376011344711,1.272960010182871,1.2143979123855393
1776265360.6590168,131.78849053382874,6.23076486230551,-3.358074590208005,4.766374622182843,1.2717470026179878,0.12431713636715164
1776265360.6712275,131.80070114135742,6.226292434310233,-3.3569012116834283,4.766323061841364,1.2705564216395902,0.3786934398545036
1776265360.6788902,131.80836391448975,6.221950071826468,-3.35570513700696,4.7662222845891415,1.26940059880319,0.5879338813390855
1776265360.690123,131.81959676742554,6.21772693737143,-3.3545147091131122,4.766072689177127,1.268313311950857,0.39084083505661005
1776265360.744712,131.87418580055237,6.21772693737143,-3.3545147091131122,4.766072689177127,1.268313311950857,0.0
1776265360.7452455,131.87471914291382,6.213616816323494,-3.3533317764499153,4.765878516745717,1.267298202292027,8.027432550870138
1776265360.7454622,131.87493586540222,6.209617504499298,-3.3521480772518264,4.7656404927841525,1.2663412910239147,19.276238226540347
1776265360.758187,131.88766074180603,6.2057391965087545,-3.350927022251722,4.765360721381178,1.2653896279924275,0.3202860654190145
1776265360.7697048,131.89917850494385,6.201999003187586,-3.3496177347596867,4.76503838438611,1.2643721683924531,0.3451906863615439
1776265360.7944953,131.92396903038025,6.198398651206278,-3.348199486707739,4.764672137698678,1.2632602894035014,0.15679029345233214
1776265360.8151848,131.94465851783752,6.194928670605418,-3.3467015432042504,4.764262943187714,1.2620984930242947,0.18374471200378983
1776265360.8329475,131.96242117881775,6.191580324483944,-3.3451695398500605,4.763813332907074,1.260942351358888,0.208838586068079
1776265360.8501544,131.9796280860901,6.188342185699333,-3.343645352823651,4.763326017384623,1.2598413147132235,0.20991265424611474
1776265360.8761199,132.0055935382843,6.1852084913059056,-3.342156362856027,4.762802521380111,1.2588271158537345,0.135130674852723
1776265360.8966918,132.02616548538208,6.182171913382372,-3.3407054154907594,4.762244451150513,1.2579008441770285,0.16582666853634376
1776265360.9035914,132.0330650806427,6.179233700106921,-3.3392742397379123,4.761649808234314,1.2570354838415063,0.48146175620535864
1776265360.9192874,132.04876112937927,6.176396500049033,-3.337848006795841,4.761017016352149,1.25620655901106,0.20629027876351153
1776265360.950101,132.07957458496094,6.173663853928729,-3.3364028913293384,4.760348858070086,1.2553817716738813,0.10263754493440945
1776265360.9586492,132.08812284469604,6.171031897168555,-3.3349336810543697,4.759645648474564,1.2545593828526966,0.36208569542645486
1776265360.975743,132.1052167415619,6.168496934851095,-3.3334527071321625,4.758906163467772,1.2537554533607354,0.17711385573833738
1776265360.9829004,132.11237406730652,6.1660597325292,-3.3319583623461564,4.758129945663301,1.2529619042504079,0.4138910471692175
1776265361.0306978,132.16017150878906,6.16372600171965,-3.3304378995053066,4.757319889606402,1.2521674543464465,0.06068820366791543
1776265361.0528343,132.1823079586029,6.161497236345933,-3.3288964295837262,4.756478207648082,1.2513720797769348,0.12818660573856025
1776265361.0755024,132.20497608184814,6.159372348973844,-3.327341792691364,4.755606863625809,1.250583707687552,0.12234432232264868
1776265361.081877,132.21135067939758,6.157351673382266,-3.325778710864467,4.754707499120869,1.2498091717449307,0.424867526846825
1776265361.095946,132.22541975975037,6.155438181495616,-3.3241939297756176,4.753778957883229,1.2490277021775342,0.18852616057494023
1776265361.1157942,132.245267868042,6.153626838674353,-3.3225885701217197,4.752820105439476,1.248241001832913,0.13116469028961786
1776265361.1264231,132.25589680671692,6.151911489078713,-3.3209701390226045,4.75183002885398,1.2474582595700332,0.2406385522103898
1776265361.1418707,132.27134442329407,6.150284338763313,-3.3193626920655364,4.750810356420171,1.2466975731321968,0.1621119694516226
1776265361.1511135,132.2805871963501,6.148743015133392,-3.317779471404237,4.7497615970475575,1.245980423194196,0.264622525750836
1776265361.1922016,132.32167530059814,6.147284519577513,-3.316232243289354,4.74868650075731,1.2453170303073362,0.05798847213810764
1776265361.2036922,132.33316588401794,6.1459139942074055,-3.3146908338114285,4.747587474769676,1.2446736228845234,0.20339458057397744
1776265361.220982,132.3504557609558,6.14462996518886,-3.3131433398365355,4.746467376590263,1.2440365975130034,0.13312747160628624
1776265361.2415311,132.37100481987,6.14343095626577,-3.3115959972574034,4.745324685162591,1.2434086030593008,0.11030360147998422
1776265361.270807,132.40028071403503,6.142322284180451,-3.3100421624553866,4.7441548589344755,1.2427776648659656,0.07647113212471299
1776265361.2824838,132.4119575023651,6.141301796543053,-3.308485753124291,4.742958962486202,1.2421575247532355,0.18945557603621113
1776265361.2903516,132.41982531547546,6.140365349974349,-3.306916920904179,4.741742518180084,1.2415355366470844,0.2789812472117876
1776265361.3006022,132.43007588386536,6.139500194540237,-3.305357452506625,4.740511458412341,1.2409350458788064,0.21140414389663623
1776265361.3520417,132.48151540756226,6.13870897728333,-3.3037923184428513,4.739267160026104,1.2403420321163652,0.04180319976815965
1776265361.3545709,132.48404455184937,6.137992759886304,-3.3022207104555843,4.738004372376333,1.2397528889702856,0.8459467403677314
1776265361.3643498,132.4938235282898,6.137351075076966,-3.300648474521036,4.736720965419226,1.2391690149596104,0.2176681768662447
1776265361.3863018,132.5157754421234,6.136780711340477,-3.2990818052799074,4.735416830774359,1.2385956100526008,0.09642563828225327
1776265361.4238312,132.5533049106598,6.136286125397717,-3.2974975684472714,4.734093409821563,1.2380161496292512,0.056560944752685395
1776265361.4273999,132.55687355995178,6.135866263960956,-3.2958933280313323,4.7327537099721315,1.2374278776296672,0.597375140379714
1776265361.4388592,132.56833291053772,6.135510435456977,-3.2942936953203588,4.731398171233814,1.2368470740617148,0.18558789205641404
1776265361.45176,132.5812337398529,6.135212223838794,-3.292720372579147,4.730027477195866,1.236293374854956,0.16338955087017085
1776265361.4954736,132.62494730949402,6.134959994212432,-3.291199419403922,4.72864635420016,1.2357853130196754,0.047351059367902765
1776265361.514104,132.6435775756836,6.134754457307234,-3.289717857772409,4.727255507222438,1.235310164975525,0.10963237115597868
1776265361.5232224,132.6526961326599,6.134602753786462,-3.2882684790039205,4.725854380356904,1.2348636593511262,0.22170181910820627
1776265361.539168,132.66864156723022,6.13450229181913,-3.2868605008037055,4.724443030278907,1.234446480475288,0.12518299509518913
1776265361.5501535,132.6796271800995,6.134459881409225,-3.285457569030346,4.723023791173169,1.2340301405617764,0.18169765344171238
1776265361.5860324,132.71550607681274,6.134482800694618,-3.2840318277708365,4.721596476782329,1.2336041587230266,0.056232093919288566
1776265361.6002526,132.72972631454468,6.134566710945182,-3.282583455186027,4.720162459306783,1.2331664238653264,0.14345114321566876
1776265361.6159172,132.7453908920288,6.134697602641943,-3.281142139861233,4.718724428350841,1.2327396844109644,0.1302435179314867
1776265361.6378036,132.76727724075317,6.134877622644639,-3.2797040419353554,4.717283996950264,1.2323210926083636,0.09336292571723742
1776265361.6843069,132.81378054618835,6.135113478213676,-3.2782572420290603,4.715839339021072,1.2319039694728047,0.044257689377064695
1776265361.6948872,132.82436084747314,6.135405978880118,-3.276794362580416,4.714387689270684,1.2314841380242543,0.19673846990467994
1776265361.7093902,132.8388638496399,6.135746873796437,-3.2753204509027922,4.712926919412949,1.2310616490733801,0.1450022397219791
1776265361.72642,132.85589361190796,6.136128232335113,-3.2738367644484527,4.7114569863651905,1.2306362649159825,0.12466871974759881
1776265361.7705445,132.90001821517944,6.136545419208971,-3.272349732927584,4.709978693876004,1.2302127897992745,0.04845163863947902
1776265361.7753584,132.90483212471008,6.1369948549805855,-3.270869501246923,4.708492351938074,1.229804232981847,0.44564506260137177
1776265361.788542,132.91801571846008,6.137479404000317,-3.269410293412668,4.707001341593013,1.2294054355781054,0.16245736899438334
1776265361.818117,132.94759058952332,6.138007972770599,-3.2679544702924512,4.705506489892151,1.229013285864125,0.0727824133290183
1776265361.851605,132.98107862472534,6.138580086350187,-3.2664955591687517,4.70400505382529,1.2286228432669608,0.06480714673046975
1776265361.8757434,133.0052170753479,6.1391914243294154,-3.2650417967658094,4.702495482382072,1.228239218239158,0.09044114303322895
1776265361.8765762,133.0060498714447,6.139833842465068,-3.263603829746865,4.700980744998036,1.2278660492498872,2.6238713007154377
1776265361.8938627,133.02333641052246,6.140509082601456,-3.262167214919101,4.6994619476070625,1.2274981651205326,0.1270897905139808
1776265361.9334419,133.06291556358337,6.141212048804599,-3.260745917605131,4.697941573835722,1.2271428169217538,0.055503125556950104
1776265361.9475758,133.07704949378967,6.141939983113009,-3.2593366072827523,4.696418144161095,1.226796180003578,0.1556036571707442
1776265361.9537504,133.08322405815125,6.142693715109648,-3.2579343394852605,4.694889931109944,1.2264556274647136,0.3573993762374182
1776265361.977229,133.10670280456543,6.143474838705497,-3.2565412593009766,4.693358457118885,1.2261237237483318,0.0942445839999378
1776265362.014366,133.14383959770203,6.144279723999207,-3.255155215091753,4.691826062545437,1.2257919866476437,0.05971097811308239
1776265362.046544,133.17601776123047,6.145101008016968,-3.2537841012205715,4.690295457661877,1.2254701340166592,0.0687722443965729
1776265362.047329,133.17680263519287,6.145935760765575,-3.252436426619754,4.688764870481382,1.2251602940526796,2.807550752430411
1776265362.0512767,133.18075037002563,6.146775719773149,-3.251128011402303,4.687235199731998,1.2248669700592942,0.5525043212374894
1776265362.0704877,133.1999614238739,6.1476310800607745,-3.249837609072958,4.685707911067922,1.2245778717743558,0.11320129044563862
1776265362.1074219,133.23689556121826,6.148516748291307,-3.248537530881698,4.68418281465123,1.224285565036152,0.059322119754904486
1776265362.1222353,133.251708984375,6.149438767728613,-3.2472269058767202,4.682659951327795,1.2239916704844909,0.14923284806708584
1776265362.131526,133.26099967956543,6.150396416030639,-3.245907413517383,4.681141765167113,1.2236925455991676,0.2397870126759769
1776265362.1470082,133.27648186683655,6.151382474198798,-3.2445930394006877,4.679627718249786,1.223397647640136,0.14431613649267405
1776265362.1884575,133.31793117523193,6.152389368592325,-3.2432986027278563,4.678118427071038,1.223111213973639,0.05377069351620485
1776265362.198808,133.32828164100647,6.153412637710415,-3.2420284960541865,4.676613538351691,1.2228297957884946,0.2144078142752224
1776265362.203043,133.33251667022705,6.154456930631034,-3.24077029686764,4.675111290870452,1.2225556443316554,0.5243036990237401
1776265362.2161055,133.34557914733887,6.155520022780564,-3.239528661163028,4.673610767155084,1.222287187868299,0.16986614169718345
1776265362.2598827,133.3893563747406,6.156595664846366,-3.238306951563731,4.672111799270998,1.222024717683792,0.05054683392538524
1776265362.2714674,133.40094113349915,6.157690703928581,-3.2370943977759112,4.670614003534009,1.2217648816681579,0.1913273591095786
1776265362.2908194,133.42029309272766,6.158805931904985,-3.235880896631589,4.669119123370841,1.221502213623855,0.11497962087848354
1776265362.3042393,133.43371295928955,6.159936189903102,-3.234673701200085,4.667626255121264,1.2212403406593444,0.1660137449381362
1776265362.3495834,133.47905707359314,6.161074578699296,-3.233493062669035,4.666136658337179,1.2209850369589206,0.048861170772870985
1776265362.3658123,133.495285987854,6.16221725497272,-3.2323581257253124,4.664650758386214,1.2207416798386252,0.13502294464802106
1776265362.3726254,133.5020990371704,6.163363274553173,-3.231265241481081,4.663169694979653,1.2205085067021628,0.3182494865782619
1776265362.3897266,133.5192003250122,6.164515265974028,-3.230204218379694,4.66169388697162,1.220284124897075,0.1258352089245536
1776265362.428207,133.55768060684204,6.165687979325045,-3.2291382818230354,4.660227643742888,1.2200552233147852,0.05610705219521517
1776265362.4430826,133.57255625724792,6.16687944443093,-3.2280700353482685,4.658768634054708,1.2198276060668989,0.14557437709852783
1776265362.4574487,133.58692240715027,6.168093265739407,-3.226983981767505,4.6573180365043525,1.2195960739936504,0.1518207396357817
1776265362.4668803,133.59635400772095,6.16933014223375,-3.2258765378489866,4.655874085581287,1.219362867047639,0.23328947106831255
1776265362.5095057,133.63897943496704,6.170573586960184,-3.2247822350694824,4.654438935527882,1.2191285340682463,0.05141638271718717
1776265362.5253885,133.65486216545105,6.171810410711233,-3.2237158925826797,4.653012202588163,1.2188986295584359,0.1365318514131377
1776265362.5493574,133.67883110046387,6.173039705403826,-3.2226878252188684,4.651594385479182,1.2186772876458218,0.08926949292506964
1776265362.554506,133.68397974967957,6.174266071212847,-3.221699149433377,4.650186921271205,1.218462867647077,0.4102903982571454
1776265362.565572,133.69504570960999,6.1754847826691375,-3.2207501786650488,4.648788792987521,1.2182548492966503,0.1882712821962786
1776265362.6186779,133.74815154075623,6.176701624621995,-3.2198140565544793,4.647403237736402,1.2180530821559856,0.038941875985682536
1776265362.6333766,133.76285028457642,6.177922862220789,-3.218854679543008,4.646031386922324,1.2178567910245774,0.14097454257597092
1776265362.6501927,133.7796664237976,6.179144545716786,-3.2178845488522025,4.644669170752652,1.2176631721536268,0.12315917353203754
1776265362.6664166,133.7958903312683,6.180359599107436,-3.2169187749247574,4.6433172717008055,1.217472883116192,0.1268699168843938
1776265362.6965942,133.8260679244995,6.1815696027736085,-3.2159524400510158,4.641975080628226,1.2172823661818817,0.0679060461594498
1776265362.7095451,133.8390188217163,6.182776652558592,-3.2149906143372373,4.640641830356103,1.217099429833804,0.15748083620380832
1776265362.721677,133.8511507511139,6.183979603740522,-3.214052905004844,4.639316927413469,1.2169211998150822,0.16653048995475772
1776265362.7402647,133.8697383403778,6.185178098127148,-3.213133189541085,4.637997930867966,1.2167468512839117,0.10789439781474418
1776265362.78802,133.91749358177185,6.186368822861502,-3.212228035453799,4.63668644716558,1.2165747001455687,0.04165513061585201
1776265362.8003733,133.92984700202942,6.187553829423177,-3.211345846697735,4.635385728419242,1.2164060028410162,0.15933572163606746
1776265362.8141816,133.94365525245667,6.188739480613345,-3.2104709363859154,4.634099124784156,1.2162392092078578,0.1416664685457615
1776265362.8242233,133.95369696617126,6.189919582273215,-3.20960930411307,4.632824525217689,1.2160742482716809,0.19309281446690282
1776265362.8670106,133.99648427963257,6.1910902698754535,-3.208775328117558,4.631559199988831,1.2159101837580923,0.04475533169633397
1776265362.878819,134.0082926750183,6.192255346139701,-3.207960527306642,4.630301901757236,1.2157487920829018,0.16072636071045546
1776265362.892527,134.02200078964233,6.19341229153742,-3.2071669924566373,4.629052179278315,1.2155919089937903,0.13706016639104157
1776265362.905666,134.03513979911804,6.194553319977451,-3.2064051861302585,4.627812919687614,1.215438071897768,0.14071071141964414
1776265362.9456737,134.0751473903656,6.195679991186574,-3.205669415589566,4.626583843973499,1.2152856494299034,0.0455529438088175
1776265362.9663754,134.0958490371704,6.196799762599263,-3.2049537906028487,4.625363375904583,1.2151342830835234,0.08715799943549388
1776265362.9797475,134.10922122001648,6.19791736127665,-3.2042521170407867,4.624151964105652,1.2149844803826815,0.1339600144117145
1776265362.9901392,134.1196129322052,6.199030744662758,-3.203565816376534,4.622948594641743,1.2148387444165636,0.17102873752347206
1776265363.0287163,134.15819001197815,6.2001351003877465,-3.2028911527887995,4.621753415416047,1.2146961233761508,0.04566435702040738
1776265363.0498502,134.17932391166687,6.201230223924102,-3.202219793191033,4.620572208661452,1.214555782762278,0.08257206870414197
1776265363.0709743,134.20044803619385,6.202313698683693,-3.2015691675136835,4.619405823245004,1.2144189299563268,0.08141367016607867
1776265363.07136,134.20083379745483,6.20338805390617,-3.2009331926443423,4.618249800847822,1.2142828360609859,4.410750520573483
1776265363.0800207,134.2094943523407,6.204452820275659,-3.2003100248837724,4.617101999429642,1.214147969817372,0.19457016907013125
1776265363.124066,134.25353980064392,6.205507125872238,-3.199712273468464,4.615964361897621,1.2140166422119394,0.037739503492024935
1776265363.1484077,134.27788138389587,6.20655875343641,-3.199113714299575,4.614839825735349,1.2138897182147692,0.06786331283136081
1776265363.1571715,134.2866451740265,6.207614811725716,-3.1985061481066284,4.613729560656391,1.213761291688532,0.1880873512273081
1776265363.1748488,134.3043224811554,6.20867243994723,-3.197890055407122,4.6126332011369495,1.213636958191603,0.09295612001254504
1776265363.2091298,134.3386034965515,6.209731402532434,-3.197260912935051,4.611549845848253,1.2135180413613904,0.04785127827777121
1776265363.2203398,134.3498134613037,6.210780623176246,-3.1966318334560335,4.610479090664177,1.2134042972900667,0.14502882422402447
1776265363.2310848,134.36055850982666,6.21181122330045,-3.1960117390194176,4.609420571508815,1.2132945136770223,0.14911262320947863
1776265363.251507,134.38098073005676,6.2128212413894905,-3.195399525886716,4.608375902752739,1.2131849853047383,0.07720964622682089
1776265363.2895827,134.41905641555786,6.21381941852915,-3.1947717006451186,4.607345866759877,1.2130778939236198,0.04112139967199904
1776265363.298478,134.42795157432556,6.2148036057363365,-3.1941380253141904,4.606329213731025,1.2129782437791061,0.17429749645620451
1776265363.3120728,134.4415464401245,6.2157658354196546,-3.193526629442969,4.605327306962907,1.2128810092747129,0.11164002935837082
1776265363.3200986,134.4495723247528,6.216707012429164,-3.1929389767702583,4.604338504694245,1.2127837441097649,0.18517959279598953
1776265363.380114,134.50958776474,6.217627266762352,-3.1923795600978746,4.603363266937236,1.2126814536204906,0.024208686125441338
1776265363.380664,134.51013779640198,6.218512599413071,-3.1918702662663505,4.602401182392409,1.2125763894830515,2.551016082335792
1776265363.3896556,134.51912927627563,6.21936148148342,-3.1914235136164373,4.601450398252137,1.2124663702347613,0.15021128831568448
1776265363.4059842,134.53545784950256,6.220178422091655,-3.1910368055480114,4.600510834042921,1.212352456796815,0.07984356905033979
1776265363.466293,134.59576678276062,6.220985986655477,-3.1906741154188967,4.599587590580052,1.2122390214756495,0.02120904134300574
1776265363.4807625,134.61023616790771,6.221799360198994,-3.1902935206372685,4.598683483730317,1.2121304382581464,0.08806863948756782
1776265363.4980187,134.62749242782593,6.222620471892205,-3.189888339677551,4.597794116081152,1.2120265931108203,0.07397130762879524
1776265363.5026999,134.632173538208,6.223448361123576,-3.1894617352032535,4.5969174114765465,1.2119257733197493,0.27323929447070855
1776265363.5516686,134.68114233016968,6.224276713093002,-3.1890457529468073,4.596055479364592,1.2118264364356544,0.02584819309094463
1776265363.5650635,134.69453716278076,6.225104599845443,-3.1886356364042654,4.595209342101462,1.211720687553162,0.09352957217352031
1776265363.5782502,134.7077238559723,6.225924972266599,-3.188241914728807,4.594379430851904,1.2116066767414098,0.09339539107530072
1776265363.6098466,134.73932027816772,6.226729361979311,-3.1878762740538136,4.593570314966532,1.2114896611816242,0.03791833268998011
1776265363.6196733,134.74914693832397,6.227521101206835,-3.187540310631606,4.592784172931184,1.2113760305694234,0.11857759715317033
1776265363.6601682,134.78964185714722,6.228295649609951,-3.187237759330036,4.592012977768937,1.2112643035469126,0.028006218910836853
1776265363.6640565,134.79353022575378,6.2290529414151665,-3.1869697682459566,4.591251840572616,1.2111538204584287,0.2846012347310095
1776265363.690195,134.81966876983643,6.229794790908279,-3.1867330428039984,4.590501822201013,1.2110431528291252,0.041362674873635916
1776265363.7009494,134.83042311668396,6.230516017688049,-3.1865370548476317,4.58976694532849,1.2109348662117765,0.09746313490009538
1776265363.7441173,134.8735909461975,6.231211338944811,-3.1863800037259304,4.589043693490191,1.2108256666696844,0.023524345061690745
1776265363.7624142,134.8918879032135,6.23187872791389,-3.186252763185453,4.588330825699315,1.2107148200099742,0.05382170455553322
1776265363.7708457,134.90031933784485,6.232533020591925,-3.186126799878425,4.587628767327156,1.2106047153832726,0.11479789615541718
1776265363.7825267,134.91200041770935,6.233190832454352,-3.1859721386397695,4.5869417140591375,1.2104964242883258,0.08249920396531336
1776265363.8412395,134.97071313858032,6.233855404932885,-3.185788104112053,4.586268312355641,1.2103903082823866,0.01641627105355845
1776265363.8513944,134.98086810112,6.2345357685547365,-3.1855580827602723,4.585604899157568,1.210286475215614,0.09627927267919882
1776265363.8660066,134.99548029899597,6.235228581087815,-3.185294615176235,4.584951734710742,1.2101842818306385,0.06761073094061841
1776265363.8812387,135.0107123851776,6.235922577986748,-3.185013655709814,4.584310165192187,1.2100834660232282,0.06473128937370062
1776265363.930266,135.05973958969116,6.236611042074526,-3.18472793122177,4.583678362800394,1.2099849365305024,0.019930493903536805
1776265363.9463398,135.0758135318756,6.237291399768105,-3.184449880102871,4.583057334314313,1.2098883495772328,0.059862364898868925
1776265363.9582093,135.0876829624176,6.237961579704647,-3.1841837434817024,4.582446800822036,1.2097935098700154,0.07960273519879464
1776265363.9746978,135.1041715145111,6.238614433274884,-3.1839489535578287,4.5818471066217406,1.2097021242900614,0.05561726096571604
1776265364.0127301,135.1422038078308,6.239251481154066,-3.183744781817318,4.581256300525335,1.209607607887378,0.023467071614078728
1776265364.0245252,135.15399885177612,6.239867439054081,-3.183578611462316,4.58067389849231,1.2095077400032983,0.07323701488433951
1776265364.0405345,135.17000818252563,6.240463011389691,-3.183446322657209,4.580100760569775,1.209407660102118,0.05228666766912984
1776265364.0575433,135.18701696395874,6.24104953457433,-3.1833150904684624,4.579538658682233,1.2093104450207814,0.04838180030788896
1776265364.0963008,135.22577452659607,6.2416362931858655,-3.1831574279736365,4.5789897789173155,1.2092223123219898,0.02112586368424342
1776265364.1104312,135.23990488052368,6.2422177578707005,-3.1829961032260075,4.578455204043156,1.209137593324944,0.057051790179383145
1776265364.128384,135.25785779953003,6.242793586581884,-3.1828386384248533,4.577932159630089,1.209052386178012,0.044209717146545445
1776265364.1321883,135.26166200637817,6.243360808390954,-3.182699194883865,4.577421407900101,1.2089676514182346,0.2039637683010214
1776265364.1421237,135.2715973854065,6.243924482815983,-3.1825555542632102,4.5769274178462265,1.2088843744673605,0.07681068564581348
1776265364.1914,135.3208737373352,6.244493552292034,-3.1823833918193576,4.5764466717156,1.2088054352530941,0.015516353853467755
1776265364.2091625,135.33863615989685,6.245054703679575,-3.182214156356883,4.575979820510495,1.2087292113048322,0.04218572866056873
1776265364.2204103,135.34988403320312,6.245601501048215,-3.1820577815423112,4.575524964097832,1.2086537264908335,0.06474476331239981
1776265364.2277353,135.35720896720886,6.246132579775035,-3.181904284884814,4.575081377781461,1.2085834680865015,0.09676318291055747
1776265364.2743444,135.40381813049316,6.2466371870499104,-3.1817792582466855,4.574647849931564,1.208514287265176,0.01452310054433184
1776265364.2890868,135.41856050491333,6.24710920643589,-3.1816982779042435,4.574222821116463,1.2084456880664893,0.04343397541053568
1776265364.3094566,135.43893027305603,6.24755504796056,-3.181666135567731,4.573806413792907,1.2083736446316276,0.029990685490614143
1776265364.3224244,135.45189809799194,6.24799741852499,-3.181630416583143,4.573404042196086,1.2083014822776945,0.04619571774847843
1776265364.3515027,135.4809763431549,6.248452561822594,-3.181552867142707,4.573015250032249,1.2082345387803508,0.020757664511733876
1776265364.3751166,135.50459027290344,6.2489227570477,-3.1814249099026597,4.572637042632589,1.2081715102457522,0.02612207090351627
1776265364.3853977,135.51487135887146,6.24939984677286,-3.181271045154289,4.572270034013494,1.208113500448554,0.06042905816926882
1776265364.3925056,135.52197933197021,6.249879123096092,-3.181108291180736,4.5719147199009065,1.2080578718291637,0.08700364571054287
1776265364.437138,135.56661176681519,6.250352826302278,-3.180954950014832,4.571570037597229,1.2080001752895795,0.013567919029876849
1776265364.4538395,135.58331322669983,6.250814611408806,-3.180820938806568,4.57123261124811,1.2079451896853448,0.03517171312304909
1776265364.4583087,135.5877823829651,6.251264256459966,-3.180703643606844,4.5709003365877905,1.2078933832802896,0.12782421420693768
1776265364.4748056,135.60427927970886,6.251707458704163,-3.1805854938259186,4.570575141156792,1.20784160684587,0.034082954953374316
1776265364.524471,135.65394473075867,6.252146509229105,-3.1804545134922417,4.570256184772836,1.2077927381662183,0.011240412201716421
1776265364.5360458,135.6655194759369,6.2525822059631535,-3.1803104835221956,4.56994324000073,1.2077446913900707,0.04798700901916678
1776265364.5643568,135.6938304901123,6.253009141653653,-3.180159098733829,4.569638274308298,1.2076996628680754,0.019288352035704462
1776265364.5647182,135.69419193267822,6.253421274207796,-3.1800321094526094,4.569342984926496,1.2076598499051991,1.4460438023613262
1776265364.6012583,135.73073196411133,6.253827236955609,-3.1799144379929514,4.569059614914113,1.207619665256778,0.013926429549381912
1776265364.6161816,135.74565529823303,6.25423044376174,-3.1797878407976237,4.568786279911563,1.2075804426581083,0.033725954504368966
1776265364.638855,135.768328666687,6.2546297892730145,-3.1796632385463695,4.568521024582627,1.20754039437518,0.021846830783812964
1776265364.650301,135.77977466583252,6.255024963283829,-3.17955255685376,4.568262568249889,1.2075018938819966,0.042371768716925676
1776265364.6623569,135.79183053970337,6.255414785731762,-3.179460009070497,4.5680083380678385,1.2074658368169608,0.03935922663253767
1776265364.706484,135.83595776557922,6.255795743920389,-3.179385742817129,4.567756858767053,1.207430163117637,0.010480572754110101
1776265364.7082455,135.83771920204163,6.256169130220161,-3.1793162529656205,4.567508644730057,1.2073942220751102,0.257581803603914
1776265364.7172132,135.84668684005737,6.256538258194853,-3.179247783257171,4.567262972936685,1.2073597844613795,0.05003130931928653
1776265364.7311444,135.86061811447144,6.256907135289353,-3.1791771609981043,4.567019202686359,1.2073249606776257,0.032140051964450904
1776265364.7780125,135.90748620033264,6.257286166287195,-3.179095434736986,4.5667778787428785,1.2072903410256013,0.009744511611684537
1776265364.7926981,135.92217183113098,6.257671231107715,-3.1790232920544,4.5665408391122835,1.2072530858832702,0.03117975609759702
1776265364.8066869,135.9361605644226,6.258060046919911,-3.178968417878868,4.566307264250456,1.2072164459252053,0.03266110119690695
1776265364.821214,135.95068764686584,6.258455375247407,-3.1789150494038063,4.566077780299534,1.2071822726988033,0.031679624775733974
1776265364.8619041,135.99137783050537,6.258848037827215,-3.1788619155044913,4.565854022834973,1.207149233844303,0.011183395330140716
1776265364.8735857,136.00305938720703,6.259229103001146,-3.1788242164946583,4.565635186452299,1.207118947946213,0.03775572362457641
1776265364.887066,136.01653957366943,6.259593293834002,-3.1788080973581185,4.565420940173163,1.207086156579974,0.0313677459839547
1776265364.8984592,136.02793288230896,6.259946974122247,-3.178802235503734,4.5652125147878415,1.2070581346046776,0.036035799400307954
1776265364.9638133,136.09328699111938,6.260288641401519,-3.1788095231081672,4.565009595301235,1.207030689924761,0.006081474002452174
1776265364.9717295,136.1012032032013,6.2606077391991555,-3.1788497808920564,4.5648126377030245,1.206997777606522,0.04764177552142393
1776265364.9851167,136.11459040641785,6.260905780401572,-3.178909967986858,4.564623714589593,1.206965298866366,0.026739763784079693
1776265365.0001886,136.12966227531433,6.261193990987173,-3.1789690262755137,4.564445153440998,1.2069310716058541,0.02283374538765029
1776265365.0515425,136.18101620674133,6.2614715478157255,-3.1790288896913705,4.564274742218485,1.2068951140398316,0.006448418404440161
1776265365.063683,136.19315671920776,6.261747346024805,-3.1790793017482244,4.564112243456914,1.206864029616064,0.026692065842042364
1776265365.0724685,136.20194220542908,6.262024698984487,-3.1791064503478976,4.563957930082031,1.2068313392572922,0.03625870515459598
1776265365.0841277,136.2136013507843,6.262298124901154,-3.179127406525165,4.5638101064674625,1.2068021086225627,0.026720041371953787
1776265365.1415029,136.2709765434265,6.262556141379942,-3.179188098875933,4.56367268564393,1.2067749204663374,0.005203714868567781
1776265365.149388,136.27886176109314,6.2627880821763355,-3.1793217442378605,4.5635484250722795,1.206749505542203,0.03742752995174387
1776265365.1634047,136.29287838935852,6.262996231442711,-3.1795168758975985,4.56343781356126,1.2067230373816216,0.02183137501590769
1776265365.1789865,136.3084602355957,6.263203203262865,-3.1797239393669754,4.563343181351924,1.206694345056022,0.01974614800362137
1776265365.197852,136.32732558250427,6.263426430240662,-3.1799013999905714,4.563263448035902,1.2066657455400915,0.01569586921840971
1776265365.229868,136.35934162139893,6.263664954423397,-3.1800503039961496,4.563191218145778,1.2066402733894166,0.00906782822354775
1776265365.240841,136.3703145980835,6.263923769535275,-3.1801598479804682,4.563127629746933,1.2066171821836265,0.026259683203888693
1776265365.2601123,136.38958597183228,6.264207540351483,-3.1802148101239287,4.563075050539667,1.2065960446698631,0.01524477856530388
1776265365.2676804,136.3971540927887,6.2645128137935675,-3.1802209700977353,4.563034718137684,1.2065696703197373,0.040695419975811956
1776265365.3152285,136.4447021484375,6.2648135462643815,-3.180231493534806,4.563008857699488,1.2065395612140355,0.0063520094935716285
1776265365.3446028,136.4740765094757,6.265080415744568,-3.180313862703839,4.563001623128958,1.2065102334206361,0.009511207557902454
1776265365.365348,136.4948217868805,6.265317532415491,-3.1804524847145603,4.563010172147636,1.2064790981514117,0.013246250008573072
1776265365.3826044,136.5120780467987,6.265538248698568,-3.1806221364798732,4.563029021154977,1.2064484891072025,0.016169259150233435
1776265365.3956192,136.5250928401947,6.265753748241836,-3.1808074601356853,4.563053126811828,1.2064134411270433,0.021917155396983964
1776265365.4147058,136.54417943954468,6.265976469972031,-3.180986350099497,4.563080738223472,1.2063770961727045,0.01503672586951965
1776265365.4261296,136.55560326576233,6.266205036266588,-3.181159970473096,4.563109767205182,1.2063433210346919,0.025253783142922436
1776265365.4434214,136.57289505004883,6.26643549363622,-3.1813200318139954,4.563138799006285,1.206315283435439,0.016313354297392894
1776265365.496561,136.6260347366333,6.266660869138784,-3.181471670527554,4.563168524581615,1.2062893898173452,0.005142330434818773
1776265365.511126,136.64059972763062,6.266876246846997,-3.181632023962598,4.563201774857667,1.2062675459151468,0.018576512859943037
1776265365.5399451,136.6694188117981,6.267085037842811,-3.181800797508143,4.563236810077916,1.2062469619724585,0.00939482224999773
1776265365.540315,136.66978859901428,6.26727930294261,-3.181988113510301,4.563274793527905,1.2062237300495444,0.7369733216490006
1776265365.5686226,136.6980962753296,6.2674616886160575,-3.1821977524870837,4.563318119965069,1.2061994402588607,0.009934754874953999
1776265365.6086206,136.73809432983398,6.2674616886160575,-3.1821977524870837,4.563318119965069,1.2061994402588607,0.0
1776265365.6092596,136.73873329162598,6.267627395745445,-3.1824475364287834,4.563366788377145,1.2061719499535453,0.47526568203751257
1776265365.6096103,136.73908400535583,6.267772557659761,-3.1827427129481483,4.563417584325503,1.2061428579312308,0.9490315087339686
1776265365.6098363,136.73931002616882,6.267907296529108,-3.1830592857195774,4.563470256569914,1.2061140544580151,1.5399561110048263
1776265365.665284,136.794757604599,6.26804032773817,-3.1833770425521917,4.563525092529659,1.206086168754536,0.0062909430720950975
1776265365.6685746,136.79804825782776,6.268175483548449,-3.183679719930997,4.563587063520281,1.206059230563461,0.10247982919937561
1776265365.683798,136.81327176094055,6.268319957146731,-3.1839586846600687,4.563656981095651,1.206032507727057,0.021141139947909993
1776265365.697041,136.82651472091675,6.268475679406388,-3.184217334162429,4.5637305690602314,1.2060098646395643,0.023465129341432984
1776265365.7134953,136.84296894073486,6.268640942525855,-3.1844522929955112,4.563804784659427,1.2059926318231717,0.018031297247468
1776265365.7549264,136.88440012931824,6.268813776224208,-3.184649903439503,4.563879873977718,1.2059820726870805,0.006590599454417396
1776265365.7647457,136.89421939849854,6.268974379507124,-3.1848487410161304,4.563961340680633,1.2059728672546133,0.027320358093071276
1776265365.7765617,136.9060354232788,6.2691070573026355,-3.1850842895268516,4.564047108460568,1.20595907188218,0.024003340424813713
1776265365.800043,136.92951679229736,6.269209017456688,-3.1853550466682443,4.564135209039741,1.2059394757493047,0.012879791678224964
1776265365.838153,136.96762657165527,6.269285278319522,-3.185656604878383,4.564229277180462,1.2059168505972873,0.008527061746979335
1776265365.8571563,136.98662996292114,6.269332956276859,-3.1859943334249694,4.564327528720552,1.205893130518326,0.018678068795247478
1776265365.8701391,136.99961280822754,6.269359836064797,-3.1863483151535883,4.564430571841692,1.2058671053704886,0.028472431834623224
1776265365.8864233,137.01589703559875,6.269377535204937,-3.1866841216375397,4.5645366624465495,1.2058443837675763,0.021653525574367203
1776265365.9188473,137.04832100868225,6.269390334941255,-3.1869811364434533,4.564642587469105,1.2058278068592592,0.009733459573110533
1776265365.928889,137.05836272239685,6.269395992856143,-3.187243595647763,4.564751436357831,1.2058172388774426,0.028301116262526387
1776265365.9382243,137.06769800186157,6.269390717587173,-3.1874897474656656,4.56486143162965,1.2058081010675128,0.028886316357297045
1776265365.960111,137.08958458900452,6.269371049052442,-3.1877379370206707,4.564971128144346,1.2057977306772196,0.01243057755256796
1776265366.001799,137.13127279281616,6.269337457689336,-3.1879951416913093,4.565079041771124,1.2056601855207858,0.006739106065332013
1776265366.0133977,137.1428713798523,6.2692986955252845,-3.188284737543017,4.5650924704322335,1.204539067525613,0.02521746033034794
1776265366.031208,137.16068172454834,6.269276013697387,-3.188630035123464,4.564866793284119,1.202437076883221,0.023195978994343995
1776265366.0584047,137.18787837028503,6.2692788670506845,-3.189041759100901,4.5643484166273165,1.199456969226904,0.024341101870579276
1776265366.096166,137.2256395816803,6.269308279878066,-3.1895174663878807,4.563519294211153,1.1957364292948838,0.025326269731425974
1776265366.1069179,137.23639154434204,6.269363712445156,-3.190032922239956,4.562380993351063,1.191397419807656,0.11633208983804118
1776265366.1262355,137.25570917129517,6.269447653258118,-3.1905444717707954,4.560941875178081,1.1864785775332962,0.07918349638718095
1776265366.1345932,137.26406693458557,6.269561281102823,-3.191007295115985,4.559212536008071,1.181018691203393,0.21462721008454072
1776265366.185162,137.3146357536316,6.269702760500327,-3.1913922988818646,4.557203992095591,1.1750628308642124,0.040538781082014495
1776265366.199074,137.32854771614075,6.269864542756408,-3.1916893823999617,4.554924392601219,1.1686700594506054,0.16565326346819106
1776265366.2198646,137.34933829307556,6.270030896851136,-3.1919051499937505,4.552380055852505,1.161875140576904,0.12307894812502997
1776265366.220408,137.34988164901733,6.2701778724602315,-3.1920598132512334,4.549575029747925,1.154700000373643,5.1773223531844215
1776265366.236255,137.36572861671448,6.2702785844972055,-3.1921763030660997,4.546512525376042,1.1471399155758406,0.19349906285694282
1776265366.2852542,137.41472792625427,6.270309862730145,-3.192263581689604,4.543193164849436,1.139188776679603,0.06776942605704972
1776265366.2961283,137.42560195922852,6.270251271065595,-3.192316032037052,4.539615945231992,1.130862440510681,0.329048466475619
1776265366.3030276,137.43250131607056,6.2700871822433415,-3.192321690629412,4.535780161873203,1.122175658035555,0.55647152977346
1776265366.3161697,137.4456434249878,6.269810336077206,-3.1922616383310243,4.531683564038422,1.1131715452806066,0.31245981157108504
1776265366.365668,137.49514174461365,6.269417058874756,-3.192115091638694,4.527325411301099,1.1039068759425585,0.08845380143641804
1776265366.375535,137.50500869750977,6.268901980573782,-3.1918696634547037,4.5227047699590806,1.0944212711316534,0.47185133103272087
1776265366.38765,137.51712369918823,6.268260411660366,-3.191519330279901,4.517819824498332,1.0847329241693058,0.40770407879304044
1776265366.4085906,137.5380642414093,6.267490367862078,-3.191057566986274,4.512668364498862,1.0748785798814815,0.24971290032340557
1776265366.4547977,137.58427143096924,6.266589303981794,-3.190479227599814,4.507250071355554,1.064889520124159,0.1195283511283282
1776265366.4656684,137.59514212608337,6.265553004619539,-3.189785410511158,4.501563481576728,1.054767211056448,0.5355439769833231
1776265366.4823382,137.611811876297,6.264377188549876,-3.18898042388506,4.495607207131343,1.0445121480190054,0.36739346466021006
1776265366.5004513,137.6299250125885,6.263058850705134,-3.1880646261349908,4.489379458064518,1.0341231978355039,0.35506248887529246
1776265366.5449653,137.67443895339966,6.26159606488659,-3.187034205850659,4.482878093551305,1.023613019136774,0.15148263322354516
1776265366.5596678,137.68914151191711,6.259987549847455,-3.1858858215088426,4.476101436447263,1.012998351339452,0.4801191091937854
1776265366.5700393,137.6995129585266,6.258233974696098,-3.1846158721914772,4.469048591114552,1.0022897394812584,0.7113470325356654
1776265366.5860872,137.71556091308594,6.25633707721771,-3.1832200998816367,4.4617179511550225,0.9915045019954412,0.4797904105550531
1776265366.63441,137.76388359069824,6.254297553804878,-3.181695758230157,4.4541086223768165,0.9806640721370892,0.1660511511873311
1776265366.650688,137.7801616191864,6.252114776268444,-3.1800420660553437,4.446222484136754,0.9697926388523642,0.512843256502983
1776265366.6581688,137.78764247894287,6.249788491161774,-3.1782586916459703,4.4380617277699645,0.958910474973483,1.1591201243684246
1776265366.6689043,137.79837799072266,6.2473184243757,-3.1763441685884173,4.429631468236634,0.9480230575295022,0.837489551763627
1776265366.7257106,137.85518431663513,6.244704481203444,-3.1742967647955673,4.420934119416253,0.9371314891802978,0.16388295374416878
1776265366.7370183,137.86649203300476,6.241945520167084,-3.1721160800280197,4.411972492616033,0.9262437356049033,0.8513603816682707
1776265366.7723255,137.90179920196533,6.241945520167084,-3.1721160800280197,4.411972492616033,0.9262437356049033,0.0
1776265366.7752984,137.90477204322815,6.239040254150571,-3.1698012031010423,4.402753486716538,0.9153650080581117,3.3433606296028335
1776265366.7755325,137.90500617027283,6.235988373826962,-3.1673509516233787,4.3932822100964986,0.9044919670786631,43.77137461109188
1776265366.7771342,137.90660786628723,6.232789925441012,-3.1647640284562804,4.383561947797389,0.8936207650490465,6.589822157593182
1776265366.8287432,137.95821690559387,6.229444778443637,-3.162039488850426,4.373596629377426,0.8827510379080988,0.21041138815435223
1776265366.850146,137.97961974143982,6.22595263668205,-3.1591770957906804,4.363390522707571,0.8718984379072231,0.5214416393382753
1776265366.8701808,137.99965453147888,6.222312353258908,-3.1561757556715353,4.352954282647536,0.8610900764815186,0.5716634560955484
1776265366.8733325,138.00280618667603,6.218522812278289,-3.1530339592531207,4.342299336877407,0.8503455892420971,3.724104713023386
1776265366.9274957,138.05696940422058,6.214583623391872,-3.149750466190425,4.331433803342169,0.839656743559295,0.2218280729234643
1776265366.9441195,138.07359313964844,6.210495317365384,-3.1463256935834587,4.320360080844859,0.8290199845106941,0.739369312562697
1776265366.9574118,138.0868854522705,6.206259269583332,-3.142758705087934,4.3090819142679235,0.8184481708602369,0.9452392780329293
1776265366.9760883,138.10556197166443,6.201876158845847,-3.1390488673942003,4.297604549388113,0.8079371158043046,0.6871582051525008
1776265367.027228,138.1567018032074,6.1973468323926015,-3.135195961518212,4.285932981597677,0.7975045571589633,0.2561418782294178
1776265367.0410967,138.17057037353516,6.192671837270593,-3.131199442838879,4.27407427370708,0.787151627977577,0.9632404860268879
1776265367.0650942,138.19456791877747,6.187852286155799,-3.127059445793855,4.262033213368625,0.776885900139703,0.5673291243139155
1776265367.0728774,138.20235109329224,6.182887817190868,-3.122776735997958,4.249816584620019,0.7667160985047115,1.781385246117082
1776265367.1172876,138.24676132202148,6.1777785704277814,-3.1183513818054553,4.237430767199153,0.756638949737124,0.3177232164430195
1776265367.1250675,138.25454115867615,6.172525189419748,-3.1137835707418247,4.224880196704452,0.7466456141783754,1.844768028396059
1776265367.1341634,138.26363706588745,6.167128695311985,-3.109073302176104,4.21216903239404,0.7367264051545444,1.6040722870621282
1776265367.1511793,138.28065299987793,6.16158961686342,-3.1042209600923183,4.199301210889989,0.7268871901473317,0.8712953694277566
1776265367.1957037,138.32517743110657,6.155908819184108,-3.099226890477528,4.186280550226362,0.717124451448644,0.3382011451657164
1776265367.2064502,138.335923910141,6.1500871176165655,-3.094091546880409,4.173111638823822,0.707457201264763,1.4224875376524548
1776265367.2200136,138.3494873046875,6.144124405108555,-3.0888155112536135,4.159800794114369,0.6978901328670358,1.1435403881494417
1776265367.2360032,138.36547684669495,6.138020240260991,-3.0833991853754354,4.146353951321622,0.6884177116330742,0.98373242122683
1776265367.27291,138.4023838043213,6.131774711303732,-3.077843672249522,4.132773661231753,0.6790367800922779,0.4320762095011877
1776265367.2820065,138.41148018836975,6.125388867523105,-3.0721494395039097,4.119063277986628,0.6697613301780333,1.776639942081196
1776265367.3092997,138.43877339363098,6.1188638558713135,-3.0663163115270127,4.105227741274677,0.6605857294699182,0.5998348317199502
1776265367.31302,138.44249367713928,6.112201120643746,-3.0603439591276174,4.091271166925501,0.6515123961902324,4.456249152357584
1776265367.3225503,138.4520239830017,6.105400994299515,-3.0542324743594786,4.077198002900481,0.6425350506885544,1.7609413254301987
1776265367.3588326,138.4883062839508,6.098464611243163,-3.047982324747983,4.063011730654436,0.6336524607376731,0.46808418007785557
1776265367.3737946,138.50326824188232,6.091391969423531,-3.0415943924654956,4.048715908819562,0.6248590292386036,1.1483350393350957
1776265367.3847134,138.51418709754944,6.084182478579555,-3.03506992032273,4.034313776904178,0.6161534612093189,1.591484979487034
1776265367.3998032,138.52927684783936,6.076836831653836,-3.0284095587900146,4.01980722049813,0.6075309523840412,1.1644687724153127
1776265367.4353917,138.56486535072327,6.069355210762984,-3.0216139775948534,4.005198955887178,0.5989937330215441,0.49914701888907936
1776265367.4526203,138.5820939540863,6.0617382727026845,-3.0146831497948066,3.99049383296077,0.5905485756329135,1.0420211868334053
1776265367.4550729,138.58454656600952,6.0539870417082335,-3.0076170032697354,3.9756962728479035,0.5822089292050033,7.395299667593375
1776265367.4675996,138.5970733165741,6.046101570951765,-3.000415421246386,3.9608121807986767,0.5739700404196104,1.4623770572164652
1776265367.4932191,138.62269282341003,6.038082493496751,-2.9930787636571377,3.9458439544375246,0.5658369372974196,0.7220321113106968
1776265367.5079093,138.63738298416138,6.029930115165098,-2.985607628578464,3.9307953098423867,0.5578023308567073,1.271232109309401
1776265367.5142167,138.6436903476715,6.0216451227378025,-2.9780023838813867,3.915668630004111,0.5498573848983288,2.9884643941035187
1776265367.5279489,138.65742254257202,6.013228038978338,-2.970263564026226,3.9004674674131032,0.542002587528895,1.3851650025625206
1776265367.5602722,138.68974590301514,6.004679267989714,-2.9623918554786455,3.8851950907813153,0.5342437496929406,0.5937162170315726
1776265367.5671277,138.69660139083862,5.995999231381167,-2.9543880755562215,3.8698535301608725,0.5265841217706254,2.8238544857239813
1776265367.5768576,138.70633125305176,5.987188089419519,-2.9462523481466447,3.8544461067638585,0.5190184084596197,2.006680767172943
1776265367.5907664,138.72024011611938,5.97824568140555,-2.9379851514032107,3.838975981940406,0.5115364414103014,1.4155379627651992
1776265367.6206825,138.7501561641693,5.9691720007501115,-2.929587572373684,3.823445987465764,0.5041365798708243,0.6635312517213642
1776265367.641624,138.7710976600647,5.95996682918304,-2.921060667850381,3.807859015444479,0.49682587260209304,0.9555154114491978
1776265367.6527512,138.78222489356995,5.950630945800471,-2.9124047416499335,3.792217929230267,0.4896146480133539,1.8124435513896582
1776265367.6629906,138.79246425628662,5.941165602786846,-2.9036194247445155,3.7765265721334265,0.482499030332781,1.9847166926030813
1776265367.6991177,138.82859134674072,5.931571585665653,-2.894704967233216,3.760786932041236,0.4754799670725633,0.5667650022980921
1776265367.7110643,138.84053802490234,5.921848522519508,-2.885661880466445,3.745002627613689,0.46856169912779017,1.7265613737812966
1776265367.7294672,138.85894083976746,5.911997563155012,-2.876489650835774,3.7291766705958778,0.46174134875247025,1.128944563982693
1776265367.7337468,138.86322045326233,5.902019152186984,-2.8671885202185208,3.7133112846854313,0.45501280849299386,4.889094848807513
1776265367.747964,138.87743759155273,5.891913093513505,-2.8577593228150113,3.6974077627485697,0.4483713985123719,1.4820463483544308
1776265367.7794533,138.90892696380615,5.881679643553087,-2.848202909843233,3.681467453465368,0.44181358318743513,0.6737685866566385
1776265367.787087,138.91656064987183,5.87131956277592,-2.8385200408730196,3.6654920313930592,0.43534139493226376,2.7982887473775
1776265367.798117,138.9275906085968,5.86083356510294,-2.828710947784628,3.649485030798834,0.42896267831293244,1.9495497915230737
1776265367.8219771,138.95145082473755,5.850221008694015,-2.8187761496602666,3.6334488372297686,0.4226802785722667,0.9071392706943374
1776265367.8292758,138.95874953269958,5.839480967831242,-2.808716707935014,3.617386092691819,0.41648489379771847,2.9846691398796086
1776265367.8504865,138.97996020317078,5.828615538113241,-2.7985313516599106,3.601299163475188,0.41037846939147116,1.0335517263541854
1776265367.853978,138.98345160484314,5.817626500035807,-2.788218846008274,3.585190568691267,0.4043670013589881,6.318054404556284
1776265367.8671985,138.9966721534729,5.806515292443439,-2.7777769730492,3.569061969248032,0.39845514607630095,1.6788350408016686
1776265367.887522,139.01699566841125,5.795281344119845,-2.7672052864997907,3.552916038382584,0.39264020004982697,1.0987540764814065
1776265367.8962593,139.0257329940796,5.783921132237038,-2.756508566825873,3.53675487674947,0.38690691536537203,2.571104846187854
1776265367.9097033,139.03917694091797,5.7724328979873185,-2.7456889828035833,3.5205797320154475,0.38125119347296593,1.6809193882845235
1776265367.9190185,139.04849219322205,5.760817653140909,-2.7347460139867854,3.5043923614582075,0.375673990549425,2.4401799459446725
1776265367.9512556,139.08072924613953,5.749075156141546,-2.723682065274273,3.4881945939094323,0.37017259531068386,0.7091797454490393
1776265367.9639,139.09337377548218,5.7372046342509995,-2.7125007357061883,3.4719881807434034,0.36474200402542106,1.81824493322851
1776265367.9730115,139.10248517990112,5.725208147365098,-2.701202152659897,3.455775573098113,0.35937793780534605,2.537213255166063
1776265367.9913166,139.1207902431488,5.713087865933296,-2.6897868437098853,3.4395589083614815,0.35408257292438916,1.2697035211872196
1776265368.0210931,139.15056681632996,5.7008460518217,-2.678253930283749,3.4233388469226225,0.3488623021703814,0.7847040513067933
1776265368.0350952,139.164568901062,5.688482104238385,-2.6666070168570153,3.4071164772400357,0.34370899940047656,1.677459822501947
1776265368.0428634,139.1723370552063,5.675998600342524,-2.654844683603352,3.3908934961392814,0.33863925203849893,3.0391776768864585
1776265368.064135,139.19360876083374,5.6633972820399165,-2.642963801587664,3.3746735308043627,0.33365797004699643,1.1154900792620543
1776265368.093251,139.2227246761322,5.650677221994222,-2.6309650004490313,3.358457839007326,0.32876222302153224,0.819065688661269
1776265368.108152,139.23762559890747,5.637837164034998,-2.618849315083983,3.3422468472502107,0.3239475827806442,1.608474398250987
1776265368.1220994,139.2515730857849,5.624874721434148,-2.6066190597743653,3.326041556997784,0.31920344756794305,1.7270253007637892
1776265368.1351676,139.26464128494263,5.611791622588367,-2.5942707322391763,3.3098409796711143,0.3145373138962643,1.8525624128053149
1776265368.1451054,139.27457904815674,5.598587709699191,-2.5818049951115003,3.293647078416113,0.30994337992048293,2.4483020880301782
1776265368.1701615,139.29963517189026,5.585259815983235,-2.5692267578273467,3.2774624947701914,0.30540848144166033,0.975795524882095
1776265368.1800382,139.30951189994812,5.5718105666405595,-2.5565324535940164,3.2612873890432623,0.3009366678479711,2.4876181664816306
1776265368.193412,139.32288575172424,5.558239128832852,-2.5437263399786723,3.245122727803313,0.29653119869968103,1.845959053889051
1776265368.2035599,139.33303356170654,5.544544110444576,-2.530813235557227,3.2289697474452796,0.29218204862716324,2.4442357787684212
1776265368.2117043,139.34117794036865,5.5307229984222275,-2.5178008288007923,3.212829769448076,0.2878855867174072,3.059380903305122
1776265368.2344854,139.36395907402039,5.5307229984222275,-2.5178008288007923,3.212829769448076,0.2878855867174072,0.0
1776265368.2366068,139.36608052253723,5.516775843640057,-2.5046930839133243,3.1967060689645916,0.28364341585488867,11.79674287982574
1776265368.2381644,139.3676381111145,5.502709174213372,-2.491484371198147,3.1805997507233923,0.2794708936622571,16.13695212183651
1776265368.2482889,139.37776255607605,5.488526864575429,-2.47817401594455,3.1645130540158015,0.2753656683374002,2.4930303161327223
1776265368.2730525,139.402526140213,5.474228878849528,-2.464770226366873,3.148448161118445,0.27132539465974076,1.0233238876919615
1776265368.2925572,139.42203092575073,5.459813412389862,-2.4512798879109576,3.132406321111495,0.26734774361926683,1.3042367845884402
1776265368.296764,139.4262375831604,5.4452779388960835,-2.4377054692927773,3.1163876987788925,0.26342820607589096,6.070628251058727
1776265368.3111541,139.44062781333923,5.43061996142816,-2.4240518214234985,3.100392950883307,0.25955793236508556,1.7813588579587671
1776265368.332292,139.4617657661438,5.4158384008689255,-2.410326030953948,3.0844235260514177,0.2557282617853191,1.2171328559639025
1776265368.3462794,139.47575306892395,5.400935764664597,-2.3965299460710927,3.068481208849436,0.2519411822412336,1.845829201939127
1776265368.3571615,139.48663520812988,5.385915540780534,-2.382662326787384,3.0525643511791976,0.24820077770323148,2.380852627057252
1776265368.3724508,139.5019245147705,5.370783071400294,-2.3687209853726623,3.036673774017836,0.24452480692164252,1.7003626950973172
1776265368.3941483,139.52362203598022,5.355542565749814,-2.3547052414858887,3.0208109998631567,0.2409191341064309,1.202135497935661
1776265368.4050047,139.53447842597961,5.340187556255957,-2.34062814701392,3.004980408089076,0.23737002612501867,2.4099980343748766
1776265368.4219549,139.55142855644226,5.324709519372506,-2.3265024725344725,2.9891841479199193,0.23385861467064648,1.5481702122507621
1776265368.4292521,139.55872583389282,5.309108662078302,-2.312328533990815,2.973421064393289,0.23038082402902724,3.6068758684085513
1776265368.4590256,139.58849930763245,5.293391027318433,-2.298102490788901,2.957690061690363,0.22694917543767523,0.8866500292045203
1776265368.4668572,139.59633088111877,5.277561775177265,-2.2838233165058277,2.9419919038927973,0.22356945897221062,3.380466106698396
1776265368.480028,139.6095016002655,5.261625843842261,-2.269485170645337,2.9263278917348945,0.22024967603602413,2.0158282653085875
1776265368.4903731,139.6198468208313,5.245584634816977,-2.25508550896951,2.910697828499193,0.21698575052805613,2.573795443798543
1776265368.5172262,139.6466999053955,5.229435312911601,-2.2406266279107783,2.895101810698199,0.21377442135289135,0.994442558232987
1776265368.5348167,139.66429042816162,5.213174893314553,-2.2261109446300056,2.8795394639005645,0.21061350062924106,1.5225428817880307
1776265368.5530732,139.68254685401917,5.196800483620173,-2.2115386524553147,2.8640107624140536,0.2075024410540917,1.471419765522145
1776265368.5625598,139.69203352928162,5.18030767290589,-2.1969167038850603,2.848518596003109,0.204431824695046,2.839885638215815
1776265368.5732183,139.70269203186035,5.163694864412958,-2.182250637517543,2.833063149714485,0.20139696754146785,2.5348384207318317
1776265368.6098413,139.73931503295898,5.146963276790343,-2.1675438006041303,2.8176440872211934,0.19840113104693619,0.7397577666360179
1776265368.6104562,139.7399299144745,5.130112955932235,-2.152803152157397,2.8022613636061755,0.1954430930999184,44.176578662654705
1776265368.6307073,139.7601809501648,5.113144814750175,-2.1380363158780757,2.786917198421769,0.1925187663938516,1.344575231703546
1776265368.6412752,139.77074885368347,5.096065185703829,-2.123241233594794,2.7716120708376466,0.18963862269232182,2.582540039926781
1776265368.6612637,139.7907373905182,5.078879896162219,-2.1084141995513193,2.756347302881368,0.1868093441139972,1.3684358355483532
1776265368.6835773,139.8130509853363,5.061587464741055,-2.093561871121008,2.741125503742713,0.18402573770414563,1.2284113009512758
1776265368.6879556,139.81742930412292,5.044186706634114,-2.0786873357611295,2.7259484474433564,0.18128351536805387,6.273184424043485
1776265368.7036846,139.8331582546234,5.026675493590533,-2.0637956378417552,2.7108155726710126,0.1785818616427799,1.7497077982814475
1776265368.729477,139.8589506149292,5.009053616499534,-2.0488860356749385,2.6957258564546214,0.175920309112238,1.069217451320394
1776265368.7444048,139.8738784790039,4.991319373017621,-2.033960406862602,2.680678177872461,0.17329113449559516,1.8512568799816704
1776265368.7522297,139.88170337677002,4.973469664383229,-2.0190283113833645,2.665673640722892,0.1706938195612782,3.5386573243749484
1776265368.764503,139.893976688385,4.955503816465537,-2.0040980886894872,2.6507126624149473,0.16813135851001518,2.2601982467313912
1776265368.789896,139.9193696975708,4.937425388537997,-1.9891680329803478,2.635796158429143,0.16560437208669213,1.0943631826032725
1776265368.8071294,139.93660306930542,4.919238883899166,-1.9742369339991788,2.6209248091317976,0.16311576419198504,1.6152390158373446
1776265368.816061,139.94553470611572,4.900944992214242,-1.9593077512421067,2.6060996870229967,0.16066605101517623,3.1215622453337812
1776265368.8291245,139.95859813690186,4.882544872949229,-1.9443803097945511,2.5913209714846936,0.15825410520850539,2.1376435766915263
1776265368.8574662,139.98693990707397,4.864038513411375,-1.9294555260899027,2.5765890690172832,0.15587590845115074,0.9868463768383556
1776265368.8829448,140.01241850852966,4.864038513411375,-1.9294555260899027,2.5765890690172832,0.15587590845115074,0.0
1776265368.8836079,140.01308155059814,4.845423515817809,-1.914537659870725,2.5619028886521904,0.1535298161666032,42.24965125146604
1776265368.883845,140.01331877708435,4.826697887568042,-1.8996311151969643,2.5472627889004507,0.15121840183724639,118.2703034416558
1776265368.9010675,140.03054118156433,4.807861482345884,-1.8847400928377347,2.5326689442538988,0.14894189884667053,1.6315160913426487
1776265368.9141955,140.0436692237854,4.7889140681809,-1.8698685134350166,2.5181218289446194,0.14669667750380175,2.1434048180777805
1776265368.952021,140.08149456977844,4.769857632438351,-1.8550142542906118,2.5036228904235815,0.14448034395612416,0.7449578676055342
1776265368.967805,140.0972785949707,4.750695757477665,-1.8401752233817141,2.4891743122420205,0.1423001548634265,1.7876223855711615
1776265368.9729075,140.10238122940063,4.731427534729089,-1.8253575101507196,2.4747760251216557,0.14015554100552138,5.536623644143108
1776265368.9850266,140.11450028419495,4.712051360933152,-1.8105694278663467,2.4604286902582873,0.13804238890812504,2.3338232778742563
1776265369.016525,140.14599871635437,4.692565838711234,-1.7958192091971727,2.4461326672811814,0.13596017678643843,0.8988728445573014
1776265369.036632,140.1661057472229,4.6729734892568215,-1.7811013909336504,2.431888902888886,0.13391191447852502,1.4096358269518439
1776265369.0444071,140.17388081550598,4.6532771639174175,-1.7664122513550284,2.417696775816457,0.13189408659994292,3.649467274435179
1776265369.0577016,140.18717527389526,4.63347632998847,-1.7517570442167751,2.403556409577516,0.12990972038454943,2.1365436914888067
1776265369.093319,140.22279262542725,4.613571160091352,-1.7371359807861952,2.3894669814202874,0.12795420999624751,0.7983241509893615
1776265369.100322,140.2297956943512,4.5935606492536145,-1.722552757056037,2.375426865785036,0.1260237455241789,4.064545174778253
1776265369.1155715,140.2450451850891,4.573443840916588,-1.7080106541924964,2.361434898721413,0.12412425114163293,1.868551147651256
1776265369.1274455,140.2569191455841,4.553217799163159,-1.6935163278353982,2.3474918113539647,0.12225625529994773,2.4021861203224133
1776265369.1602993,140.28977298736572,4.53288323979806,-1.6790675933700892,2.333597921278735,0.1204149487330586,0.8691058436260557
1776265369.1819222,140.31139588356018,4.512443435176722,-1.6646573110826848,2.319753687233817,0.11860122944209973,1.3219802944078227
1776265369.1958604,140.32533407211304,4.491901159791712,-1.6502859117250643,2.305958738152316,0.11681767857628976,2.0529985041016268
1776265369.1962028,140.32567644119263,4.471259140860182,-1.635949211303404,2.292214634307855,0.11506163812109502,83.66693098223902
1776265369.233331,140.36280465126038,4.450518574321105,-1.621643491023146,2.2785227601650058,0.11333071958784124,0.7723409458904472
1776265369.2472472,140.37672090530396,4.42967819377258,-1.6073685111758733,2.2648833560867088,0.11162675196914286,2.062887172115514
1776265369.2622142,140.39168787002563,4.408734257929405,-1.5931277360069473,2.2512967314613666,0.10994993577400121,1.9202951523688199
1776265369.2736285,140.40310215950012,4.387683454224112,-1.5789237599183292,2.237761648197316,0.10830013639678857,2.5210955062889138
1776265369.2830317,140.4125053882599,4.366524266869625,-1.5647625051925305,2.224277779670711,0.10667628721981971,3.0639352776575275
1776265369.2961016,140.42557525634766,4.3452576011787665,-1.5506449894234344,2.2108450700021347,0.1050755128688523,2.2069569127870325
1776265369.3083966,140.43787026405334,4.323884961725932,-1.5365724202391495,2.1974634401054023,0.1034999363381453,2.3486963012503757
1776265369.3252742,140.45474791526794,4.302409044474417,-1.5225440121576088,2.184133601639663,0.10195205225962899,1.712821535166111
1776265369.3372674,140.4667410850525,4.2808322231079705,-1.5085580235630442,2.170856128310422,0.10042374097745228,2.4129461974961877
1776265369.362157,140.4916307926178,4.259155906727616,-1.4946146872394195,2.15763103853817,0.09891609890405985,1.1638804371967377
1776265369.3985178,140.52799153327942,4.259155906727616,-1.4946146872394195,2.15763103853817,0.09891609890405985,0.0
1776265369.3991268,140.52860045433044,4.237380494481472,-1.480718063599504,2.1444597425722955,0.09743080978359428,47.61864549494717
1776265369.3993547,140.52882838249207,4.215504925425606,-1.4668714312276432,2.1313441120503334,0.09597016929734817,127.33057762500434
1776265369.3995466,140.52902030944824,4.193529326748171,-1.4530680633828628,2.118285880726593,0.09453000063469563,151.36637445667654
1776265369.4331746,140.5626482963562,4.171451278061633,-1.4393120351608304,2.1052842368097853,0.09311082466746762,0.8647890754520553
1776265369.4524727,140.58194637298584,4.149268927859042,-1.4256068492842302,2.092338650627755,0.09171406140439231,1.508516028571435
1776265369.4623952,140.5918688774109,4.1269831872421125,-1.4119493615794256,2.079447718189344,0.0903387510491447,2.9371350909895146
1776265369.4749382,140.60441184043884,4.104594420457229,-1.398342608175705,2.066609432576222,0.08898170188319568,2.326062217604141
1776265369.4903376,140.619811296463,4.082104029364897,-1.3847877827176676,2.053823858657975,0.08764924738238049,1.896595460943649
1776265369.5100117,140.6394853591919,4.0595144402288454,-1.3712785358247952,2.0410938141095856,0.0863384694686514,1.4861040242181365
1776265369.5174615,140.64693522453308,4.036827604301997,-1.357807235377364,2.028420188058572,0.08504724467300179,3.929059299688996
1776265369.5301056,140.65957927703857,4.01404301698091,-1.3443742167500512,2.01580367430587,0.08377251525071797,2.3176591682693304
1776265369.5581868,140.68766045570374,3.991158520880273,-1.330981408118557,2.003241901769269,0.08251463887157773,1.0448461523928994
1776265369.5694854,140.69895911216736,3.968172586849983,-1.3176296672116345,1.9907326819772202,0.08127371980242382,2.600186149709928
1776265369.581695,140.71116876602173,3.945084095073251,-1.304320704024204,1.9782750439378416,0.08005119728355864,2.409378430831894
1776265369.6013184,140.73079204559326,3.9218935942628277,-1.2910559760755893,1.9658685365442765,0.07884528575899091,1.5010896859837164
1776265369.6269832,140.75645685195923,3.898601009604401,-1.2778413421717967,1.9535144375601494,0.07766138681076523,1.1491333112896944
1776265369.632719,140.76219272613525,3.8752079747826484,-1.264677111216252,1.9412125723578988,0.07649566985570216,5.147845328686011
1776265369.6451051,140.77457880973816,3.851716269134739,-1.251562863491368,1.9289628332675148,0.07535086890389076,2.3866944418159712
1776265369.6614757,140.790949344635,3.8281268765060847,-1.238493090986246,1.9167672760590222,0.07422268641794129,1.8079718545030556
1776265369.6852713,140.81474494934082,3.8044408379464927,-1.2254610826994847,1.9046280444654737,0.07310899324180549,1.2453905335877677
1776265369.7028515,140.83232522010803,3.780658391751564,-1.2124665584633907,1.8925451178193595,0.07201017352444394,1.6878316948006962
1776265369.7082565,140.83773016929626,3.7567786848977476,-1.1995099430925853,1.8805186145330821,0.07092759100227157,5.497022429024424
1776265369.7291617,140.85863542556763,3.732799609929392,-1.1865969113073722,1.868547880718149,0.06986257320657259,1.4230697050766739
1776265369.7356977,140.86517143249512,3.708719024150326,-1.1737303390515583,1.8566312106334346,0.06881241611945814,4.557793317369997
1776265369.7625947,140.89206838607788,3.6845370605063947,-1.1609094393675596,1.8447688379906482,0.06777649245436455,1.1090661149159038
1776265369.777722,140.90719556808472,3.6602559253020064,-1.1481287064475145,1.8329634408846343,0.06675758759324758,1.9746699121842448
1776265369.791174,140.92064762115479,3.6358776792452008,-1.1353877429047163,1.8212161471575141,0.06575381793389429,2.2234795672206693
1776265369.7950406,140.92451429367065,3.6114032817539217,-1.122684437759264,1.8095276534034537,0.06476182285499354,7.74562820174593
1776265369.8274462,140.95691990852356,3.5868323817201038,-1.1100238194971919,1.7978981463238293,0.06378329359184758,0.925387815528418
1776265369.8334174,140.96289110183716,3.562163937514714,-1.097412348270271,1.7863261109738502,0.06281923318924978,5.028287855250798
1776265369.8498175,140.97929120063782,3.5373968055647,-1.0848535955685161,1.7748093666332905,0.06187208393976102,1.833083019748291
1776265369.8623822,140.99185585975647,3.5125314283537765,-1.0723471783987082,1.7633476375372183,0.060939230901966096,2.3956857552585724
1776265369.8886898,141.0181634426117,3.4875683165061626,-1.0598920025425989,1.751941286393674,0.06002136262203447,1.1456606367688635
1776265369.9093673,141.03884100914001,3.4875683165061626,-1.0598920025425989,1.751941286393674,0.06002136262203447,0.0
1776265369.909943,141.03941679000854,3.46250718626806,-1.047487441506072,1.740589610415535,0.05911849306732185,52.41466730475177
1776265369.9209492,141.0504229068756,3.4373479006786853,-1.0351399607263179,1.7292926306778038,0.058231278656889325,2.7454802089625083
1776265369.9361148,141.06558847427368,3.4120919024587524,-1.0228495103965545,1.7180509487780768,0.057364576173067,1.994904570036049
1776265369.9581294,141.0876030921936,3.386740552391316,-1.0106122170229985,1.706866203504235,0.0565135766414494,1.3759464952123426
1776265369.9655764,141.09505009651184,3.3612949558886855,-0.9984250168713673,1.6957382349855137,0.05567575512180258,4.07262147640184
1776265369.9760573,141.10553097724915,3.3357560250150353,-0.9862833624893298,1.6846664117272945,0.05484856837325428,2.897508219350935
1776265369.9878979,141.11737155914307,3.3101232800121423,-0.9741888132230803,1.6736518659169581,0.05403331585409449,2.568102439318231
1776265370.0176203,141.14709401130676,3.2843959832170784,-0.962140955207959,1.6626952308052316,0.05322891136133719,1.0244173035216873
1776265370.0425456,141.17201924324036,3.2585736587851737,-0.950140153223129,1.6517939072309744,0.05243651211329511,1.2232652973456206
1776265370.0429614,141.1724350452423,3.2326566299597013,-0.9381881718210532,1.640947063103079,0.0516537519038722,73.4289138891386
1776265370.0601437,141.189617395401,3.2066454597675675,-0.9262885600282076,1.6301527525235062,0.05088025019437362,1.779316864560809
1776265370.0977705,141.22724413871765,3.1805391435063144,-0.9144391818677383,1.6194097596440604,0.050115375312194496,0.8136852444453289
1776265370.1098661,141.2393398284912,3.1543378442245693,-0.9026355996590427,1.6087175313116187,0.0493578433287953,2.5349500721964353
1776265370.1212451,141.250718832016,3.1280422921766964,-0.8908753161247788,1.5980755975429504,0.04860622127336512,2.6986972467223445
1776265370.1437256,141.27319931983948,3.1016511285042556,-0.8791585928680781,1.5874854956489535,0.04786259568754264,1.3681153271923352
1776265370.1469054,141.27637910842896,3.0751644577016006,-0.8674908126158242,1.5769488649665138,0.04712963233839933,9.686492064191736
1776265370.183874,141.3133475780487,3.0485822707133656,-0.8558798180563046,1.5664667665311254,0.046409786330334185,0.8343106528087775
1776265370.2088833,141.33835697174072,3.021906160885434,-0.8443266445727007,1.5560381309980669,0.04569825002423499,1.2349125859386036
1776265370.22255,141.35202360153198,2.9951371695034448,-0.8328306150297962,1.545664334770656,0.04499951921361308,2.262808165600479
1776265370.2312655,141.36073923110962,2.9682755669734435,-0.8213919287525981,1.5353466068561537,0.04431284802061138,3.5528378083203407
1776265370.2493896,141.37886333465576,2.9413217582875,-0.8100093309911082,1.5250870457814982,0.04363938792998933,1.7107230094177461
1776265370.2614574,141.39093112945557,2.914276166080188,-0.7986803578787458,1.5148851047285479,0.042978912685029284,2.572679350777833
1776265370.2783287,141.40780234336853,2.887138729945695,-0.7874007620333281,1.5047399653023743,0.042327438219440794,1.8427890389544792
1776265370.2848475,141.41432118415833,2.859907334703369,-0.776167767002193,1.4946503179284598,0.041684132566340466,4.776505283016201
1776265370.3152437,141.44471740722656,2.8325828635478825,-0.7649829632077307,1.4846169916842105,0.04104560187849782,1.025891793747356
1776265370.3291297,141.4586033821106,2.805164448631881,-0.7538487447135465,1.4746421107254368,0.04041531559862921,2.248946137829546
1776265370.3395655,141.46903920173645,2.777653454225495,-0.742763242149635,1.4647272246435863,0.0397936132204995,2.9967709704702328
1776265370.3564339,141.48590755462646,2.7500484606749724,-0.731731161947808,1.454874664819704,0.03918067966589823,1.856611172504984
1776265370.3728545,141.50232815742493,2.722340400265754,-0.7207567687373306,1.445086031424433,0.03858520387946904,1.9103217698162922
1776265370.3961368,141.52561044692993,2.69452639200628,-0.7098392265251044,1.4353635916145175,0.03800898303517145,1.3496064873059241
1776265370.3965096,141.52598333358765,2.666609967443771,-0.6989737150133113,1.4257097410758286,0.03744631641582664,84.40507809074346
1776265370.408053,141.53752660751343,2.638582959759018,-0.6881569117696607,1.4161252057866998,0.03690294808903142,2.731788830954169
1776265370.4375608,141.56703448295593,2.6104454348027786,-0.6773936625305381,1.4066126298048869,0.03637623277916859,1.0706307661496808
1776265370.453027,141.58250069618225,2.582208121512044,-0.6666850782330921,1.3971753283731168,0.03586666591001189,2.045742169883506
1776265370.4625926,141.59206628799438,2.5538785694941315,-0.6560280427114175,1.3878132041271884,0.03536806307096084,3.312139117643952
1776265370.4785316,141.60800528526306,2.5254666300419877,-0.6454242918178968,1.3785252882388612,0.03488005287617655,1.9898747321443906
1776265370.5112154,141.64068913459778,2.496977273362483,-0.6348734644512425,1.3693107642987477,0.034401240528861614,0.9713354592201779
1776265370.523461,141.6529347896576,2.4684220698764383,-0.6243831732002617,1.3601707938755019,0.03392969294923598,2.593942321544346
1776265370.5400488,141.66952252388,2.439809867490973,-0.6139579511178125,1.351104370218477,0.03346277720589612,1.915470345136288
1776265370.5482106,141.6776843070984,2.4111196123206464,-0.6035934067883748,1.3421137993001235,0.03301147091419561,3.8964864851808643
1776265370.5571654,141.68663907051086,2.3823329788916805,-0.5932883529544516,1.333199744001747,0.03258188987606942,3.556594902494197
1776265370.5913439,141.72081756591797,2.3534575621275025,-0.5830391615208637,1.3243657481429,0.03217341936254009,0.932998329783032
1776265370.6089165,141.73839020729065,2.3245208856645814,-0.5728486658476977,1.315616451862237,0.03177927232338196,1.8154267781889502
1776265370.622764,141.75223779678345,2.2955299493396577,-0.5627219230926841,1.3069517111832276,0.03140452126424653,2.3042080329238774
1776265370.644286,141.77375960350037,2.266498843405191,-0.5526580990198677,1.2983735064173887,0.031041634175970452,1.4822621842132866
1776265370.6745389,141.80401253700256,2.237416275441315,-0.5426535380719658,1.2898851212162308,0.030697212731042985,1.0546139935767638
1776265370.692452,141.8219256401062,2.208272062762478,-0.5327073314317471,1.2814836638415328,0.030379684390563304,1.7819447751547872
1776265370.7026942,141.83216786384583,2.179081462503389,-0.5228175001600436,1.273169052015769,0.03008281289264623,3.1167344141435827
1776265370.7190864,141.84856009483337,2.1498597458027766,-0.5129843959916365,1.2649387735126287,0.029805126271008196,1.9467380392873177
1776265370.739191,141.8686647415161,2.1206256404962605,-0.5032050744400818,1.2567956524184645,0.029546096117899268,1.5858934569459717
1776265370.755163,141.8846366405487,2.0914074176443953,-0.4934785687539421,1.2487447567908307,0.02929671454198392,1.9928529586273123
1776265370.7641718,141.89364552497864,2.062215986520552,-0.48380946759459886,1.2407858898114612,0.029050155681388485,3.525893006498619
1776265370.7836156,141.9130892753601,2.0330593565642743,-0.47420464543222346,1.2329152479566687,0.02879909243156896,1.6298722728002444
1776265370.8064141,141.93588781356812,2.0039585554891146,-0.4646705632924471,1.22513293787841,0.028534601701017424,1.3858869897016615
1776265370.8221,141.9515736103058,1.9749021399067315,-0.45521110559633443,1.2174412835775803,0.028273765323604344,2.008862198801591
1776265370.830371,141.9598445892334,1.9458801386044358,-0.4458290500460728,1.2098392559378444,0.02802610443223739,3.8005059309463816
1776265370.8406892,141.97016286849976,1.9168920768332696,-0.4365255819367833,1.202323701100054,0.027791176632919228,3.039106067004258
1776265370.8748803,142.00435400009155,1.8879425167360133,-0.4272998006758668,1.1948925279970783,0.02756701477842127,0.9148458961081096
1776265370.904588,142.03406167030334,1.8879425167360133,-0.4272998006758668,1.1948925279970783,0.02756701477842127,0.0
1776265370.905227,142.03470063209534,1.859035880664712,-0.4181493965626533,1.1875449483579856,0.02735278430144173,48.82596094907562
1776265370.9055188,142.03499245643616,1.8301699895385624,-0.40907345549752416,1.1802849353404272,0.027156422008271196,106.6321031263745
1776265370.9111602,142.04063391685486,1.8013329911570866,-0.40006530604386237,1.1731154849643377,0.026994559495073654,5.503944641710956
1776265370.9619744,142.09144806861877,1.7725399093763385,-0.3911288743562599,1.1660372587623877,0.02685566369921533,0.6094319582483708
1776265370.9648724,142.09434604644775,1.7438169329782465,-0.38227165036946426,1.1590503287266687,0.026727929752597485,10.648454626833077
1776265370.9769907,142.10646438598633,1.7151808944762603,-0.3734953188649786,1.1521528655587596,0.026605469648223634,2.5362136813547926
1776265371.0025449,142.1320185661316,1.6866657380926489,-0.3647984420899849,1.145347022837278,0.026461308225812913,1.1966301699235433
1776265371.0135136,142.14298725128174,1.65828437672087,-0.35618541371505197,1.1386315145556802,0.02629346508290421,2.7724618514797097
1776265371.0364008,142.16587448120117,1.6300258106928185,-0.34766085546071585,1.132004455186176,0.026114540120046728,1.3217483354285258
1776265371.059191,142.1886646747589,1.6018827152973303,-0.3392224374325635,1.1254652731576171,0.025934840718514617,1.3207373909232214
1776265371.065079,142.1945526599884,1.5738498841005208,-0.3308665476472014,1.1190133491296714,0.02576178121226859,5.087438589667775
1776265371.07726,142.20673370361328,1.5459209485102658,-0.32259634858368713,1.1126461879383949,0.02560759581101214,2.4476943874718553
1776265371.1188226,142.24829626083374,1.5181105349367354,-0.3144103648961421,1.1063638761559993,0.02546097395240573,0.7136965981553529
1776265371.1318593,142.261332988739,1.4904277460446351,-0.3063100415221822,1.1001641242987406,0.025318253733614637,2.2630184061777134
1776265371.150482,142.27995562553406,1.4628830191496496,-0.29829599415333635,1.0940452236892904,0.02517341868374061,1.5750830028252172
1776265371.1662304,142.29570412635803,1.4354871005479395,-0.29036613319254434,1.0880064607872364,0.025019756566255616,1.8511475884143196
1776265371.2086186,142.33809232711792,1.4082509486490278,-0.28251969262297283,1.0820479823271225,0.024852675182950857,0.6832890119379013
1776265371.224048,142.35352158546448,1.381178282144059,-0.2747564692692522,1.0761705085990212,0.024670372262426188,1.864671537437586
1776265371.233592,142.3630657196045,1.3542664843557068,-0.2670806555496671,1.0703737893394603,0.024477537546610983,2.994415116422831
1776265371.2511806,142.38065433502197,1.3275115978332455,-0.2594958534730037,1.0646559441521937,0.02428173122216359,1.6141671728135474
1776265371.2916331,142.42110681533813,1.300911251802199,-0.25200602385030574,1.0590156456414177,0.024088129643941764,0.6972233341696699
1776265371.3069696,142.43644332885742,1.2744663981172895,-0.24461048596918272,1.0534516584864893,0.023897041626679418,1.8268515929646512
1776265371.3166268,142.44610047340393,1.2481804492288708,-0.23730902819821567,1.0479616463185224,0.023709640410846607,2.881606513879474
1776265371.3284802,142.45795392990112,1.222058455718943,-0.23009846176602622,1.0425469436389052,0.023520867940284344,2.331351745896594
1776265371.362005,142.49147868156433,1.1961055285539053,-0.22297849395302152,1.0372074676709717,0.023326659860041635,0.8183936070443503
1776265371.3765879,142.50606155395508,1.1703261596748005,-0.21595345992301831,1.0319412649459576,0.023124747664794304,1.8674944087378202
1776265371.3923159,142.52178955078125,1.1447224587002085,-0.20902674496828927,1.0267479060210196,0.022915835264440076,1.718449032197876
1776265371.4079623,142.53743600845337,1.1192950100131331,-0.20219545367523475,1.0216282403321282,0.022700459827389222,1.7142692953785945
1776265371.4424062,142.571879863739,1.0940426304841064,-0.19546133747139288,1.0165808875974414,0.02248104646455831,0.7727877764749383
1776265371.4565802,142.5860538482666,1.0689650683997953,-0.18882504361195698,1.0116071444293944,0.02226044810311232,1.8635059268259904
1776265371.4694178,142.59889149665833,1.0440617596854322,-0.18228786349060688,1.0067068509465296,0.022039480809977533,2.041589191856288
1776265371.477592,142.60706567764282,1.0193324698155382,-0.17585117693269303,1.0018778883919357,0.021822544092384346,3.1814233194727546
1776265371.48839,142.61786365509033,0.9947778794943826,-0.16951417756855533,0.997119223722143,0.021609318475669388,2.3894985107671647
1776265371.5380049,142.66747856140137,0.970398877300909,-0.16328099848877842,0.9924306467202597,0.02139617033364397,0.5158995691721818
1776265371.5572412,142.68671488761902,0.9461968306275953,-0.15715476113263638,0.9878120903940245,0.021185592711646804,1.3198461918306004
1776265371.570038,142.69951176643372,0.9221746335780664,-0.15113033715523358,0.9832646785196738,0.020974799786871008,1.967676906324669
1776265371.5790312,142.70850491523743,0.8983341302685104,-0.14520536544042095,0.9787885779291077,0.020759097024057014,2.776579155881182
1776265371.6276264,142.75710010528564,0.8746754856873314,-0.13937889747543347,0.9743829195037975,0.020536921975221487,0.5095285033077055
1776265371.6521494,142.7816231250763,0.8511979335531341,-0.13364908189315167,0.9700476123515637,0.020311092361395118,1.0011987168973089
1776265371.6590374,142.78851103782654,0.8278994696703049,-0.12802187033466486,0.9657807148597037,0.02008683186369504,3.5344861848088294
1776265371.6677992,142.79727292060852,0.8047787901076946,-0.12249762826508627,0.9615809785443488,0.019864366666058043,2.755071304233336
1776265371.7070985,142.83657217025757,0.7818365672001272,-0.11707108716733226,0.9574498112581681,0.01964278464257217,0.6090315555076775
1776265371.7141514,142.84362506866455,0.7590746076261425,-0.11174213020047502,0.9533873402971503,0.019423912592807686,3.364261562636606
1776265371.720202,142.849675655365,0.736495590661841,-0.10650837081069428,0.949394751959564,0.01920050609232218,3.8870668477850003
1776265371.7331507,142.86262440681458,0.714099352791418,-0.10137653637554465,0.9454710896485661,0.01897759208753661,1.800117604133926
1776265371.772606,142.90207958221436,0.6918835886040802,-0.09635025942141973,0.9416144724932295,0.018758700601290472,0.5855113516603031
1776265371.8091602,142.9386339187622,0.6918835886040802,-0.09635025942141973,0.9416144724932295,0.018758700601290472,0.0
1776265371.809801,142.93927478790283,0.6698472086617941,-0.09142659490295944,0.9378235608679747,0.018541064588527438,35.72609751103774
1776265371.810076,142.93954968452454,0.6479901759884709,-0.08659591056328614,0.9340997487538236,0.018325600198838957,82.54781985044427
1776265371.8102796,142.9397532939911,0.6263126946623766,-0.08185102434391194,0.9304423587363957,0.018109422814388657,110.45694074400096
1776265371.8531237,142.98259735107422,0.6048148097068369,-0.07719012962565516,0.9268491082348812,0.017892844597950725,0.5202328555828243
1776265371.8643339,142.993807554245,0.5834977880806418,-0.0726137741555941,0.9233192472092552,0.01767580087128604,1.9702239174703824
1776265371.8771384,143.00661206245422,0.562362531836209,-0.068127194829983,0.9198520396156421,0.017455268260474756,1.708979422436313
1776265371.8912385,143.0207121372223,0.5414093991719445,-0.06373098345619177,0.9164469251478499,0.01723394907103121,1.5374706573967372
1776265371.9311595,143.06063318252563,0.520637453362502,-0.059428000299984615,0.9131026040720299,0.017012460874661704,0.5379357983504894
1776265371.9508073,143.08028101921082,0.5000462981946203,-0.05521685097079452,0.9098196869220253,0.016790260089068244,1.0826745020404887
1776265371.9620993,143.09157299995422,0.4796358625129031,-0.051098792635486216,0.9065975151931198,0.016569889153111354,1.865887668584722
1776265371.9688945,143.0983681678772,0.45940563524630224,-0.04707156117735324,0.9034351110284682,0.016350950760637112,3.07103422078091
1776265371.9781027,143.10757637023926,0.439354820057806,-0.04313288705482484,0.9003314297181619,0.016132845432136337,2.244559907525365
1776265372.0192587,143.14873242378235,0.4194826885109203,-0.039282992806929456,0.897285593742276,0.015915608046795534,0.4973630331060795
1776265372.0342345,143.16370820999146,0.3997890799134275,-0.035518099871067306,0.8942983985435491,0.015697617810850936,1.3536221399392898
1776265372.0433042,143.17277789115906,0.38027376509561106,-0.031839394906976445,0.8913718661069787,0.015482990188668493,2.2132519303350606
1776265372.0639098,143.1933834552765,0.3609367432239555,-0.02824750963825631,0.888507487809674,0.01527113419505092,0.96455884177051
1776265372.1019263,143.23140001296997,0.34177826011590084,-0.02474012161453854,0.885707019237791,0.015060988342861036,0.5175953008865712
1776265372.1354222,143.2648959159851,0.32279790686389237,-0.021319799526215103,0.8829695369297009,0.014855331850488266,0.5815451340375566
1776265372.1405122,143.26998591423035,0.303995818992835,-0.017987417024140657,0.8802934939721236,0.014652657860216403,3.788157260315444
1776265372.1571472,143.28662085533142,0.28537248516566693,-0.014742596666707606,0.8776782094116724,0.014451166084983515,1.1472207543329251
1776265372.1794271,143.30890083312988,0.26692783694813016,-0.011588251013715588,0.8751215039970102,0.014251349617825608,0.8476796165417838
1776265372.2101176,143.33959126472473,0.26692783694813016,-0.011588251013715588,0.8751215039970102,0.014251349617825608,0.0
1776265372.210694,143.340167760849,0.24866209143485987,-0.00852496734778492,0.8726221690597046,0.014055561531752931,32.41775292748108
1776265372.2212722,143.35074591636658,0.23057451671062873,-0.00555512656887348,0.8701804004445588,0.013862496280685303,1.7481014132058839
1776265372.2221806,143.35165429115295,0.21266396952478492,-0.002673178453595912,0.8677979614001766,0.013672836002128326,20.142240064180186
1776265372.2715814,143.40105509757996,0.19492877139127213,0.0001243125125217361,0.8654730663152985,0.013489477953185926,0.36647931423610686
1776265372.2850807,143.4145543575287,0.17736828954448292,0.002841243031770922,0.8632050792910271,0.013313280821139549,1.327003874509779
1776265372.2945247,143.42399835586548,0.1599825833542895,0.005478007656222961,0.8609926586233659,0.013141646382831423,1.8766576665738903
1776265372.3043132,143.43378686904907,0.1427726637306233,0.008033673618837486,0.8588347818021601,0.012970724290110773,1.7910736278878396
1776265372.3499115,143.47938513755798,0.12573945634925568,0.010510926083450327,0.8567308654249206,0.012796393558433119,0.38028885205863927
1776265372.3613937,143.49086737632751,0.10888261818075547,0.012913744355218856,0.8546805480401535,0.012623472795693468,1.4936310439521203
1776265372.3745418,143.50401544570923,0.09220155822946358,0.015244602924884255,0.8526840329620419,0.012452608813046252,1.290001999703641
1776265372.3902104,143.5196840763092,0.07569496180277696,0.01750371315657509,0.8507379520402178,0.012282031832067107,1.0705304026470408
1776265372.4182577,143.54773139953613,0.05936286574148923,0.019693440071444232,0.8488431810435565,0.012113242789223592,0.5913867285861751
1776265372.434286,143.56375980377197,0.04320478749238949,0.02181547309792072,0.8470003604807418,0.011941347296722013,1.0232263834266047
1776265372.4456809,143.57515454292297,0.02721985884534412,0.023868036886227448,0.8452104807838579,0.011771372196270372,1.4230478641319437
1776265372.4541588,143.58363246917725,0.01140651802955239,0.025845671779091195,0.8434719250418526,0.011607594331651778,1.890919365760891
1776265372.4683542,143.59782791137695,-0.004234786837823269,0.027748957920862932,0.8417837143337525,0.011447454491843695,1.1163343674181534
1776265372.5235438,143.65301752090454,-0.004234786837823269,0.027748957920862932,0.8417837143337525,0.011447454491843695,0.0
1776265372.5241568,143.6536304950714,-0.01970385786126888,0.029576150822612418,0.8401438866603859,0.011289468267280642,25.551956112717647
1776265372.5244706,143.6539442539215,-0.03500024598054255,0.03132662777566875,0.8385512581344295,0.01113334740316014,49.332077900480414
1776265372.5353217,143.66479539871216,-0.05012276212661594,0.03300579122419478,0.8370050813885923,0.010979365809960109,1.4094194028472884
1776265372.5504172,143.67989087104797,-0.06507119517400649,0.034617250691046327,0.8355057578309221,0.010826181250090404,1.0009367888369305
1776265372.5989656,143.7284393310547,-0.07984688349740006,0.036162522544359615,0.8340541729056834,0.010676381673252149,0.3074663976292488
1776265372.6103568,143.739830493927,-0.09445195727728882,0.03764266280333402,0.832649152137499,0.010528713736525887,1.2945972787805433
1776265372.62357,143.7530436515808,-0.10888800929738286,0.03906038047367804,0.8312901636534485,0.010386042382170176,1.1026146298432087
1776265372.6367342,143.7662079334259,-0.12315409960128988,0.040418980536634105,0.8299776313999544,0.010248199336024014,1.093156278147752
1776265372.6756618,143.80513548851013,-0.13725029619952467,0.041725214817991796,0.8287117518181079,0.010109712276531966,0.365116007049249
1776265372.686444,143.81591773033142,-0.1511765824567674,0.042983934212027,0.8274922699925275,0.009970130301786864,1.3017822017496972
1776265372.7003622,143.82983589172363,-0.16493163946412973,0.04419482770979232,0.8263173574708044,0.009832613243496605,0.9956881489178774
1776265372.71332,143.84279370307922,-0.17851452309561716,0.04535780869120807,0.8251861354283416,0.009695711714792936,1.0556901679312876
1776265372.7652721,143.8947458267212,-0.191926102795397,0.04647172681500951,0.824097077149795,0.009557571547594354,0.25988837338276727
1776265372.7784207,143.90789437294006,-0.2051676260830327,0.04753321337905218,0.8230497706919021,0.009417322051485185,1.0134369123107085
1776265372.7852829,143.91475653648376,-0.21824105746278247,0.04854394948139795,0.8220459573871506,0.009278399716348527,1.9164234677721255
1776265372.7993245,143.92879819869995,-0.23114831132686228,0.04950180156468268,0.8210848487866107,0.009144719750359173,0.9242767924271069
1776265372.833597,143.96307063102722,-0.2438902082682117,0.05040011317313387,0.8201652189762917,0.00901356472870657,0.3736701532632135
1776265372.8409855,143.97045922279358,-0.2564665573617718,0.05124166105657159,0.8192847270338928,0.008884492264423205,1.7100944758420609
1776265372.852531,143.98200464248657,-0.26887587650118794,0.05203208346077382,0.8184429763255467,0.00875683145275783,1.0794692513790742
1776265372.8665116,143.9959852695465,-0.28111622116207524,0.052776247975138774,0.81764161914563,0.008633228901518837,0.8790092509111221
1776265372.8930132,144.02248692512512,-0.2931876707698479,0.05347640560031554,0.8168804109347025,0.008513199100276725,0.4571666805206171
1776265372.902574,144.03204774856567,-0.30509136140261217,0.05412862199946054,0.8161577528342968,0.008394893429937206,1.2492049500649496
1776265372.9234369,144.05291056632996,-0.31682916214943063,0.05473539816751602,0.8154724414103863,0.00827844105381224,0.5643262641301029
1776265372.9284337,144.05790734291077,-0.328403076723871,0.05529796100964241,0.8148235650592928,0.00816388534682762,2.3226437777199993
1776265372.9379914,144.0674650669098,-0.3398136125470326,0.055813730908980654,0.8142102655471793,0.008052060198037907,1.1967953768468453
1776265372.9851909,144.11466455459595,-0.3510593960314313,0.05628411251505461,0.8136319670321561,0.007942498295592706,0.2387835856385768
1776265373.0001674,144.1296410560608,-0.3621389670039435,0.056714960564214996,0.8130902546578862,0.0078343649766432,0.7412392020748281
1776265373.003839,144.13331270217896,-0.37305244333545334,0.05710903942929511,0.8125848303599258,0.0077253022941673665,2.9774870304159484
1776265373.0188951,144.14836883544922,-0.38380109692117453,0.05746062990907486,0.81211439356725,0.0076155040292998554,0.7149702080765172
1776265373.0570107,144.18648433685303,-0.3943866843108281,0.05776855237202989,0.8116779729755519,0.007504835797688983,0.27807724732001704
1776265373.0688329,144.19830656051636,-0.4048090485585899,0.05803217630029492,0.8112752743509544,0.007396286750637745,0.8825304280441794
1776265373.0902019,144.21967554092407,-0.4150683186807508,0.058253884342357454,0.8109065059594359,0.007289252671858052,0.48052313418810966
1776265373.091622,144.22109580039978,-0.42516559207801924,0.05843751447606105,0.8105705908993736,0.007184710921284184,7.11456485017063
1776265373.142165,144.27163863182068,-0.4351003607001272,0.058583411276240345,0.81026520599226,0.007080090687598634,0.19667540513879805
1776265373.159136,144.2886097431183,-0.4448726141265628,0.0586939779860061,0.8099901058323817,0.006975205014651385,0.5760819022691791
1776265373.1741157,144.30358934402466,-0.45448372963436895,0.05877336877220717,0.8097486115266984,0.006874101744645849,0.6418379793548283
1776265373.1843784,144.31385207176208,-0.46393525536603064,0.0588235509251206,0.8095383988676695,0.006776123128685139,0.9211972249339698
1776265373.2081957,144.3376693725586,-0.4732269638568706,0.0588393742397314,0.8093581257510485,0.006680755605505188,0.3901983126083424
1776265373.2216141,144.351087808609,-0.4823570193780027,0.058816940972072775,0.8092075426127904,0.006588304720359535,0.6805058914423479
1776265373.236198,144.36567163467407,-0.4913242149682689,0.058759046179611286,0.8090863787893071,0.006495302363649726,0.6149415772758623
1776265373.2484646,144.37793827056885,-0.5001291728919389,0.058669887592371406,0.808994697387753,0.006399650374619185,0.7178729908662613
1776265373.2880979,144.41757154464722,-0.5087714443355715,0.058547016324479756,0.8089306171492291,0.006303644030466081,0.21808398629808165
1776265373.2968538,144.42632746696472,-0.5172511387680495,0.058395577141843014,0.8088945577158467,0.006207665242318352,0.968615635677487
1776265373.3109424,144.440416097641,-0.5255708124241464,0.058213894773109,0.8088864428832971,0.006114617138202818,0.5906650069922954
1776265373.3179328,144.44740653038025,-0.53373253425663,0.05800037730258693,0.8089036260664902,0.006027525577618247,1.1679580705720134
1776265373.3656847,144.49515843391418,-0.5417363010604558,0.057757325738636484,0.8089442581893088,0.005941377959250399,0.16769089483270513
1776265373.3811588,144.5106325149536,-0.5495817260945218,0.05748807414805445,0.809008698359232,0.005856409888702852,0.5073198492471626
1776265373.399925,144.52939867973328,-0.5572681246312762,0.05719362562942623,0.8090960258271009,0.005771778457561952,0.4099149764787375
1776265373.4004488,144.52992248535156,-0.5647944199972245,0.05687580512925129,0.8092056934107479,0.0056877161244804015,14.382818400096808
1776265373.4144292,144.54390287399292,-0.5721605756644508,0.056541067952786406,0.8093379480534604,0.005600673405973048,0.5275206255305763
1776265373.4601684,144.58964204788208,-0.5793662003800436,0.056199785904862104,0.80949481624654,0.005512402077173981,0.15775115966065859
1776265373.4738038,144.60327744483948,-0.5864118360879053,0.05585124976347134,0.8096766155025803,0.005427843241440097,0.5175202056339643
1776265373.4835043,144.61297798156738,-0.5933001784256458,0.055494244903911256,0.8098826260838682,0.005344808787348272,0.7113692182114548
1776265373.5042837,144.63375735282898,-0.6000320098970605,0.05512508838691835,0.8101115663889678,0.005261698642145369,0.32464079892666114
1776265373.5400758,144.66954946517944,-0.6066077290362745,0.054745814030353133,0.8103641622837691,0.005181932845904854,0.18416039808466975
1776265373.553682,144.6831557750702,-0.6130278446484847,0.054358274707281114,0.8106388654628982,0.00510188854554298,0.4731382157959293
1776265373.582046,144.71151971817017,-0.6192923791859396,0.053962510565274714,0.810934784448661,0.005023739850969737,0.22154870174974473
1776265373.5831943,144.71266794204712,-0.6254011825859573,0.053561723622273884,0.8112517868387583,0.004947029962579915,5.338800870456808
1776265373.6280184,144.7574920654297,-0.6313534455850629,0.05315785652996553,0.8115883040655316,0.004869914166338731,0.1333083956504429
1776265373.6474416,144.77691531181335,-0.6371494863402091,0.052747295801614524,0.8119434533744064,0.004790028202406954,0.29971338957578453
1776265373.6533937,144.78286743164062,-0.6427893211741353,0.05232491999705741,0.8123168092312755,0.004713226550913796,0.9522555318861546
1776265373.662227,144.79170060157776,-0.6482741368399197,0.05189138762446538,0.8127074670223872,0.0046373425150341195,0.6244388359401258
1776265373.6993058,144.82877945899963,-0.6536046222395594,0.05144712100130573,0.8131168479389518,0.004561860876308139,0.14468110254920488
1776265373.711083,144.8405566215515,-0.658780953848544,0.05098970001463707,0.8135444092395306,0.004483713908576896,0.4427265770637883
1776265373.7511432,144.88061690330505,-0.6638043685756135,0.05052421715121868,0.8139893942009214,0.004404995290796192,0.1264225216296239
1776265373.7594135,144.88888716697693,-0.6686743961792594,0.050050219416487324,0.8144516098486159,0.004327017106274313,0.5942764688279998
1776265373.7713728,144.90084648132324,-0.6733910440728126,0.04956880338218575,0.814928978047862,0.0042498038075470534,0.39844460268494797
1776265373.7879167,144.9173903465271,-0.677954114723209,0.049085895990700346,0.8154215260761348,0.0041736854992461755,0.27895007530146154
1776265373.816044,144.9455177783966,-0.6823643112518507,0.04860109315081604,0.8159286078491784,0.004102379271362127,0.15876481628531205
1776265373.8296797,144.95915341377258,-0.6866226512414645,0.048107607656756424,0.8164504799056221,0.004033255904708746,0.31670602744951126
1776265373.8511202,144.98059391975403,-0.6907291495260247,0.047600939757304075,0.8169873176874184,0.003964354498576047,0.19459977968036946
1776265373.869454,144.9989275932312,-0.694684163121435,0.04708078118673479,0.8175391703596289,0.0038952181803115567,0.2196539230664819
1776265373.8767743,145.00624799728394,-0.698487686803898,0.04655321442434825,0.8181061881395292,0.003828782060794094,0.5302406066894482
1776265373.888254,145.0177276134491,-0.7021395304018896,0.04601904810360002,0.8186879175215915,0.003763787228084293,0.3254698350746675
1776265373.9010503,145.03052401542664,-0.7056389743947856,0.04547605596082953,0.8192826312922974,0.003699481297735444,0.28061870882456774
1776265373.9373736,145.06684732437134,-0.7089864634320642,0.04492597233633851,0.8198886394244547,0.003636938454860452,0.09487262694718956
1776265373.9662354,145.09570908546448,-0.7089864634320642,0.04492597233633851,0.8198886394244547,0.003636938454860452,0.0
1776265373.9668043,145.0962779521942,-0.7121821476642543,0.044366672090274756,0.8205069749721611,0.003576355811951645,5.805680577610751
1776265373.9671896,145.09666323661804,-0.7152267582867237,0.043798906350374846,0.8211363052989272,0.003516005488097041,8.2027467399392
1776265373.979282,145.1087555885315,-0.7181210686320053,0.0432211028926795,0.8217768394519717,0.0034561813648206715,0.24975522000122935
1776265374.0206883,145.15016198158264,-0.7208659653587494,0.04263716786992881,0.8224290114668387,0.0033937388246999705,0.06958116534148005
1776265374.0341837,145.1636574268341,-0.7234620292992745,0.04205445816474471,0.8230921111837554,0.0033295250674906084,0.20318284797084482
1776265374.0469103,145.17638397216797,-0.7259084162518009,0.04147499465413541,0.8237659199258781,0.0032654913794705736,0.20451796841180186
1776265374.0604618,145.18993544578552,-0.7282048895202552,0.04089622158313837,0.8244499866284811,0.0032042168927148233,0.18190637105889007
1776265374.0944242,145.22389793395996,-0.7303514716189673,0.040318845990386584,0.8251432919923927,0.003145798203987562,0.06856054059172982
1776265374.1161687,145.24564242362976,-0.7323490839541156,0.03974294326621608,0.8258450082351553,0.0030882186018627656,0.10090843923271595
1776265374.130843,145.2603166103363,-0.7341984983100652,0.03916717160494489,0.8265564296269932,0.0030308444596433047,0.14062000146348647
1776265374.1341975,145.26367115974426,-0.7359011705567003,0.03859002723154532,0.8272785021540748,0.002974703266156257,0.5775485262894351
1776265374.1873753,145.3168489933014,-0.7374571463812701,0.03801110053751293,0.8280104205474964,0.0029202756934337847,0.034118826814803924
1776265374.1984358,145.3279094696045,-0.7388667063248698,0.03743048174760985,0.8287514079752449,0.00286630157707578,0.15324876741095353
1776265374.2113333,145.34080696105957,-0.7401290832272779,0.03685186100275546,0.8295008992981314,0.002812275001391091,0.12235061796487585
1776265374.224998,145.3544716835022,-0.7412437196725028,0.036281392935003196,0.830258766104018,0.002758986802351294,0.10711005406360027
1776265374.2774334,145.406907081604,-0.7422104139076372,0.03572317637221081,0.8310264347335533,0.002708440649956325,0.025837054103208336
1776265374.294561,145.4240345954895,-0.7430299494909754,0.035166113146822844,0.8318042649223354,0.002659778490685683,0.0735514263327331
1776265374.299241,145.42871475219727,-0.7437024443170885,0.03460970528560958,0.8325893630737098,0.002612014187213633,0.2508410330065508
1776265374.320161,145.44963479042053,-0.7442279905437688,0.03405334692544547,0.8333802470294362,0.002569646658705175,0.05260790361527435
1776265374.3662157,145.49568939208984,-0.7446079936391139,0.033496782921737064,0.8341761217466337,0.0025297624158486325,0.022644256032516116
1776265374.373746,145.5032196044922,-0.7448428303514801,0.03294605291109235,0.8349771484307311,0.0024910684193520955,0.13280472485940664
1776265374.3850107,145.51448440551758,-0.7449330448391652,0.0324042760112661,0.835782455600883,0.002453805495967647,0.08653255597542767
1776265374.3969219,145.5263955593109,-0.7448794046592256,0.03187189842835624,0.8365900097336347,0.0024143144159561214,0.08133004362968223
1776265374.417038,145.54651165008545,-0.7446819206027065,0.031350990192210604,0.8373996264837265,0.0023776860102582547,0.04885460996009514
1776265374.4749653,145.60443902015686,-0.7446819206027065,0.031350990192210604,0.8373996264837265,0.0023776860102582547,0.0
1776265374.4757788,145.60525250434875,-0.7443411312827232,0.030842813389944712,0.8382115816590114,0.0023424141624118515,1.249793049240495
1776265374.4760017,145.60547542572021,-0.7438566384996701,0.030347313271643413,0.8390271958854305,0.0023080571756186772,4.801114741322214
1776265374.4953701,145.6248438358307,-0.7432241093882792,0.02985846866906319,0.8398471990224595,0.0022764406137203885,0.05912685175822597
1776265374.5078316,145.6373052597046,-0.7424449679402085,0.029376104253986717,0.8406710419993331,0.002246653892977513,0.09888562482329981
1776265374.5363476,145.66582131385803,-0.7415237728369918,0.028899092916152152,0.8414986480389313,0.002218260440307981,0.046537079409963815
1776265374.5467641,145.67623782157898,-0.7404629966154405,0.028430441524004077,0.8423305125381264,0.0021897385512307274,0.1370125851933856
1776265374.5599132,145.689386844635,-0.7392621607781116,0.027961700097513233,0.8431675158355311,0.0021591006358658927,0.11688910017165877
1776265374.5683177,145.69779133796692,-0.737917435263823,0.027488066681504192,0.8440084625415483,0.002126376316114414,0.19694657084762415
1776265374.6072845,145.7367582321167,-0.7364248043819352,0.027008304509814934,0.8448514366728908,0.0020926003201748693,0.04568213786073207
1776265374.618533,145.74800658226013,-0.7347815336232227,0.026520293089387453,0.8456960780243945,0.0020606506295837573,0.16989139458201438
1776265374.640109,145.7695827484131,-0.7329837920874612,0.02602245229318688,0.8465435006823796,0.0020267893645600494,0.09495961264928089
1776265374.6472237,145.77669739723206,-0.7310454224764502,0.025513693401617195,0.8473952207687122,0.001992047155909073,0.3060597482817213
1776265374.69798,145.82745361328125,-0.7289776387113606,0.024993945945876405,0.8482509648160583,0.001959793677495334,0.045263928446004194
1776265374.7073336,145.83680725097656,-0.7267829348461685,0.024464230135203983,0.8491091904705356,0.0019310612241531862,0.2582248430623039
1776265374.7167373,145.8462109565735,-0.7244552426531135,0.023924591687091497,0.8499694042089811,0.0019036130518129584,0.2700587278821331
1776265374.7333744,145.86284804344177,-0.7219944572896193,0.02337427179945339,0.8508302266133823,0.0018792205567676927,0.1601516630141855
1776265374.7658596,145.8953332901001,-0.7193971077014968,0.022815184306268565,0.8516915294537588,0.001854031984284917,0.08597637383967557
1776265374.7900655,145.91953921318054,-0.7166637859224609,0.02225273148261606,0.8525540535976518,0.0018290237348173764,0.12066663614569888
1776265374.8000724,145.9295461177826,-0.7137865777932801,0.02169232650547984,0.8534182097827447,0.001807395138496083,0.30538930885309096
1776265374.8088553,145.93832898139954,-0.7107546745212797,0.021137435315006965,0.8542813778165663,0.0017884227792266665,0.36444192848450685
1776265374.8428352,145.97230887413025,-0.7075741321991511,0.02059193707275302,0.8551448499193239,0.0017713749176636565,0.09830840989524557
1776265374.8707922,146.0002658367157,-0.7042363010984337,0.02005684052634617,0.8560086541643981,0.0017602129619709655,0.12480143354768533
1776265374.8711653,146.000638961792,-0.7007412666993824,0.019536989814002884,0.8568720127362127,0.0017544500787828232,9.748554574569084
1776265374.8855312,146.01500487327576,-0.6971095605869219,0.01903618586319778,0.8577368585528479,0.0017511802614422537,0.2621972921539564
1776265374.8964837,146.02595734596252,-0.6933718155367723,0.018552463934215124,0.8586077132753193,0.0017444190295033727,0.35318219209461926
1776265374.9493027,146.0787763595581,-0.6895426957274413,0.01808674651294644,0.8594868751262135,0.0017328472482688656,0.07490215470559625
1776265374.9565315,146.08600521087646,-0.6856186474842277,0.017641246603451618,0.8603743421913078,0.001717921750866371,0.5599427517172096
1776265374.9730942,146.10256791114807,-0.6815869499463123,0.017216094037699303,0.8612662305815965,0.0017000845524045986,0.25062341107635067
1776265374.9822912,146.1117649078369,-0.6774274214270275,0.016808167862102315,0.8621593230638271,0.0016793111739529696,0.4646993617422587
1776265375.0235524,146.1530261039734,-0.673123228224607,0.016410006498452447,0.863050693581068,0.0016635146446655601,0.10696537562238113
1776265375.036413,146.1658866405487,-0.6686857347407783,0.01602439066149937,0.8639387914578166,0.0016481250561749961,0.3531649002370024
1776265375.0480947,146.17756843566895,-0.6641264122079503,0.015648167998890256,0.8648233498274507,0.001637075540431655,0.3988727971929142
1776265375.058741,146.18821477890015,-0.6594697344611343,0.01527626018961735,0.8657079434185626,0.0016233431425876287,0.4465872257821565
1776265375.0971138,146.2265875339508,-0.6547314544898737,0.014907913671029196,0.8665959254555133,0.0016012421154132676,0.12599617613873657
1776265375.116984,146.2464575767517,-0.6499088912090921,0.014542011680517221,0.8674862016238492,0.0015740595078558939,0.24749225100741043
1776265375.1251872,146.25466084480286,-0.6449937107781556,0.014175163643257183,0.8683810202279274,0.001547429172219153,0.6106613542262165
1776265375.1376462,146.26711988449097,-0.6399726376228441,0.013807806638593115,0.8692807511893049,0.001521716758796304,0.41048579039899774
1776265375.1697297,146.2992033958435,-0.6348346734794872,0.013443146924958155,0.8701801273110782,0.0014991707326931507,0.1629752172479719
1776265375.17969,146.30916357040405,-0.6296027936791722,0.013078600403827568,0.8710817473913037,0.0014805097273412403,0.5342779444652508
1776265375.1937826,146.32325625419617,-0.6243007883745831,0.012714069828001945,0.8719890148456809,0.0014612994678459559,0.38256784746887335
1776265375.199616,146.32908964157104,-0.6189276366520519,0.012351599327644971,0.8729012926893182,0.0014440281685219152,0.9363491088534791
1776265375.2521598,146.38163352012634,-0.6134729140015642,0.011989354754621515,0.8738155895741906,0.0014295930192668254,0.10548644867511055
1776265375.2540958,146.38356947898865,-0.6079290086248296,0.011627280522585843,0.874729979906256,0.001416447392133464,2.90835791619853
1776265375.2702353,146.39970898628235,-0.6023068652959047,0.011265165148137104,0.8756431623285462,0.0014043923377468153,0.3536243066929665
1776265375.278516,146.4079897403717,-0.5966198411742674,0.010911764708130801,0.8765557031124687,0.00139034628375743,0.6968693355907275
1776265375.335807,146.4652807712555,-0.5908776608079047,0.010570998325595382,0.8774702153902152,0.0013741315080522834,0.10166556205648825
1776265375.343925,146.47339868545532,-0.5850608138482566,0.010242859348397566,0.8783864636433775,0.0013578130386727493,0.7265046586891402
1776265375.354139,146.4836127758026,-0.5791481894653349,0.009922698009125666,0.8793025042621492,0.001340386070686441,0.5866136048421565
1776265375.3821762,146.51164984703064,-0.5731352741398432,0.009608539110925678,0.8802188933923731,0.0013255798968292004,0.217228567538424
1776265375.3899646,146.51943826675415,-0.5670425590894497,0.009307068220502515,0.881134821771893,0.001314293484127155,0.7920153716578234
1776265375.4279394,146.5574131011963,-0.5608754803864706,0.00901899218420964,0.8820478396759889,0.0013071362314665644,0.16434434742272172
1776265375.4384038,146.56787753105164,-0.5546527599294304,0.008740315706419047,0.8829601223048197,0.0013034894547153727,0.6016007308795803
1776265375.4471161,146.57658982276917,-0.5484027735325389,0.008472405983762822,0.883874678365672,0.0013003073956465783,0.7256671801336971
1776265375.4604106,146.58988428115845,-0.5421469518149852,0.00821257390303535,0.8847914876504247,0.00129376490431076,0.47598645278513185
1776265375.529303,146.65877676010132,-0.5421469518149852,0.00821257390303535,0.8847914876504247,0.00129376490431076,0.0
1776265375.5340984,146.6635720729828,-0.5358774537849592,0.007961609235391773,0.8857105218306441,0.0012854246540589616,1.3224304358166958
1776265375.5344229,146.66389656066895,-0.5295800886733258,0.007720175853230082,0.8866311767025316,0.001275868188177395,19.627510675750017
1776265375.5346324,146.66410613059998,-0.5232533417914832,0.007487889748402009,0.8875509746120411,0.001264113614331414,30.526692945387406
1776265375.542069,146.67154264450073,-0.516891744169407,0.0072612120362427245,0.8884708416108243,0.0012512382397128093,0.8648883480746403
1776265375.581205,146.7106785774231,-0.5104916212336655,0.007041509011901611,0.8893919578358161,0.0012341751779319525,0.16531607759054676
1776265375.6010134,146.7304871082306,-0.5040428690333961,0.006827755074788539,0.8903136773856559,0.0012203640708194224,0.3290398416496643
1776265375.614848,146.74432158470154,-0.49751041416783437,0.0066235112286170345,0.8912122333673023,0.0012138165028695376,0.4768613425961059
1776265375.6339512,146.76342487335205,-0.4908195783505803,0.006431452087279678,0.892036676414945,0.001218117913731212,0.35303730586902077
1776265375.659608,146.78908157348633,-0.48396164998208707,0.006247462043682718,0.8927554777061095,0.0012356804254454916,0.26885568280101035
1776265375.6783893,146.80786299705505,-0.4769848753623531,0.006064936109128607,0.8933576376144645,0.0012572245728944289,0.37297975421607943
1776265375.6841817,146.81365537643433,-0.46997304178219573,0.00588638215097857,0.8938427978740832,0.0012775042134140434,1.2138130490604302
1776265375.698866,146.8283395767212,-0.46302264839233404,0.005710155647216398,0.8942130878378288,0.0012942552943885745,0.4741477677472077
1776265375.7445984,146.87407207489014,-0.4562132390809507,0.005534527884049119,0.8944648381123819,0.001301667685256185,0.14904771627063362
1776265375.7593126,146.88878631591797,-0.4495847888493558,0.005362314805499971,0.8945908440793604,0.0013025318310241263,0.45071194178968327
1776265375.7633421,146.89281582832336,-0.44312499866478666,0.00519578740772664,0.8945887830093562,0.0012925780860183192,1.6036522456226898
1776265375.7781694,146.9076430797577,-0.4367878191847789,0.005034228240575754,0.8944626711764826,0.0012789960195525713,0.42762428745244824
1776265375.8033688,146.93284249305725,-0.4305440923278025,0.004874231696330116,0.8942133627831698,0.001264072177400537,0.24805141974370964
1776265375.820993,146.95046663284302,-0.42436945837727236,0.0047148750361026455,0.8938421075349431,0.0012502596135981617,0.3511000986428638
1776265375.8283086,146.95778226852417,-0.4182523381157771,0.004553880331742506,0.8933490651135055,0.0012349325860930276,0.8391709824372172
1776265375.8451774,146.97465109825134,-0.41217815360231336,0.00438872890350031,0.8927395090853493,0.0012215796040824136,0.36202431230722354
1776265375.8517466,146.98122024536133,-0.40616926893590616,0.0042170246032649465,0.8920146228503403,0.0012076390272965272,0.9217156064254592
1776265375.8921883,147.02166199684143,-0.40023774417571795,0.004043231106296809,0.8911754605832845,0.0011957449859410492,0.1481911914152201
1776265375.903566,147.03303956985474,-0.3943864702736869,0.0038655804339787912,0.8902235525289135,0.001181487826157965,0.5212763338356656
1776265375.9159124,147.0453860759735,-0.388633730239499,0.003683118765681714,0.8891591968878901,0.0011709916912414089,0.4740789115713773
1776265375.931086,147.06055974960327,-0.3830046814673201,0.0034938876655614473,0.887984368953539,0.0011609079966428688,0.3791733593369093
1776265375.9624588,147.0919325351715,-0.37752233497993054,0.003301375417425779,0.88670018819412,0.0011522092429173201,0.17958338092115908
1776265375.9741752,147.10364890098572,-0.3721653401299566,0.0031056630131718515,0.8853110967485579,0.0011432173055637344,0.47264001686715446
1776265375.9796603,147.10913395881653,-0.36689173212462195,0.002908269440597867,0.8838256556549211,0.0011340841464803368,0.9995109705380664
1776265376.006833,147.1363067626953,-0.36168464020157515,0.0027117361338062436,0.8822467689272693,0.001125231825410561,0.20037502056939585
1776265376.030561,147.16003465652466,-0.3565544729445968,0.0025234530058984134,0.8805746236596065,0.001118038663692646,0.2275417559966778
1776265376.0461776,147.1756513118744,-0.35152205218302046,0.0023444739945337615,0.8788103598185784,0.0011094689715849411,0.3416686178403499
1776265376.0535393,147.1830129623413,-0.3465798475807796,0.0021772118266145083,0.8769568260030888,0.0011054750919178144,0.717366171631818
1776265376.0680888,147.19756245613098,-0.3417491104003823,0.0020217983414549737,0.8750142041088336,0.0011024493099250426,0.3580211356142318
1776265376.1037326,147.23320627212524,-0.3370298351071431,0.001879087795392255,0.8729818172037256,0.0011025507259998055,0.14421251210618066
1776265376.1287568,147.25823044776917,-0.3370298351071431,0.001879087795392255,0.8729818172037256,0.0011025507259998055,0.0
1776265376.129411,147.25888466835022,-0.3324212574381668,0.0017434045339758766,0.8708586038480176,0.001105531903449994,7.758799346295987
1776265376.1296592,147.25913286209106,-0.3279136645266345,0.0016146247242831964,0.868647242328408,0.0011102812032415341,20.236043533089145
1776265376.1403117,147.26978540420532,-0.32349959173885134,0.001494620075699227,0.8663500832704262,0.001112012438119529,0.4672581630927341
1776265376.1859186,147.31539225578308,-0.31918717189731627,0.0013898184330433687,0.8639692894902639,0.0011144243396558127,0.10803378969230999
1776265376.2001112,147.32958483695984,-0.31499844868439897,0.0012978286677300522,0.8615056687846921,0.001117385293920474,0.34245918223728117
1776265376.2143066,147.34378027915955,-0.3109427966467017,0.0012144988281357883,0.8589603888567123,0.0011147031921991287,0.3373558194890631
1776265376.221698,147.35117173194885,-0.30700491508032535,0.0011356574109149067,0.8563379470013868,0.0011075414987860178,0.6401775281170888
1776265376.2549903,147.38446402549744,-0.3031828472854811,0.0010552702851611044,0.853638069674615,0.00109919725108034,0.14057821318283534
1776265376.288224,147.41769766807556,-0.29946065828467855,0.000972828667728931,0.8508632323505382,0.0010888051202829299,0.13972001303012294
1776265376.291124,147.42059779167175,-0.2958211462182365,0.0008924597477313259,0.8480181663260966,0.0010789215808306462,1.5931291407475359
1776265376.3047729,147.43424654006958,-0.29224987248217205,0.0008192166118646137,0.8451053065399644,0.0010684173754603396,0.33769643137433
1776265376.3146036,147.44407725334167,-0.28875430681645275,0.0007517189997976337,0.8421260995770006,0.0010621237565878934,0.46724865674077487
1776265376.335294,147.46476769447327,-0.28535340671579346,0.000688950272810049,0.8390813312780837,0.0010544358084170738,0.22064096310471046
1776265376.3530724,147.4825460910797,-0.28205077264345146,0.0006310204060091285,0.8359739373211352,0.0010464187635832601,0.2550874746702402
1776265376.3731651,147.5026388168335,-0.27887361282329504,0.0005825176961693924,0.8328025089582527,0.00103711045710668,0.22343377673631432
1776265376.393519,147.5229926109314,-0.2758435973263519,0.0005464890588676078,0.8295648418760734,0.0010205485485739443,0.21787087141099748
1776265376.3961744,147.52564811706543,-0.2729407266535707,0.0005232657726928537,0.8262646380942997,0.001003111487179109,1.6551595702902469
1776265376.410864,147.54033780097961,-0.27011195825020756,0.0005130093745730833,0.8229103639203971,0.0009860306747942202,0.29870253605757885
1776265376.4325743,147.56204795837402,-0.26735332978576903,0.0005193257313076163,0.8195024374906432,0.0009670649394729118,0.20195717390037693
1776265376.4391334,147.5686070919037,-0.26467197435675327,0.0005426596394172772,0.8160370789851695,0.0009500057235285762,0.6680238041629986
1776265376.4770534,147.60652709007263,-0.26204872893361675,0.0005822473424766794,0.8125165048676246,0.0009387976817515899,0.11578604323128604
1776265376.483662,147.61313557624817,-0.2594908676916981,0.0006353931821281632,0.8089407427247071,0.0009300399366956745,0.6653212460303609
1776265376.5002894,147.6297631263733,-0.2570148561769263,0.000697348587110109,0.805311321488701,0.0009242646932481251,0.26425976508261007
1776265376.5064552,147.63592886924744,-0.2546155126267864,0.0007613810025376945,0.8016295054162622,0.0009250933885997162,0.712822293533957
1776265376.5501218,147.67959547042847,-0.2522982440419636,0.0008266028909432841,0.797897164186629,0.0009257752713109476,0.10061860667284035
1776265376.5606208,147.69009447097778,-0.2500588543731107,0.0008910033554081146,0.7941133823967196,0.0009268275892341383,0.4188278611648353
1776265376.5719738,147.70144748687744,-0.2479084781225126,0.0009513730462386922,0.79027656495454,0.0009321496766063611,0.3874514026084029
1776265376.5938423,147.72331595420837,-0.2458596205243461,0.0010034318851673734,0.7863874741827889,0.0009416203176951255,0.2010238734216956
1776265376.6174111,147.74688482284546,-0.24392770775437272,0.0010417012315934793,0.7824495152587511,0.0009562746757461876,0.18611361870613988
1776265376.63224,147.76171374320984,-0.24211068616519366,0.0010616570414387029,0.7784648490354236,0.0009782970558665342,0.29533128438679423
1776265376.647688,147.77716159820557,-0.24036546389948812,0.0010685826078035286,0.7744407184864465,0.0010046786987936295,0.28394121002042527
1776265376.663134,147.79260778427124,-0.23869290892785033,0.0010614606199480284,0.7703761377161766,0.001028487091719051,0.28455307127469404
1776265376.6873863,147.81685996055603,-0.23706532237210784,0.001035633453427888,0.7662722514380672,0.001052252259178221,0.18204254184849852
1776265376.6965647,147.8260383605957,-0.2354770179144408,0.0009932778169559468,0.7621270864321694,0.0010716493780221325,0.483662205205297
1776265376.7060173,147.83549094200134,-0.23394304609455194,0.0009358907158456371,0.7579405605058046,0.0010869481359187545,0.47173107407029957
1776265376.7220333,147.85150694847107,-0.232465557395021,0.0008716188730804322,0.7537116106587923,0.0010998187944992412,0.2797251877152769
1776265376.7292717,147.8587453365326,-0.23105362931517395,0.0008031399108847075,0.7494407725766269,0.00111166813229369,0.6215055702850814
1776265376.7727768,147.90225052833557,-0.22970003645798023,0.000730275799290774,0.7451298706572077,0.0011165810866167274,0.10387275459133713
1776265376.774304,147.90377759933472,-0.22837141251328863,0.0006500878891999525,0.7407839184659559,0.0011215349967511417,2.97642624597945
1776265376.7840648,147.91353845596313,-0.22705102400451935,0.0005670659653010323,0.7364039715823258,0.001119295837578243,0.4687494834651193
1776265376.7979856,147.92745923995972,-0.22576362822721194,0.0004879782326729657,0.731989122179025,0.001116678612128636,0.330398508325657
1776265376.8460948,147.97556853294373,-0.22452399631303543,0.00041768493013327393,0.727538203692199,0.001113077265335744,0.09604912117028867
1776265376.8524165,147.9818902015686,-0.22336338869061542,0.0003599573729593518,0.7230523350663952,0.0011097793918356262,0.7330241351246631
1776265376.8568358,147.98630952835083,-0.22229100569165663,0.0003076204991678363,0.7185320231038698,0.001108134109556676,1.051307142326005
1776265376.8740015,148.00347518920898,-0.22129538835824483,0.00025578861034957715,0.7139773065760615,0.001110380044569393,0.2716208348483121
1776265376.9039047,148.03337836265564,-0.22035242852468603,0.00020210725413300287,0.7093904093283835,0.0011137954333564999,0.15660970923779619
1776265376.9176202,148.04709386825562,-0.2194413983321525,0.00014303946201346278,0.7047709479907416,0.0011199261959569092,0.3433201633498187
1776265376.9290683,148.05854201316833,-0.21856572028740837,7.265270465986584e-05,0.7001186283692553,0.0011285230771716714,0.41356371841892164
1776265376.9400716,148.06954526901245,-0.21770672414678863,-2.608193409654719e-06,0.6954366924935259,0.0011359826349490222,0.43266091535415163
1776265376.9931364,148.1226100921631,-0.2168662554805564,-8.061647707251549e-05,0.6907235763812887,0.0011393895800837891,0.09023121805297747
1776265377.0052974,148.13477110862732,-0.2160360829708291,-0.00016618083510095422,0.6859824188373203,0.0011418226504344294,0.3958592231862176
1776265377.0331786,148.16265225410461,-0.21525056955308194,-0.0002592470988198556,0.6812155003019145,0.0011464157883377887,0.1733107239721567
1776265377.049606,148.17907977104187,-0.21452954239159303,-0.0003588976048383913,0.6764225507220328,0.0011492367387354065,0.29510876871000324
1776265377.0625565,148.1920301914215,-0.21387108341749997,-0.00046102904246530195,0.6716044465899931,0.00114963107977103,0.37558333026210583
1776265377.0784411,148.20791482925415,-0.21325881121366475,-0.0005647012305242771,0.6667639368354122,0.0011463789114031836,0.3072264134343002
1776265377.0847614,148.21423506736755,-0.21268109842092714,-0.000670566486898073,0.6619028751905826,0.0011421281176093067,0.7747200201504262
1776265377.096847,148.2263207435608,-0.21211659645228187,-0.0007758339697069438,0.6570183097980317,0.001137565099730833,0.40694481043513325
1776265377.152965,148.2824387550354,-0.21154152043062266,-0.000880491383316785,0.6521117261119502,0.00113065551887463,0.08805155334488841
1776265377.1600702,148.2895438671112,-0.21095494141340604,-0.0009795740822845932,0.6471862720098251,0.001121984272797239,0.69826468967824
1776265377.1759498,148.3054234981537,-0.21040186278862516,-0.0010677291221813188,0.6422416713499333,0.0011150419275671503,0.3133711182135026
1776265377.180918,148.310391664505,-0.20991244170106327,-0.0011448194683321463,0.637274739993328,0.0011090158309959505,1.0047129789536637
1776265377.195867,148.32534074783325,-0.20949039528044489,-0.0012135624055051482,0.6322837463685529,0.0011004771088995273,0.3350893091824345
1776265377.2301686,148.35964226722717,-0.20911708701958284,-0.0012738036482748535,0.6272695184019695,0.001090465914799656,0.1465960130687816
1776265377.2408674,148.37034106254578,-0.2087639280386139,-0.0013284392231921636,0.6222340747193728,0.001082276132646048,0.4718389637501972
1776265377.2544,148.38387370109558,-0.20842669627944027,-0.0013806563639130664,0.6171756247490369,0.0010748627274426296,0.3746458988581541
1776265377.2627697,148.39224338531494,-0.2080972114436294,-0.0014294705263476442,0.612095770712096,0.0010676595499923588,0.6082382680024588
1776265377.300857,148.43033075332642,-0.20777645980073609,-0.001478044239040397,0.6069940857236985,0.0010590376731614756,0.1342174371531279
1776265377.314622,148.44409561157227,-0.20748827957044927,-0.0015238994002467702,0.601871995653951,0.0010509731479852633,0.3727169095401466
1776265377.3449922,148.47446584701538,-0.2072423669101678,-0.0015655056678778338,0.5967279409157509,0.001039466847862554,0.16957713131153773
1776265377.357936,148.4874095916748,-0.20702729431893943,-0.0016029297328578134,0.5915616862489866,0.0010257956220524778,0.399487556347215
1776265377.3708441,148.50031781196594,-0.20682311904572348,-0.0016419927920799718,0.5863740118215438,0.001012402426479593,0.4022117420445793
1776265377.3834045,148.51287817955017,-0.20663200915413957,-0.0016851692353764777,0.5811683593985865,0.0010030740092525905,0.4147440870561218
1776265377.4021864,148.53166007995605,-0.20643665052546056,-0.001732736652859561,0.5759485230746555,0.0009996327264381228,0.2781245389242026
1776265377.4162014,148.54567503929138,-0.20621880286232552,-0.0017810775066998325,0.5707145926672307,0.000996392075964548,0.37379238929461905
1776265377.4513042,148.58077788352966,-0.20598447776362477,-0.001823593326861751,0.5654661919984673,0.0009889007922230676,0.14966881344241612
1776265377.4658601,148.59533381462097,-0.2057473124779717,-0.0018561295259419829,0.5602025965265939,0.000986335160389643,0.3619855193092282
1776265377.4758742,148.6053478717804,-0.20554110092396627,-0.0018799131066715316,0.5549252975586096,0.0009842086269484373,0.5273966165051726
1776265377.4956138,148.62508749961853,-0.2053890730861211,-0.0018902149731734772,0.5496338854640902,0.0009790161836395978,0.2681715010798501
1776265377.5292945,148.65876817703247,-0.20528819926219175,-0.001888449271479604,0.5443243612748057,0.0009723642385743867,0.15767149112385068
1776265377.536528,148.6660017967224,-0.20523021295201443,-0.001873968094579944,0.5389954461033628,0.0009633195078800149,0.7367335515165918
1776265377.5652366,148.6947102546692,-0.20523021295201443,-0.001873968094579944,0.5389954461033628,0.0009633195078800149,0.0
1776265377.5658288,148.69530248641968,-0.20518547429400757,-0.0018436494957242287,0.5336495508430246,0.0009585798924493412,9.027156053744452
1776265377.5781069,148.70758056640625,-0.20513936293304463,-0.0017976667949367556,0.5282862122169408,0.0009559937288397171,0.43685445571973186
1776265377.6060195,148.735493183136,-0.20509159241384758,-0.0017434229848133673,0.5229051998000179,0.0009575314573639639,0.19279804169074632
1776265377.6165233,148.74599695205688,-0.2050439450116207,-0.001683201842458632,0.5175095644082056,0.0009614546334723427,0.5137376737906937
1776265377.6360729,148.76554656028748,-0.20500704559388644,-0.0016157245632852936,0.5121011835169952,0.0009699197582757648,0.2766770368575349
1776265377.6441493,148.77362298965454,-0.20499370895772745,-0.00155358020657106,0.5066810191502962,0.0009747127258852736,0.6711551318411927
1776265377.6594634,148.7889370918274,-0.20499633384668361,-0.0015044687135697982,0.5012484793464075,0.0009845088696930902,0.3547555293890122
1776265377.6962073,148.82568097114563,-0.20498174884233095,-0.0014646070203988353,0.4958068360816521,0.0010011489538255664,0.1481010962507835
1776265377.7047796,148.83425331115723,-0.20494570065339426,-0.00142930493518741,0.49035723571889994,0.0010157446215397793,0.635746356164054
1776265377.7166631,148.84613680839539,-0.2048755347066408,-0.0014005498058919602,0.48489989404270595,0.0010220010847738176,0.45928133489853795
1776265377.7307594,148.8602330684662,-0.20478238626862613,-0.0013744424715169694,0.4794342128814198,0.0010266948124581757,0.38780053406272214
1776265377.776853,148.90632677078247,-0.20468329098729066,-0.0013525185678712154,0.4739572118087293,0.0010308657066506173,0.11884359599903177
1776265377.7896242,148.91909790039062,-0.20461387195630423,-0.001335070065636801,0.4684703095242642,0.0010369812929282604,0.42966983447585244
1776265377.8018472,148.93132090568542,-0.2046179220855011,-0.001322833152599665,0.46297565296634446,0.0010478551168417525,0.44953524474618267
1776265377.8201716,148.949645280838,-0.20469741859911472,-0.0013122897706537241,0.45746842067189836,0.0010629301845097754,0.3005732022726674
1776265377.8480206,148.97749423980713,-0.20483810961542032,-0.0013085900718957193,0.45194774914137675,0.001073817475579057,0.19830059709613465
1776265377.8721304,149.0016040802002,-0.20499469679982762,-0.0013153922952745126,0.44641814609177816,0.0010828842430584626,0.22944257670799537
1776265377.8780963,149.00757002830505,-0.20514488498854094,-0.0013334412786410639,0.44087901199761154,0.001092139750877699,0.9288044616504675
1776265377.8920383,149.02151203155518,-0.20527281558737157,-0.0013602359927515377,0.4353289528869584,0.0010976752098418325,0.3981922753831081
1776265377.9257011,149.05517482757568,-0.20535595437460852,-0.0013978889429385102,0.42976775559285896,0.0011023907720154197,0.16522531764693305
1776265377.9548795,149.08435320854187,-0.20538969088630704,-0.0014447829302356415,0.4241942627399936,0.0011063588928620922,0.19102472589250485
1776265377.9667597,149.09623336791992,-0.20536444039011614,-0.0014944670198803116,0.41860907825175403,0.001110633170090897,0.4701504726715881
1776265377.967618,149.0970916748047,-0.20530974486623912,-0.0015462132970531501,0.41301723477493063,0.001114176310927514,6.515560432927169
1776265377.9968822,149.12635588645935,-0.20527404507800082,-0.0015955629630037887,0.4074223479508953,0.001115344654648624,0.19119661998254106
1776265378.018447,149.1479206085205,-0.20527404507800082,-0.0015955629630037887,0.4074223479508953,0.001115344654648624,0.0
1776265378.019156,149.14862966537476,-0.20529018258278192,-0.0016415030380037604,0.4018255998661509,0.001115271877603702,7.893527660801725
1776265378.0269165,149.1563901901245,-0.20536831650890927,-0.001682473092188429,0.3962262523250408,0.0011188630316058272,0.7216061685184872
1776265378.0288978,149.15837144851685,-0.2054875229156677,-0.0017225534693066065,0.39062751317097405,0.0011232616019978192,2.826562911943248
1776265378.0714257,149.2008993625641,-0.20561042949807062,-0.0017677498805138405,0.3850281513743177,0.0011260023622560926,0.13169921509520371
1776265378.0935166,149.22299027442932,-0.20571978770472346,-0.0018187139235282834,0.3794243789412802,0.0011268750147505483,0.2537274664739929
1776265378.0945845,149.22405815124512,-0.20582216806207482,-0.0018742874749622356,0.37381267997369505,0.0011248860966761537,5.256138020403953
1776265378.1074355,149.23690915107727,-0.20592170533869278,-0.0019344766413339773,0.36819056161192143,0.001123920215716034,0.43757852506460293
1776265378.1244388,149.25391244888306,-0.20602300644572782,-0.002005705915190564,0.36255660572910203,0.0011242650891866053,0.3314249255405966
1776265378.1516542,149.2811279296875,-0.20611681030923026,-0.0020888164144392506,0.3569104898593549,0.0011204891101554684,0.20751081536093707
1776265378.170332,149.29980564117432,-0.20620024271474718,-0.002179069486841799,0.35125387841268507,0.0011138258785293868,0.30292504498480405
1776265378.1823478,149.31182146072388,-0.2062746280439845,-0.0022762914304745568,0.34558634464696675,0.0011103384548257357,0.47178268754687563
1776265378.1991732,149.32864689826965,-0.20632902214215598,-0.0023767756783459647,0.3399073263949831,0.00110871277567788,0.3375940505110023
1776265378.2294888,149.35896253585815,-0.20635363063885123,-0.0024732090974636653,0.33421983230211966,0.00110708474829978,0.18763797324730244
1776265378.2489922,149.3784658908844,-0.20635506708828474,-0.002565325426474923,0.328528331459817,0.001108728624230904,0.2918598576253129
1776265378.277944,149.40741777420044,-0.20633952695242427,-0.0026585495528623324,0.3228328121557605,0.0011123137078012885,0.19675070300504677
1776265378.279132,149.40860557556152,-0.20631400497500957,-0.002755142715835376,0.31713120934810723,0.0011146149513662643,4.80086844570836
1776265378.2971373,149.42661094665527,-0.2062920813580582,-0.0028534456775389148,0.31142196907586955,0.0011171974226094632,0.3171347354113109
1776265378.3144588,149.44393253326416,-0.2062809158800352,-0.0029467615247467686,0.3057032033622781,0.0011169751992657787,0.3301971135930309
1776265378.3159573,149.4454309940338,-0.20628012342823074,-0.003028169266469996,0.2999757484884853,0.0011171636753799943,3.8226115517047683
1776265378.3334725,149.46294617652893,-0.20628218963563874,-0.0030970582866418697,0.2942409622156503,0.0011199935239642742,0.32744165787478774
1776265378.3701355,149.49960923194885,-0.20627746561151694,-0.003154598360258502,0.2885013160386687,0.0011256518794716599,0.1565591429349295
1776265378.3800948,149.50956845283508,-0.2062678459348916,-0.0032020898828030255,0.282755750754001,0.0011352002221176685,0.5769296290028536
1776265378.3922715,149.52174520492554,-0.20626653356318222,-0.0032416568628772617,0.27700321922244686,0.0011469317172576718,0.47243039124284414
1776265378.407174,149.53664779663086,-0.2063016564713942,-0.003275201303518039,0.2712451780911187,0.0011540280304359405,0.3863922512494511
1776265378.4423163,149.5717899799347,-0.20637959559096336,-0.00330047801292455,0.26548018066410284,0.0011578539466866769,0.16406435549577505
1776265378.454068,149.5835416316986,-0.20648069180396,-0.0033150298901822423,0.25970808370252535,0.0011579416511007614,0.49125013929923955
1776265378.4601302,149.58960390090942,-0.2065772408307739,-0.0033199251924539426,0.25393194514140793,0.0011595583649182501,0.9529348324436696
1776265378.4861615,149.61563515663147,-0.20665579265801168,-0.003320298554817182,0.2481543201475457,0.001162051815310523,0.22197004374618826
1776265378.5249417,149.6544153690338,-0.20673602653891637,-0.003320005965899233,0.2423763625772231,0.0011677143632702728,0.14900678116018917
1776265378.529162,149.6586356163025,-0.20684705118964944,-0.0033213895291078995,0.2365967354439378,0.0011748173650095912,1.3697523403653387
1776265378.5601559,149.68962955474854,-0.20698709492338094,-0.0033249351758554016,0.23081274006850414,0.001185982865379303,0.18667171365817364
1776265378.560939,149.69041275978088,-0.2071359406629907,-0.0033327464803492033,0.22502356025905557,0.0011950849543626017,7.3941024513830635
1776265378.5626655,149.69213914871216,-0.20728401763141616,-0.003341785794604755,0.21922823615184855,0.0012036948239549164,3.3580049699773573
1776265378.6089058,149.7383794784546,-0.2074170990456538,-0.0033498346482382867,0.21342677608600807,0.0012132974450557276,0.12549633353392992
1776265378.6336007,149.76307439804077,-0.20754540440393437,-0.0033611239191709357,0.20762021006994932,0.0012259344817120478,0.23518984747241847
1776265378.6342757,149.7637493610382,-0.20768614014811806,-0.0033786894180667794,0.20180841046126424,0.0012355986593358512,8.613109033529556
1776265378.6582556,149.78772926330566,-0.2078191788019165,-0.0033980885161358793,0.1959930226342981,0.0012464682108782122,0.24257570666437295
1776265378.6905856,149.820059299469,-0.20792822968531274,-0.0034238838558165994,0.19017509716317865,0.0012550202489072892,0.1799875678733456
1776265378.704865,149.83433866500854,-0.20801465645960218,-0.0034571637291797904,0.18435262939058492,0.0012615966414928784,0.40780553344866227
1776265378.7172563,149.8467299938202,-0.20807330316514558,-0.003493934369538795,0.17852550414884172,0.001265953570169267,0.4702914800140232
1776265378.7264125,149.855886220932,-0.20812769201458586,-0.0035333803233346304,0.17269544153602612,0.0012718904869425394,0.6367742598863517
1776265378.7749612,149.9044349193573,-0.20821134604559874,-0.0035754466148785725,0.16686338598685252,0.0012786170127767108,0.12014343042275097
1776265378.786371,149.91584467887878,-0.20834101304954766,-0.003621147585577589,0.16102899161693365,0.0012861770622148482,0.5114931669141146
1776265378.7975345,149.92700815200806,-0.20853018505060358,-0.003668178853306418,0.1551965190915708,0.001293841837767621,0.5227521040788784
1776265378.8142176,149.9436912536621,-0.20876020499879547,-0.0037149791894217133,0.14936690474267095,0.0013032997641893088,0.3497154413282558
1776265378.8712506,150.0007243156433,-0.20876020499879547,-0.0037149791894217133,0.14936690474267095,0.0013032997641893088,0.0
1776265378.873487,150.00296068191528,-0.20901517318212606,-0.003764473469216887,0.14353770507423724,0.0013075620847568005,2.6091356887565835
1776265378.8738263,150.00329995155334,-0.20926063163331726,-0.0038152216546339106,0.13771204765600217,0.0013151131028760507,17.18705827449755
1776265378.8740544,150.00352811813354,-0.20946044966650187,-0.003866305864548622,0.1318877305453359,0.001323256627049334,25.542599712815917
1776265378.8894403,150.0189139842987,-0.20962427282576918,-0.003919976255756021,0.12606143965106714,0.0013312585896695331,0.3788438464269623
1776265378.9272783,150.05675196647644,-0.20976945637601838,-0.003971628858894836,0.12023224680238924,0.0013422568634736266,0.15411047303092515
1776265378.9419665,150.07144021987915,-0.2099127586993318,-0.0040183757704694055,0.11440060994171869,0.0013528142221153822,0.39715985568105494
1776265378.953801,150.08327460289001,-0.21005179155068782,-0.004063387960248878,0.1085664759100677,0.0013621242379804935,0.49313631493426024
1776265378.966284,150.09575772285461,-0.2101923882814282,-0.0041108130334025356,0.10272763381253748,0.0013739068873108444,0.46789001184231255
1776265378.9924538,150.12192749977112,-0.21033250719740984,-0.00415557489135594,0.09688207230351484,0.0013846355175066666,0.22344141295565956
1776265379.0030723,150.13254594802856,-0.21048370312467876,-0.0041997374097598045,0.09102928214503661,0.0014005663717973206,0.551390295514618
1776265379.0142424,150.14371609687805,-0.21065102500300137,-0.00424411642590857,0.0851717724488793,0.0014183050581286236,0.5246185291745178
1776265379.0402262,150.16969990730286,-0.2108215083489005,-0.0042875857512299585,0.07931050232922282,0.0014333445929500578,0.2256755262720045
1776265379.0441968,150.1736705303192,-0.21096126291603987,-0.0043333352360785,0.07344779114993596,0.0014434423182295819,1.476986128709572
1776265379.070284,150.19975757598877,-0.21106823478117603,-0.004384859215745712,0.06757956458115694,0.0014515384108019019,0.22499395713048295
1776265379.079083,150.2085566520691,-0.21114560874767993,-0.004442128135766999,0.06170553929844772,0.001457322940846222,0.6676625979680606
1776265379.096289,150.22576260566711,-0.21121063018888633,-0.004501905358146941,0.05582670460171783,0.0014624633944938846,0.3417130074473067
1776265379.1098948,150.2393684387207,-0.21128059715925768,-0.004565031579533207,0.04994411552614403,0.0014654885017321092,0.43241334793021474
1776265379.1306674,150.26014113426208,-0.21135544031152398,-0.0046334187717646915,0.04405948098302982,0.0014705072254175932,0.28332903564818285
1776265379.1567967,150.28627038002014,-0.21144617056749268,-0.004713238771865469,0.038173292803293235,0.001470272330013588,0.22531949707997787
1776265379.1624281,150.29190182685852,-0.21156522204226,-0.004802795190563716,0.03228655165758424,0.0014683051127949483,1.0456683803018623
1776265379.1732795,150.30275321006775,-0.21172131548806936,-0.0048991568529454235,0.02639909136433566,0.0014727595620841341,0.542817198274573
1776265379.2016828,150.33115649223328,-0.21190365476614187,-0.004994686160332216,0.020509943824669148,0.0014798632182042367,0.2074670101788815
1776265379.2147374,150.34421110153198,-0.2120881414721337,-0.005085202846216289,0.014618812649554482,0.0014854044605965072,0.4515427489557276
1776265379.2252126,150.3546862602234,-0.21226436882128571,-0.005171075916383178,0.008723373633922143,0.0014886743361328485,0.5631129427705809
1776265379.2377846,150.367258310318,-0.21240793739653566,-0.00525064216535588,0.0028247128361716667,0.0014889787505671865,0.4693700797773805
1776265379.2760327,150.40550637245178,-0.21244572934668673,-0.005278011683548355,0.0008664039827063277,0.001483052907069068,0.051214743551825495
1776265379.2961564,150.42563009262085,-0.21243763974309215,-0.005286096637558316,0.0008811368218902341,0.0014471962116016075,0.0009268232543961715
1776265379.3139946,150.44346833229065,-0.21243793107545736,-0.005285810168228321,0.0008925574782289378,0.001447059377238542,0.000640644080691857
1776265379.3298504,150.45932412147522,-0.21243797313885368,-0.00528577311864658,0.0009038146821646331,0.0014470455329405557,0.0007099831713770399
1776265379.3545575,150.48403120040894,-0.21243801297267106,-0.005285739376204002,0.0009149153078141722,0.0014470340358980832,0.00044929424608744126
1776265379.3636675,150.4931411743164,-0.21243805483818173,-0.0052857044481029085,0.0009258642952790636,0.0014470225266681046,0.0012018830489778423
1776265379.4040847,150.53355836868286,-0.21243805483818173,-0.0052857044481029085,0.0009258642952790636,0.0014470225266681046,0.0
1776265379.404674,150.5341477394104,-0.21243808636214614,-0.005285680827493016,0.0009366660746261204,0.0014470175237510114,0.018327770056975924
1776265379.4048977,150.5343713760376,-0.21243809638716046,-0.005285680863794432,0.0009473252086946715,0.0014470202765101928,0.04766275952426625
1776265379.428926,150.5583996772766,-0.21243812263818962,-0.005285664034329732,0.0009578458401204096,0.0014470167847509157,0.0004378452530806312
1776265379.4515884,150.58106207847595,-0.21243824198609734,-0.005285556246410971,0.0009682326427227425,0.0014469828211188084,0.00045838247188301955
1776265379.4574983,150.58697199821472,-0.21243828226578754,-0.005285526772029881,0.0009784887075666021,0.0014469756640622898,0.0017354188798178948
1776265379.4712026,150.60067629814148,-0.21243832222436854,-0.00528549819280071,0.0009886183932664785,0.0014469688675377557,0.0007391698139576604
1776265379.487693,150.61716675758362,-0.21243836213092404,-0.005285470454555341,0.0009986253774506432,0.0014469628624316445,0.0006068419278025073
1776265379.5142832,150.64375686645508,-0.21243840185445553,-0.005285443539910891,0.0010085132921420215,0.0014469573428321876,0.00037186877125149255
1776265379.519052,150.64852571487427,-0.21243843922887312,-0.0052854196799606125,0.001018285652571116,0.0014469531321180337,0.002049228695644733
1776265379.5301704,150.6596441268921,-0.212438453347145,-0.0052854197102947835,0.0010279458571035849,0.0014469561587184003,0.0008688484321203322
1776265379.552102,150.68157577514648,-0.21243847048708736,-0.005285419408440504,0.0010374973713187519,0.0014469588432059314,0.0004355135322124949
1776265379.575518,150.7049915790558,-0.21243848784801928,-0.005285419456274646,0.0010469434083332577,0.0014469616909925044,0.0004034050253019515
1776265379.5918617,150.72133541107178,-0.21243851031436528,-0.005285419501847135,0.0010562869660417987,0.0014469646613446312,0.0005716887391738275
1776265379.5990174,150.72849106788635,-0.21243852959206114,-0.00528541895697513,0.0010655311581820731,0.0014469674365516513,0.0012918747358294394
1776265379.6142557,150.74372935295105,-0.2124385465846465,-0.005285418989116678,0.0010746789017437933,0.0014469704239594853,0.0006003142286283049
1776265379.6566932,150.7861669063568,-0.2124385640712793,-0.0052854190281434186,0.0010837331348871326,0.0014469732701807671,0.00021335466592499512
1776265379.6661444,150.79561805725098,-0.21243858212174854,-0.0052854190690871635,0.0010926966165553872,0.0014469761771800911,0.0009484029980612837
1776265379.679075,150.80854868888855,-0.2124386200114154,-0.0052853998553297156,0.0011015721093831574,0.001446973508697902,0.0006864006917002933
1776265379.6909585,150.8204321861267,-0.21243864459798903,-0.005285399913991726,0.0011103622655287346,0.0014469762232574104,0.0007396972755218561
1776265379.7386649,150.86813855171204,-0.21243866422668473,-0.0052853999562770615,0.0011190693993222214,0.0014469792207162048,0.00018251559957344011
1776265379.7456594,150.87513303756714,-0.2124386843349112,-0.0052853999923738555,0.0011276960654519677,0.0014469822442801752,0.0012333557811135352
1776265379.7722929,150.90176653862,-0.21243872053382915,-0.005285387325067938,0.001136244696083824,0.00144698731769464,0.00032097607600427286
1776265379.7728353,150.90230894088745,-0.21243887198197986,-0.005285260217289666,0.0011447180646825678,0.0014469568650819806,0.01562617932288081
1776265379.8156219,150.94509553909302,-0.21243898752528328,-0.005285166536474139,0.0011531177650251287,0.0014469456335675858,0.0001963469329950291
1776265379.8221083,150.95158195495605,-0.21243901888553823,-0.005285166616369822,0.0011614460646144978,0.0014469479146232748,0.0012839692688535302
1776265379.8340905,150.96356415748596,-0.21243905060669774,-0.0052851666796378954,0.0011697051133139208,0.0014469506307149221,0.0006892814234917936
1776265379.8686516,150.99812531471252,-0.21243908276731388,-0.0052851667281929166,0.0011778969080819754,0.0014469535708369202,0.0002370249886257343
1776265379.8834112,151.01288485527039,-0.2124391156609496,-0.0052851668009292595,0.0011860236890088027,0.0014469560075178226,0.0005506165631990786
1776265379.8986928,151.02816653251648,-0.21243915615963455,-0.00528515639037008,0.001194087152109724,0.0014469631000467622,0.0005276627292237039
1776265379.9085164,151.0379900932312,-0.21243929357387822,-0.005285043422449345,0.0012020895588414349,0.0014469452364379639,0.0008148149028381834
1776265379.9299226,151.05939626693726,-0.21243940165996167,-0.00528496660446967,0.0012100325594221611,0.0014469364025220283,0.00037111290762308936
1776265379.9453719,151.07484555244446,-0.2124394375157605,-0.005284958863875391,0.0012179175516957505,0.0014469448361483324,0.0005103846124960481
1776265379.9674807,151.09695434570312,-0.21243946984742698,-0.005284951887350784,0.0012257464302358675,0.001446946884130143,0.00035411016414495054
1776265379.9849644,151.1144380569458,-0.21243950526920918,-0.0052849421332006015,0.0012335209429703564,0.001446948451473858,0.0004446767301493185
1776265379.9993136,151.12878727912903,-0.21243954227546072,-0.00528493105220294,0.0012412427925498487,0.0014469496339412418,0.0005381438872105075
1776265380.0100505,151.1395242214203,-0.21243957596174592,-0.0052849238445743,0.0012489133873635275,0.0014469517090991185,0.0007144186827196053
1776265380.0571198,151.18659353256226,-0.2124396063145649,-0.005284920320284319,0.0012565342965285622,0.00144695420394725,0.00016190953808166179
1776265380.060835,151.19030857086182,-0.21243963343492314,-0.005284920395906124,0.0012641071660034267,0.0014469568869438757,0.00203844951972861
1776265380.071742,151.20121574401855,-0.2124396707663777,-0.005284920484867277,0.0012716333128740542,0.0014469592865439247,0.00069002658606567
1776265380.0855515,151.2150251865387,-0.21243970855842845,-0.005284920588718423,0.001279114134732466,0.001446961331202027,0.0005417247877784978
1776265380.1199234,151.24939703941345,-0.21243974154192194,-0.00528492220020441,0.0012865507965744288,0.0014469709035662146,0.00021636119496979003
1776265380.1384218,151.26789546012878,-0.21243978742979774,-0.00528491429542247,0.001293944675727625,0.0014469794250491963,0.0003997111907895036
1776265380.1673608,151.29683446884155,-0.21243982266445402,-0.005284914361177402,0.0013012971846249957,0.001446982247983354,0.00025407205187396724
1776265380.1800013,151.30947494506836,-0.21243989119561774,-0.005284881310755235,0.0013086094425337688,0.0014469942418549272,0.0005785109357284456
1776265380.1969478,151.32642149925232,-0.21243992969252437,-0.0052848721886948,0.0013158828264772451,0.0014469958120303954,0.00042920179897021165
1776265380.2135599,151.3430335521698,-0.21243996847064434,-0.0052848633573952765,0.0013231181546400697,0.0014469979544146426,0.00043555348061300754
1776265380.2235196,151.3529932498932,-0.21244000874962105,-0.005284856237766256,0.0013303167257482928,0.0014470063115975087,0.0007227817065077083
1776265380.2414837,151.37095737457275,-0.21244004744563855,-0.00528484790437873,0.0013374797733112717,0.0014470081167838806,0.0003987478966365836
1776265380.2775345,151.40700817108154,-0.21244008626411393,-0.005284839829944246,0.0013446082025000625,0.001447010118807084,0.00019773597662031594
1776265380.292146,151.42161965370178,-0.21244013433154493,-0.005284825792744779,0.0013517031109598968,0.00144701186424009,0.00048558283609824026
1776265380.3021007,151.431574344635,-0.21244017681316496,-0.005284823342870886,0.0013587655303219925,0.0014470144574626124,0.000709469294446812
1776265380.3227825,151.45225620269775,-0.21244021713643393,-0.005284823438396189,0.0013657963752204544,0.0014470168229309408,0.0003399578755323599
1776265380.3577156,151.48718929290771,-0.21244025740820494,-0.005284823509014283,0.001372796406756173,0.0014470196448537307,0.00020038729286438547
1776265380.3682396,151.49771332740784,-0.21244031917396827,-0.005284802156091528,0.0013797667015145454,0.0014470319211620246,0.0006623506526903705
1776265380.3774946,151.5069682598114,-0.2124403583591246,-0.0052847955250498995,0.0013867081437103981,0.0014470342678774123,0.0007500385374645986
1776265380.3930786,151.5225522518158,-0.2124403973829532,-0.005284789081563659,0.0013936217218137176,0.0014470361162910064,0.00044364057928869267
1776265380.3989308,151.52840447425842,-0.21244043665207987,-0.005284782847391966,0.0014005081264906252,0.0014470383532739198,0.0011767357665773833
1776265380.4409664,151.57044005393982,-0.21244047502318594,-0.005284782901530568,0.0014073680755755519,0.0014470413560345391,0.0001631964267088319
1776265380.4579282,151.58740186691284,-0.2124405166126717,-0.005284777507312808,0.0014142023745461474,0.0014470441313452324,0.00040293025595221105
1776265380.4677947,151.5972683429718,-0.21244056486508292,-0.0052847632326872345,0.0014210118827048535,0.0014470460882946327,0.0006901850302378229
1776265380.4822512,151.61172485351562,-0.21244060446982901,-0.005284757770675426,0.0014277973292137203,0.0014470484862734855,0.00046937774274894984
1776265380.5215905,151.65106415748596,-0.21244064648121988,-0.005284752492596968,0.0014345592726365264,0.0014470513681950669,0.00017189109378141034
1776265380.53629,151.6657636165619,-0.2124406876514867,-0.005284752544396363,0.0014412985485026883,0.0014470545099899456,0.0004584795661561178
1776265380.5442564,151.673730134964,-0.21244072783871318,-0.005284747415254452,0.0014480159003674997,0.0014470572244904625,0.000843213270202414
1776265380.5571237,151.68659734725952,-0.21244077458410435,-0.005284740033521167,0.0014547118922074234,0.0014470599008498675,0.0005204048025340655
1776265380.5976865,151.7271602153778,-0.21244081687511626,-0.00528473528691828,0.0014613872164428166,0.0014470710125419981,0.00016457070707817688
1776265380.6051433,151.7346169948578,-0.21244085715198818,-0.005284730672742955,0.001468042537340404,0.0014470734667683576,0.0008925360322406227
1776265380.6352117,151.76468539237976,-0.21244089769392968,-0.005284729827829327,0.001474678272883119,0.0014470803759066232,0.00022069215490419958
1776265380.6506555,151.78012919425964,-0.21244093756616536,-0.005284729787098198,0.0014812797278577206,0.0014470833247797181,0.000427457917257534
1776265380.6898994,151.81937313079834,-0.21244097753128807,-0.0052847286823412285,0.0014877139297216901,0.0014470859175437563,0.00016395720317419665
1776265380.7007504,151.8302240371704,-0.2124410190491473,-0.00528472632981159,0.001493957089103208,0.001447088317007438,0.0005753710942520577
1776265380.7068613,151.83633494377136,-0.21244105763272572,-0.005284722734727104,0.001500014773548046,0.0014470910608201416,0.00099131091052681
1776265380.7201157,151.84958934783936,-0.21244111279993094,-0.005284701964053114,0.0015058929736548668,0.0014470921357493493,0.0004435126347003687
1776265380.7575169,151.88699054718018,-0.21244115094702337,-0.005284698334026231,0.0015115974227970855,0.0014470920758839385,0.00015252392826736134
1776265380.7716188,151.90109252929688,-0.21244118956586788,-0.005284694811785808,0.0015171324283986543,0.0014470920009476268,0.0003925080460683297
1776265380.7993388,151.9288125038147,-0.21244118956586788,-0.005284694811785808,0.0015171324283986543,0.0014470920009476268,0.0
1776265380.7999728,151.92944645881653,-0.21244122695820775,-0.00528469139412278,0.0015225029960764594,0.0014470918973647378,0.008471735248389038
1776265380.8042114,151.9336850643158,-0.2124412631388346,-0.0052846880781152236,0.0015277140320260549,0.0014470918123292446,0.0012294521409142224
1776265380.8406918,151.97016549110413,-0.21244129687013355,-0.005284684859930469,0.0015327702871648016,0.0014470917116809097,0.000138604975898778
1776265380.8581095,151.9875831604004,-0.2124413307891443,-0.0052846817372118925,0.0015376764005399987,0.001447091586163265,0.00028168129361732093
1776265380.867857,151.99733066558838,-0.21244136363383637,-0.005284678707691529,0.0015424368239810235,0.0014470914871313884,0.0004883852450783739
1776265380.8892922,152.01876592636108,-0.2124413954370182,-0.005284675767976377,0.0015470558379963514,0.0014470913614375422,0.00021549187039467523
1776265380.89894,152.028413772583,-0.2124414248310372,-0.0052846729156760695,0.0015515312945561938,0.0014470907609599403,0.0004638915144526385
1776265380.9264402,152.0559139251709,-0.21244145319970031,-0.005284670147925232,0.0015558691119964274,0.0014470898740952206,0.0001577413460417431
1776265380.9480667,152.07754039764404,-0.21244148072629143,-0.005284667462315506,0.001560076281261022,0.0014470890391893414,0.00019454213701501207
1776265380.960982,152.09045577049255,-0.21244150743554638,-0.005284664856446741,0.001564157800049426,0.0014470882531313063,0.00031602703686574627
1776265380.9692602,152.09873390197754,-0.21244153335163407,-0.005284662327965532,0.0015681178286299502,0.001447087513047837,0.0004783826153127732
1776265380.9915195,152.12099313735962,-0.21244155849806903,-0.00528465987457904,0.00157196013916832,0.00144708681625134,0.0001726201974876606
1776265381.0031977,152.13267135620117,-0.21244158289769138,-0.005284657494059062,0.0015756882905196487,0.0014470861602148676,0.00031924662528804777
1776265381.017332,152.14680576324463,-0.21244160657267228,-0.005284655184242223,0.0015793056971507013,0.0014470855425585709,0.0002559346727321318
1776265381.028075,152.15754866600037,-0.21244162954452803,-0.005284652943028881,0.0015828156573452212,0.0014470849610403555,0.00032673069483339916
1776265381.0603406,152.18981432914734,-0.21244165183413752,-0.005284650768381572,0.0015862213657986887,0.001447084413548034,0.00010555438057268083
1776265381.0762074,152.20568108558655,-0.21244167346176038,-0.005284648658323287,0.0015895259201893497,0.0014470838980920947,0.00020827355927281345
1776265381.0795386,152.20901226997375,-0.21244169444705496,-0.00528464661093569,0.0015927323253808537,0.001447083412798827,0.0009625629037683393
1776265381.0959814,152.22545504570007,-0.2124417148090961,-0.005284644624357446,0.001595843496697183,0.0014470829559037777,0.000189216141759164
1776265381.1365855,152.26605916023254,-0.2124417345663923,-0.005284642696782423,0.0015988622627575375,0.001447082525745487,7.434791680207113e-05
1776265381.1514516,152.28092527389526,-0.21244175373690272,-0.005284640826458199,0.0016017913681244667,0.0014470821207595785,0.0001970366138549653
1776265381.1662655,152.29573917388916,-0.2124417723380532,-0.005284639011684383,0.0016046334758315003,0.0014470817394731255,0.0001918582653957116
1776265381.1816611,152.31113481521606,-0.21244179038675226,-0.005284637250811077,0.001607391169809791,0.0014470813804993328,0.00017912560732662416
1776265381.228265,152.35773873329163,-0.21244180789940648,-0.005284635542237384,0.0016100669572515491,0.0014470810425325263,5.7416745330686045e-05
1776265381.235827,152.365300655365,-0.21244182489193514,-0.005284633884409968,0.0016126632708756972,0.0014470807243434185,0.0003433478597852932
1776265381.248931,152.37840461730957,-0.212441841379785,-0.0052846322758216034,0.0016151824711474333,0.001447080424774642,0.00019225137792858133
1776265381.2705402,152.40001392364502,-0.2124418573779441,-0.005284630715009853,0.0016176268484223572,0.0014470801427365534,0.0001131193240424536
1776265381.3184886,152.44796228408813,-0.21244187290095545,-0.005284629200555734,0.0016199986250338624,0.0014470798772032733,4.9466298132558887e-05
1776265381.3321102,152.46158385276794,-0.21244188796293023,-0.0052846277310823545,0.001622299957303043,0.001447079627208943,0.00016895132134946028
1776265381.3480706,152.47754430770874,-0.21244190257756063,-0.005284626305253745,0.0016245329375055295,0.0014470793918442304,0.0001399100771943976
1776265381.3554168,152.48489046096802,-0.2124419167581322,-0.00528462492177363,0.0016266995957815097,0.0014470791702530183,0.0002949441763523103
1776265381.3690207,152.49849438667297,-0.21244193051753607,-0.00528462357938422,0.0016288019019660913,0.001447078961629284,0.00015454007065992745
1776265381.4012086,152.53068232536316,-0.21244194386828047,-0.005284622276865083,0.0016308417673924283,0.0014470787652141744,6.337496635257364e-05
1776265381.4170468,152.54652047157288,-0.21244195682250228,-0.005284621013032039,0.0016328210466220738,0.0014470785802932447,0.00012497182426768179
1776265381.427466,152.5569396018982,-0.2124419693919779,-0.0052846197867360495,0.0016347415391321646,0.0014470784061938525,0.00018432767172658603
1776265381.4379795,152.56745314598083,-0.2124419815881341,-0.005284618596862237,0.0016366049909571218,0.001447078242282726,0.00017724680671294586
1776265381.459093,152.58856678009033,-0.21244199342205822,-0.005284617442328846,0.0016384130962711421,0.0014470780879636523,8.563871093583315e-05
1776265381.484157,152.61363077163696,-0.21244200490450843,-0.005284616322086223,0.0016401674989231438,0.0014470779426753056,6.999845104178662e-05
1776265381.4951255,152.62459921836853,-0.21244201604592333,-0.005284615235115892,0.001641869793946392,0.0014470778058892065,0.0001552026345642013
1776265381.495488,152.62496161460876,-0.21244202685643163,-0.005284614180429654,0.0016435215289934343,0.0014470776771078092,0.004557913623449097
1776265381.5270686,152.65654230117798,-0.21244203734586117,-0.0052846131570686425,0.0016451242057571314,0.001447077555862679,5.0749733160438804e-05
1776265381.5451157,152.67458939552307,-0.21244204752374796,-0.005284612164102449,0.0016466792813190634,0.001447077441712794,8.616950494723666e-05
1776265381.5580516,152.68752527236938,-0.21244205414050718,-0.005284611518564098,0.0016476902531657941,0.0014470773693486165,7.815424634760295e-05
1776265381.5718584,152.70133209228516,-0.21244206698162962,-0.00528461026577035,0.0016496522420770474,0.0014470772330622116,0.0001421059552453874
1776265381.6165657,152.74603939056396,-0.2124420732111811,-0.005284609658008776,0.0016506040518870155,0.0014470771689196972,2.1290268624860014e-05
1776265381.6361887,152.76566243171692,-0.21244208530085032,-0.0052846084785283,0.0016524512252830692,0.001447077048117488,9.41349162431304e-05
1776265381.6365864,152.76606011390686,-0.21244209116585272,-0.005284607906332814,0.0016533473352230224,0.0014470769912625307,0.002253380559127609
1776265381.657145,152.7866187095642,-0.2124421025480424,-0.005284606795875315,0.0016550864121167297,0.0014470768841852763,8.459305902065289e-05
1776265381.6902447,152.81971836090088,-0.2124421080698285,-0.005284606257164611,0.0016559300817476363,0.001447076833789902,2.548932809175402e-05
1776265381.7190871,152.8485608100891,-0.2124421187859392,-0.005284605211690898,0.0016575673879479433,0.001447076738878243,5.6768466204251605e-05
1776265381.7279353,152.85740900039673,-0.2124421239845935,-0.005284604704505456,0.00165836168607357,0.0014470766942085462,8.977149815513202e-05
1776265381.7349775,152.86445116996765,-0.2124421340736032,-0.00528460372021268,0.0016599031772053796,0.0014470766100802865,0.00021889908305919477
1776265381.7643561,152.89382982254028,-0.212442138968035,-0.005284603242707632,0.001660650993050225,0.0014470765704857416,2.545494597568979e-05
1776265381.774401,152.9038746356964,-0.2124421484666408,-0.005284602316015491,0.0016621022762121074,0.0014470764959157235,0.00014448397584857165
1776265381.7902522,152.91972589492798,-0.21244215307465275,-0.005284601866453963,0.0016628063299194765,0.0014470764608197186,4.441722390025382e-05
1776265381.808204,152.93767762184143,-0.2124421620174045,-0.005284600993991688,0.0016641726840795137,0.0014470763947219813,7.611433205785895e-05
1776265381.8202076,152.94968128204346,-0.21244216635575758,-0.0052846005707384265,0.0016648355366115433,0.0014470763636134126,5.522206169239175e-05
1776265381.8465154,152.97598910331726,-0.2124421747751832,-0.00528459974933251,0.0016661219318161932,0.0014470763050253798,4.889888089465528e-05
1776265381.8774667,153.00694036483765,-0.2124421747751832,-0.00528459974933251,0.0016661219318161932,0.0014470763050253798,0.0
1776265381.879167,153.0086407661438,-0.21244217885965763,-0.005284599350847951,0.0016667459942626486,0.001447076277451215,0.00036701685518008106
1776265381.8803167,153.00979042053223,-0.2124421867863818,-0.005284598577510554,0.0016679571097154844,0.0014470762255196674,0.00105348324832474
1776265381.8944983,153.02397203445435,-0.21244219063183428,-0.005284598202345257,0.001668544652072855,0.0014470762010783454,4.143076129704862e-05
1776265381.9322464,153.06172013282776,-0.2124421980946894,-0.005284597474263433,0.001669684893140122,0.001447076155047006,3.020723614450915e-05
1776265381.9416745,153.07114815711975,-0.21244220171510733,-0.005284597121052738,0.0016702380525653732,0.001447076133382587,5.86730971984664e-05
1776265381.9535918,153.08306550979614,-0.21244220874123865,-0.005284596435578164,0.0016713115668060968,0.001447076092581106,9.00818731663327e-05
1776265381.962686,153.0921597480774,-0.2124422121497909,-0.005284596103037306,0.0016718323553838524,0.0014470760733780931,5.7267010403122475e-05
1776265382.004736,153.13420963287354,-0.21244221713586087,-0.0052845956165926775,0.0016725941709115622,0.0014470760459829757,1.811733857068038e-05
1776265382.0185242,153.14799785614014,-0.21244222197383997,-0.005284595144595942,0.0016733333597299532,0.0014470760201910164,5.361131647395977e-05
1776265382.0432327,153.17270636558533,-0.2124422266681266,-0.005284594686617982,0.001674050593882738,0.0014470759959083989,2.90284471607861e-05
1776265382.060242,153.1897156238556,-0.2124422312229885,-0.00528459424224242,0.0016747465254365185,0.0014470759730467958,4.0915752479419775e-05
1776265382.0812218,153.2106955051422,-0.21244223564256673,-0.00528459381106526,0.0016754217871059254,0.0014470759515230517,3.2186848949391796e-05
1776265382.0965521,153.22602581977844,-0.21244223993087935,-0.005284593392694488,0.0016760769928062594,0.0014470759312588746,4.2740144789904886e-05
1776265382.1075842,153.23705792427063,-0.21244224409182502,-0.005284592986749746,0.0016767127382219388,0.0014470759121805528,5.7628094644494523e-05
1776265382.120089,153.24956274032593,-0.21244224812918666,-0.005284592592861961,0.0016773296013430153,0.0014470758942186919,4.9331110205951386e-05
1776265382.1628463,153.29232001304626,-0.21244225204663478,-0.005284592210673034,0.0016779281429950069,0.0014470758773079558,1.3998895523878038e-05
1776265382.1731699,153.30264353752136,-0.21244225584773097,-0.005284591839835486,0.0016785089073414472,0.0014470758613868322,5.62576187200189e-05
1776265382.1829727,153.3124463558197,-0.21244225953593096,-0.005284591480012201,0.001679072422390862,0.0014470758463974126,5.7486246977877e-05
1776265382.1992288,153.32870244979858,-0.2124422631145879,-0.005284591130876015,0.0016796192004629243,0.001447075832285171,3.363599492282352e-05
1776265382.2326334,153.36210703849792,-0.21244226658695523,-0.005284590792109531,0.001680149738663643,0.0014470758189987758,1.5882538678501424e-05
1776265382.2658172,153.39529085159302,-0.21244226658695523,-0.005284590792109531,0.001680149738663643,0.0014470758189987758,0.0
1776265382.2663994,153.39587306976318,-0.21244227105688188,-0.005284590356020506,0.0016808326925198333,0.0014470758024851117,0.0011730458753613335
1776265382.2666173,153.39609098434448,-0.21244227105688188,-0.005284590356020506,0.0016808326925198333,0.0014470758024851117,0.0
1776265382.2766042,153.4060778617859,-0.21244227535067575,-0.005284589937115122,0.0016814887352426186,0.001447075787247215,6.569189535421264e-05
1776265382.2882085,153.41768217086792,-0.2124422794752771,-0.0052845895347162775,0.0016821189272416062,0.0014470757731865282,5.430789723012692e-05
1776265382.3212867,153.45076036453247,-0.21244228343735289,-0.005284589148173552,0.0016827242871416959,0.0014470757602121046,1.8301271084357042e-05
1776265382.3377235,153.4671971797943,-0.21244228343735289,-0.005284589148173552,0.0016827242871416959,0.0014470757602121046,0.0
1776265382.3594546,153.48892831802368,-0.21244228724330716,-0.00528458877686215,0.0016833057934271048,0.0014470757482400226,2.675970548130683e-05
1776265382.368408,153.49788165092468,-0.21244229089929179,-0.005284588420181902,0.0016838643860284455,0.0014470757371928468,6.23906969013355e-05
1776265382.395243,153.52471661567688,-0.21244229441121606,-0.0052845880775562884,0.0016844009678347316,0.0014470757269991249,1.9996054150434638e-05
1776265382.4201963,153.5496699810028,-0.21244229441121606,-0.0052845880775562884,0.0016844009678347316,0.0014470757269991249,0.0
1776265382.420584,153.55005764961243,-0.21244229860716307,-0.00528458766819696,0.0016850420604317476,0.0014470757153571844,0.0016537486989576938
1776265382.4441462,153.5736198425293,-0.21244229860716307,-0.00528458766819696,0.0016850420604317476,0.0014470757153571844,0.0
1776265382.4659188,153.59539246559143,-0.21244230259746705,-0.0052845872789002895,0.0016856517330954418,0.0014470757048284228,2.800240670861399e-05
1776265382.4780064,153.6074800491333,-0.21244230639220646,-0.005284586908683046,0.001686231525707703,0.0014470756953063996,4.7967002386329005e-05
1776265382.4992654,153.62873911857605,-0.21244230639220646,-0.005284586908683046,0.001686231525707703,0.0014470756953063996,0.0
1776265382.5023046,153.63177824020386,-0.212442310000966,-0.005284586556610141,0.0016867829026961934,0.0014470756866948548,0.0001814303532237525
1776265382.5728202,153.70229387283325,-0.212442310000966,-0.005284586556610141,0.0016867829026961934,0.0014470756866948548,0.0
1776265382.5751514,153.7046251296997,-0.212442310000966,-0.005284586556610141,0.0016867829026961934,0.0014470756866948548,0.0
1776265382.578262,153.70773577690125,-0.21244231343286044,-0.005284586221792285,0.0016873072567041777,0.0014470756789067268,0.00016857114023250265
1776265382.5785508,153.70802450180054,-0.21244231343286044,-0.005284586221792285,0.0016873072567041777,0.0014470756789067268,0.0
1776265382.594458,153.7239317893982,-0.21244231732984642,-0.005284585841599796,0.0016879026713294693,0.0014470756705375662,3.74311142460664e-05
1776265382.6166255,153.74609923362732,-0.21244231732984642,-0.005284585841599796,0.0016879026713294693,0.0014470756705375662,0.0
1776265382.6302571,153.75973081588745,-0.21244232099878144,-0.005284585483656114,0.0016884632423582457,0.0014470756631192688,4.112385039458673e-05
1776265382.64016,153.769633769989,-0.21244232099878144,-0.005284585483656114,0.0016884632423582457,0.0014470756631192688,0.0
1776265382.6577582,153.78723192214966,-0.21244232445301095,-0.005284585146659266,0.0016889910088327964,0.0014470756565438028,2.999052861691314e-05
1776265382.7091787,153.83865237236023,-0.21244232445301095,-0.005284585146659266,0.0016889910088327964,0.0014470756565438028,0.0
1776265382.7290642,153.85853791236877,-0.21244232822830258,-0.005284584778339358,0.0016895678298770034,0.0014470756498105339,2.9007686794107024e-05
1776265382.7375114,153.86698508262634,-0.21244232822830258,-0.005284584778339358,0.0016895678298770034,0.0014470756498105339,0.0
1776265382.7473729,153.87684655189514,-0.21244233174712113,-0.005284584435041158,0.0016901054647625313,0.0014470756439610352,5.451991946423137e-05
1776265382.7603025,153.8897762298584,-0.21244233174712113,-0.005284584435041158,0.0016901054647625313,0.0014470756439610352,0.0
1776265382.7951014,153.92457509040833,-0.21244233174712113,-0.005284584435041158,0.0016901054647625313,0.0014470756439610352,0.0
1776265382.8022594,153.9317331314087,-0.21244233547687513,-0.00528458407116392,0.0016906753281364442,0.0014470756382099737,7.961336007138457e-05
1776265382.8226786,153.95215225219727,-0.21244233547687513,-0.00528458407116392,0.0016906753281364442,0.0014470756382099737,0.0
1776265382.8362389,153.96571254730225,-0.21244233547687513,-0.00528458407116392,0.0016906753281364442,0.0014470756382099737,0.0
1776265382.8681054,153.9975790977478,-0.21244233891848582,-0.0052845837353981216,0.0016912011665159848,0.0014470756333131865,1.6501621353122275e-05
1776265382.8874311,154.01690483093262,-0.21244233891848582,-0.0052845837353981216,0.0016912011665159848,0.0014470756333131865,0.0
1776265382.8952334,154.02470707893372,-0.21244233891848582,-0.0052845837353981216,0.0016912011665159848,0.0014470756333131865,0.0
1776265382.9109936,154.04046726226807,-0.2124423424735259,-0.00528458338856611,0.0016917443355546694,0.0014470756286681815,3.446538480108193e-05
1776265382.9348738,154.06434750556946,-0.2124423424735259,-0.00528458338856611,0.0016917443355546694,0.0014470756286681815,0.0
1776265382.9535024,154.08297610282898,-0.2124423424735259,-0.00528458338856611,0.0016917443355546694,0.0014470756286681815,0.0
1776265382.9581437,154.08761739730835,-0.21244234606415918,-0.0052845830382615795,0.0016922929428113548,0.0014470756244028668,0.0001182039022044272
1776265382.9713738,154.10084748268127,-0.21244234606415918,-0.0052845830382615795,0.0016922929428113548,0.0014470756244028668,0.0
1776265383.004405,154.13387870788574,-0.21244234606415918,-0.0052845830382615795,0.0016922929428113548,0.0014470756244028668,0.0
1776265383.0095875,154.13906121253967,-0.21244234606415918,-0.0052845830382615795,0.0016922929428113548,0.0014470756244028668,0.0
1776265383.0300453,154.15951895713806,-0.21244234961860298,-0.005284582691487702,0.0016928360207136076,0.0014470756206024045,2.6546897295604737e-05
1776265383.0374975,154.16697120666504,-0.21244234961860298,-0.005284582691487702,0.0016928360207136076,0.0014470756206024045,0.0
1776265383.0585215,154.1879951953888,-0.21244234961860298,-0.005284582691487702,0.0016928360207136076,0.0014470756206024045,0.0
1776265383.078823,154.20829677581787,-0.21244234961860298,-0.005284582691487702,0.0016928360207136076,0.0014470756206024045,0.0
1776265383.0973241,154.22679781913757,-0.21244235307327616,-0.005284582354447494,0.0016933638547987698,0.0014470756173108395,2.853058008342963e-05
1776265383.1084929,154.2379665374756,-0.21244235307327616,-0.005284582354447494,0.0016933638547987698,0.0014470756173108395,0.0
1776265383.1399457,154.2694194316864,-0.21244235307327616,-0.005284582354447494,0.0016933638547987698,0.0014470756173108395,0.0
