t_wall,t_rel,x,y,z,yaw,speed_est
1776284499.9123719,2.5646533966064453,0.028953623285345658,0.008568393660344257,0.0016969744667112083,0.00023147808201730256,0.0
1776284499.921482,2.573763608932495,0.028953623285345658,0.008568393660344257,0.0016969744667112083,0.00023147808201730256,0.0
1776284500.057759,2.71004056930542,0.028953623285345658,0.008568393660344257,0.0016969744667112083,0.00023147808201730256,0.0
1776284500.0619104,2.7141919136047363,0.028953623285345658,0.008568393660344257,0.0016969744667112083,0.00023147808201730256,0.0
1776284500.0675483,2.719829797744751,0.028953623285345658,0.008568393660344257,0.0016969744667112083,0.00023147808201730256,0.0
1776284500.100439,2.752720594406128,0.028953623285345658,0.008568393660344257,0.0016969744667112083,0.00023147808201730256,0.0
1776284500.1008341,2.753115653991699,0.028953623285345658,0.008568393660344257,0.0016969744667112083,0.00023147808201730256,0.0
1776284500.1030653,2.7553467750549316,0.028953623285345658,0.008568393660344257,0.0016969744667112083,0.00023147808201730256,0.0
1776284500.1681,2.8203816413879395,0.028953623285345658,0.008568393660344257,0.0016969744667112083,0.00023147808201730256,0.0
1776284500.1933887,2.845670223236084,0.028953623285345658,0.008568393660344257,0.0016969744667112083,0.00023147808201730256,0.0
1776284500.1940231,2.8463046550750732,0.028953623285345658,0.008568393660344257,0.0016969744667112083,0.00023147808201730256,0.0
1776284500.2166705,2.8689520359039307,0.028953623285345658,0.008568393660344257,0.0016969744667112083,0.00023147808201730256,0.0
1776284500.2662,2.9184815883636475,0.028953623285345658,0.008568393660344257,0.0016969744667112083,0.00023147808201730256,0.0
1776284500.294828,2.9471094608306885,0.028953623285345658,0.008568393660344257,0.0016969744667112083,0.00023147808201730256,0.0
1776284500.3021517,2.9544332027435303,0.028953625901545568,0.008568382868236931,0.0016992128490933636,0.0002314965337420647,0.0003056374670191031
1776284500.3186696,2.9709510803222656,0.028954026743813956,0.008567945845860429,0.0017042521860536342,0.00022965501622589527,0.00030718890926042445
1776284500.4151406,3.0674221515655518,0.028955148146026427,0.008566745470233625,0.0017127880696303707,0.0002260505333333026,9.010484910528999e-05
1776284500.4274187,3.079700231552124,0.028950212905474528,0.008569273101539475,0.0017242054068195706,0.0002259422373328108,0.0010337578135243806
1776284500.4606204,3.1129019260406494,0.028943291579935276,0.008569378884093077,0.0017411233139621035,0.00023303667875312307,0.0005505521635746653
1776284500.4702897,3.1225712299346924,0.02894147181089745,0.008567170542900454,0.0017624249254183308,0.0002444699321611603,0.0022228023984219867
1776284500.7130866,3.365368127822876,0.02894147181089745,0.008567170542900454,0.0017624249254183308,0.0002444699321611603,0.0
1776284500.713673,3.365954637527466,0.028948341545481135,0.008565522652594918,0.0017816267730185117,0.00025935615787398686,0.034884672724045475
1776284500.7139144,3.3661959171295166,0.028978852163052807,0.008563316705133363,0.0017974760260149047,0.00027319108427517326,0.1427900507318616
1776284500.7141054,3.366386890411377,0.02898517105089979,0.008551876713609557,0.0018288100130114879,0.00022318249906044287,0.177774946465409
1776284500.7142923,3.3665738105773926,0.028977919883457572,0.008545134155068773,0.0018696040221184637,0.00019448685434942224,0.22457972273506308
1776284500.7144768,3.366758346557617,0.028969724075110566,0.008539931995485714,0.0019143288809775547,0.00016995686760364894,0.24800701878397494
1776284500.7146657,3.3669471740722656,0.028950036325667738,0.008532974234647233,0.0019599434013223838,0.00014382160865368087,0.2656749777959566
1776284500.7391732,3.3914546966552734,0.028926447697979342,0.008527181918428025,0.002003897615240058,0.00011816836796202576,0.002049125622475799
1776284500.7630713,3.4153528213500977,0.02889999819041421,0.008523160565495881,0.002044296676765027,9.824275094116373e-05,0.0020275411484667488
1776284500.829622,3.481903553009033,0.02886461166433517,0.008518504241973857,0.0020816432039516344,7.733883151672062e-05,0.0007762346576155486
1776284500.8432767,3.495558261871338,0.02882363155116797,0.008514937779786128,0.002115375614872732,5.382471261582312e-05,0.003895902483574223
1776284500.9003713,3.5526528358459473,0.028787616291232887,0.008519391298182853,0.002147468718344328,1.87538955438294e-05,0.0008485012017720203
1776284500.9017904,3.5540719032287598,0.028778387226531338,0.00853565137279702,0.0021593487001417347,-3.712449421006821e-05,0.015610069871258781
1776284500.9020977,3.5543792247772217,0.028796426039970784,0.008553689884006732,0.002103136952233367,-8.797383961626152e-05,0.2008633328657673
1776284500.9860444,3.6383259296417236,0.028835737774210887,0.008573133621375078,0.0019529801573719002,-0.000136144829386003,0.001863451412430314
1776284501.0022614,3.654542922973633,0.028875503951562142,0.008584032402938539,0.0017114940585839927,-0.00016301338952121223,0.01510643494594507
1776284501.0215383,3.6738197803497314,0.028868302869568922,0.008586162706316368,0.001626984029789405,-0.0001532957301900986,0.004401289196733944
1776284501.03614,3.6884214878082275,0.028868298692946597,0.008586161097000052,0.0016283964046533358,-0.0001532956225022623,9.672717798676341e-05
1776284501.111433,3.763714551925659,0.0288682905874768,0.008586157974699868,0.0016311373107559465,-0.00015329541557775492,3.6403351330254694e-05
1776284501.1118333,3.7641148567199707,0.02886828665475802,0.008586156460168788,0.0016324669790835147,-0.0001532953189002029,0.0033216564598635163
1776284501.1264174,3.7786989212036133,0.028868279023059894,0.008586153520690875,0.0016350474378435328,-0.00015329512876961359,0.00017693776124374014
1776284501.12705,3.7793314456939697,0.02886827532108089,0.008586152094895211,0.0016362992850556743,-0.00015329504869591022,0.0019791383842672717
1776284501.1984694,3.8507509231567383,0.028868268137822683,0.008586149326026289,0.0016387287603825199,-0.00015329488518893818,3.4017156248881614e-05
1776284501.2141163,3.8663978576660156,0.028868264652784234,0.008586147982807133,0.001639907339195043,-0.00015329481199086845,7.532368272136802e-05
1776284501.2157776,3.8680591583251953,0.028868257888775502,0.008586145377441647,0.0016421945730583296,-0.0001532946695459419,0.0013767798959522693
1776284501.2451413,3.8974227905273438,0.02886825460789755,0.008586144113809415,0.0016433041887642663,-0.00015329460266189573,3.7788965213741206e-05
1776284501.279345,3.931626558303833,0.02886824824075261,0.0085861416610624,0.0016454576028553866,-0.00015329447773105356,6.295870428933807e-05
1776284501.303012,3.9552934169769287,0.028868245152115342,0.008586140471134356,0.0016465022906642021,-0.00015329441745394294,4.4141601837280156e-05
1776284501.311149,3.963430404663086,0.028868239158241292,0.008586138161112188,0.0016485297268914734,-0.00015329430749578673,0.00024916424622102807
1776284501.3730175,4.025299072265625,0.028868239158241292,0.008586138161112188,0.0016485297268914734,-0.00015329430749578673,0.0
1776284501.3735716,4.025853157043457,0.028868234817691133,0.00858613648785719,0.0016499976997246396,-0.0001532942321779627,0.002649378330972965
1776284501.4181573,4.070438861846924,0.028868230604780512,0.00858613486454308,0.0016514221018105874,-0.00015329416296266363,3.194766680057865e-05
1776284501.428953,4.081234455108643,0.028868226516635884,0.008586133289896417,0.0016528041339929286,-0.0001532940978438685,0.00012801882141870032
1776284501.4493952,4.10167670249939,0.028868222549626357,0.008586131761962598,0.001654145075676898,-0.0001532940323439965,6.559691783266882e-05
1776284501.4552963,4.107577800750732,0.028868218700716805,0.008586130278991818,0.0016554461865736086,-0.0001532939724840414,0.00022048733630063643
1776284501.5473719,4.199653387069702,0.028868214967101312,0.008586128839930226,0.0016567087095529093,-0.00015329391568020357,1.3711879234738138e-05
1776284501.572537,4.224818468093872,0.028868211343823016,0.00858612744416139,0.0016579337127999375,-0.00015329386387958577,4.8678937270987294e-05
1776284501.5889306,4.2412121295928955,0.028868207828145122,0.008586126089496614,0.0016591223587605827,-0.0001532938143033659,7.250679976686661e-05
1776284501.6024394,4.25472092628479,0.02886820441670039,0.008586124775131291,0.0016602756934964505,-0.00015329376577734622,8.537699962832446e-05
1776284501.616729,4.269010543823242,0.02886820110676797,0.008586123499788309,0.001661394758019047,-0.00015329372054078327,7.831351268141424e-05
1776284501.7096841,4.361965656280518,0.02886819789474325,0.008586122261907012,0.0016624805890370353,-0.00015329367878813148,1.1681299131040601e-05
1776284501.7273345,4.379616022109985,0.02886819477930619,0.008586121060320778,0.0016635341883153923,-0.00015329363733278812,5.969307264188002e-05
1776284501.7629082,4.415189743041992,0.028868191755793256,0.00858611989537319,0.0016645565104733695,-0.00015329360341915816,2.8738272689166574e-05
1776284501.7633872,4.415668725967407,0.028868191755793256,0.00858611989537319,0.0016645565104733695,-0.00015329360341915816,0.0
1776284501.820255,4.472536563873291,0.028868187863733293,0.008586118396453983,0.001665872541486313,-0.0001532935530958515,2.3142037225851768e-05
1776284501.8359368,4.488218307495117,0.028868184126214537,0.008586116956991909,0.0016671367111915844,-0.0001532935127149815,8.061450819889041e-05
1776284501.8433716,4.49565315246582,0.02886818053569031,0.008586115574443507,0.0016683510613490077,-0.0001532934745637303,0.00016333309670180072
1776284501.873878,4.5261595249176025,0.02886818053569031,0.008586115574443507,0.0016683510613490077,-0.0001532934745637303,0.0
1776284501.9458044,4.598085880279541,0.028868177086849318,0.008586114246509714,0.0016695175588139974,-0.00015329343983526493,1.6218023467825203e-05
1776284501.9522007,4.604482173919678,0.028868173773539767,0.008586112970688753,0.0016706380628350448,-0.00015329340526740298,0.00017518108284349452
1776284501.9725952,4.6248767375946045,0.028868170591130265,0.008586111745019366,0.00167171439441742,-0.00015329337341653634,5.277568091800904e-05
1776284501.9891815,4.641463041305542,0.028868170591130265,0.008586111745019366,0.00167171439441742,-0.00015329337341653634,0.0
1776284502.0749903,4.727271795272827,0.02886816753427719,0.008586110567200083,0.0016727482916000652,-0.00015329334519443072,1.2048914880041195e-05
1776284502.0802703,4.73255181312561,0.02886810050458676,0.008587416144262481,0.0016937564545964068,-0.00015167008953972445,0.0039865014720561
1776284502.1133506,4.765632152557373,0.028870576018490128,0.008597217011176493,0.0018405588596890551,-0.00014829216102574318,0.0044482623950379855
1776284502.117283,4.769564628601074,0.028884660863925722,0.008610599683607672,0.002182909514697101,-0.00014704882901025396,0.08719735666222612
1776284502.2058587,4.858140230178833,0.0288962623309684,0.008623050962189634,0.0027482827571940274,-0.000147193632508304,0.006385836658367295
1776284502.2162275,4.86850905418396,0.028894876409323516,0.008634067317854198,0.0035461917382221195,-0.00014565264889352314,0.0769601479742485
1776284502.2339573,4.8862388134002686,0.028883506145435067,0.008644477312182194,0.004578028323811989,-0.00014477849179190305,0.05820449819656085
1776284502.2551384,4.907419919967651,0.028862997983153404,0.008652803507634957,0.0058427569769581855,-0.00014377852505098476,0.05971936906388202
1776284502.3091602,4.9614417552948,0.028859217698133984,0.008654520023480387,0.007339959702948803,-0.00014489079288823508,0.02771487627748993
1776284502.32179,4.974071502685547,0.02888155096200722,0.008648293907104771,0.009066345742290871,-0.00014754974324198913,0.13670437438519667
1776284502.359099,5.011380434036255,0.028916803826491415,0.008638170275026742,0.011017719772136336,-0.00014924615659682477,0.05231237192743643
1776284502.3938816,5.046163082122803,0.028937663629050817,0.008620455657107076,0.013190922067928247,-0.00014604717659664403,0.062484449023876384
1776284502.4124825,5.064764022827148,0.02894323313091212,0.008595757683544689,0.01557945223829,-0.00014315346472295793,0.1284163198751903
1776284502.4590034,5.111284971237183,0.02894296342743874,0.00856766537025535,0.018178107294104864,-0.0001390263371479642,0.055863154079044804
1776284502.474464,5.1267454624176025,0.028945342201254606,0.008538882421201823,0.020983467876835735,-0.00013407145453212324,0.1814631379332682
1776284502.4823468,5.1346282958984375,0.028942134703190132,0.008507232100238496,0.02398980673279793,-0.00012981190976961654,0.3813992994684461
1776284502.521724,5.174005508422852,0.02891016942048035,0.008470350880975577,0.027194227288605058,-0.00012738137723117274,0.08138697493874797
1776284502.5430453,5.195326805114746,0.028868997937543876,0.008426987175635257,0.030591968859962723,-0.00012198918525376163,0.1593837250303898
1776284502.581186,5.2334675788879395,0.028832990841298742,0.008382512681513653,0.03417800054321458,-0.00011354236285029254,0.09403291704359762
1776284502.58156,5.233841419219971,0.02878730937804584,0.00833652311835543,0.03794570220788841,-0.00010695953100467722,10.079862746654175
1776284502.5896003,5.241881847381592,0.028722802928724766,0.008292735683941878,0.04189021192632321,-0.00010576670369141161,0.4906803537407491
1776284502.657388,5.309669494628906,0.028665040368232524,0.008248032590530446,0.04600991961590889,-0.00010998436144469569,0.060783273780039546
1776284502.6582584,5.310539960861206,0.028605775692742672,0.008204575066851627,0.05029994650185555,-0.00011712065366517905,4.929147331926029
1776284502.6815,5.333781480789185,0.02854705349051664,0.008164660954844801,0.05475430522190345,-0.0001271184991161366,0.1916795715946015
1776284502.7001536,5.352435111999512,0.02849505070816146,0.008126125102485728,0.05936775644391496,-0.00013826638697443728,0.24734622330719394
1776284502.7500834,5.40236496925354,0.028460007878852205,0.008088334814976068,0.06413599046702986,-0.0001461879881676454,0.09550422929562384
1776284502.7965872,5.448868751525879,0.028454876645148106,0.008050322078694687,0.0690544918660668,-0.00015431511704363352,0.10576883694399598
1776284502.8042464,5.456527948379517,0.028470324611280903,0.008013582309835888,0.07411904521717907,-0.00016538823388914404,0.6612586496781612
1776284502.8308635,5.483144998550415,0.02850902123058201,0.007981774955330402,0.07932572923064973,-0.0001742269801048371,0.195623667079422
1776284502.894207,5.546488523483276,0.02855200613247425,0.007952685355751995,0.08467099073121889,-0.000177501285361893,0.08438926457684186
1776284502.924575,5.57685661315918,0.028567644125729746,0.007921925355871074,0.09015160666435765,-0.000180315521963877,0.18047643500410762
1776284502.9250846,5.57736611366272,0.02853558002967277,0.007889644779792242,0.09576429802255235,-0.00018673354279926895,11.01642831030628
1776284502.94496,5.597241640090942,0.028439173518137278,0.007856295127074942,0.10150474522006708,-0.00019487403316675826,0.2888654827939946
1776284503.0474558,5.699737310409546,0.028289491337216602,0.007822402729766035,0.10736828330777742,-0.00020286784642870726,0.057227258409874214
1776284503.0475879,5.699869394302368,0.028289491337216602,0.007822402729766035,0.10736828330777742,-0.00020286784642870726,0.0
1776284503.0523376,5.7046191692352295,0.0280982827030491,0.007788394868742468,0.1133490191278127,-0.00020883434438490137,1.2598256347401597
1776284503.1123567,5.764638185501099,0.027904495878590365,0.007751690084540588,0.1194467036624316,-0.00021025047599658523,0.10164900831086432
1776284503.1369514,5.789232969284058,0.027740577744790794,0.0077108473221423855,0.1256576021589193,-0.00021424235689900293,0.252622486225724
1776284503.146845,5.799126625061035,0.027613479834606172,0.007667785356182396,0.13197480809340437,-0.0002197127589296697,0.6386548356429718
1776284503.1913502,5.843631744384766,0.027518269086159057,0.007626557254570359,0.1383947084039527,-0.0002240421943537562,0.14426966492404886
1776284503.2240398,5.876321315765381,0.027446930472195565,0.00758389586144382,0.14491549578423976,-0.00022772269454572394,0.19949228042469863
1776284503.2458975,5.898179054260254,0.027391352026968883,0.007538913567004775,0.15153179443562437,-0.00022849578148412245,0.3027159002915056
1776284503.2574062,5.909687757492065,0.027340187466837678,0.007494428651347578,0.15824015426794552,-0.0002305546308958834,0.5829242704201
1776284503.2910805,5.94336199760437,0.02727869561902849,0.007446239400000012,0.16503810291610257,-0.00023293754321074953,0.2018871852570607
1776284503.3073304,5.959611892700195,0.027208001364961616,0.00739303340113311,0.17192116549134326,-0.0002322048464879736,0.42361081063968997
1776284503.3109772,5.963258743286133,0.027131528021720194,0.007332107167544288,0.17888596884501948,-0.00022831980573509287,1.910001376935096
1776284503.3354383,5.987719774246216,0.02705773697260032,0.007264098033881081,0.18592764208288554,-0.0002225284676088841,0.28790234833608236
1776284503.4159508,6.068232297897339,0.026997384724068083,0.007190623370897549,0.1930405250439212,-0.000218264250674443,0.0883529436340244
1776284503.4432216,6.095503091812134,0.026950590041673442,0.007113436738709975,0.2002212994284759,-0.00021571588205820426,0.2633345292159961
1776284503.4462235,6.098505020141602,0.0269088885616003,0.007035601201064601,0.20746768163951812,-0.00021445678293592277,2.4140883508286484
1776284503.4623778,6.114659309387207,0.026881702147774612,0.006955751493348925,0.21477731908561906,-0.00021405751452539354,0.45251908086234677
1776284503.534229,6.1865105628967285,0.026857686580648955,0.0068719324233371204,0.22214863121829384,-0.00021368789363824495,0.10259845762309597
1776284503.5549693,6.2072508335113525,0.02681934466208635,0.006786084775765947,0.2295784665953676,-0.00021405187580960367,0.3582610075253726
1776284503.560218,6.212499618530273,0.026774148046133952,0.006696699605698792,0.23706097770830425,-0.00021471404089982445,1.4256978422060147
1776284503.5779674,6.230248928070068,0.026713722588701742,0.006604189981732589,0.24459475174904632,-0.00022023963821728263,0.4245001351977042
1776284503.6286676,6.280949115753174,0.026628402724194204,0.006511939343893679,0.2521778594961517,-0.0002244086622751273,0.1495881796428241
1776284503.646416,6.298697471618652,0.026545391666740813,0.0064259818558918625,0.25980816145196656,-0.00022911803804971534,0.42996870628318984
1776284503.6614387,6.313720226287842,0.0264760851472165,0.0063495962418785735,0.2674824097562836,-0.00023465725776758274,0.5108877532362655
1776284503.6885095,6.3407909870147705,0.026421012550695826,0.006289470579652992,0.27519668831174854,-0.00024199690916116396,0.2849831046908639
1776284503.7748675,6.427149057388306,0.02637129532628705,0.006250028655288562,0.2829484841172366,-0.0002492106314600893,0.08976642882410676
1776284503.7833104,6.43559193611145,0.026309801552452945,0.006228307021832151,0.29073506358536594,-0.00025767268995627307,0.9222982867469038
1776284503.7860677,6.43834924697876,0.02624638463408655,0.006224203705242739,0.2985534712135776,-0.0002667052153561451,2.8356127660758554
1776284503.8071249,6.45940637588501,0.026199737203545553,0.006232548372077182,0.30639922496763156,-0.00027608072451022764,0.3726005049393623
1776284503.8164997,6.468781232833862,0.026170963770456995,0.006252290260178945,0.3142670190269365,-0.00028052057326553143,0.8392524263499457
1776284503.8695393,6.521820783615112,0.026144905529157814,0.006281424328255505,0.32215644430000917,-0.0002833852759036128,0.14874790573674176
1776284503.8990955,6.551377058029175,0.026111634848531712,0.006309646921905453,0.33006563620738694,-0.0002861027408327033,0.2676018001239394
1776284503.9020398,6.5543212890625,0.02607437425586173,0.006334885906618492,0.33798976267759956,-0.0002898603216912878,2.691451240212381
1776284503.9136586,6.5659401416778564,0.026029427702985393,0.006358699874063977,0.3459259213275868,-0.00029387601209167016,0.6830555406779595
1776284503.9534442,6.6057257652282715,0.025971969545412386,0.006387686875290456,0.3538737033793783,-0.00029956451292078136,0.1997717239128907
1776284503.960184,6.6124656200408936,0.025900769339322595,0.006425697812819482,0.36183080857322675,-0.0003040735463128159,1.1806655696833688
1776284503.9893866,6.641668081283569,0.02582799407025019,0.006476420629708866,0.3697960825199564,-0.0003103286930664064,0.27277727807330515
1776284504.0061798,6.658461332321167,0.02575692401508734,0.006539431351383179,0.3777688482278667,-0.00032018999542794625,0.47479379826303125
1776284504.031755,6.684036493301392,0.025716042213705163,0.0066085822362651194,0.3857486611117633,-0.00032652627361563476,0.31202998968605355
1776284504.0465503,6.698831796646118,0.02570764912484425,0.006685336802865991,0.3937332277937814,-0.000328986815205683,0.539694240406412
1776284504.0813634,6.733644962310791,0.025712265188072063,0.0067690643313624765,0.401720270936649,-0.0003315599624088886,0.22943858068091977
1776284504.0822277,6.734509229660034,0.02571020597287096,0.006857150922601514,0.40970669235514634,-0.0003337947006586176,9.241246303784727
1776284504.1772978,6.8295793533325195,0.025697725131168105,0.006942867227179855,0.4176874936895006,-0.00033303731349531044,0.08395141482209287
1776284504.203586,6.855867624282837,0.025665753529224178,0.007019064342699351,0.4256591926799348,-0.00032889134333497736,0.3032579537301406
1776284504.204021,6.856302499771118,0.025614587846594324,0.007086779478874975,0.43361999506656085,-0.0003267413077915863,18.306975235912226
1776284504.231113,6.883394479751587,0.02555680584145599,0.0071471048453560435,0.44156913719166335,-0.00032309287119221876,0.2934293111223636
1776284504.2794726,6.931754112243652,0.025507564117449203,0.007198405609316027,0.4495091393923574,-0.0003190769778049183,0.16419315460911152
1776284504.2940936,6.946375131607056,0.025469960851362647,0.007237194268169599,0.45743783492000034,-0.0003126187821588792,0.5422932135746554
1776284504.3170836,6.969365119934082,0.025459881547182362,0.007265644481734432,0.4653536455265756,-0.00030402411091835514,0.34431805868159615
1776284504.341194,6.993475437164307,0.025473094032460678,0.0072876569926866915,0.4732525924315496,-0.00029417179583469494,0.32761861038496504
1776284504.4278286,7.0801100730896,0.02549882243601773,0.0073067219973499435,0.4811327304527272,-0.00028632750460070715,0.09095903734866957
1776284504.4407618,7.093043327331543,0.02551639043570567,0.007325770001623305,0.488993396091937,-0.0002792256417848609,0.6077904448667789
1776284504.4623137,7.114595174789429,0.02552127860508776,0.007344983776634007,0.49683165021844083,-0.00027362991816057085,0.3636940737994593
1776284504.4871364,7.139417886734009,0.025524346967880945,0.007363052333463384,0.5046438559539463,-0.000269175016917595,0.3147209398607862
1776284504.4980123,7.150293827056885,0.025538368318973693,0.007378523741475288,0.5124275440374323,-0.0002638723970155778,0.7156821256144409
1776284504.6011143,7.2533957958221436,0.025538368318973693,0.007378523741475288,0.5124275440374323,-0.0002638723970155778,0.0
1776284504.6059418,7.258223295211792,0.025591358108951634,0.0073913542479747485,0.5201840916532006,-0.0002586203037967314,1.6067820215379152
1776284504.6172466,7.269528150558472,0.025688129788103673,0.0074006145559217685,0.5279113821033311,-0.00025119502313431733,0.6835914030929309
1776284504.651863,7.304144620895386,0.025820042392363806,0.007410534803681561,0.5356078418071368,-0.00024424233505994207,0.22236803431528812
1776284504.6523015,7.3045830726623535,0.025954817147427187,0.007427337809512578,0.5432735624205622,-0.00023493341096399113,17.486356043332744
1776284504.7282848,7.380566358566284,0.026072113027270104,0.007450029090677462,0.5509072520958331,-0.00022082367812117253,0.10047768282834008
1776284504.7469413,7.3992228507995605,0.026152902491921183,0.00747485047442217,0.5585073570090316,-0.00020444920391602634,0.4073957062187277
1776284504.7527032,7.404984712600708,0.02620235371519195,0.0075109953670483105,0.5660727049645752,-0.000190058244838039,1.3130470978250823
1776284504.7867737,7.4390552043914795,0.026226617103334685,0.007562857215034719,0.5736057045146142,-0.00017747323298221041,0.22110679215559084
1776284504.8249466,7.477228164672852,0.02624376883635727,0.0076263743648791234,0.5811041059933477,-0.00016689554446447228,0.1964398373467102
1776284504.8460472,7.498328685760498,0.026272721677812437,0.007697009643978947,0.58856767544244,-0.0001585058701200758,0.35373343679714275
1776284504.8486962,7.5009777545928955,0.02633443978411428,0.007774629471190861,0.5959952917197501,-0.00015058432037770304,2.804109181077967
1776284504.884064,7.536345481872559,0.026417134880193486,0.00785808804578038,0.6033847825980052,-0.00013769075360675108,0.20895956297333332
1776284504.948499,7.600780487060547,0.026488445934374244,0.007939686521417388,0.6107349628095502,-0.000124983135400405,0.11408362597222783
1776284504.9620588,7.614340305328369,0.02655413361766684,0.008019393710768177,0.6180444262611069,-0.00011431262274769063,0.5391070158201863
1776284504.9821012,7.634382724761963,0.02663430389732682,0.008096521882004071,0.625310535495613,-0.00010539157188941597,0.36257902074186127
1776284504.991624,7.6439056396484375,0.026732754192637005,0.008171233613620356,0.632532314637639,-9.824522429637399e-05,0.7584690892833335
1776284505.0716882,7.7239696979522705,0.026845165908558108,0.008241464398676774,0.6397103811216914,-9.29051729426253e-05,0.08966932619262397
1776284505.080557,7.7328386306762695,0.026976798777483022,0.008306827290613838,0.6468392491309887,-8.810336224971863e-05,0.8039730375248387
1776284505.0922036,7.744485139846802,0.027145249795364337,0.008366876319788275,0.6539168709334935,-8.37546529303485e-05,0.6078972408848783
1776284505.1020336,7.754315137863159,0.027353107730745174,0.008423478809718325,0.6609452293615714,-8.065513540519612e-05,0.7153266132666499
1776284505.1715114,7.823792934417725,0.027574865385153056,0.008479432887393556,0.6679274232796756,-7.824623381724277e-05,0.10054922616130542
1776284505.1833422,7.835623741149902,0.02777308943409993,0.00853429861788611,0.6748641314426804,-7.290890081559711e-05,0.5865835580530439
1776284505.198884,7.851165533065796,0.027915811057302814,0.008584339239654758,0.6817553544726674,-6.261029782413199e-05,0.44350628810468407
1776284505.2210042,7.87328577041626,0.028018803053423517,0.008634855906914339,0.6886010473767071,-5.119995490020521e-05,0.3095199144649988
1776284505.2294147,7.8816962242126465,0.02810921200842457,0.008689575871321527,0.6954008942808503,-3.707615221702373e-05,0.808597041028604
1776284505.2808504,7.93313193321228,0.028207954195727896,0.008753461419019977,0.7021520379362143,-1.9984524801954854e-05,0.1312739356041357
1776284505.2985587,7.95084023475647,0.028335044363763565,0.008831583662092229,0.7088526406753148,-3.1911553883091094e-06,0.37848142509963484
1776284505.3159776,7.96825909614563,0.02848515369641164,0.008917551736116065,0.7155018399385386,1.199337292338606e-05,0.3818532611722929
1776284505.3306713,7.982952833175659,0.02863937055015266,0.009009808894043668,0.7220966397047079,3.013937087751561e-05,0.4489836560581814
1776284505.4048514,8.057132959365845,0.02875427794722775,0.009104569326883891,0.7286378737010385,4.631703320503022e-05,0.08820326628972766
1776284505.4136658,8.06594729423523,0.028802711305331775,0.009201225084338942,0.7351228677647481,5.963275912762871e-05,0.7358348944352016
1776284505.4294536,8.081735134124756,0.02880389260742924,0.009304053022182339,0.7415527597361155,7.212137029262105e-05,0.40732071602781084
1776284505.4400413,8.092322826385498,0.028781059989689734,0.0094143352051205,0.7479266529945426,8.557434826054606e-05,0.6021036482660514
1776284505.5265467,8.178828239440918,0.028730859285014267,0.00953152931723954,0.7542406517872069,9.405138998756867e-05,0.07300451640600956
1776284505.5415573,8.193838834762573,0.028669911263149956,0.009649740333041232,0.7604929638592468,9.607998354983698e-05,0.41662081584441224
1776284505.551585,8.203866481781006,0.028612920901756923,0.009766449425053378,0.7666822748918427,0.00010182577802059556,0.6173605449895487
1776284505.5644526,8.216734170913696,0.028564518536746367,0.009884793441398587,0.7728077742684955,0.00011140122267836033,0.4761409447908848
1776284505.6119952,8.26427674293518,0.028529099386873577,0.010006275549738096,0.7788693694540281,0.00012217896036829752,0.12752603809303692
1776284505.6295927,8.281874179840088,0.02849019507382513,0.010130079652535377,0.7848697957341991,0.00013159285090921075,0.341062705076389
1776284505.6461978,8.298479318618774,0.028434656803658483,0.010259113786909557,0.7908094996165458,0.0001378221074122058,0.35780278316754605
1776284505.6612282,8.313509702682495,0.028362911813591088,0.010396471035661976,0.7966875372199056,0.0001464937418372549,0.39121288867578347
1776284505.750921,8.403202533721924,0.028292872171540178,0.010540763309786906,0.8025038534500213,0.00016044489771231086,0.06487171007403532
1776284505.7640333,8.416314840316772,0.02822301130281929,0.01069030569452956,0.8082553263046522,0.00017430466506926227,0.4388122498463731
1776284505.775052,8.42733359336853,0.028158001691475188,0.010844534791603704,0.8139416960216963,0.00018490869579437861,0.5162863997346837
1776284505.7860396,8.438321113586426,0.0281075223809402,0.01099285233573467,0.8195650119008177,0.0001946611653861355,0.5119897744836314
1776284505.840217,8.492498636245728,0.02807433920837054,0.011133007745847552,0.8251293066375773,0.00021087868927820695,0.1027392586200469
1776284505.861959,8.514240503311157,0.028064596765713833,0.011267569451475714,0.8306347040578638,0.00022096746776319396,0.2532924260606374
1776284505.8754823,8.527763843536377,0.028052092006317024,0.011401624180409011,0.8360798168722884,0.00022985535886888272,0.40276862026244253
1776284505.8850768,8.537358283996582,0.028029653824207874,0.011530952207679721,0.8414645727497718,0.00023884766458430752,0.561403812528286
1776284505.901167,8.55344843864441,0.02798374030242879,0.011654173270556909,0.846783732914565,0.0002484035732245551,0.3306857782816999
1776284505.9702797,8.62256121635437,0.02792649871786125,0.011771399537227651,0.852034526374083,0.000256005391144769,0.0759977236822046
1776284505.9718976,8.624179124832153,0.027864580148773646,0.011880122508772257,0.8572169811360404,0.00025759500621210847,3.2041150402227183
1776284505.9721813,8.624462842941284,0.02779907402767869,0.011980527928250183,0.8623332189748008,0.0002588647521221683,18.037770795476977
1776284505.989269,8.641550540924072,0.027748695335924955,0.012069159865513254,0.8673829601974354,0.0002584051811162216,0.2955793254407558
1776284506.054541,8.706822633743286,0.027712217736069595,0.012144769515049524,0.8723649755166122,0.0002573772243853054,0.07633771710501085
1776284506.0648053,8.717086791992188,0.02767466419207717,0.012213486039888638,0.8772807627334033,0.00025656786355690456,0.4789882215498434
1776284506.0881202,8.74040174484253,0.02762911174050545,0.012282223223945654,0.8821283674880586,0.0002549534119864097,0.20794835376447302
1776284506.1035373,8.755818843841553,0.02757636151358623,0.012352409777238355,0.8869084428294256,0.00025244159233976204,0.3101025435708011
1776284506.1562562,8.808537721633911,0.027504068136680812,0.012427254173413534,0.8916234148748199,0.00025226579182804356,0.08945790126548332
1776284506.1779413,8.830222845077515,0.027433236873425665,0.012511830475601107,0.896272646846122,0.0002517486026375181,0.21445765070542935
1776284506.1893454,8.8416268825531,0.02735598023549469,0.012603231682046755,0.9008559075062464,0.00025145294927380555,0.4020350610312661
1776284506.2083437,8.860625267028809,0.027270971773218158,0.0126986771449627,0.9053719213072763,0.0002512688956607576,0.23780033244001844
1776284506.250336,8.902617454528809,0.027191698478378736,0.012791992710488252,0.9098223675678478,0.00025417654111394776,0.1060228232467764
1776284506.260358,8.912639617919922,0.02712563847014419,0.012883872694550439,0.9142079485510266,0.00026133602511712234,0.43773390678619084
1776284506.291872,8.944153547286987,0.027064727337605583,0.012973164535088622,0.9185287084832853,0.0002669069498310761,0.1371492477095741
1776284506.3092802,8.961561679840088,0.02701709015366323,0.013059680177022102,0.9227848571544607,0.0002707081254413772,0.24455778963425914
1776284506.3845813,9.036862850189209,0.02697260168748215,0.013147687465254515,0.9269783681654752,0.0002719032412297533,0.05570524736909289
1776284506.391105,9.043386459350586,0.026935300486132317,0.013237839591193198,0.9311081743549499,0.0002722407123392224,0.6332320615695504
1776284506.4140308,9.066312313079834,0.026915378075486694,0.013323862976754511,0.9351761377034691,0.00027235281287686154,0.17748179049314627
1776284506.423794,9.076075553894043,0.026897137149571003,0.013403212681751247,0.9391819770294577,0.00026751697319855145,0.4103828582404072
1776284506.4463317,9.098613262176514,0.026855478556461507,0.01348069194107369,0.943126644122974,0.00026721124139935255,0.17506872482775568
1776284506.4660559,9.118337392807007,0.026797558363837144,0.013559961656556653,0.947011196610278,0.00027175322811269725,0.1970070556203568
1776284506.4939868,9.146268367767334,0.026744409427722774,0.013636125519388222,0.9508350324114572,0.0002707587081837534,0.13694343043046936
1776284506.4943442,9.146625757217407,0.026697626007308836,0.013709685836849802,0.9545981465864521,0.00026842912389515774,10.532274568564752
1776284506.5000534,9.152334928512573,0.026666689182443862,0.013780542836420398,0.9583002818436025,0.0002647174796513327,0.6485954480598648
1776284506.578322,9.230603456497192,0.026668475925795406,0.013845846480019195,0.961941203833486,0.00025511689226035046,0.04652582741204718
1776284506.5950055,9.247287034988403,0.026701222854924652,0.013904255080604774,0.9655218982037251,0.00024132023749143613,0.21466140747905552
1776284506.6151853,9.26746678352356,0.02675103916650343,0.013957875365823005,0.9690410848175317,0.00022620400292930245,0.17442970661086787
1776284506.6303217,9.28260326385498,0.02681196548839119,0.014008728287903225,0.9724959115697007,0.00021066111338107027,0.22830526251642685
1776284506.7002902,9.352571725845337,0.02686418043364578,0.014060940657761534,0.9758883807640942,0.00019699079611494843,0.0484971746646626
1776284506.717673,9.369954586029053,0.026886120617663076,0.014109771100082198,0.979218297774377,0.00018591546004926722,0.19158799276258337
1776284506.731358,9.383639574050903,0.02686224586065192,0.014151133015898222,0.9824857400226876,0.00017858374294492594,0.2387865627271139
1776284506.749428,9.40170955657959,0.026806309921060437,0.014184532672921121,0.985691385078316,0.00017439485220350045,0.177438301149563
1776284506.789163,9.441444635391235,0.02674294022430346,0.01421756181655816,0.988841217412883,0.00017280651465203227,0.0792912193930494
1776284506.8224187,9.474700212478638,0.026704616642475778,0.014245762377939215,0.9919394231335137,0.0001745071461927176,0.09317447893459249
1776284506.8236651,9.47594666481018,0.02670105463408559,0.014269101142852202,0.9949838063031385,0.0001769655185977936,2.4425119473235393
1776284506.8525178,9.504799365997314,0.026733146992501396,0.01429074686178586,0.9979699908269093,0.00017863142794779382,0.10350626764743515
1776284506.9024522,9.554733753204346,0.02677671564464016,0.014307957686779213,1.00090060295055,0.00018176395833368619,0.05869675514720085
1776284506.9075148,9.559796333312988,0.026776318321991968,0.01432419417600051,1.0037809488865546,0.00018232657264309992,0.5689572636319072
1776284506.9353743,9.587655782699585,0.02672524800424217,0.01434095973480583,1.0066133380627145,0.00018112076119848182,0.10168539695599134
1776284506.963084,9.615365505218506,0.026637581354144384,0.014359515787736577,1.0093940023909664,0.0001808173618210984,0.10040186471171081
1776284507.007406,9.659687519073486,0.02654500539813988,0.014379943027662807,1.0121236535055984,0.0003147995870239781,0.0616239351101935
1776284507.0088894,9.661170959472656,0.02647773112235835,0.014411160965320774,1.0147116479276346,0.0014839394321714365,1.7453056281964883
1776284507.0362716,9.688553094863892,0.026438069933696295,0.014459719692555419,1.0170203571552556,0.003677459478458536,0.08434551836577428
1776284507.0513318,9.70361328125,0.026430233768766465,0.01452517105759022,1.0190000522452176,0.0067499605357781035,0.1315250820122058
1776284507.0792108,9.731492280960083,0.02646807478084781,0.014599541273036042,1.0206430138503897,0.010586165835019494,0.05900782874249589
1776284507.1021435,9.754425048828125,0.026562883411564004,0.014675747897284363,1.021951848735707,0.015141134643360497,0.05731864306678208
1776284507.1142116,9.766493082046509,0.026731774626995577,0.014742920669287084,1.0229395995492112,0.020322642416340558,0.08322272850795912
1776284507.1211188,9.77340030670166,0.026984846472120946,0.014794089482260735,1.02362074287395,0.026074097780547735,0.10546009509826786
1776284507.1432252,9.795506715774536,0.027301181020204165,0.014839223607502661,1.0240056233908328,0.0323596960188602,0.02262862275593885
1776284507.203615,9.855896472930908,0.02765445428476559,0.01488963030827711,1.0241142410155972,0.03918035852491541,0.006176802128909119
1776284507.2389352,9.89121675491333,0.028011727361236357,0.014958894207046275,1.023971624986484,0.04652029704479255,0.011066501012530549
1776284507.2394078,9.89168930053711,0.028334033017699937,0.01506216461057467,1.02360400756133,0.054376109552871255,1.0574390309368158
1776284507.2568238,9.90910530090332,0.028590705126321794,0.015206061674884773,1.023034333733923,0.06272509667950757,0.03681572396373871
1776284507.3103662,9.962647676467896,0.028763033430994074,0.015387452054742339,1.0222831950390168,0.07154928257888946,0.014786654486939804
1776284507.3164268,9.968708276748657,0.028869913583599492,0.015587019045899977,1.0213752362411985,0.0808239951310872,0.15439990822851551
1776284507.3363416,9.988623142242432,0.028906615220116862,0.015791388996550255,1.0203294740980162,0.0905390504250344,0.05353672122365099
1776284507.3627014,10.01498293876648,0.0288736783070287,0.015986755516642664,1.0191645879155857,0.10067554765853225,0.04482638780390138
1776284507.4183688,10.070650339126587,0.028766944975726086,0.016152601030203464,1.0178904212996058,0.11120920225904501,0.02316148882350138
1776284507.4303362,10.08261775970459,0.028596091224388772,0.016265757503840926,1.0165218260855482,0.12212999379856243,0.11563500048059794
1776284507.469216,10.121497631072998,0.02835359616068695,0.01631270264408057,1.0150721368411422,0.133414046815968,0.03782369417396695
1776284507.490247,10.142528533935547,0.028015215501571794,0.016279505798663052,1.0135450493497853,0.14506470894965612,0.07438960948074856
1776284507.522275,10.174556493759155,0.027568722890601655,0.016149677971354703,1.0119443685470588,0.15709177665984253,0.05204359931071595
1776284507.5622034,10.214484930038452,0.027026124483309634,0.015905838368690573,1.0102811392609978,0.16947543397802023,0.044239385307423454
1776284507.5625865,10.214868068695068,0.02639019932424081,0.015537146708779506,1.0085663489377221,0.1822182428733546,4.869519069057295
1776284507.5636768,10.2159583568573,0.025679720723633895,0.015037052824377388,1.006817752438931,0.1953006830273491,1.7908596344353656
1776284507.5982287,10.250510215759277,0.02492150375435042,0.0144017433586979,1.005056593448951,0.20868938153562291,0.0584613562805334
1776284507.6333954,10.285676956176758,0.024130774053646036,0.01363796043434864,1.0032970889972268,0.22235100243209677,0.05899672652466481
1776284507.6430824,10.295363903045654,0.023296707736778603,0.012748861059628774,1.0015440720668085,0.23628320980673867,0.2204240413289334
1776284507.678778,10.331059455871582,0.02244445613381796,0.011749244556902268,0.9998044620366112,0.2504474339143845,0.0610682360621899
1776284507.711055,10.363336563110352,0.021598939706549667,0.010654932268775664,0.998083822096376,0.26480374093942405,0.06839186658151344
1776284507.727099,10.379380464553833,0.020735557213571804,0.009472382421973157,0.9963823525103743,0.27935481879326796,0.1399122772484024
1776284507.7405486,10.39283013343811,0.019852180741779864,0.008216477901429058,0.994702739562503,0.29408833815134316,0.1692002002015576
1776284507.775168,10.427449464797974,0.018957143378982005,0.006909726293927557,0.9930466428637046,0.3089926000613634,0.06619370966758721
1776284507.7936938,10.445975303649902,0.0180465035219434,0.005567869308345638,0.9914130591462743,0.3240535681776493,0.12424993335476921
1776284507.8248405,10.477122068405151,0.017117211042501232,0.004202288829116238,0.9898016591795479,0.33925988576404165,0.0740878587421483
1776284507.8401005,10.492382049560547,0.016167344320189035,0.0028214223007128254,0.9882111929088577,0.35460212462063956,0.1514121036510745
1776284507.87247,10.524751424789429,0.015202436444763524,0.0014382002475309377,0.9866413493058133,0.37006989036951593,0.07118069174569605
1776284507.8749924,10.527273893356323,0.014222605687218726,5.807125714887463e-05,0.9850921557537394,0.38565327552529255,0.9096329993475727
1776284507.9192276,10.57150912284851,0.013219105722970775,-0.001320682996498505,0.9835627091021599,0.40134049464300636,0.0517839054743069
1776284507.9403622,10.592643737792969,0.01220813547402632,-0.002689978334681581,0.9820547674698483,0.4171277597313387,0.10759436036827907
1776284507.9477935,10.600075006484985,0.011223275319953993,-0.004024564020699194,0.9805718126106686,0.4330227101388631,0.29939837813153775
1776284507.9601564,10.612437963485718,0.010267765490979764,-0.005302548241137531,0.979112051474688,0.44902838026199576,0.17493152050688596
1776284508.0234573,10.67573881149292,0.009334528151864549,-0.006516929549318718,0.977672792832642,0.46514193097292916,0.033201678358555024
1776284508.080241,10.73252248764038,0.009334528151864549,-0.006516929549318718,0.977672792832642,0.46514193097292916,0.0
1776284508.0811305,10.733412027359009,0.008402993600799939,-0.007676809482419367,0.9762573460240306,0.48135026515525003,2.3084166431081363
1776284508.0814664,10.733747959136963,0.007457737223377488,-0.008786542766662799,0.9748651771366766,0.49764045426912223,6.000403214587529
1776284508.0817633,10.734044790267944,0.006498684149563228,-0.009839476134810593,0.973496048395605,0.5140069030219195,6.655610232364741
1776284508.1656613,10.81794285774231,0.005512267407597381,-0.0108352622896117,0.9721503076583461,0.5304423604603609,0.023160212375281004
1776284508.1793141,10.831595659255981,0.004494030254380974,-0.011773058368312918,0.9708313976706965,0.5469371425210944,0.1400454357225354
1776284508.20293,10.85521149635315,0.0034339207544887493,-0.012655924550473109,0.969539717616665,0.563482427618215,0.08002680764454537
1776284508.2135873,10.86586880683899,0.0023404890973981766,-0.01347993494973617,0.9682729235936975,0.5800682436740341,0.17502562181310477
1776284508.2721395,10.924421072006226,0.0012149441769348317,-0.014240986269483603,0.9670331769247167,0.5966962312702605,0.031412950372787955
1776284508.2959852,10.948266744613647,8.412016571744148e-05,-0.01492476545392195,0.9658215537141892,0.6133907189160398,0.07518597761857367
1776284508.311981,10.96426248550415,-0.001024028323630602,-0.015506905028442361,0.9646349297124422,0.6301783511397095,0.10782908469878923
1776284508.3143697,10.966651201248169,-0.0021117777715018334,-0.015984410365440748,0.9634713781424916,0.6470550318120856,0.6961262349365268
1776284508.369122,11.021403551101685,-0.003205848566421552,-0.01637218016173024,0.9623318641750264,0.6639946397363833,0.029708430975592375
1776284508.3825371,11.034818649291992,-0.004314745008354952,-0.016670333136389066,0.9612118207607444,0.6809882894518204,0.11957206535288778
1776284508.4042053,11.05648684501648,-0.005445237506076593,-0.016887245300761806,0.9601110799206602,0.6980243900674244,0.07350406201565744
1776284508.4251566,11.077438116073608,-0.0066049668407916935,-0.017035287969575444,0.9590337467151953,0.7150872624656383,0.07588191191819028
1776284508.4352086,11.08749008178711,-0.007792340685572053,-0.017115211193118332,0.9579768714703462,0.7321760596231899,0.15833841121957148
1776284508.516596,11.168877601623535,-0.008989300193867372,-0.017115728017762535,0.9569386439788519,0.7493076554733901,0.01946854191549941
1776284508.5267653,11.179046869277954,-0.010188888451099679,-0.017033940140533516,0.9559166288252191,0.7664898082794488,0.15517753561437556
1776284508.5550222,11.207303762435913,-0.011409639707864653,-0.016878280322284743,0.9549129860627316,0.7837019800755827,0.05619888166801831
1776284508.5802174,11.23249888420105,-0.01267481084756415,-0.01667076030022733,0.9539290549382042,0.8009272828423196,0.06414415298484089
1776284508.6482134,11.300494909286499,-0.013993862518708983,-0.016432384197716303,0.9529640095203299,0.8181464380164988,0.02429077074330752
1776284508.6681962,11.320477724075317,-0.015362294797137159,-0.016163998406785826,0.9520177447959542,0.8353615526465844,0.0843347756562683
1776284508.6765718,11.328853368759155,-0.01676576050612441,-0.015854459894442487,0.9510914837222012,0.8525804445677713,0.2041420803192448
1776284508.6970282,11.34930968284607,-0.01819062536097157,-0.015485618748564328,0.9501845979941479,0.8698178146359719,0.08451146335251028
1776284508.7266767,11.378958225250244,-0.019634378898691043,-0.015053032833896269,0.9492934082985636,0.8870783886555584,0.05905636551515063
1776284508.7450974,11.397378921508789,-0.02109010927359887,-0.0145477432868856,0.9484184671107126,0.9043669923767106,0.0961962467927327
1776284508.753218,11.405499458312988,-0.022547006356317206,-0.01395158960169828,0.9475592352603246,0.9216952645146834,0.22084555110652018
1776284508.764899,11.41718053817749,-0.024001981532687258,-0.013266697521230067,0.9467159364964141,0.93906460940105,0.1554492084779591
1776284508.8435965,11.495877981185913,-0.025453050473474424,-0.01248838950688783,0.9458899227447364,0.9564762102573873,0.023408508599975317
1776284508.8640497,11.516331195831299,-0.026906268713602886,-0.01162711262275776,0.9450853045203258,0.9739148737082486,0.09148242756703748
1776284508.8821611,11.534442663192749,-0.02837249543444781,-0.010703511631808408,0.944304560179284,0.9913635008404913,0.10494108748982707
1776284508.8942726,11.54655408859253,-0.02985781119853062,-0.00972841345804628,0.9435488236353425,1.0088185534376644,0.15942246265362842
1776284508.972393,11.624674558639526,-0.0313781287415264,-0.008728701177119443,0.9428195799522114,1.0262565409611484,0.025092675733305942
1776284508.9830284,11.635309934616089,-0.03294118426027215,-0.007715723755786768,0.942115812538366,1.0436768831410181,0.18721659504124513
1776284508.999627,11.65190863609314,-0.03452828065862738,-0.006664612159920971,0.9414346782625459,1.0611001360386518,0.12180439930013862
1776284509.0057385,11.65802001953125,-0.036137565167753224,-0.005579142419913847,0.9407740449121756,1.078519105098437,0.3355185136521418
1776284509.0711987,11.723480224609375,-0.03776144836503691,-0.0044549364631210064,0.940134570147683,1.0959425054748029,0.03171387902189471
1776284509.0915906,11.743872165679932,-0.03937920995852322,-0.00325743864274109,0.9395137199009452,1.1133695491795936,0.10329207276311919
1776284509.1026669,11.754948377609253,-0.04098917072297231,-0.0019835772825351583,0.9389082203421033,1.1307919772254171,0.1932432568372238
1776284509.1261356,11.778417110443115,-0.04259268629162868,-0.0006315320566159426,0.9383147500979702,1.1482086749045886,0.09288070766632679
1776284509.1364872,11.788768768310547,-0.04418772720836399,0.0008043966026472942,0.9377332714247113,1.1656253135137509,0.21480111341841307
1776284509.1826537,11.834935188293457,-0.04578666831739902,0.0023090793025031552,0.9371648563821819,1.1830333608072223,0.04912639833549618
1776284509.1978407,11.850122213363647,-0.04740151316058711,0.0038460001216032986,0.9366140693555365,1.2004019003767818,0.1512046207811725
1776284509.2374752,11.889756679534912,-0.04903654270295401,0.005400577462157399,0.9360849562383267,1.2176379275050135,0.05846740878302634
1776284509.2631795,11.91546106338501,-0.05069402184408195,0.006968083662346527,0.9355807130804524,1.2347395030949682,0.09089341090435764
1776284509.3084564,11.960737943649292,-0.05237586425518418,0.008538974300532123,0.9351003768741739,1.2517061542575614,0.05192407803952742
1776284509.31739,11.969671487808228,-0.054085848606237205,0.010114701738406482,0.9346413643789737,1.2685416076921736,0.2653100972206814
1776284509.341037,11.993318557739258,-0.05581560028470119,0.011729450665585056,0.9342010398256297,1.2852470536974006,0.10178580092508142
1776284509.3641748,12.016456365585327,-0.0575537914032904,0.013405195341457784,0.9337764999697054,1.3018284777875975,0.1059504578150793
1776284509.4231436,12.075425148010254,-0.05930281744146455,0.015133617942343885,0.9333649089334016,1.3182959637447256,0.04227965007448843
1776284509.452943,12.105224609375,-0.06106284800778708,0.016903345053206047,0.9329676532761078,1.3346498168497454,0.08481164139827171
1776284509.4534416,12.105723142623901,-0.06282721984559139,0.018705359670229696,0.9325868229483707,1.350868356215018,5.116104613908594
1776284509.4542599,12.106541395187378,-0.06459098218666785,0.02055953238347518,0.9322219379302772,1.36697100056515,3.159107486160343
1776284509.5250063,12.177287817001343,-0.06635387264628097,0.022470104985812693,0.931873919824024,1.3829511477281542,0.03707354194807968
1776284509.5342605,12.18654203414917,-0.06811866301383626,0.024418485254194662,0.9315424434761735,1.398789320870223,0.2863161188545278
1776284509.5612724,12.21355390548706,-0.06988249313516207,0.026396722073339644,0.9312295674082395,1.4144933870645633,0.09880041833669526
1776284509.578964,12.231245517730713,-0.07164619671911428,0.02840179418968523,0.9309326930741271,1.4300706723085828,0.15187073104575288
1776284509.6134403,12.265721797943115,-0.07342035427516774,0.03039513237370771,0.9306552041346096,1.445500501709133,0.07781915174511445
1776284509.623626,12.275907516479492,-0.07520191667321921,0.03236811557587333,0.9303972833116269,1.460778642599772,0.26220986132262375
1776284509.659058,12.311339616775513,-0.07699083312469686,0.03431767539951002,0.9301562541205343,1.4758968509023438,0.07498558610967025
1776284509.7020671,12.35434865951538,-0.07878459335645181,0.03625720940316385,0.9299312692046359,1.490870683111021,0.06164778225079671
1776284509.7339284,12.386209964752197,-0.08057853665883605,0.03822006432273017,0.9297205629548808,1.5057074907250347,0.08372149705491193
1776284509.7499278,12.402209281921387,-0.08236971553129556,0.0402309997231464,0.9295237169064176,1.5203800222446748,0.1687679811426388
1776284509.7584183,12.410699844360352,-0.08415665228720674,0.04230748045568059,0.9293409847025565,1.534876791397278,0.3233705227656093
1776284509.7752416,12.427523136138916,-0.08593986105609852,0.044441625987362524,0.9291697822942224,1.5492043664767345,0.16562427138567376
1776284509.7899861,12.442267656326294,-0.08771609101620302,0.04660626626654697,0.9290100830943826,1.563347080264799,0.19021767132194534
1776284509.8685002,12.520781755447388,-0.08948756625212868,0.048762702890344796,0.9288631110747175,1.5773024244758984,0.03559396044904579
1776284509.8803587,12.532640218734741,-0.09125407543544532,0.0508886904582001,0.9287276354352282,1.5910852097614745,0.23337267713659096
1776284509.886621,12.538902521133423,-0.0930136862525791,0.0529666606558674,0.9286070414936709,1.6047050594624752,0.4352345337832876
1776284509.8972838,12.549565315246582,-0.09476531519397176,0.05498628047733374,0.9284997889012626,1.6181684514526864,0.25092397202563216
1776284509.967236,12.61951756477356,-0.09650359981402748,0.056961176549507095,0.9284020862858537,1.6314671408443095,0.03763644536691056
1776284509.973766,12.626047611236572,-0.09822667622084594,0.05893323347325533,0.9283160346921301,1.6446119632698815,0.4012516501343843
1776284509.9943805,12.64666199684143,-0.09993815315731995,0.060946152051810344,0.9282447184000608,1.6576011306855256,0.12821723230293952
1776284510.0112865,12.663568019866943,-0.1016433193807262,0.06303144790771074,0.9281863759866059,1.6704210992119837,0.15937145494414548
1776284510.0632057,12.715487241744995,-0.103345913535618,0.06520922073036621,0.9281378458435988,1.6830628867749708,0.05325110888000827
1776284510.0791948,12.731476306915283,-0.10504442198632037,0.06746534431380534,0.9280981452950074,1.6955340896551343,0.17663869758311623
1776284510.0891452,12.741426706314087,-0.10673491881649216,0.06974804704654702,0.9280708232894338,1.7078274780489637,0.2854803903261599
1776284510.109152,12.761433601379395,-0.10840944326471426,0.07199517290386344,0.928059387076839,1.7199637643761159,0.14007431178689428
1776284510.1840072,12.836288690567017,-0.1100626176319227,0.07417916172640475,0.9280596244850838,1.7319557243530173,0.036592336589201635
1776284510.1993425,12.851624011993408,-0.1116877693063953,0.07628557323933603,0.928070671136895,1.743790625385833,0.17348775287717466
1776284510.22018,12.872461557388306,-0.11328662831575084,0.07834732460325795,0.9280940489716303,1.7554765608184066,0.12521435910373027
1776284510.2239385,12.876219987869263,-0.11487038202939744,0.0804204349665538,0.9281322411016661,1.7670150266310165,0.6942053793132824
1776284510.295516,12.947797536849976,-0.11644335596205499,0.08253031982253062,0.928181832857241,1.778411195952338,0.03677368572164971
1776284510.343298,12.995579481124878,-0.11800929742673628,0.08470761703890503,0.9282448653278609,1.7896606631952603,0.05614420827988617
1776284510.3436906,12.995972156524658,-0.11957302500354569,0.08695851363307201,0.9283184878845051,1.8007630660704375,6.9822331898010965
1776284510.3438988,12.996180295944214,-0.12112878052183407,0.08925803804748486,0.9284000216845678,1.8117311485190708,13.34470558654319
1776284510.3882124,13.040493965148926,-0.12266413813520141,0.09156121776606406,0.9284915590490077,1.822576349757845,0.062498495832136076
1776284510.4030263,13.055307865142822,-0.12417358403774775,0.09383749867748344,0.928590498105542,1.833288200389311,0.18449360560767727
1776284510.4115422,13.063823699951172,-0.12565230790935134,0.09607688079011453,0.9286937876729793,1.8438656485069278,0.3153583992142013
1776284510.441144,13.093425512313843,-0.12709892157486402,0.09826336054674742,0.9287985425562936,1.8543223821735022,0.08863667061880186
1776284510.4529276,13.105209112167358,-0.1285185350924351,0.10040542213782816,0.928903491839094,1.8646624818859139,0.21826221528599243
1776284510.5100691,13.16235065460205,-0.12991802480955725,0.10251755778518597,0.9290080162101075,1.8748834866337767,0.04437866718811151
1776284510.5331757,13.185457229614258,-0.1313009776347351,0.10461192935246695,0.9291134125976538,1.8849632384631108,0.10871291461669762
1776284510.54626,13.198541641235352,-0.13267670322432432,0.10671011347570457,0.9292223420765874,1.8949034150431787,0.19193426126005655
1776284510.5711803,13.223461866378784,-0.13404515450919666,0.10881341237116476,0.9293352111184179,1.904704061944178,0.10079463312686496
1776284510.6311305,13.283411979675293,-0.13539943036150598,0.11090147997105425,0.9294503650082382,1.9143469772404949,0.041558809844741196
1776284510.6402767,13.292558193206787,-0.13673601508436972,0.11297152629608848,0.9295675594491394,1.9238257514663897,0.26971129030903684
1776284510.6703155,13.322597026824951,-0.13805436779915473,0.11501867043305725,0.9296874924310168,1.9331583393517509,0.0811574618295385
1776284510.6708019,13.323083400726318,-0.13935245703617397,0.11703154854877348,0.9298127663307362,1.942354845558768,4.931222062368108
1776284510.7126544,13.364935874938965,-0.14063544036180115,0.11902902619108614,0.9299479685384204,1.9514207434689546,0.05681540262606803
1776284510.7225034,13.37478494644165,-0.1419177112248715,0.12104576504340861,0.9300935616639616,1.9603591266720892,0.2430986129818349
1776284510.7340348,13.386316299438477,-0.1431936106371363,0.12306736335680987,0.9302498471535835,1.969162502513261,0.20775217148285438
1776284510.7559152,13.408196687698364,-0.14445125828711206,0.12507052478808975,0.9304135812397668,1.9778397757065271,0.10835707200781645
1776284510.830219,13.482500553131104,-0.14568299916034366,0.1270551939279869,0.930579505036977,1.9863364890404742,0.03151538237068366
1776284510.8462186,13.498500108718872,-0.14684434684917413,0.1289923292328922,0.9307472558238489,1.994240822673186,0.1415545241424594
1776284510.8598437,13.512125253677368,-0.14787214743756277,0.130851361482266,0.930910769080287,2.0015704572107254,0.15636670903603647
1776284510.866472,13.51875352859497,-0.14875029099201226,0.13262964353672868,0.9310652651855126,2.0083711377286906,0.30012249427803944
1776284510.957708,13.609989404678345,-0.14949785564504448,0.13434637783743206,0.9312125080237572,2.014659493108057,0.020586418289649182
1776284510.9648678,13.617149353027344,-0.15015900162683116,0.1360341624261878,0.9313636918293704,2.0204372134727553,0.25404544614521335
1776284510.9850662,13.63734769821167,-0.15078603990467762,0.1377264791421625,0.9315355050720692,2.0257059833338897,0.0897552360385244
1776284511.02414,13.676421403884888,-0.1514302202612819,0.13945353441752695,0.9317452257667675,2.030477669414472,0.04747883751497996
1776284511.094014,13.74629545211792,-0.15213546592165966,0.14123838900544008,0.9320084504277263,2.0347842770358255,0.027722769090625377
1776284511.1002316,13.75251317024231,-0.15292947066071733,0.1430937526347847,0.9323390522509603,2.038655552376749,0.32890234557752046
1776284511.1169946,13.769276142120361,-0.15382330724551782,0.14502218922406448,0.9327481552710793,2.0421254860873836,0.1291254879336922
1776284511.1398056,13.792087078094482,-0.15481859540173643,0.14701721897933406,0.933250444805104,2.045221334248182,0.10018863190159376
1776284511.1511178,13.803399324417114,-0.1559127668665825,0.14906781630271787,0.9338626888766922,2.0479542658277357,0.21247236772949857
1776284511.210785,13.86306643486023,-0.15710364229357976,0.1511653045300758,0.9345972043192889,2.05032287778572,0.0422567763172686
1776284511.2332673,13.885548830032349,-0.15839238276197332,0.15330433621997133,0.9354642737832468,2.0523384962410596,0.11758110530871772
1776284511.2336729,13.8859543800354,-0.15978308756334883,0.15547873369362547,0.9364756150371163,2.054011956661308,6.835558505374648
1776284511.243885,13.896166563034058,-0.16128177270384295,0.1576809808662841,0.9376447131734945,2.055354397144142,0.28486357215621877
1776284511.3122392,13.964520692825317,-0.16289924790030352,0.15990452241537642,0.9389827235840802,2.056379682045343,0.04473586005065851
1776284511.33259,13.984871625900269,-0.1646490650816982,0.16214214317391967,0.9404970685887095,2.0571019117087537,0.15817522679032223
1776284511.3413665,13.993648052215576,-0.16654331261220226,0.16438263507652895,0.9421934632100422,2.0575264156739173,0.38615497603173016
1776284511.3576007,14.00988221168518,-0.16859416901835728,0.1666146117811369,0.9440756479025061,2.0576551068034976,0.21978112148626788
1776284511.4403825,14.092664003372192,-0.17081645443193022,0.16882932150385666,0.9461468044355514,2.05749726284719,0.0454135172051387
1776284511.4681268,14.120408296585083,-0.17322560772385934,0.1710191805106792,0.9484120353187332,2.057061155074261,0.1429556638229557
1776284511.503709,14.155990600585938,-0.17583535801912095,0.17317888119523495,0.9508758310076483,2.0563545147932794,0.11771924892301547
1776284511.5041223,14.15640377998352,-0.1786580713518757,0.17530345530409422,0.9535434925984831,2.055381815606917,10.714368988347905
1776284511.5803223,14.232603788375854,-0.18170496711771458,0.1773893455156088,0.9564202003119202,2.054147033383461,0.06142791346088859
1776284511.596976,14.249257564544678,-0.1849871285472123,0.1794363781197684,0.9595123887211926,2.0526632885085694,0.29736362827206103
1776284511.6134121,14.265693664550781,-0.18851484018496129,0.18144680891084786,0.9628280043890938,2.050943336930768,0.31893979371880005
1776284511.633371,14.28565263748169,-0.19229634834396198,0.18342430195274126,0.9663752051830612,2.049000147127175,0.27802715816261714
1776284511.7021286,14.354410171508789,-0.19633815149510955,0.1853733563005653,0.9701636156904168,2.046848817462329,0.08540979240648609
1776284511.7028766,14.35515809059143,-0.2006444161216739,0.1872991830507768,0.9742033885011785,2.0444975308317526,8.303940192526653
1776284511.7231154,14.375396966934204,-0.20521700143726498,0.18920961078215467,0.9785041013538445,2.041957652971102,0.32420699583931695
1776284511.7475998,14.399881362915039,-0.2100563589836423,0.19111650233205618,0.9830743610491947,2.0392567229181506,0.28279564208521735
1776284511.7999263,14.452207803726196,-0.21515925907439035,0.1930331703062765,0.9879201076810316,2.0364129782703975,0.13938371344885067
1776284511.8141732,14.46645474433899,-0.2205206141433791,0.19497557126287504,0.9930452281496562,2.033456049645296,0.5381552964653138
1776284511.833493,14.485774517059326,-0.22613426119054225,0.19695948769103153,0.9984527538139201,2.0304094266238226,0.41631066870821204
1776284511.8461173,14.498398780822754,-0.23199152651864602,0.19899843449808532,1.004144789311415,2.027289386762043,0.6668177747160872
1776284511.8558578,14.508139371871948,-0.2380812417411398,0.20110304674094695,1.0101229739098796,2.024099820524395,0.9023428184797703
1776284511.9409604,14.593241930007935,-0.24439215624582342,0.2032815875282204,1.0163885822962402,2.0208444647335675,0.10758731819447201
1776284511.947281,14.599562406539917,-0.2509128479657998,0.20553940077644636,1.022943079433305,2.0175211681475544,1.5057848254119002
1776284511.962174,14.614455461502075,-0.2576322951285534,0.20788079691955053,1.0297877134006144,2.0141321966422825,0.6629468188164007
1776284511.9787872,14.631068706512451,-0.26454147680160006,0.21031057706111944,1.0369246432220127,2.010688507584359,0.6155486076399788
1776284512.0545223,14.706803798675537,-0.27163281451018007,0.21283303184488275,1.0443548787313564,2.007187396107029,0.13964868446317893
1776284512.0743997,14.726681232452393,-0.2788997338072663,0.21545237176688847,1.0520782349550495,2.003633580133851,0.5495345638551076
1776284512.092399,14.744680404663086,-0.2863366212203961,0.2181734117082466,1.0600950971882792,2.0000361216863722,0.6260623389992349
1776284512.1121414,14.76442289352417,-0.2939393461322364,0.22100124474012994,1.068405292505859,1.9963985267011477,0.5882142057610638
1776284512.1604908,14.812772274017334,-0.3017040431273771,0.2239401013021114,1.0770086316517082,1.9927289178989136,0.24728247016896684
1776284512.179318,14.831599473953247,-0.3096269961775947,0.2269933499682754,1.0859053742813287,1.9890338126829163,0.6532184276235422
1776284512.1964307,14.84871220588684,-0.3177042593136362,0.23016337072914841,1.0950955438238092,1.9853130207077359,0.7385870137450454
1776284512.1976635,14.849945068359375,-0.3259322858343045,0.2334518559754578,1.10457862796022,1.981568366242284,10.527188958060222
1776284512.2891016,14.941383123397827,-0.33430759090804046,0.23685989854936015,1.1143542960840827,1.9778011030766434,0.14563206114591198
1776284512.299258,14.951539516448975,-0.34282711831297447,0.24038852184856752,1.1244225656494047,1.9740119259848488,1.3442734670977339
1776284512.3323395,14.984621047973633,-0.35148865781884,0.2440387236800856,1.134783303876108,1.9702052589954797,0.4228632766178172
1776284512.3335543,14.985835790634155,-0.36029046680685367,0.2478113220650198,1.1454370960809634,1.96638617553117,11.792678722308207
1776284512.406165,15.058446407318115,-0.36923117049064297,0.2517076635860023,1.1563836951262185,1.9625534596069991,0.2019129833167232
1776284512.4296262,15.081907749176025,-0.36923117049064297,0.2517076635860023,1.1563836951262185,1.9625534596069991,0.0
1776284512.4314709,15.083752393722534,-0.37830916109144735,0.2557289825621665,1.167622478511477,1.9587101248304708,8.129681123405483
1776284512.4579275,15.110208988189697,-0.3875231514653561,0.2598761499284681,1.1791534999694369,1.9548599044803041,0.5795039699308245
1776284512.4582956,15.11057710647583,-0.39687243621456403,0.2641503044958331,1.1909767790491714,1.9510027717129366,42.56077865339634
1776284512.53538,15.187661409378052,-0.40635638860832585,0.26855276206856743,1.2030925359224425,1.9471455933612576,0.20761301154070597
1776284512.5642445,15.21652603149414,-0.40635638860832585,0.26855276206856743,1.2030925359224425,1.9471455933612576,0.0
1776284512.5649626,15.217244148254395,-0.4159739309861843,0.27308401098225105,1.2155013350015273,1.9432890368153821,22.754472667546526
1776284512.5651975,15.21747899055481,-0.4257238117225498,0.2777441213830224,1.2282026331427924,1.9394358858507799,71.01073290388996
1776284512.5870817,15.239363193511963,-0.4356052249071475,0.28253316488461416,1.241196999403598,1.9355949283975753,0.7773948383185968
1776284512.6029112,15.255192756652832,-0.44561797811533743,0.28745194888607917,1.2544846974744681,1.9317662944982725,1.0960324076787682
1776284512.6611946,15.313476085662842,-0.4557613273491686,0.29250077218039755,1.2680652350652688,1.9279508608379778,0.30345575306049155
1776284512.6727061,15.324987649917603,-0.4660345268615544,0.29767974696845023,1.2819381936623973,1.9241502719355352,1.5656209716978957
1776284512.7139974,15.366278886795044,-0.4764370131146832,0.3029890063753507,1.2961036104111223,1.920365455929585,0.44462621350000764
1776284512.7143743,15.366655826568604,-0.4869680402035134,0.308428163708701,1.3105615486125177,1.9166036781780855,49.59791187861793
1776284512.8003142,15.452595710754395,-0.49762697130771677,0.313996839430344,1.3253129716489276,1.9128682974885751,0.2214603138714443
1776284512.8192282,15.4715096950531,-0.5084133253537948,0.3196952154048537,1.340357612342149,1.9091582408465722,1.0240570705388412
1776284512.848564,15.500845432281494,-0.5193265829501035,0.32552389524202063,1.3556947585393293,1.9054721222331137,0.6717181911503343
1776284512.8594372,15.51171875,-0.5303665757021147,0.3314834807307553,1.3713238959186997,1.9018146105531029,1.8431961609921657
1776284512.9158366,15.56811809539795,-0.5415329851497411,0.33757392350866683,1.3872451110003066,1.898184629186211,0.3613181640224336
1776284512.931971,15.58425259590149,-0.5528254141923246,0.3437951618273321,1.4034581826766759,1.8945823442142138,1.2838576604591734
1776284512.9473436,15.59962511062622,-0.5642435285091068,0.35014710715242686,1.4199635788668576,1.8910125317593336,1.3693983375658938
1776284512.967177,15.619458436965942,-0.5757869398544676,0.3566293705668403,1.4367612183795944,1.8874713729348256,1.0783683508965503
1776284513.064582,15.716863632202148,-0.5874555037085472,0.36324184245957253,1.4538509790840182,1.8839599079234017,0.22302898779285052
1776284513.0886748,15.74095630645752,-0.5992490812992141,0.3699843583109339,1.4712331126225227,1.880484562563199,0.9156733185005138
1776284513.0990875,15.751368999481201,-0.6111672280955786,0.3768565182505177,1.4889079871712572,1.877044359212734,2.15102767673653
1776284513.1194243,15.771705865859985,-0.6232097317530921,0.38385821747397336,1.5068755496975275,1.873636803916144,1.1179191722365154
1776284513.1971362,15.849417686462402,-0.6353762425244266,0.3909899073350236,1.5251355061210936,1.870260768436409,0.2968900439911804
1776284513.2046032,15.856884717941284,-0.6476666485532371,0.39825241061464256,1.5436881279368317,1.8669184903877887,3.135028039149351
1776284513.2271612,15.879442691802979,-0.6600807807507382,0.405645953660325,1.5625335978981165,1.8636123365105313,1.0527162205648632
1776284513.2405465,15.892827987670898,-0.6726181518558187,0.4131703194045372,1.5816718706790496,1.8603443955842192,1.7993439526269472
1776284513.3380735,15.990355014801025,-0.6852779333616147,0.42082457609439744,1.6011028860125651,1.8571090338171101,0.25041011454489315
1776284513.3493109,16.00159239768982,-0.698059658256814,0.4286082680116583,1.6208266910389333,1.853908257093796,2.2032328348083388
1776284513.3763335,16.02861499786377,-0.710962984574786,0.4365211487177583,1.640843161681878,1.8507428213860952,0.9286741755015195
1776284513.3767476,16.02902913093567,-0.7239878590935915,0.4445629603496375,1.661152104958566,1.8476120061321437,61.40948359902277
1776284513.4068537,16.05913519859314,-0.7371341129876993,0.4527336151687747,1.6817536044546928,1.8445146741037375,0.8559172192457775
1776284513.4674447,16.119726181030273,-0.7504019594925182,0.4610337276687408,1.702647368207745,1.841451018918805,0.43084157162723163
1776284513.4788482,16.1311297416687,-0.7637912941531821,0.46946393176646184,1.723833267615327,1.8384241821891774,2.3187587287233793
1776284513.5044136,16.156695127487183,-0.7773016874775857,0.47802358252676636,1.74531182180273,1.8354301921526457,1.0474796066802623
1776284513.509442,16.161723613739014,-0.7909327091869977,0.48671188442307534,1.767083322787165,1.8324678929053202,5.392522227827902
1776284513.5788612,16.23114275932312,-0.8046839640313427,0.4955280864951505,1.7891473558130804,1.8295386704225862,0.39546117625303523
1776284513.5965436,16.248825073242188,-0.818554905962046,0.5044714759081734,1.8115033706968753,1.8266450452862117,1.5715195828015631
1776284513.6094213,16.2617027759552,-0.8325448615969319,0.5135414788708504,1.8341487759772206,1.8237856659643161,2.183707366001108
1776284513.6340296,16.286311149597168,-0.8466533245291492,0.5227374651842881,1.857079094893443,1.8209592762227513,1.1561190445361127
1776284513.701119,16.353400468826294,-0.8608796877610693,0.5320588368183626,1.8802890506157675,1.8181667958427636,0.4289003368290865
1776284513.7084513,16.360732793807983,-0.8752233644810958,0.5415051122663499,1.9037726867190938,1.8154039799061585,3.967894023101603
1776284513.7226043,16.37488579750061,-0.8896838430950291,0.5510756490023146,1.9275243956242638,1.8126753882479658,2.0778794189629917
1776284513.7558005,16.408082008361816,-0.9042605880202097,0.5607700557411054,1.9515390051602348,1.8099814272764674,0.8952251690851007
1776284513.795889,16.44817042350769,-0.9189531412981401,0.5705889227137168,1.9758109707466762,1.8073189377231755,0.7489316742475265
1776284513.815602,16.467883586883545,-0.9337616554357684,0.5805362882427679,2.0003346157954565,1.8046949419082225,1.5383504482398866
1776284513.8274143,16.479695796966553,-0.9486851974643085,0.59060919171442,2.0251051280190335,1.8021060165304128,2.5924670560744265
1776284513.8280568,16.48033833503723,-0.9637227147776787,0.6008039122690623,2.050117852736634,1.799547442611311,48.112834128447275
1776284513.920848,16.573129415512085,-0.9788735523638952,0.611117713176262,2.075367681215489,1.7970149838074447,0.3362454674973261
1776284513.9466596,16.59894108772278,-0.9941374186586928,0.6215491961195454,2.100849714480999,1.794506098165872,1.2196925414272777
1776284513.9671173,16.619398832321167,-1.0095140997030967,0.6320978834191042,2.126557743143248,1.7920227033043514,1.552408476847133
1776284513.975255,16.62753653526306,-1.02500339802011,0.6427638458958003,2.152483679749845,1.7895650173312452,3.9358359552178075
1776284514.0498452,16.7021267414093,-1.0406058617344485,0.6535528525691581,2.178620661542418,1.787136953375554,0.43296866367634634
1776284514.1069791,16.759260654449463,-1.0406058617344485,0.6535528525691581,2.178620661542418,1.787136953375554,0.0
1776284514.1084602,16.760741710662842,-1.0563212799294364,0.6644663251864411,2.2049610954118704,1.7847450896509571,21.981647014172783
1776284514.1117978,16.764079332351685,-1.072148786367703,0.67550236516062,2.2314948312543748,1.7823869951191815,9.829655381496377
1776284514.1121216,16.764403104782104,-1.0880874648338574,0.6866576421420106,2.258213766745462,1.7800554977532117,102.08164003971535
1776284514.1131709,16.76545238494873,-1.1041365557193965,0.6979294700187254,2.285111722472835,1.7777469520572096,31.725128620166586
1776284514.1938818,16.846163272857666,-1.120295733531843,0.7093168465843557,2.3121826157310608,1.7754641454483184,0.4153158454972453
1776284514.2060528,16.85833430290222,-1.1365640757905813,0.7208210119350463,2.33941023867951,1.7732196169239534,2.7721085614205068
1776284514.2217383,16.874019861221313,-1.1529409251581595,0.732441455195767,2.3667715645386838,1.7710141705531957,2.163731010351693
1776284514.2463908,16.898672342300415,-1.169429642965976,0.7441910744030552,2.3942480823736196,1.7688643955415437,1.384464737642338
1776284514.320261,16.97254252433777,-1.1860314140141652,0.7560781111383464,2.421824538626737,1.7667817424054368,0.4645039517396205
1776284514.3324234,16.984704971313477,-1.2027432846370705,0.7680912775854222,2.4494894064115176,1.7647534030524108,2.835047992555726
1776284514.360014,17.012295484542847,-1.2195639637942368,0.7802273614561321,2.477231654134237,1.762776376527244,1.255463458325498
1776284514.3701215,17.02240300178528,-1.2364895784071075,0.7924717286389658,2.5050457150665952,1.7608376666399554,3.441535959070872
1776284514.4270244,17.07930588722229,-1.2535199700351576,0.8048098539235741,2.5329267129703976,1.7589157440367407,0.6137292802303782
1776284514.4361238,17.08840537071228,-1.2706567492506737,0.8172453652332322,2.560870859641838,1.7570158167146415,3.8529391076400414
1776284514.456055,17.108336448669434,-1.28790504429041,0.8297998109399253,2.588871059015276,1.7551670066129224,1.7661495078354952
1776284514.4895308,17.141812324523926,-1.3052634119230992,0.842484120231173,2.616919159184537,1.7533858187169717,1.0556792375555266
1776284514.5651855,17.217467069625854,-1.3227312378430205,0.8552839397977546,2.6450051584495835,1.7516644829385435,0.4687775500554366
1776284514.5871854,17.239466905593872,-1.3403045427750468,0.8681645326528207,2.6731193085664215,1.7499622100547516,1.6167735325213437
1776284514.6078022,17.26008367538452,-1.3579822962106842,0.8811221629760092,2.70124855276255,1.7482764447925514,1.7296748150419499
1776284514.6319935,17.28427505493164,-1.3757638830094372,0.8941623981873863,2.72938705573817,1.7466139798874487,1.4777675853454149
1776284514.6983447,17.350626230239868,-1.393646318516806,0.9072785879859145,2.757534612583018,1.7449656234126172,0.5400711190813466
1776284514.7135353,17.365816831588745,-1.41162942687862,0.9204954937152369,2.7856837494116764,1.7433647053775299,2.3648090386265963
1776284514.7280872,17.38036870956421,-1.4297078393914906,0.9338024961766608,2.813832152129516,1.7418010072816121,2.4741345360246503
1776284514.7583835,17.410665035247803,-1.4478740591182517,0.9471909791283663,2.841971848092362,1.7402693390919477,1.1906011459192425
1776284514.8262746,17.478556156158447,-1.466125365481793,0.960646231473847,2.8700883995949913,1.7387553391977733,0.5320365043792018
1776284514.8412688,17.493550300598145,-1.4844582182107804,0.9741715865646258,2.8981713582461435,1.7372689953613183,2.411733212757556
1776284514.857516,17.5097975730896,-1.5028701171972791,0.9877543164726343,2.9262150346425497,1.7357992896387116,2.227638086500819
1776284514.8632212,17.51550269126892,-1.521356710168014,1.0014013126379582,2.954210365839605,1.7343556659715438,6.348309752155638
1776284514.8802764,17.53255796432495,-1.5399125090832968,1.0151252344611865,2.982149050148745,1.7329505048097775,2.1247720584633325
1776284514.9792564,17.631537914276123,-1.5585307797332824,1.0289277879035956,3.010029892998147,1.7315827942076227,0.36629561883873707
1776284514.9796462,17.631927728652954,-1.577208039240623,1.0428049193768458,3.03784700412631,1.7302491448652362,93.03344783829235
1776284514.9798627,17.63214421272278,-1.5959374114577567,1.0567360489926614,3.065595320166388,1.7289275394773456,167.4980097420625
1776284514.9941456,17.646427154541016,-1.6147072557673665,1.070668708763795,3.0932746217191487,1.7275922337604683,2.53655063639957
1776284515.0767863,17.7290678024292,-1.6335029772868195,1.0845800613572165,3.120877137259542,1.7262257170101205,0.4377508105211753
1776284515.089398,17.741679430007935,-1.6523149691292645,1.0984855817352264,3.1484003896270973,1.7248449103925945,2.86416587599888
1776284515.1110063,17.763287782669067,-1.6711444560076465,1.112411795804431,3.1758424416536455,1.7234712877876386,1.6695892596102362
1776284515.1273823,17.779663801193237,-1.6899919865261441,1.1263760170080555,3.2031967095996765,1.722117384596664,2.200443001431619
1776284515.2100396,17.862321138381958,-1.7088569778811484,1.1403786852232332,3.2304586875596284,1.7207798432685597,0.435394891196409
1776284515.22546,17.87774157524109,-1.727739240858643,1.1544498416930074,3.257630604671632,1.7194682329935143,2.3317256821875727
1776284515.2471457,17.89942717552185,-1.746627979893514,1.1685675989290016,3.284707410631863,1.7181660948378934,1.6557583171393595
1776284515.2554457,17.907727241516113,-1.7655164578111866,1.1827284995325607,3.3116786394525017,1.716877124889306,4.318453581908955
1776284515.325483,17.97776460647583,-1.7843955273398804,1.196891665035052,3.3385376710783925,1.7155878827272997,0.5105136248663045
1776284515.3481004,18.00038194656372,-1.8032586222642022,1.2110299395911037,3.3652782104872236,1.7142955590553561,1.5761257184245325
1776284515.3573873,18.009668827056885,-1.8220998297953643,1.2251259642795336,3.3918969092646365,1.7130009363659109,3.8256199563466344
1776284515.392552,18.044833421707153,-1.8409190821984804,1.2391872215625872,3.4183894800326624,1.7117089483069745,1.006927131203007
1776284515.4460495,18.098330974578857,-1.859711404756973,1.253227783840429,3.4447520639722553,1.710419719188399,0.659627342873084
1776284515.4637887,18.11607027053833,-1.8784711836343817,1.2672470626321732,3.470978946631717,1.709134692810714,1.9821150857920409
1776284515.4784806,18.130762100219727,-1.897193937030619,1.2812541143206257,3.497065436237214,1.7078586476466615,2.3844573657584878
1776284515.5001295,18.152410984039307,-1.915877577410836,1.2952682152596107,3.523005067826878,1.7065778552099202,1.6123093510105837
1776284515.57993,18.232211589813232,-1.9345133816208593,1.3092680093365088,3.5487927280344826,1.7052932526254792,0.4355916595387962
1776284515.5850654,18.2373468875885,-1.9530934691740411,1.323223634940344,3.5744304019063473,1.704012212880959,6.737989360110267
1776284515.5980132,18.25029468536377,-1.971613572741972,1.3371117056224757,3.599910208467243,1.7027445405083366,2.6587674975246656
1776284515.608196,18.260477542877197,-1.9900752315351644,1.350923401792815,3.6252296803015307,1.701493833408957,3.3629352788908826
1776284515.630168,18.28244948387146,-2.0084738324916853,1.3646660926151828,3.650387590194314,1.7002605602037115,1.5502971329066817
1776284515.7047656,18.357047080993652,-2.0268037080738734,1.378329880428753,3.6753786303257705,1.699053417614758,0.45404767324039474
1776284515.7127943,18.365075826644897,-2.0450576543130077,1.3919352999387828,3.7002017615571043,1.6978609930498199,4.195221560851259
1776284515.7470663,18.39934778213501,-2.063233819597156,1.4055168551688955,3.7248544354818276,1.6966545112340956,0.9776218909095153
1776284515.752958,18.405239582061768,-2.0813233667272875,1.4190579757192576,3.7493337690300104,1.6954434564692173,5.654321774708545
1776284515.8257477,18.478029251098633,-2.0993190381501052,1.4325480950976688,3.773634025918654,1.694232100826924,0.45488425375702934
1776284515.841201,18.49348258972168,-2.117217027624927,1.4459907553490645,3.7977545684035996,1.6930095807544483,2.1294162708078157
1776284515.8614318,18.513713359832764,-2.135012552168806,1.4593734114183758,3.821692957813762,1.6917863344891013,1.6159964866188339
1776284515.8628316,18.51511311531067,-2.152701113386001,1.4727000252532174,3.845445188125148,1.6905557558020794,23.20077391178295
1776284515.9447324,18.5970139503479,-2.1702741531434833,1.4859350074759938,3.8690093062723525,1.6893583778995283,0.39361393337734524
1776284515.9525714,18.60485291481018,-2.18772824531266,1.4990548690962402,3.8923801394440942,1.6882192946965924,4.080122160137349
1776284515.9732423,18.625523805618286,-2.2050620266382985,1.512066300677074,3.915549262845981,1.6871351859709638,1.5348355522616006
1776284515.982258,18.63453960418701,-2.222270077324523,1.524967885277194,3.9385106379398893,1.6861118234167316,3.4895378222018163
1776284516.0471957,18.699477195739746,-2.2393555299961245,1.5377905507869105,3.961273920477394,1.685104393354361,0.4807229438232509
1776284516.0608056,18.71308708190918,-2.2563161768898956,1.550540423383866,3.983842595244843,1.6841015172185276,2.2760581692423347
1776284516.0702214,18.722502946853638,-2.273149806255993,1.5632341350920462,4.006220283141284,1.6830775051028612,3.265246332462973
1776284516.0804372,18.73271870613098,-2.28984999603799,1.575890167141241,4.0284095924956045,1.6820033201066118,2.9874873643165816
1776284516.1531236,18.805405139923096,-2.306408991373311,1.5884885964096638,4.050411403098812,1.6809037817250791,0.4166116447653624
1776284516.1671667,18.819448232650757,-2.322821293553396,1.6010139431399617,4.07221992768239,1.6797965261080356,2.138487574524308
1776284516.1742938,18.82657527923584,-2.339087403379368,1.6134460806435091,4.093832815461157,1.6787075619582472,4.177065570782731
1776284516.1865678,18.838849306106567,-2.3552096453118576,1.625774623430633,4.11524209450469,1.6776496002715504,2.4034863149026653
1776284516.2738435,18.926125049591064,-2.3711883975487296,1.6379935827112748,4.136443244377599,1.6766231807443623,0.33486049654686306
1776284516.2876143,18.93989586830139,-2.387026763399441,1.6500992472775744,4.15743417945393,1.6756379651654625,2.102168428270299
1776284516.3055346,18.957816123962402,-2.402725517719672,1.6620909905498886,4.1782073355395575,1.674688780573083,1.5996786144416049
1776284516.3185802,18.970861673355103,-2.4182863822191374,1.6739839427485566,4.198762121870777,1.6737542790153144,2.1763425525926086
1776284516.3471656,18.999447107315063,-2.433712039820388,1.6858017064399136,4.219095650985286,1.6727905193977486,0.9839220811906882
1776284516.4203823,19.0726637840271,-2.4490015641023066,1.6975349546034586,4.23920170987483,1.6718090205232659,0.38039492931531976
1776284516.437961,19.090242624282837,-2.4641502858955135,1.7091683222705065,4.2590748717513085,1.6708284082644194,1.5680086132188145
1776284516.46543,19.117711544036865,-2.479155160105361,1.7206795552625873,4.278713172508446,1.669885532395028,0.9925345305513834
1776284516.4662106,19.118492126464844,-2.4940142146988014,1.7320550394728278,4.298117712359905,1.6689998820886218,34.53564472793833
1776284516.5378792,19.190160751342773,-2.50872705518217,1.7433044237878565,4.317288206894385,1.6681499458302003,0.37192927230034667
1776284516.570391,19.22267246246338,-2.5232920624028825,1.754421720916609,4.336225301154458,1.667342932606674,0.810491638329974
1776284516.5708716,19.223153114318848,-2.5377081719672923,1.765424087162114,4.354935098114566,1.6665447519919256,54.21041921466941
1776284516.5963068,19.24858832359314,-2.5519735221853446,1.7763195347255176,4.373416868159446,1.6657401571533836,1.0129289804182158
1776284516.643163,19.29544448852539,-2.566086406767847,1.7871017199239179,4.391668074239507,1.6649351019392846,0.5435007586941272
1776284516.6551266,19.307408094406128,-2.5800429016887225,1.7977529508900059,4.409689746979844,1.6641594135026128,2.10302420778356
1776284516.6682346,19.320516109466553,-2.5938407432058357,1.8082687817548937,4.427483558725276,1.6634187647853613,1.8958793118727888
1776284516.6825252,19.33480668067932,-2.607477971797469,1.8186529244739926,4.44504888665955,1.6627054743954452,1.7174065991278702
1776284516.744037,19.396318435668945,-2.620954992535779,1.8289144852043102,4.462389448046871,1.6619989996628883,0.39408684225688495
1776284516.7629695,19.41525101661682,-2.634271396525997,1.839051702037915,4.479507626324109,1.6613001200409625,1.2644848917723528
1776284516.7944803,19.44676184654236,-2.647424524660453,1.8490402122254297,4.496399975006851,1.6606546536156994,0.7497327862057779
1776284516.80044,19.45272159576416,-2.6604124200719825,1.8588809934207895,4.513066646396694,1.6600608967315278,3.9110520909576807
1776284516.8450527,19.497334241867065,-2.6732320428343517,1.868547937519681,4.52950548762245,1.6595725342263015,0.5150750439275082
1776284516.8605084,19.512789964675903,-2.6858852185363884,1.8780442432869136,4.545712609913041,1.659187661183118,1.4653780261684355
1776284516.8770316,19.52931308746338,-2.698376176198103,1.887422339346337,4.561698269904889,1.658801688957492,1.352638414616159
1776284516.8872085,19.53948998451233,-2.7107082986922393,1.89673672728432,4.577467599901308,1.658308042746571,2.1695854300694486
1776284516.958727,19.611008405685425,-2.7228837172763516,1.9059981219236843,4.593014794122385,1.6576833937247664,0.3049735122365285
1776284516.9673667,19.619648218154907,-2.7349009590098925,1.9151734171359662,4.608337125213776,1.6569937034088138,2.4915034985860145
1776284516.991084,19.643365621566772,-2.746757278177685,1.9242261177230175,4.623432760516994,1.656309958744458,0.89481440122161
1776284517.009178,19.66145944595337,-2.758448908718585,1.9331309321339702,4.63829886752883,1.6556806836944242,1.1553296424120638
1776284517.015108,19.667389631271362,-2.7699753734261177,1.941882525071958,4.652935694284646,1.6551139076958798,3.470995334802802
1776284517.0711484,19.723429918289185,-2.781335299301778,1.9504625502077984,4.667341632659181,1.6546453834723005,0.36140591631549607
1776284517.083373,19.735654592514038,-2.79252924655068,1.9588647897455154,4.681515797016185,1.6542891057573172,1.6294966543473441
1776284517.0884008,19.740682363510132,-2.8035578487740858,1.967081335635928,4.695459099467369,1.6540665258252794,3.8952889732143925
1776284517.1200366,19.772318124771118,-2.814424431939782,1.9751618375667106,4.70918059559205,1.6538718219817032,0.6093862259464337
1776284517.1579852,19.810266733169556,-2.8251315744417713,1.9831447279694212,4.72269091538263,1.6536275066401864,0.5006065084981622
1776284517.1951697,19.847451210021973,-2.8356807441629273,1.9910667126952215,4.735995708278231,1.6532596437062208,0.5038824210709971
1776284517.2137063,19.86598777770996,-2.8460707060056856,1.9989004955705678,4.749088496686628,1.6528299807198596,0.995824028116691
1776284517.214493,19.866774559020996,-2.856300827503349,2.006640899396152,4.761963536678672,1.6523523301865508,23.100631194910257
1776284517.2821171,19.934398651123047,-2.866366071402152,2.01427470611818,4.774616842921717,1.6518543962965064,0.2644011143665713
1776284517.3095067,19.961788177490234,-2.8762644769737524,2.021777423073744,4.787045550144652,1.651382176557229,0.6415245853112146
1776284517.3214886,19.973770141601562,-2.8859965390513893,2.0291267162748508,4.799250024042012,1.650982147973814,1.4399342935024722
1776284517.3291626,19.981444120407104,-2.895565448421122,2.0363277889770814,4.81123078053629,1.65063840696608,2.207438300488774
1776284517.3924522,20.04473376274109,-2.9049720685113773,2.0433951023835646,4.82299043475796,1.6503262081325587,0.2628381064348937
1776284517.4151857,20.067467212677002,-2.9142171994383745,2.0503300179464823,4.83452787311408,1.650038590409159,0.7183369954002748
1776284517.4156244,20.06790590286255,-2.923302471923246,2.0571446077120816,4.845849500013084,1.6497521515549711,36.55475087745954
1776284517.4395123,20.09179377555847,-2.9322285080338486,2.063839562729999,4.8569619391844165,1.6494665754305893,0.6592245091155585
1776284517.4768746,20.1291561126709,-2.940995809981555,2.070413668194847,4.8678641163338225,1.6491840656836394,0.4137253511629082
1776284517.4932895,20.145570993423462,-2.9496083432592344,2.0768800998145114,4.878553981205991,1.6488783986959765,0.9244320348127094
1776284517.5017421,20.15402364730835,-2.958067641407098,2.083250974802956,4.889034527700203,1.6485273563438418,1.7626791024556114
1776284517.5324044,20.184685945510864,-2.966373566836124,2.089522451110115,4.899307022401712,1.6481349687626585,0.4769180842672629
1776284517.5754392,20.227720737457275,-2.97452516782223,2.095669730908638,4.909372976710057,1.6477522656305268,0.3331583799669235
1776284517.59749,20.24977159500122,-2.9825213254459544,2.101681942879603,4.919232647470733,1.6473977734517768,0.6369953012412146
1776284517.6144433,20.266724824905396,-2.9903601454576414,2.1075693317575506,4.928889444623033,1.6470498086605108,0.8116974259533829
1776284517.6218572,20.274138689041138,-2.9980373589889933,2.11333611593535,4.938344581879143,1.6467022842476942,1.8176378327000902
1776284517.639443,20.29172444343567,-3.005552598890189,2.1189746806932455,4.947600636686511,1.6463658527037304,0.7499757324090249
1776284517.7147226,20.36700415611267,-3.0129075543542014,2.1244738502938207,4.956659004481473,1.6460590094211178,0.17135074682875032
1776284517.7256007,20.37788224220276,-3.0201000352119363,2.129797036483305,4.965522005585184,1.6458560390905421,1.1577843820203768
1776284517.7371209,20.389402389526367,-3.0271312434102957,2.1349317114428996,4.9741865933705425,1.6457819941875442,1.0662393852496903
1776284517.7819223,20.43420386314392,-3.0340032086701263,2.13986828992046,4.982652995744272,1.645858520810402,0.2671719824666147
1776284517.841135,20.49341654777527,-3.0340032086701263,2.13986828992046,4.982652995744272,1.645858520810402,0.0
1776284517.843753,20.496034622192383,-3.040721886624294,2.1446515994345035,4.990933083237535,1.6460031750151263,4.463878995692248
1776284517.851171,20.50345253944397,-3.0472923765909146,2.1493618293262284,4.999042002378802,1.6460658606004166,1.5436168987913554
1776284517.8664162,20.51869773864746,-3.053716787693835,2.1540468695476145,5.0069813509674574,1.6459557290825715,0.7370428964873299
1776284517.8779426,20.530224084854126,-3.0599974008140784,2.1587053252377273,5.014747044675581,1.6456804277493198,0.9561213510840102
1776284517.9421551,20.594436645507812,-3.066131762657607,2.1632716603528257,5.022339303921975,1.645370752280197,0.1678191052118699
1776284517.9587934,20.611074924468994,-3.0721180802895596,2.1677031684394628,5.029754418080809,1.6451119664774054,0.6316704219167039
1776284517.9704707,20.62275218963623,-3.0779543760766592,2.1719808807896754,5.036989272236287,1.6449407977183577,0.8762763443011943
1776284518.0027676,20.655049085617065,-3.083638989691945,2.1761070369872395,5.044048245928464,1.6448514937911585,0.30833825866569653
1776284518.0482447,20.700526237487793,-3.0891693727223277,2.1800969851886918,5.0509302002705745,1.6448185528119441,0.21304000919599075
1776284518.0827045,20.734986066818237,-3.094551108673588,2.1839926916019583,5.057640037051321,1.6447647005741726,0.2740158025829877
1776284518.0849588,20.737240314483643,-3.0997903738914245,2.1878164291484294,5.064178864247362,1.6446498928515714,4.08569325904185
1776284518.1063004,20.75858187675476,-3.1048825168698757,2.1915489198574853,5.070542666218484,1.6445139916483567,0.42004139052492545
1776284518.1322072,20.784488677978516,-3.1098226229809884,2.1951630209291184,5.076731097081705,1.6444103906509397,0.3359811685752855
1776284518.1415832,20.793864727020264,-3.1146113024106308,2.1986514702585143,5.082744989936669,1.6443607257236976,0.9003809720147966
1776284518.1623309,20.81461238861084,-3.1192548265556876,2.2020322496724236,5.0885877747169745,1.644326879169738,0.394902202348367
1776284518.1649532,20.817234754562378,-3.123756565708391,2.2053135544860587,5.094261875846337,1.6442919921416694,3.0322259719677
1776284518.2176652,20.869946718215942,-3.128118273605004,2.208510518978836,5.099768457884798,1.6442346398150103,0.14641837321160744
1776284518.2349977,20.887279272079468,-3.1323419066815354,2.211639196420393,5.105110660677766,1.6441321150323818,0.4323917475306555
1776284518.261577,20.91385841369629,-3.1364294539250723,2.2147062407597016,5.110294804575899,1.6439746417058867,0.27387767289280135
1776284518.2808776,20.933159112930298,-3.14038026361944,2.2176790339669874,5.115323837633048,1.6438243197306104,0.3654005859067237
1776284518.295073,20.947354555130005,-3.1441918988991064,2.2205528628562696,5.120197204262921,1.6436864698805655,0.4805637462450346
1776284518.3132458,20.965527296066284,-3.147862603326247,2.223335676131712,5.1249176215737595,1.6435467748007437,0.36293302688176654
1776284518.3385696,20.990851163864136,-3.1513922965218466,2.226032805584114,5.129485000506826,1.6433991748716381,0.25159494509908226
1776284518.3544824,21.00676393508911,-3.1547843868630507,2.22864817915448,5.133898567704508,1.6432391003874687,0.3865000631313592
1776284518.369346,21.02162742614746,-3.158040551783226,2.231185332164817,5.138160136747499,1.6430583195303454,0.39916732600573707
1776284518.3921242,21.044405698776245,-3.161169279004043,2.2336199171994786,5.142273686197306,1.642899826226914,0.2508055673505046
1776284518.402033,21.054314613342285,-3.1641764977299296,2.2359461314294773,5.146239872804092,1.642771475088804,0.5544615979590212
1776284518.413527,21.065808534622192,-3.167062512696168,2.238152653766937,5.1500565754210985,1.6426943190940047,0.45843835933058946
1776284518.4344907,21.086772203445435,-3.1698312391300982,2.2402392500503847,5.153723822828954,1.6426699921090357,0.240732002165427
1776284518.478601,21.130882501602173,-3.1724833180963214,2.2422214586129843,5.157247243103278,1.642669662093622,0.10961144902420021
1776284518.4905205,21.142802000045776,-3.1750155172434664,2.2441285226790555,5.1606327980952935,1.6426524202627864,0.38910910654820824
1776284518.5009336,21.153215169906616,-3.1774267378960817,2.245979965886303,5.163884426120125,1.6425966427333,0.4274773603983928
1776284518.530324,21.182605504989624,-3.17972218702262,2.247779094629783,5.167003905718177,1.6425006864517848,0.14530260435764614
1776284518.5829597,21.235241174697876,-3.181903215907404,2.2495014299196647,5.169991093013004,1.6424030763450688,0.07751447300343438
1776284518.6013527,21.253634214401245,-3.183967659586129,2.2511231304909254,5.1728445446973845,1.642342190666099,0.2108065758578285
1776284518.6071916,21.259473085403442,-3.1859219687188625,2.252645102738088,5.175566493199926,1.6423131330027358,0.630312983817799
1776284518.6223242,21.274605751037598,-3.1877699033993823,2.2540744902781573,5.178159067381128,1.6423144784873887,0.23062078263608674
1776284518.659007,21.311288595199585,-3.189509700276054,2.2554314537877653,5.180625532480727,1.6423188942451548,0.0902147674975411
1776284518.6718397,21.324121236801147,-3.191140040501435,2.2567219764139166,5.182965631606066,1.6423173060898273,0.24394188582121806
1776284518.6995847,21.351866245269775,-3.1926633826835675,2.2579562216324804,5.185181379390589,1.6423018054768272,0.10663635324758365
1776284518.7301612,21.382442712783813,-3.1940875494808827,2.259142770576071,5.187277406940274,1.642268140513075,0.09151223785552906
1776284518.773555,21.42583656311035,-3.1954171177202757,2.260295863925522,5.189256285065891,1.6421982492263443,0.06102869639178842
1776284518.7765453,21.428826808929443,-3.196655027969932,2.261413852614179,5.1911182089773265,1.6420971145014658,0.8359902073980892
1776284518.7947674,21.447048902511597,-3.1978048894484625,2.262491645862783,5.192865439360229,1.6419719769388819,0.12912924860800643
1776284518.8100405,21.462321996688843,-3.198864929991724,2.263523714089001,5.194501235908906,1.641838707907408,0.14441096140828916
1776284518.8162258,21.468507289886475,-3.1998285853833885,2.2644780989200295,5.196027855519474,1.641729937364211,0.33014925145254437
1776284518.882157,21.534438610076904,-3.2006999540777312,2.265354855607932,5.197447895677327,1.6416393488501286,0.02855523262322023
1776284518.8916018,21.543883323669434,-3.201485858733037,2.266152369489151,5.1987650117377,1.6415701776868128,0.1830356146526748
1776284518.8991983,21.551479816436768,-3.202187296645174,2.266896751195634,5.1999806487728595,1.6414958751124056,0.2091328772671354
1776284518.919178,21.571459531784058,-3.2028071629808497,2.26758914873611,5.2010918210417385,1.6414208123259884,0.0725019889145684
1776284519.011402,21.66368341445923,-3.203351347521477,2.268234648765848,5.202099198865047,1.641342507262416,0.014252149030014136
1776284519.024811,21.67709255218506,-3.203820133522301,2.2688349150062432,5.2030068252445965,1.6412579121486617,0.08836126040900963
1776284519.0427208,21.69500231742859,-3.2042195321406037,2.2693909313677367,5.203817391675041,1.641170942638829,0.0592406450368294
1776284519.0558586,21.7081401348114,-3.204553424414748,2.2699018061900675,5.20453444923999,1.641079958588,0.0716725021987006
1776284519.1024184,21.75469994544983,-3.204820005914787,2.270365842518856,5.205159111286034,1.6409860490634154,0.017666648810926826
1776284519.118283,21.770564556121826,-3.2050162841157332,2.2708041408819657,5.205692138235911,1.6408740762917293,0.04522390381755681
1776284519.1390748,21.791356325149536,-3.2051451946940497,2.2712271491545453,5.206136173726231,1.640738317845507,0.030140529019644688
1776284519.1481674,21.800448894500732,-3.2052044301329605,2.271611050591709,5.206495417377986,1.6406023935439624,0.05819020045439768
1776284519.2019792,21.854260683059692,-3.205192131411593,2.2719476403617493,5.2067695546489094,1.6404705908628598,0.008070266230188151
1776284519.222055,21.87433648109436,-3.2051113882008724,2.2722248045944724,5.206957495519486,1.6403568175272925,0.01715859167236349
1776284519.229362,21.881643533706665,-3.20496761525467,2.2724436938517383,5.207062060321859,1.6402573948862091,0.03859114489885985
1776284519.2957633,21.948044776916504,-3.204765433904511,2.2726369957930133,5.207088542260256,1.6401417316242406,0.004231399118178251
1776284519.3114648,21.963746309280396,-3.204507269993967,2.272821490933676,5.207040500807233,1.6399934300605106,0.02043930491773503
1776284519.3144057,21.966687202453613,-3.2041876213315454,2.272989591475173,5.206922182480092,1.6398270121028184,0.12922689019634384
1776284519.3147752,21.96705675125122,-3.203805844843596,2.273138095565742,5.206730858800388,1.6396459524885392,1.2234349171752668
1776284519.3163369,21.968618392944336,-3.203361361867374,2.2732281374037395,5.206468520939464,1.6394805591640087,0.3354940914088219
1776284519.4129045,22.065186023712158,-3.2028567628029663,2.273240405430905,5.206136634016957,1.6393472271859073,0.006255572304831241
1776284519.442107,22.094388484954834,-3.2022926966617895,2.2731547184613277,5.205734011625993,1.6392541359153776,0.023912239725464503
1776284519.4710636,22.123345136642456,-3.2016662335894726,2.2729758833704237,5.205257751767908,1.6391932897680819,0.02786951011398381
1776284519.4796476,22.13192915916443,-3.2009765346825203,2.2727270117155007,5.204709322364887,1.6391519340696248,0.10666793265863528
1776284519.483945,22.136226415634155,-3.2002328848081243,2.2724237505306237,5.204091417571558,1.6391217185650355,0.2358029807245943
1776284519.5388865,22.191168069839478,-3.1994408051594045,2.2721060724470523,5.203410725819593,1.639074643282035,0.019868851895401253
1776284519.553189,22.2054705619812,-3.1986007958086535,2.271797226321069,5.202668402499199,1.6390012781787004,0.0812987641656106
1776284519.581183,22.23346447944641,-3.197715308015145,2.2715026785178294,5.2018642194544675,1.6388981863091978,0.04400569526933345
1776284519.624283,22.276564598083496,-3.196783673939314,2.2712052040732464,5.200999671414933,1.6387805291505244,0.030285906649360376
1776284519.6653407,22.317622184753418,-3.195803394652058,2.2708726121832927,5.2000771263049534,1.6386651095187537,0.03377203155850285
1776284519.666829,22.31911063194275,-3.1947778443941712,2.270502431447787,5.199097986233824,1.638558191964633,0.9845400723717921
1776284519.682798,22.335079431533813,-3.1937089943037775,2.2700883948680475,5.198061885466174,1.6384595953971237,0.09675819132713302
1776284519.7002842,22.35256576538086,-3.1925997503959436,2.269622619332011,5.1969704065628335,1.638376163317058,0.09289574866169857
1776284519.7616608,22.413942337036133,-3.1914524119802437,2.2691193754600674,5.195823990792272,1.6383002287475874,0.02766866126727333
1776284519.7762125,22.428493976593018,-3.1902649066986535,2.2685824146858837,5.194622988211004,1.6382274886601427,0.12179103585535543
1776284519.805129,22.45741057395935,-3.1902649066986535,2.2685824146858837,5.194622988211004,1.6382274886601427,0.0
1776284519.8161643,22.468445777893066,-3.189038969637563,2.268025951298713,5.193369325831507,1.6381475788568864,0.16670567207277168
1776284519.8200185,22.472300052642822,-3.1877764634572636,2.2674608800175093,5.192064476018989,1.6380603912348979,0.49335911928247
1776284519.8729448,22.525226354599,-3.1864758859264923,2.266886705524829,5.190710511882321,1.6379654068881644,0.037094257316569554
1776284519.8858404,22.538121938705444,-3.1851340383571656,2.2663015835022713,5.189310044267595,1.637863078290143,0.1570995512272303
1776284519.9118154,22.564096927642822,-3.183755453275169,2.2656834407673387,5.187863466363806,1.6377645789906572,0.08052724375174607
1776284519.9191804,22.57146191596985,-3.1823473455263596,2.2650342766170426,5.186372347381135,1.6376704538420694,0.29208325335183866
1776284519.9739425,22.626224040985107,-3.1809122692510785,2.264352531820737,5.184837744269579,1.6375797215978039,0.04033622039818039
1776284519.976956,22.629237413406372,-3.1794551651103102,2.263654311769272,5.18325980477969,1.6374915289239789,0.7494729843492332
1776284520.0140555,22.66633701324463,-3.177979240913007,2.262937731714463,5.181640189638014,1.6374064280046658,0.06214155253454575
1776284520.0147762,22.667057752609253,-3.176480871874271,2.2621870663476447,5.179978044088151,1.6373253969484292,3.2749255897374114
1776284520.0692053,22.721486806869507,-3.174961284091068,2.261394056790065,5.178276226974012,1.6372529765671655,0.0443771692431616
1776284520.0832946,22.735576152801514,-3.173421577178479,2.2605687132098593,5.17653542533924,1.6371855782277303,0.17504203863064097
1776284520.097107,22.749388456344604,-3.171861784659969,2.259738230528299,5.1747581404466025,1.6371178766521182,0.18145208591175452
1776284520.120395,22.772676467895508,-3.170288136665749,2.258934592661014,5.172947588421628,1.6370415635547237,0.1086345009247068
1776284520.1267276,22.779009103775024,-3.168701747874088,2.258158851869698,5.171106514260497,1.6369548761623398,0.40284486132756336
1776284520.1668735,22.819154977798462,-3.167104524310849,2.2574169784922544,5.169237071153461,1.636854083495601,0.06397493208268826
1776284520.2128484,22.865129947662354,-3.1655003432011712,2.2567012707852663,5.167338230948651,1.6367487503363654,0.056264113825139926
1776284520.2134116,22.86569309234619,-3.1638871058693203,2.256000410931994,5.165409647187243,1.6366403979790767,4.635053688369761
1776284520.2138205,22.86610198020935,-3.1622572187722113,2.2552908367883315,5.163454139286028,1.6365361399119764,6.463222316611618
1776284520.2843275,22.936609029769897,-3.1606134128138614,2.2545465284396204,5.161474230913801,1.6364422847131253,0.03799378935200632
1776284520.3120484,22.964329957962036,-3.158954118009364,2.25376504582778,5.1594704487532805,1.6363588014781656,0.09799286115610321
1776284520.3189838,22.97126531600952,-3.1572758846145286,2.252939134269704,5.157442387265555,1.6362802863996864,0.3978047508251727
1776284520.3443553,22.996636867523193,-3.1555797930965706,2.2521018874608667,5.1553929924728195,1.6362018635647058,0.10992066332802262
1776284520.377012,23.029293537139893,-3.1538645584921245,2.2512770776390925,5.153323080332295,1.6361190403022963,0.08610544311479054
1776284520.4220526,23.074334144592285,-3.1521347828051556,2.250440116977735,5.1512319323606075,1.636032531121074,0.06305392608131226
1776284520.4286542,23.08093571662903,-3.1503984242994565,2.249582290188587,5.149119435600193,1.6359522222661298,0.4341256514805845
1776284520.4442744,23.096555948257446,-3.148658626480084,2.2487125439341478,5.146986837907286,1.6358738566125124,0.184786246823623
1776284520.4628701,23.11515164375305,-3.146912063895639,2.247818957889811,5.144835337316463,1.6357997326002554,0.1565786448494625
1776284520.4802082,23.132489681243896,-3.145158641135193,2.24692497665549,5.1426677534484595,1.6357200112010124,0.1688667023198408
1776284520.4919715,23.14425301551819,-3.1433964151058102,2.246060797300382,5.140485791983032,1.6356394141168542,0.24948927863197226
1776284520.5197926,23.17207407951355,-3.1416212490192605,2.245216367756412,5.138289014672156,1.6355599974979567,0.10595923467250272
1776284520.5639763,23.21625781059265,-3.1398387238769048,2.244367935995636,5.13607898132133,1.6354809850102074,0.06706894348717876
1776284520.5804913,23.232772827148438,-3.1380551712256577,2.243523683640626,5.133854491682431,1.6354040225767197,0.1800530864333834
1776284520.585734,23.2380154132843,-3.136270357478775,2.2426828278032187,5.131614537281857,1.6353249674718426,0.5693681115392752
1776284520.6031952,23.255476713180542,-3.1344870049852718,2.241821671828633,5.12936221058993,1.6352496239732146,0.1717599361944213
1776284520.6488068,23.301088333129883,-3.1327017339123326,2.24092501046585,5.127096429297988,1.6351759524685057,0.0662277453520683
1776284520.6621072,23.314388751983643,-3.130914447914845,2.2399905029266374,5.124816737092063,1.6351020411181885,0.2288496108127386
1776284520.6741633,23.32644486427307,-3.1291283516939234,2.239045141175723,5.122527024200319,1.6350305098238809,0.2533116567356751
1776284520.6978846,23.350166082382202,-3.1273483338421997,2.238121313701969,5.120230666174267,1.634965323969953,0.1285262798718592
1776284520.7212024,23.373483896255493,-3.1255706006359367,2.2372161752223523,5.117926719714545,1.6348994018262184,0.13069775739565218
1776284520.7564483,23.408729791641235,-3.123792974682552,2.236309302363101,5.11561452933648,1.6348347917229773,0.08665619435385612
1776284520.7696297,23.421911239624023,-3.122016887044019,2.2354071544114795,5.113294583173861,1.6347713881716102,0.23198210919852227
1776284520.793368,23.44564962387085,-3.12024306737939,2.2345223462392756,5.110967728424585,1.6347085150567806,0.12876723679654373
1776284520.8020928,23.454374313354492,-3.1184759106170734,2.233657179031986,5.108638380252197,1.6346494994451204,0.34948342246156217
1776284520.860952,23.513233423233032,-3.116716839485353,2.232820995463603,5.10630636186097,1.6345932311027744,0.051621490277193
1776284520.8794491,23.53173065185547,-3.114967680934762,2.2320093852540053,5.1039706058380085,1.6345414716404816,0.163746960432722
1776284520.8900995,23.542381048202515,-3.113228797484945,2.231190085252734,5.101634678930645,1.6344908846827233,0.2840409193659655
1776284520.899127,23.551408529281616,-3.111499194633621,2.230343133939295,5.099298427621837,1.634440405712696,0.33538620734855673
1776284520.9628541,23.615135669708252,-3.109784467783964,2.2294694586941883,5.096959180698045,1.6343868257756433,0.04753292362164634
1776284520.9634216,23.615703105926514,-3.1080878701862806,2.2285866315533447,5.094617857532523,1.6343337320756575,5.32778939361493
1776284521.004653,23.6569344997406,-3.1064082077754525,2.2277135506282573,5.092274878010119,1.6342822823866032,0.07305493741778155
1776284521.0193064,23.67158794403076,-3.1047511694656165,2.2268683797244537,5.089928672407845,1.6342394411053867,0.20432893507566205
1776284521.0442696,23.696551084518433,-3.103117402427424,2.2260415356117904,5.087580252281306,1.6341996571193582,0.11929224888209786
1776284521.068113,23.720394611358643,-3.1015049163564985,2.2252153490893223,5.085231395374142,1.6341602908053288,0.12441321265704863
1776284521.076706,23.728987455368042,-3.099910832991121,2.224373971685373,5.082881949527823,1.6341178093316204,0.3446164188455283
1776284521.0919075,23.744189023971558,-3.0983353987523294,2.223523665878018,5.080533361387305,1.634075769735216,0.19426373441550657
1776284521.1668508,23.819132328033447,-3.09678114004895,2.2226572773231075,5.078185682048013,1.634026581739807,0.0393075226819773
1776284521.1882863,23.84056782722473,-3.095250153155935,2.221773260722067,5.075840591869682,1.6339722772321548,0.13700684904496954
1776284521.2161622,23.868443727493286,-3.0937440032586054,2.220900178362006,5.073497512588508,1.6339190574055489,0.10471545772932526
1776284521.2488832,23.901164770126343,-3.0922649158585536,2.2200525856979976,5.071160794450897,1.6338663380738683,0.08839775947533474
1776284521.3339717,23.986253261566162,-3.09081075152627,2.2192123190599133,5.068830208575502,1.6338179376180728,0.03376105076441738
1776284521.3425481,23.994829654693604,-3.0893789703096015,2.218378365837643,5.066505795433408,1.6337721447236022,0.3328363422790612
1776284521.3659065,24.018187999725342,-3.0879635613475807,2.217557884527552,5.064187101856198,1.6337278978346235,0.12148828681034685
1776284521.3722184,24.024499893188477,-3.0865617635081946,2.2167498107707546,5.061871559062494,1.6336831443415833,0.44754346759680125
1776284521.385014,24.03729557991028,-3.0851734778184827,2.21595393507367,5.059557576749439,1.6336398680999251,0.2198716585902173
1776284521.4854207,24.137702226638794,-3.0851734778184827,2.21595393507367,5.059557576749439,1.6336398680999251,0.0
1776284521.5024853,24.15476679801941,-3.0837998162705422,2.215156084643923,5.05724709927247,1.633597141405635,0.16431079444688204
1776284521.5232277,24.175509214401245,-3.082439390680874,2.2143555268891624,5.054942788020174,1.6335539246746213,0.1346572472501522
1776284521.5349567,24.187238216400146,-3.0810926287611227,2.21355615689532,5.052645886949304,1.6335117805120978,0.23702107041850626
1776284521.5457902,24.198071718215942,-3.0797593393876457,2.2127589738497697,5.050359545444608,1.63347375992751,0.2551482329589739
1776284521.578863,24.231144428253174,-3.078446503773957,2.2120173046550424,5.048089154766139,1.6334504984701221,0.08240896836466766
1776284521.6129754,24.265256881713867,-3.077149566883526,2.2113358122770617,5.045835093481405,1.6334339904267823,0.07880870055124144
1776284521.6491063,24.301387786865234,-3.075869736450635,2.2106834318466855,5.043595975904757,1.6334129298826856,0.07362957821844278
1776284521.673343,24.325624465942383,-3.074606160716657,2.210029268998186,5.041371550605395,1.633393659834178,0.10894941543871932
1776284521.6921885,24.344470024108887,-3.073356211968181,2.209359148144378,5.039160456181129,1.6333737569476827,0.13938860104457593
1776284521.705465,24.357746601104736,-3.0721230218226445,2.208680564256771,5.03696180604734,1.6333512893024495,0.19663293283486333
1776284521.7200692,24.372350692749023,-3.0709037155175145,2.2079765434467467,5.034774353098985,1.6333248264396232,0.17812844622564702
1776284521.7337976,24.38607907295227,-3.069689816551085,2.2072709365398713,5.0326005264337645,1.6332947872811692,0.18850347703778453
1776284521.791272,24.44355344772339,-3.0684815386480264,2.206601500881854,5.030444773776502,1.6332710408719844,0.04454753288848096
1776284521.8052998,24.457581281661987,-3.0672719993138426,2.205970431981237,5.028308993894355,1.6332479269512301,0.18066383027660354
1776284521.8406594,24.49294090270996,-3.0660608033236287,2.2053481258896253,5.0261913974378025,1.6332220755371263,0.07120078812726693
1776284521.8642926,24.516574144363403,-3.064853803189076,2.2047230998451464,5.024089606865756,1.6331958261163604,0.10591032451304203
1776284521.9102232,24.562504768371582,-3.0636597123552254,2.204105256077812,5.0220015630246895,1.6331730103127784,0.054069532916937016
1776284521.9293265,24.581608057022095,-3.0624772831414386,2.2034857839429214,5.01992782261673,1.6331510471906494,0.12909969140880956
1776284521.946128,24.598409414291382,-3.061297906682369,2.20283374997949,5.017869316108004,1.6331292105706938,0.1464400421351934
1776284521.9645653,24.616846799850464,-3.0601212104929085,2.2021408680843337,5.0158255816382455,1.6331056600135307,0.133313718746987
1776284522.0403237,24.6926052570343,-3.0589497732353417,2.201420137460309,5.013794790848222,1.6330773498794802,0.03237551040501504
1776284522.0449336,24.69721508026123,-3.0577832775973794,2.2006925551790464,5.0117788942895665,1.6330478507409243,0.5293189964130625
1776284522.0590403,24.71132183074951,-3.056626028780703,2.199972505892693,5.009776794037028,1.6330170158035673,0.17169110326713558
1776284522.0833375,24.735619068145752,-3.0554763336769044,2.1992692202042385,5.007788690175095,1.6329879798324165,0.0988535143785592
1776284522.1120968,24.764378309249878,-3.054332676044607,2.1985765685989818,5.005810683725747,1.6329578411370176,0.0830173206080715
1776284522.1408916,24.79317307472229,-3.0531971080218505,2.1978934230118585,5.003843247347948,1.6329273153174022,0.08238065507183372
1776284522.1573691,24.809650659561157,-3.0520718387637107,2.1972442684221196,5.0018890031796985,1.6328983246992153,0.14241386228417527
1776284522.1802523,24.832533836364746,-3.050955755129503,2.1966265173899844,4.999950268812518,1.6328716157373906,0.10141795310962996
1776284522.1913047,24.843586206436157,-3.0498491873171427,2.1960164703623817,4.998025203794827,1.632844300898017,0.20834637332146047
1776284522.270374,24.92265558242798,-3.048755147191081,2.1953995999007296,4.996112023356618,1.632815889868072,0.028944263990804728
1776284522.2751167,24.927398204803467,-3.047673597180229,2.1947607652397876,4.994209897961259,1.6327821022202285,0.48063297867133636
1776284522.2937312,24.94601273536682,-3.0466044180506078,2.194109956254202,4.9923211173704,1.6327469425154943,0.12172613007715323
1776284522.3017137,24.95399522781372,-3.045550332894587,2.1934570705919083,4.990448650823158,1.6327128317648398,0.2813370317109104
1776284522.407768,25.060049533843994,-3.045550332894587,2.1934570705919083,4.990448650823158,1.6327128317648398,0.0
1776284522.510485,25.162766456604004,-3.045550332894587,2.1934570705919083,4.990448650823158,1.6327128317648398,0.0
1776284522.522495,25.174776554107666,-3.0445152989148125,2.1927992149717808,4.9885924257754155,1.6326798808213852,0.1852423609560744
1776284522.5479083,25.20018982887268,-3.043495469625101,2.19213679018185,4.986749184879041,1.632645921898704,0.08689380675120426
1776284522.5484133,25.200694799423218,-3.0424858938842956,2.1914844538295686,4.98492140281357,1.6326128612922617,4.332124501133575
1776284522.5601854,25.212466955184937,-3.0414881192524574,2.190843109507651,4.983113584083285,1.6325780531763239,0.18367023033888008
1776284522.666731,25.31901264190674,-3.0414881192524574,2.190843109507651,4.983113584083285,1.6325780531763239,0.0
1776284522.7380216,25.390303134918213,-3.040503963974174,2.1901932395830066,4.9813263000924515,1.6325423940864061,0.030036626287067856
1776284522.7521615,25.40444302558899,-3.0395351810989393,2.1895312293541376,4.979559186192605,1.6325010588811264,0.15001530246794573
1776284522.7764788,25.428760290145874,-3.038580861687885,2.188871003349007,4.977811193033478,1.632457794309122,0.08628105159353472
1776284522.7952268,25.447508335113525,-3.037640756835424,2.1882228503122487,4.976080596968604,1.6324137985670544,0.11059125261543103
1776284522.8607855,25.51306700706482,-3.0367204049696523,2.187614678587759,4.974368934637703,1.632372877491223,0.031061440863378417
1776284522.873801,25.526082515716553,-3.035828280971413,2.1870430988381586,4.972674523232432,1.6323392092807987,0.15354021720274852
1776284522.8917425,25.544023990631104,-3.0349642438990503,2.186499780567653,4.970994567398374,1.6323134432331565,0.1095622082261589
1776284522.900231,25.552512407302856,-3.0341234001137285,2.1859692824820756,4.96933071327292,1.6322889459922065,0.22834191814487834
1776284522.985176,25.637457609176636,-3.0333068741584026,2.185458084857683,4.967680630936759,1.6322668339661008,0.02249343204262937
1776284523.0207899,25.67307138442993,-3.0333068741584026,2.185458084857683,4.967680630936759,1.6322668339661008,0.0
1776284523.0213177,25.673599243164062,-3.0325163050921544,2.184959847893977,4.966044678808978,1.6322488160742081,3.5691985197256213
1776284523.021545,25.673826456069946,-3.031747422989115,2.184459369886579,4.9644261748520915,1.632230466426964,8.188062820381358
1776284523.0482082,25.70048975944519,-3.0309996140099185,2.183944366400559,4.962822248994663,1.6322104356405176,0.06912504363034842
1776284523.0574384,25.70971989631653,-3.03027650573524,2.1834230397235217,4.9612337851351676,1.6321897617393264,0.19734334786507107
1776284523.1667652,25.81904673576355,-3.03027650573524,2.1834230397235217,4.9612337851351676,1.6321897617393264,0.0
1776284523.1671393,25.81942081451416,-3.02957651063771,2.1828886167928965,4.9596616911380815,1.6321642248530075,4.817075924882137
1776284523.1892297,25.841511249542236,-3.028894832319591,2.1823483091560467,4.958106623305011,1.6321373008591291,0.0806598826602399
1776284523.1895964,25.841877937316895,-3.0282322373433117,2.1818250337046496,4.956569446224027,1.6321084895156064,4.782775331789058
1776284523.2283254,25.88060688972473,-3.0275877578646817,2.1813407095331963,4.9550525707000626,1.632085038654923,0.04435440088400116
1776284523.2753937,25.927675247192383,-3.026961428343924,2.180889553710588,4.953555239446197,1.6320666533345125,0.03579020871302966
1776284523.2878754,25.940156936645508,-3.0263477674263037,2.180462647353363,4.952074532523638,1.6320532148016598,0.13289153493222042
1776284523.3059723,25.958253860473633,-3.0263477674263037,2.180462647353363,4.952074532523638,1.6320532148016598,0.0
1776284523.3208416,25.97312307357788,-3.0257435016874408,2.1800494722373602,4.950609336083762,1.632040428090379,0.1101524426888788
1776284523.444594,26.096875429153442,-3.0257435016874408,2.1800494722373602,4.950609336083762,1.632040428090379,0.0
1776284523.4624157,26.114697217941284,-3.0251499855139343,2.179650184773676,4.949159959577413,1.6320239865118766,0.09069163479482098
1776284523.513433,26.165714502334595,-3.0245716232203623,2.179279157162412,4.947728596467636,1.6320093232790325,0.031121896324258998
1776284523.5593524,26.211633920669556,-3.0240105116574156,2.1789300806687835,4.94631696289351,1.6319947675051991,0.03394329692018861
1776284523.573868,26.226149559020996,-3.023462094282678,2.178583410228013,4.944926462627812,1.6319764841570616,0.1057077986220282
1776284523.5948343,26.24711585044861,-3.022928663547123,2.1782270886046686,4.943555458723077,1.6319528450517373,0.07219491008171386
1776284523.6632812,26.31556272506714,-3.022409612579374,2.177841448786315,4.942203054492707,1.6319253991875438,0.021900821075649415
1776284523.6831555,26.335437059402466,-3.0219015625920687,2.1774192296363237,4.940866996231158,1.631889100958624,0.07499361008110592
1776284523.6953564,26.34763789176941,-3.0214061783300057,2.1769795938491567,4.93954656738671,1.6318455977014932,0.12107641672996519
1776284523.7189105,26.37119197845459,-3.02092621662653,2.1765589102945673,4.9382443684365995,1.6318043576416184,0.06156864022998951
1776284523.7828228,26.435104370117188,-3.0204652777727388,2.176186558360206,4.936960841006145,1.6317696911921533,0.022119372023977835
1776284523.8113341,26.463615655899048,-3.020027936603748,2.1758639749203015,4.935693194517896,1.631743594410353,0.048374619619940995
1776284523.8117254,26.464006900787354,-3.0196189405016542,2.1755874541895186,4.934445703742962,1.6321223736861976,3.4291345907287316
1776284523.8293707,26.48165225982666,-3.019236800168517,2.175346021179465,4.933234391695285,1.633040711723827,0.07327155746812555
1776284523.9299972,26.582278728485107,-3.019236800168517,2.175346021179465,4.933234391695285,1.633040711723827,0.0
1776284523.949896,26.602177619934082,-3.018885755070189,2.175114933663301,4.932054997821303,1.6344436765808559,0.06292008492723082
1776284523.9628613,26.615142822265625,-3.0185648372949836,2.174880912856686,4.93089863494872,1.636284826352968,0.09430419060341538
1776284524.0481794,26.70046091079712,-3.018270496461039,2.174621585846935,4.929756345987609,1.638528885238995,0.014156096881429143
1776284524.0511088,26.70339035987854,-3.0179967190114816,2.174322356501803,4.928623747036992,1.6411488373968075,0.41066645355380765
1776284524.0515845,26.703866004943848,-3.0177319543515204,2.1739765241005906,4.927502916535165,1.644117457592485,2.5281064268764446
1776284524.1518564,26.80413794517517,-3.0177319543515204,2.1739765241005906,4.927502916535165,1.644117457592485,0.0
1776284524.1790595,26.8313410282135,-3.0174654942779973,2.173586480066615,4.926399984099711,1.6474181801205154,0.044106447479660686
1776284524.1794176,26.83169913291931,-3.0171878485486507,2.1731669270830505,4.925320917283648,1.651020536012305,3.324689209653057
1776284524.179622,26.8319034576416,-3.016894849495842,2.172749341269184,4.92427282955291,1.654906737923948,5.7048357830663425
1776284524.2296858,26.881967306137085,-3.016589489605274,2.172387973155887,4.923260321350873,1.6590652567313002,0.022323267259027894
1776284524.3006516,26.952933073043823,-3.0162796046924263,2.1721050366656334,4.922283285924752,1.663478686529736,0.014983764661382286
1776284524.3207793,26.973060846328735,-3.015971478561827,2.1718885138027844,4.92133863219764,1.6681315080781645,0.0505248910281859
1776284524.3221595,26.974441051483154,-3.01567156650774,2.1717259565385634,4.920424255600504,1.672995944144746,0.7070969562744861
1776284524.3322368,26.98451828956604,-3.015383692591983,2.1715752204546206,4.919542566652039,1.6780567493352885,0.09324616995049587
1776284524.4360898,27.08837127685547,-3.015383692591983,2.1715752204546206,4.919542566652039,1.6780567493352885,0.0
1776284524.4407763,27.093057870864868,-3.0151078251266057,2.1714132555326744,4.918690596256762,1.6832960463924704,0.1941813019826885
1776284524.4741416,27.126423120498657,-3.0148438841584877,2.1712407815244443,4.917865561584549,1.6886930457740823,0.026471538433582128
1776284524.4745233,27.1268048286438,-3.0145993352195912,2.1710881645965063,4.917067511401279,1.6942453166038152,2.222945682351252
1776284524.4769378,27.12921929359436,-3.01437962364921,2.170967467910191,4.916293553261481,1.699945171971457,0.3369454213067466
1776284524.5691428,27.221424341201782,-3.0141884168157564,2.17088458623185,4.915543077949938,1.7057806215271967,0.008447180271039703
1776284524.593215,27.24549651145935,-3.0140322576093883,2.170850691541304,4.914816314694595,1.7117396878644529,0.030912178633231372
1776284524.6127846,27.265066146850586,-3.013913319748628,2.17084835561966,4.914113203658293,1.7178070409811639,0.036439291034850205
1776284524.6541686,27.306450128555298,-3.013829842352101,2.170836417027715,4.913437805598667,1.7239596619782074,0.016446991834496827
1776284524.7299418,27.38222336769104,-3.0137796201945815,2.170811233478467,4.912787760030966,1.7301874760597669,0.008610809653007452
1776284524.7410624,27.393343925476074,-3.013764091508466,2.1707808979142915,4.912161608578392,1.7364822660069221,0.056389093027779114
1776284524.7543793,27.406660795211792,-3.013792082362843,2.1707842578246646,4.911561088586769,1.7428418131716734,0.04514434547761096
1776284524.7894795,27.441761016845703,-3.0138692576529746,2.170833692947916,4.910987466091793,1.7492623896545358,0.016549699432493282
1776284524.890214,27.542495489120483,-3.0138692576529746,2.170833692947916,4.910987466091793,1.7492623896545358,0.0
1776284524.909683,27.561964511871338,-3.013994912543126,2.1709081155968195,4.910438764412834,1.7557360208093544,0.02916448532578846
1776284524.9566827,27.608964204788208,-3.0141661262954735,2.171006203252206,4.909912290809932,1.7622514198721508,0.011962555175339493
1776284524.9686515,27.620933055877686,-3.014376354225915,2.171120905363272,4.909407742348542,1.768797660476757,0.04666273567706354
1776284524.9904604,27.642741918563843,-3.0146180472559228,2.1712495042563202,4.908925373525942,1.7753667498176855,0.025432166343351194
1776284524.9916227,27.643904209136963,-3.014883568421343,2.1713834386914956,4.908467295808935,1.7819454086711366,0.4698873971439617
1776284525.0685809,27.72086238861084,-3.015170026374439,2.1715311740845005,4.908031302845043,1.788538189797334,0.0070453002364402485
1776284525.0771496,27.72943115234375,-3.0154713982026173,2.17167724860638,4.9076323103490935,1.7951176083017761,0.060792912723196334
1776284525.094785,27.747066497802734,-3.0157640980253917,2.171738650541728,4.90733141789891,1.8016461708144818,0.024056239039823686
1776284525.1405942,27.79287576675415,-3.01603665005704,2.1716801074097347,4.907158196723755,1.8081043420128677,0.007164563543768396
1776284525.243294,27.895575523376465,-3.01603665005704,2.1716801074097347,4.907158196723755,1.8081043420128677,0.0
1776284525.2619467,27.914228200912476,-3.016296033638176,2.17153951600645,4.907126721654268,1.8144985566762302,0.01590706717682275
1776284525.266215,27.91849660873413,-3.016560167715174,2.171391807130241,4.907247584251545,1.8208459193482325,0.07634506960735203
1776284525.298657,27.95093846321106,-3.0168540138063658,2.1713210172045114,4.9075248108606,1.8271689335182115,0.01264217950729939
1776284525.3066027,27.958884239196777,-3.017203805669539,2.17140051848616,4.907951902462282,1.8334878075235066,0.0701941873588182
1776284525.3686674,28.020948886871338,-3.0176246512765754,2.171661207918515,4.908516974352859,1.8398146584495603,0.012104310874451968
1776284525.3967721,28.04905366897583,-3.0181239077622832,2.1720958891099684,4.909212493055603,1.846144170916693,0.03416439286756136
1776284525.436024,28.088305473327637,-3.0187028327625676,2.172668391309032,4.910039546424527,1.8524610251237965,0.029567385223331414
1776284525.5639248,28.216206312179565,-3.0187028327625676,2.172668391309032,4.910039546424527,1.8524610251237965,0.0
1776284525.601878,28.254159450531006,-3.0193592967951384,2.173341374399858,4.910998296142231,1.8587521351392475,0.03537988908178041
1776284525.6702092,28.322490692138672,-3.020092086371783,2.1740922000545506,4.912084693245789,1.8650035050544627,0.022102493609078677
1776284525.7172866,28.36956810951233,-3.020900019655392,2.174899602842079,4.913296345052706,1.8711900640428023,0.03537065987434926
1776284525.718085,28.37036657333374,-3.0217887287534753,2.1757658434609737,4.914628104716966,1.8773111117593744,2.279844959109724
1776284525.7183542,28.370635747909546,-3.0227710294231516,2.176708046845182,4.916074450598751,1.8833804135696064,7.378468874709726
1776284525.815985,28.468266487121582,-3.0238537690128537,2.177751253253637,4.917631235524689,1.889416925004359,0.022168198040089286
1776284525.8412976,28.493579149246216,-3.0250435896521437,2.178908471143035,4.919292796220233,1.89543267110057,0.09278098235254009
1776284525.906663,28.55894446372986,-3.0263472035927452,2.1801913809923215,4.921054051559971,1.901440260449116,0.03884553961249812
1776284525.9103494,28.562630891799927,-3.027763997328653,2.18159309434691,4.922913576019789,1.9074226779278762,0.7394124743650136
1776284526.0034244,28.65570592880249,-3.029295029433253,2.1831177393513803,4.924871392733173,1.9133649927966145,0.031326966430005196
1776284526.020343,28.672624588012695,-3.0309430862833273,2.1847633165258897,4.926924978303285,1.9192730241335474,0.18352712598258294
1776284526.0811234,28.733404874801636,-3.032710541366591,2.186535580485465,4.92907151280775,1.9251532397815176,0.05425009625609534
1776284526.081661,28.73394250869751,-3.0345940719690665,2.1884176371466633,4.931309900721811,1.9309963783765918,6.470081140419374
1776284526.0818794,28.734160900115967,-3.0365964556910905,2.1904079169921027,4.9336363459599255,1.9368097442465657,16.751080394444326
1776284526.1281846,28.780466079711914,-3.0387152585677133,2.1924977700937736,4.936048677328307,1.942587474167348,0.0827325786459081
1776284526.1337748,28.78605628013611,-3.04094452142215,2.1946697862611426,4.938547864587334,1.9483170468039652,0.7140426947627603
1776284526.209528,28.861809492111206,-3.043285590519703,2.196921950135411,4.941131648269432,1.9539900000043473,0.05479315030667396
1776284526.2440097,28.896291255950928,-3.045733882239539,2.199233218046402,4.94380098972159,1.959574648223036,0.12460737032736087
1776284526.3404465,28.992727994918823,-3.0482881792418577,2.201598711614418,4.946550743742929,1.9650657793060684,0.04600262468167198
1776284526.3627472,29.015028715133667,-3.0509519989608327,2.204024107514045,4.949376114732216,1.9704670740319927,0.20530011964191086
1776284526.3632903,29.01557183265686,-3.0537435501782055,2.2065503719047475,4.952274814870455,1.9758271047460867,8.748659966827816
1776284526.3821352,29.034416675567627,-3.056672404972705,2.2091952841903493,4.955241959667031,1.981161926657047,0.2620015372104295
1776284526.4853787,29.137660264968872,-3.056672404972705,2.2091952841903493,4.955241959667031,1.981161926657047,0.0
1776284526.5030348,29.15531635284424,-3.0597346426085643,2.2119644647869503,4.9582748061814526,1.9864753410455895,0.2901476323926008
1776284526.5066051,29.158886671066284,-3.0629249414071666,2.2148575325484146,4.961371484045854,1.9917667394624978,1.4857097907796204
1776284526.5843604,29.236641883850098,-3.066238450226236,2.2178695211147765,4.964528953513609,1.9970344768996704,0.07046659307324347
1776284526.586544,29.23882555961609,-3.0696629053633226,2.220972139899497,4.967749932333964,2.002248645761916,2.5794796436926792
1776284526.6601946,29.31247615814209,-3.0731893693810064,2.224131365666715,4.971035358914258,2.0073916578232547,0.07824608694823093
1776284526.6860383,29.338319778442383,-3.0768146900763598,2.2273364036014445,4.9743829943747375,2.0124640721379685,0.2276784787692349
1776284526.7089746,29.36125612258911,-3.080542684038767,2.2305936886209965,4.97778735691476,2.0174746880884817,0.2619476704724984
1776284526.7554996,29.40778112411499,-3.084372166742854,2.233904863605336,4.981248825682822,2.0224198138892824,0.13181615521681234
1776284526.8262374,29.478518962860107,-3.0883004344729033,2.237283569667729,4.984768157808168,2.0273118766288865,0.08854661906407729
1776284526.8455527,29.49783420562744,-3.0923354570410573,2.2407533214491977,4.988339174687341,2.032174907231068,0.33180024260273827
1776284526.8459947,29.498276233673096,-3.096472272743325,2.2443054880710016,4.991960311948018,2.0369950913287473,14.807917931807637
1776284526.8639088,29.51619029045105,-3.1007046970093706,2.247929216459563,4.9956325650163365,2.041764869459867,0.3725063620051043
1776284526.9625685,29.61485004425049,-3.10503557994009,2.251634629708112,4.99935352820962,2.0464965685653005,0.06899242979537044
1776284526.978008,29.630289554595947,-3.109456180405489,2.255411298899161,5.003119735534125,2.0511681293269453,0.4486818344336438
1776284526.983155,29.635436534881592,-3.1139614328376677,2.2592450907362402,5.00692766400247,2.055770552095564,1.3668809716273063
1776284527.0277429,29.68002438545227,-3.118547897251141,2.2631306999071326,5.010772892137108,2.0603048737253973,0.1600387223506353
1776284527.0460923,29.698373794555664,-3.12322451192987,2.267096173262851,5.014653675867621,2.0647891224506596,0.39546004977700616
1776284527.1536074,29.805888891220093,-3.127988973826377,2.271155038728019,5.018567459416907,2.069230162712805,0.06865903137635829
1776284527.1537423,29.806023836135864,-3.127988973826377,2.271155038728019,5.018567459416907,2.069230162712805,0.0
1776284527.1540344,29.806315898895264,-3.13283017337605,2.275288906464362,5.022513852872172,2.0736142550039625,25.645172307465874
1776284527.1670358,29.81931734085083,-3.1377361612942076,2.27946605970394,5.026494306211252,2.077935763483547,0.5825297439746248
1776284527.2324157,29.884697198867798,-3.1426949440841896,2.2836650889200527,5.030509690722909,2.0821858960168873,0.11683061960108489
1776284527.299078,29.951359510421753,-3.1477082136382486,2.2878841218000785,5.0345569956464,2.0863659758155713,0.11553071427435369
1776284527.3205402,29.972821712493896,-3.1527779788926233,2.2921338835590928,5.038632761511229,2.090474674986831,0.36203769938901476
1776284527.3456416,29.997923135757446,-3.1579158851952807,2.296432917031212,5.042734691025611,2.0945285351653182,0.3129420533195954
1776284527.388107,30.040388584136963,-3.1631214345822123,2.3007865427417302,5.046864477611938,2.098529869550582,0.18706943814548993
1776284527.4491765,30.101458072662354,-3.1683833789472624,2.3051776763433813,5.051024087685498,2.102464834135328,0.13127686845804346
1776284527.4579494,30.110230922698975,-3.1737011858110673,2.309609027534024,5.055205003477707,2.10633909743027,0.921796144377949
1776284527.4583433,30.11062479019165,-3.179070836956068,2.3140737060742347,5.05940393761899,2.1101562411340615,20.68835252813509
1776284527.4621086,30.1143901348114,-3.184482888960961,2.3185640140527632,5.063618862471233,2.113912870508933,2.177411593666544
1776284527.563377,30.21565842628479,-3.184482888960961,2.3185640140527632,5.063618862471233,2.113912870508933,0.0
1776284527.5774298,30.229711294174194,-3.1899279911017624,2.3230657543750053,5.067850914235772,2.1176081352573943,0.5860438962889283
1776284527.5896842,30.241965770721436,-3.195400654918752,2.3275659516537033,5.0720989960303795,2.121243965466422,0.6741402767549058
1776284527.597651,30.249932527542114,-3.200908809227338,2.332077314745588,5.07636301455776,2.1248258460498506,1.0417083349269776
1776284527.624985,30.27726650238037,-3.206456132964381,2.336613980043284,5.080640832754828,2.128358292998576,0.30533023203501597
1776284527.7111712,30.363452672958374,-3.212054034375228,2.341198172678261,5.08493075237101,2.131853975270862,0.0975978302014259
1776284527.7289057,30.381187200546265,-3.2177103503523923,2.345836386690712,5.089230628509339,2.1353146084583288,0.4784473806337913
1776284527.7715538,30.423835277557373,-3.2234256971442563,2.3505271232779563,5.093539431781675,2.1387395432301375,0.20065818407304484
1776284527.7930055,30.445286989212036,-3.229193377972928,2.3552646521869125,5.097862138713593,2.14213191356229,0.4020806609820788
1776284527.8873699,30.53965139389038,-3.234982933792875,2.3600052223710963,5.102201437404863,2.1454707299188387,0.09166529268731465
1776284527.9032035,30.555485010147095,-3.2407794066130395,2.3647225820632953,5.106557883496177,2.148750224133349,0.5463377955204217
1776284527.9073927,30.55967426300049,-3.2465785419453934,2.3694277642735058,5.110928964826631,2.1519764662461265,2.065532458580016
1776284527.9153843,30.567665815353394,-3.252385473340126,2.3741350227846776,5.11530996751249,2.1551646345661375,1.0841955269161303
1776284527.9739807,30.626262187957764,-3.258210187606121,2.3788469738103646,5.119698265930996,2.1583088781061575,0.14817581711136307
1776284528.062798,30.71507954597473,-3.2640620996064604,2.3835736015855007,5.124093814342929,2.1614123230993365,0.09809396540802538
1776284528.0631793,30.715460777282715,-3.2699465677659556,2.388325942894569,5.128491591275038,2.164470047425318,22.950394355904052
1776284528.0781198,30.730401277542114,-3.275869825959218,2.3931094836765507,5.132888508646618,2.1674840756715343,0.5884708834077707
1776284528.0944467,30.74672818183899,-3.281821482534454,2.397917319403986,5.137283497237289,2.17045117975483,0.5404244817778411
1776284528.173149,30.825430631637573,-3.287790968112657,2.402742883822575,5.141677089937231,2.17337275560707,0.11237846880803534
1776284528.1800995,30.832381010055542,-3.293758153269627,2.4075574895962655,5.146068846507266,2.1762424768822637,1.2713005944051838
1776284528.2042146,30.85649609565735,-3.299705486098402,2.412335232834277,5.150458286441871,2.179064831221181,0.36497518828638226
1776284528.2284973,30.880778789520264,-3.305631747222753,2.4170715770962836,5.154842925178196,2.1818380745358303,0.3608470727461831
1776284528.2695644,30.92184591293335,-3.3115459150782387,2.4217809890342314,5.159220984060598,2.1845574875558516,0.21273277508178112
1776284528.2965014,30.948782920837402,-3.317461065233661,2.4264884908218893,5.163593405144454,2.1872259107764664,0.3242058163049266
1776284528.3034203,30.95570182800293,-3.3233745390175615,2.431204276548574,5.167954623551996,2.1898558925085467,1.261885220329836
1776284528.3284671,30.980748653411865,-3.3292873130358696,2.435936217718167,5.17230493667835,2.1924415346110986,0.34869459718602214
1776284528.3980548,31.050336360931396,-3.3351983179029867,2.4406876384924696,5.176644709333908,2.1949784275365203,0.12556565508622483
1776284528.4474192,31.099700689315796,-3.341099476752752,2.4454459226945313,5.180972952551102,2.19747112845198,0.17683179657609366
1776284528.4482772,31.100558757781982,-3.3469815265120326,2.4502017150951843,5.185286881395546,2.199922925196247,10.148159452569459
1776284528.4685867,31.12086820602417,-3.3528361539851024,2.4549519903263315,5.1895837435468835,2.202335622618078,0.42728063514973696
1776284528.5092206,31.16150212287903,-3.3586639573374932,2.4597014890164943,5.193861676831172,2.2047074514568714,0.2128752753069468
1776284528.5221367,31.174418210983276,-3.3644714552957575,2.464458456703839,5.1981228175647125,2.2070372052278135,0.6683212974231367
1776284528.5355387,31.187820196151733,-3.3702467635452664,2.469204796301801,5.202367983370592,2.209329969218454,0.6414502107545814
1776284528.5758266,31.228108167648315,-3.37597928764677,2.4739243810580964,5.206593694726437,2.2115939705104806,0.21206307509433567
1776284528.607408,31.259689569473267,-3.381670716312913,2.4786114018056145,5.210800836171007,2.2138283928478297,0.26879267023419956
1776284528.6204453,31.2727267742157,-3.3873196182311003,2.483271433674687,5.2149899693200705,2.2160321640987273,0.6471109108403571
1776284528.6713555,31.323637008666992,-3.392916055390657,2.487886803939908,5.2191596392473905,2.2182050795264447,0.16434951419690008
1776284528.6720374,31.324318885803223,-3.39847741737823,2.4924732318049934,5.223311376729011,2.2203473252392008,12.199724715962441
1776284528.6917067,31.343988180160522,-3.4040102513849955,2.4970368939814147,5.227442588359438,2.222451108161952,0.4208003354591142
1776284528.7520738,31.40435528755188,-3.4095129075610404,2.5015809005041127,5.231550265302913,2.2245229738910175,0.13640026615289186
1776284528.7533777,31.405659198760986,-3.414994059968192,2.506115854694682,5.235634641883741,2.2265643019369925,6.291155011480403
1776284528.7923717,31.444653272628784,-3.420448887279476,2.5106401034014776,5.2396974942249965,2.228571553050227,0.20949050758287438
1776284528.792928,31.445209503173828,-3.425876536647167,2.5151493394116162,5.243742973737506,2.2305475950983626,14.623049935019766
1776284528.8752117,31.527493238449097,-3.4312744654604415,2.5196400617328196,5.24776908103899,2.2324951743310706,0.09836764462521172
1776284528.8989568,31.551238298416138,-3.436624377850847,2.524098888063902,5.25177116044721,2.2344110397530894,0.33827637545722034
1776284528.9209602,31.573241710662842,-3.441915751773226,2.528515559619976,5.255745361740989,2.236298552309697,0.3615858956664495
1776284528.9287395,31.581021070480347,-3.4471581335074957,2.532898404415308,5.259694127063873,2.23815643996057,1.0144873314562857
1776284528.9903555,31.642637014389038,-3.452356248543387,2.537253105782774,5.263616133570405,2.239979514426878,0.12713661866827985
1776284529.0367532,31.689034700393677,-3.4575252903491305,2.5415950079739633,5.267510288424165,2.2417665627926264,0.1679674628763325
1776284529.052238,31.704519510269165,-3.4626660105048472,2.545927976959995,5.271377449507811,2.2435189164438607,0.5008822192939889
1776284529.0636652,31.715946674346924,-3.467769870819073,2.5502392484869634,5.275215952321636,2.245237958883931,0.6742905842646398
1776284529.1404157,31.792697191238403,-3.472830487667395,2.5545152583541872,5.279023637537179,2.2469307444613738,0.09956288806860766
1776284529.1581686,31.810450077056885,-3.477839011770173,2.558745096221474,5.282800914245532,2.248595872686637,0.42618536839214716
1776284529.1812274,31.83350896835327,-3.4827864781859454,2.5629160631718277,5.286546547134674,2.250237240939744,0.32425271536171413
1776284529.1928394,31.845120906829834,-3.4876681188112775,2.5670184497384247,5.29025968449175,2.2518551826313415,0.6354534854471124
1776284529.202157,31.854438543319702,-3.492485428262865,2.571054654133068,5.2939400351611265,2.2534529090687645,0.7816382593163748
1776284529.2222202,31.874501705169678,-3.4972372019707234,2.575026546354897,5.297590341709506,2.255026555642506,0.35831249748775973
1776284529.24195,31.89423155784607,-3.5019396324234866,2.5789579320206624,5.3012114154771295,2.256570009005605,0.36082612711925066
1776284529.2627072,31.91498875617981,-3.506614163444388,2.582882869009379,5.304808454619694,2.258086891880025,0.34132001743376017
1776284529.30116,31.953441619873047,-3.511253498665842,2.5867889512977333,5.308377723967967,2.2595774748086863,0.18300553849018358
1776284529.3141139,31.966395378112793,-3.5158395248978214,2.5906505686088375,5.311914905823958,2.2610468629269316,0.5373722257077097
1776284529.3241072,31.976388692855835,-3.520363377462905,2.5944518077781327,5.315415953351328,2.2624949056976384,0.6872781804117092
1776284529.341369,31.993650436401367,-3.5248284816052653,2.5981908247178787,5.318877644621594,2.2639214278079383,0.39248678390274033
1776284529.348607,32.00088858604431,-3.529241405311968,2.601876630875268,5.322302352927063,2.265328791205069,0.9245954938705758
1776284529.3982716,32.0505530834198,-3.533598509489662,2.6055011150831735,5.325691906503911,2.2667144129747734,0.13296843962970897
1776284529.4041183,32.05639982223511,-3.537902755426954,2.6090568210411353,5.3290454179759665,2.268075490591355,1.1139076886240489
1776284529.423719,32.076000452041626,-3.5421632493333424,2.6125530696285364,5.332365446728754,2.2694142273807443,0.32826188465375605
1776284529.4342782,32.086559772491455,-3.5463903619325547,2.6159986161870106,5.335649828126964,2.270732850294264,0.6028906926721705
1776284529.4873433,32.13962483406067,-3.5505780076069664,2.6193874856381787,5.338897725822681,2.2720323716986988,0.11854205244418688
1776284529.5156522,32.16793370246887,-3.5547238240602708,2.6227138439149216,5.342109786204033,2.27331328624445,0.21938205549860199
1776284529.5327013,32.184982776641846,-3.558842637615755,2.625998708468728,5.345288789635298,2.274573649477735,0.36090705550321195
1776284529.542919,32.19520044326782,-3.562939651553157,2.6292582960497284,5.348435164080582,2.275813917933492,0.5978077155214057
1776284529.5826824,32.23496389389038,-3.567001233489895,2.632486069872222,5.351547620240428,2.2770306408368484,0.1521494720367299
1776284529.5985174,32.25079894065857,-3.5710005672129608,2.635660324524022,5.354628770484761,2.2782297945859704,0.3766051490930232
1776284529.6135356,32.265817165374756,-3.5749074059740846,2.6387582925839985,5.357676033466755,2.2794131997126637,0.3890945780474447
1776284529.631413,32.28369450569153,-3.5787182674503244,2.6417828456040935,5.360686505676361,2.2805813230410426,0.32003207515445536
1776284529.6772063,32.329487800598145,-3.5824490386752035,2.6447490542653553,5.3636611299748465,2.2817386870258938,0.12268854426141046
1776284529.6872733,32.33955478668213,-3.58610014597612,2.6476548360253553,5.366600296828897,2.282878792223014,0.547808945653313
1776284529.697537,32.34981846809387,-3.5896700053364827,2.6505006587155444,5.369503768302464,2.2840074416114313,0.527143181364772
1776284529.7102256,32.36250710487366,-3.5931684425735226,2.6532977917300196,5.37236984593994,2.2851188263364284,0.4190876899429296
1776284529.7491384,32.40141987800598,-3.596602928519342,2.6560553618990967,5.375196480637013,2.2862137496888453,0.13449367394312267
1776284529.7510886,32.40337014198303,-3.599990914227307,2.6587926453524604,5.377985755658945,2.2872895683624486,2.652029934761233
1776284529.7904086,32.44269013404846,-3.603351565751316,2.661524906238665,5.3807402490498735,2.288340691882509,0.13054123904322204
1776284529.8028948,32.45517635345459,-3.606676562765478,2.664240540624937,5.383457750925868,2.2893712256618217,0.40691703757551295
1776284529.8387973,32.49107885360718,-3.609943541537478,2.666913038015389,5.386138725064933,2.2903853103064895,0.1392744645347763
1776284529.855254,32.507535457611084,-3.6131352942547115,2.6695326435051387,5.388782342039038,2.2913863849704263,0.2979284100526239
1776284529.8695624,32.521843910217285,-3.616245691478156,2.6721002222058465,5.391390302538068,2.2923742269231355,0.3356733844094355
1776284529.8830948,32.53537631034851,-3.619269685995976,2.674609277501656,5.393960594783852,2.2933524796657707,0.34697090647916434
1776284529.8990386,32.55132007598877,-3.622214837845648,2.677068718396476,5.39649215326128,2.294321319627681,0.28832005322011
1776284529.9399562,32.59223771095276,-3.625097482199401,2.6794931862757876,5.398986946539914,2.295274832243789,0.11041518754449525
1776284529.9551036,32.60738515853882,-3.627928836697289,2.6818908948393316,5.401445483260045,2.296212408908558,0.29383432810271304
1776284529.9683492,32.620630741119385,-3.6307162181642436,2.684267179275465,5.403868009117551,2.297126393566048,0.331540906686945
1776284529.9780667,32.630348205566406,-3.633455439648062,2.686615288215851,5.406254449415687,2.298020400326848,0.44515134726664757
1776284530.0266128,32.67889428138733,-3.636153941505056,2.688943205621929,5.408606076841515,2.2988937250235755,0.08795372785790635
1776284530.0520906,32.70437216758728,-3.638801208057804,2.6912372110749074,5.41092236191982,2.299749009942311,0.1648285499314735
1776284530.0539982,32.70627975463867,-3.6413915607670693,2.693486780924998,5.41320404131964,2.3005960878243963,2.1599335248161267
1776284530.0720038,32.724285364151,-3.64391109434695,2.6956748099685726,5.415448916601047,2.3014344739978574,0.22336448624808322
1776284530.1235683,32.77584981918335,-3.646352635536719,2.6977944298147705,5.417653945516116,2.3022641230287264,0.0758967460660144
1776284530.1511745,32.80345606803894,-3.6487201441117234,2.6998510254771757,5.4198176650615695,2.3030855196771975,0.13801349020776438
1776284530.152031,32.80431246757507,-3.6510293406084577,2.701862653984276,5.421942035549668,2.3038954967907417,4.352169202286743
1776284530.1733105,32.825592041015625,-3.65329789298119,2.7038387523150114,5.424029573497055,2.3046948946822505,0.17208263404135424
1776284530.2268105,32.87909197807312,-3.655542009162387,2.7057916672497457,5.426082982466048,2.305481253407502,0.06756551300043638
1776284530.2467582,32.89903974533081,-3.6577703782523483,2.707736407931396,5.428103165333624,2.306245592651957,0.17955539266418802
1776284530.2535717,32.905853271484375,-3.659971542001672,2.7096709520571767,5.430090060118857,2.3069918781066683,0.5196321613205837
1776284530.2706585,32.92294001579285,-3.6621171418797664,2.7115656244443898,5.4320460330276275,2.3077266139779797,0.20289842826809446
1776284530.3129003,32.965181827545166,-3.6641814542949054,2.7133927452724627,5.433970427806991,2.3084584427270403,0.07958941581988559
1776284530.3317273,32.9840087890625,-3.6661651276172864,2.715153791725798,5.4358614061646895,2.3091819128762037,0.1730291515099297
1776284530.358242,33.010523557662964,-3.668053671309228,2.7168387406460006,5.437718366002796,2.309899609913965,0.11839063103756252
1776284530.3623393,33.014620780944824,-3.6698485277676465,2.71844897877828,5.439540858840727,2.3106114461462752,0.7377088735305184
1776284530.4109008,33.06318235397339,-3.671572178063942,2.7200092459321072,5.4413303437682545,2.311314329527196,0.060415700034170954
1776284530.4137666,33.06604814529419,-3.673248907116081,2.7215432427078596,5.443089114694421,2.312004932954404,1.0027408570650664
1776284530.4443505,33.09663200378418,-3.6748923046471025,2.7230577453844966,5.444817256651014,2.3126791310450563,0.09237085777272887
1776284530.4513564,33.10363793373108,-3.676518909803796,2.7245707121599585,5.446519912232261,2.313335102185062,0.3995071669517547
1776284530.4764183,33.1286997795105,-3.6781240203711514,2.726078453961047,5.44820030792429,2.313976988429092,0.110530140709244
1776284530.5119004,33.16418194770813,-3.679685549255582,2.7275509808996583,5.449855640230013,2.314613140342981,0.07639060265645035
1776284530.5235045,33.17578601837158,-3.6811756413644017,2.728954753086121,5.451483364295058,2.315244358081813,0.22538839051105405
1776284530.529446,33.18172740936279,-3.682571050083116,2.7302561405683567,5.453081030120132,2.315870830532085,0.4188642641433286
1776284530.5448601,33.19714164733887,-3.6838722348546042,2.7314524303164225,5.45465057844819,2.3164997822678086,0.15335340689688182
1776284530.605094,33.25737547874451,-3.6851003446003783,2.732561386799328,5.456193051740457,2.3171243786624482,0.03755591372261697
1776284530.6262405,33.27852201461792,-3.686186938427677,2.733515812258473,5.4577152257148445,2.31775137158574,0.09929159327298746
1776284530.6282878,33.280569314956665,-3.6870738257370923,2.7342602987054097,5.459213477976042,2.3183852014888013,0.9249083400851814
1776284530.6392033,33.29148483276367,-3.6877807467068053,2.7348203447311374,5.460685569760757,2.319019050064734,0.15815978649802823
1776284530.7154257,33.36770725250244,-3.688389832082091,2.735289770951062,5.462146448420224,2.3196481169752863,0.021659147141460267
1776284530.7482011,33.40048265457153,-3.689000425237423,2.735776687645898,5.463606677221281,2.3202680294212947,0.050524259033503285
1776284530.7501786,33.4024600982666,-3.689690048559069,2.7363605552586683,5.465060676781405,2.3208706541075848,0.8657128863066511
1776284530.765286,33.41756749153137,-3.6905092468667804,2.7370936010835925,5.4664909648089495,2.3214496382291205,0.11940714365785166
1776284530.8209743,33.47325587272644,-3.6914777725323087,2.737997049125034,5.467880484021971,2.3220055255604573,0.03447113355897208
1776284530.8326743,33.48495578765869,-3.6925797714603266,2.739052600123321,5.469226244526057,2.3225466599329776,0.1739000386956252
1776284530.84989,33.50217151641846,-3.6937789370278447,2.74021851016764,5.470535761094565,2.3230741298259643,0.12338651475050379
1776284530.8795931,33.531874656677246,-3.695041669823352,2.741456414608432,5.471815769273794,2.3235936278199523,0.07349262855845243
1776284530.924159,33.57644057273865,-3.6963472986083774,2.7427432188852583,5.473069154543128,2.3241027350470724,0.049829549725570986
1776284530.9464316,33.59871315956116,-3.697691147569653,2.744072666396275,5.474293880298724,2.3246031993857494,0.10112888202278739
1776284530.957153,33.609434604644775,-3.6990815496119938,2.7454511538411333,5.475487341255061,2.3250959350532128,0.21386931560767458
1776284530.9797595,33.63204097747803,-3.700539437315212,2.7468990914703393,5.4766503310719745,2.3255775513799146,0.1044413022844966
1776284531.041224,33.69350552558899,-3.702091109048871,2.748444277382571,5.477782980309774,2.326052546379047,0.040110866936526414
1776284531.0555522,33.707833766937256,-3.703754694241062,2.750105421155162,5.478882656464411,2.326516857750087,0.18114012443924477
1776284531.0711164,33.723397970199585,-3.7055380396098405,2.751889900419581,5.479945164590004,2.3269738368779396,0.17588089341502755
1776284531.0929594,33.745240926742554,-3.7074447420880117,2.753800482433081,5.480967920699568,2.3274248321437447,0.1321477489170934
1776284531.1081579,33.76043939590454,-3.7094726647350713,2.7558346052684577,5.481950957623451,2.327870129532622,0.1997481998581302
1776284531.1623874,33.81466889381409,-3.7116149859011993,2.7579843764346794,5.482895721082985,2.328309020421254,0.0586142510658625
1776284531.163083,33.815364599227905,-3.7138656775839287,2.7602430423506163,5.4838042096995485,2.328742790010283,4.765665674050027
1776284531.1726928,33.82497429847717,-3.7162217632029493,2.7626067340391125,5.484678390971453,2.3291701946929244,0.3590103266417543
1776284531.2001374,33.85241889953613,-3.7186836295864505,2.7650757829875796,5.485519744510839,2.329593269636047,0.13069100189363894
1776284531.2591245,33.91140604019165,-3.7212545420732814,2.767653828022396,5.486327233464317,2.3300074775359705,0.06322286136071008
1776284531.2706041,33.92288565635681,-3.723939739725969,2.770346085537489,5.487100906496862,2.3304139580815817,0.33802078037787403
1776284531.2800658,33.93234729766846,-3.7267460357194664,2.773159685017444,5.48784042355877,2.3308136384740044,0.42720855376898303
1776284531.30493,33.9572114944458,-3.7296814700114505,2.7761036472528526,5.488544866761326,2.3312085204700725,0.16958622352855018
1776284531.3690248,34.02130627632141,-3.732750853729195,2.7791836382623956,5.48921582444811,2.331598155331081,0.06864415912027724
1776284531.3827646,34.035046100616455,-3.735952772564954,2.782398552697452,5.48985461823099,2.331975513703358,0.3334934236566865
1776284531.416199,34.068480491638184,-3.7392824308843258,2.785741066955937,5.490464312152621,2.3323461512761163,0.14228400552717366
1776284531.4300919,34.08237338066101,-3.742732082876551,2.78920159009272,5.491047474869053,2.33270822020654,0.3542038188025557
1776284531.4796853,34.13196682929993,-3.746300918396693,2.7927798624627114,5.491603540683371,2.3330631574318454,0.10251903994151691
1776284531.5029757,34.15525722503662,-3.74998857862148,2.796473542081717,5.492133476847758,2.333412593978287,0.22525297681391873
1776284531.5033805,34.155662059783936,-3.7537988227668677,2.8002855333733745,5.492636007478792,2.3337591842400416,13.371163027840158
1776284531.5212681,34.17354965209961,-3.7577363056150332,2.8042217862098564,5.49311096071483,2.3340987640992945,0.31238377842496595
1776284531.5678935,34.22017502784729,-3.7618071906528177,2.8082905321207154,5.493557784658074,2.334433229873957,0.12381469204193037
1776284531.5812745,34.233556032180786,-3.766015501194143,2.8124914427896757,5.49397773488773,2.3347661039190224,0.4454845457420308
1776284531.6107328,34.26301431655884,-3.770361672201548,2.8168214905793625,5.494371622848983,2.335101241348803,0.2086901967837653
1776284531.6304066,34.28268814086914,-3.774846280145092,2.821279228420364,5.494739051771795,2.3354352754486616,0.3219449380434612
1776284531.7025628,34.35484433174133,-3.779466335038858,2.8258633743699573,5.49508071247103,2.3357665140756128,0.09032300497637966
1776284531.717851,34.37013244628906,-3.7842257972661115,2.83057883453291,5.495397581158174,2.3360980821480037,0.4387292523959137
1776284531.7472978,34.39957928657532,-3.789121092188999,2.8354266926031904,5.4956899529451,2.336424053886471,0.2341756214268298
1776284531.7610667,34.41334819793701,-3.7941521416637993,2.8404062767831246,5.4959589929048525,2.3367438282636823,0.5144772281710617
1776284531.7844093,34.43669080734253,-3.7993091784686643,2.845509843513375,5.496206743107963,2.3370580671192243,0.3110050566854799
1776284531.807095,34.45937657356262,-3.8045938360117124,2.850741213695404,5.496430604281248,2.3373673412380005,0.3279333305236953
1776284531.829736,34.482017517089844,-3.8100083574760206,2.856102876603689,5.496630141852832,2.3376781952906986,0.3366739907925405
1776284531.8353212,34.48760271072388,-3.8155494080891077,2.861583971651531,5.496809677454433,2.337990889587599,1.3958364391356128
1776284531.846352,34.49863362312317,-3.821199391609289,2.8671689600691384,5.4969768143210045,2.338292627431875,0.7203588809309153
1776284531.9259024,34.57818388938904,-3.826948627074581,2.872850779942589,5.497137129407706,2.3385874809102836,0.10163016828987531
1776284531.9295766,34.58185815811157,-3.832810642496012,2.8786399670679823,5.497288592497259,2.3388791441908134,2.242676852855083
1776284531.966375,34.618656635284424,-3.838777161005488,2.884527743714376,5.497433845020822,2.3391644454920693,0.22782724839528565
1776284531.9851658,34.637447357177734,-3.844845414318175,2.8905122631989264,5.497567921564347,2.33944171973688,0.45362054956280834
1776284532.0087345,34.66101598739624,-3.8510241327322405,2.8966084688681804,5.497685752213284,2.3397136069716344,0.3683149093944809
1776284532.0270243,34.67930579185486,-3.857326907472559,2.902834543152819,5.497782715096589,2.3399838128707744,0.4844191053157881
1776284532.0515168,34.70379829406738,-3.863762204561748,2.9091954694191315,5.4978560012170306,2.3402545306158604,0.36944963099888367
1776284532.0520866,34.704368114471436,-3.8703132338253563,2.9156694659518014,5.497914118149324,2.340520278374935,16.163739366540167
1776284532.1144168,34.766698360443115,-3.876954600200014,2.92222722602658,5.497963877137435,2.3407818710247112,0.1497428984123374
1776284532.1319401,34.78422164916992,-3.883691541606833,2.928872938539314,5.498003176708646,2.3410398069382468,0.5400394275696961
1776284532.1402972,34.79257869720459,-3.890542052586783,2.9356211042169833,5.498027516919952,2.3412987908336538,1.1506478807354275
1776284532.1573024,34.80958390235901,-3.897506466435058,2.9424705524492993,5.498034913292597,2.341554538384541,0.5744250973064894
1776284532.197474,34.84975552558899,-3.9045699963783322,2.9494039033223802,5.498026741373889,2.3418110620217054,0.24638588064282013
1776284532.2183344,34.87061595916748,-3.911716768139887,2.9564077485034774,5.498005485645483,2.342065488165086,0.4796894617328434
1776284532.2350955,34.8873770236969,-3.9189289694239435,2.96346951062109,5.4979722366017425,2.342312060073116,0.6022190068430144
1776284532.239086,34.89136743545532,-3.9262053595880557,2.9705877372195864,5.497926880039976,2.342548681805901,2.5509263696822404
1776284532.3110802,34.963361740112305,-3.93355119653494,2.9777751118812064,5.497871070353808,2.342777334865502,0.142751498355421
1776284532.323243,34.97552442550659,-3.940951493365492,2.9850120044793127,5.497810036009892,2.343000353913005,0.8510358067220558
1776284532.3401432,34.992424726486206,-3.948411110495529,2.992300490800188,5.497740452295051,2.343216129524541,0.617114342500244
1776284532.3615499,35.01383137702942,-3.9559408075981084,2.9996523190749516,5.497662086298814,2.343423239075014,0.4916168868301688
1776284532.3725736,35.02485513687134,-3.9635434839083006,3.0070722591571126,5.4975745312223445,2.3436242751877807,0.9637129914593328
1776284532.4304278,35.082709312438965,-3.971208550741865,3.0145500269589256,5.4974802754142145,2.3438181428703255,0.18510046681556244
1776284532.4380553,35.09033679962158,-3.978935738188054,3.022084759512458,5.497376454779806,2.3440050346181707,1.4150354118364916
1776284532.4583197,35.11060118675232,-3.986707677014497,3.0296591752760955,5.497266619475392,2.344188092761805,0.5355684301546847
1776284532.4753287,35.127610206604004,-3.994532914497916,3.037285468109781,5.497149949121691,2.3443726743286435,0.6424479718869852
1776284532.5372705,35.18955206871033,-4.0024256312230335,3.0449752897548423,5.49702584440354,2.344557473433102,0.17791120568906557
1776284532.5541205,35.20640206336975,-4.0103868022579805,3.0527304168975564,5.496891569552527,2.344737340055667,0.6596362396311964
1776284532.5779543,35.23023581504822,-4.018412753192035,3.060549884375487,5.496746031025436,2.3449081102039937,0.47018611838602453
1776284532.5908566,35.24313807487488,-4.026493300625468,3.0684331951692836,5.496590241116359,2.345073772350063,0.8750473954441067
1776284532.6665134,35.31879496574402,-4.0346108797944975,3.0763665630316157,5.49642676681685,2.345232322849035,0.15004129755489667
1776284532.6669004,35.3191819190979,-4.042733256470841,3.084313586798266,5.496262319164239,2.345386715769254,29.3695564578312
1776284532.679445,35.33172655105591,-4.050857410102714,3.092267727716161,5.496094745775294,2.34553707367735,0.9064388295925413
1776284532.679839,35.332120418548584,-4.058989341675874,3.100233428764343,5.4959224378965335,2.345684903529204,28.90478727606201
1776284532.7475903,35.399871826171875,-4.067134830911249,3.1082212991171034,5.495745947950252,2.345827335572595,0.16840856679524285
1776284532.7550566,35.40733814239502,-4.075291847445984,3.116240732101798,5.495568536364664,2.345962886250767,1.532250472697141
1776284532.770999,35.423280477523804,-4.083469754874451,3.124301518487241,5.495387453411333,2.346094146414712,0.7203597728850839
1776284532.7833066,35.435588121414185,-4.091669101879889,3.1324071092891015,5.495199151527506,2.3462186010281063,0.936902333370165
1776284532.86742,35.51970148086548,-4.099878185370336,3.140546308536025,5.49500318843886,2.3463360395135493,0.13745436054650972
1776284532.8822887,35.53457021713257,-4.108081852827432,3.148698321573947,5.494799721182042,2.346452824329625,0.7779450596424546
1776284532.9080935,35.56037497520447,-4.116267951012586,3.1568503735509257,5.494589212853984,2.3465727818356923,0.4477763184766522
1776284532.923797,35.57607841491699,-4.124443642812241,3.165004388365849,5.494373154654428,2.3466890836710537,0.7354361763431415
1776284532.9805229,35.63280439376831,-4.13261204771436,3.1731607144736964,5.4941533657409565,2.346802235283937,0.20352973416452325
1776284533.0150073,35.6672887802124,-4.140752245517286,3.181292203304277,5.493931725009351,2.3469211850621776,0.3337149756352331
1776284533.0214624,35.67374396324158,-4.148884631315828,3.1894133135422,5.4937106113442455,2.3470430887838987,1.7807530461867598
1776284533.0221546,35.67443609237671,-4.157024033592393,3.1975339587731946,5.493489789471453,2.347170848709538,16.61498883485358
1776284533.030122,35.682403564453125,-4.165181936576773,3.205664757310342,5.493270767440942,2.3473004781760505,1.445872592308752
1776284533.1049814,35.75726294517517,-4.173342020007522,3.2137969847082544,5.493050043552202,2.3474270314952514,0.15392238709537068
1776284533.1351109,35.787392377853394,-4.1814897301445955,3.2219242714004546,5.492826601518456,2.3475513374953603,0.3820297172927226
1776284533.1459875,35.79826903343201,-4.189614235954589,3.230040269180131,5.492603080817167,2.3476743235344384,1.0560182598375436
1776284533.1596334,35.811914920806885,-4.197714441297559,3.2381335516559373,5.492378045842781,2.347797847990403,0.8392812318025318
1776284533.1881967,35.84047818183899,-4.2057897931812995,3.2462046477243143,5.492146935072403,2.34791846535692,0.3998003617621341
1776284533.197937,35.850218534469604,-4.2138530883030985,3.254270832777678,5.49191108643609,2.3480358213756056,1.171179700799771
1776284533.2162223,35.86850380897522,-4.221904520697824,3.262332832797303,5.491672780509692,2.3481504103704838,0.6232562496580442
1776284533.2306795,35.88296103477478,-4.229927792229379,3.2703696119432712,5.4914303114188,2.3482600799635147,0.7856806786164745
1776284533.2968879,35.949169397354126,-4.2379111215942045,3.278361471595867,5.4911848501015585,2.3483682282974163,0.1706556729416007
1776284533.3240812,35.97636270523071,-4.245838114801721,3.2862867652725636,5.490936615325841,2.3484786953193932,0.41230761533077614
1776284533.325382,35.97766351699829,-4.25371644044127,3.2941493496802736,5.490684408462808,2.3485899283924914,8.558783905313193
1776284533.3445451,35.99682664871216,-4.261562507570317,3.301967840001626,5.490429289168657,2.348698583779023,0.5781659148656257
1776284533.3903852,36.04266667366028,-4.2693802883282,3.3097547676059054,5.490173653325186,2.3488014024797175,0.24077599244264858
1776284533.3999856,36.05226707458496,-4.27716946655384,3.317526104653833,5.4899178260684804,2.348899106785574,1.1464028301869948
1776284533.4172523,36.069533824920654,-4.284932865995832,3.3252798309587854,5.489660493096221,2.348995254163399,0.6356311386715197
1776284533.4281883,36.080469846725464,-4.292657113628137,3.3329998368446265,5.489401773769464,2.349088519552896,0.9988825172642775
1776284533.4661546,36.118436098098755,-4.300331221388994,3.3406808485108015,5.489139222773199,2.3491782271372257,0.28606680130017764
1776284533.4901977,36.14247918128967,-4.3079512807771,3.3483212268630713,5.488871199084093,2.349268512072283,0.4489481068010965
1776284533.500246,36.15252757072449,-4.3154967878026795,3.3559045845520368,5.488599256602717,2.349356279534567,1.0649679018013574
1776284533.5110059,36.16328740119934,-4.3229591802257366,3.363414592855853,5.488322098328916,2.349443476208294,0.984287518061059
1776284533.539194,36.19147562980652,-4.330343144757932,3.370856564898969,5.488041184327027,2.34953013896941,0.3720476240990315
1776284533.5565286,36.20881009101868,-4.33766161277109,3.378252708732376,5.487757400369461,2.349613098684679,0.6004695441933892
1776284533.5721025,36.22438406944275,-4.344922614318917,3.385611026799742,5.487469563988445,2.349696688836178,0.6640342754503931
1776284533.588603,36.24088454246521,-4.352119046624355,3.3929255865307235,5.487176853371149,2.34977878293043,0.6221236766331639
1776284533.6003642,36.25264573097229,-4.359252445428077,3.400195337034023,5.486878784566058,2.3498623519179485,0.8663564502881883
1776284533.66056,36.31284141540527,-4.366330539088364,3.4074208717776124,5.486574780964035,2.3499400466978857,0.1681066927100486
1776284533.679814,36.33209562301636,-4.3733584573649065,3.414596802044753,5.486268674732559,2.3500166363850843,0.5219039121894845
1776284533.690777,36.343058586120605,-4.380337800419975,3.421724896274361,5.485960552153629,2.3500907286137815,0.9104086409070374
1776284533.7192762,36.37155771255493,-4.387270834182174,3.428794489048445,5.4856512359539495,2.3501662123821525,0.34761251798974746
1776284533.7522328,36.40451431274414,-4.394144525178386,3.43579978642415,5.485338628506479,2.350246511635263,0.2979477637427553
1776284533.766287,36.41856861114502,-4.400947638533683,3.442739051540475,5.48502140410945,2.3503270364101936,0.6918155520589425
1776284533.7822325,36.43451404571533,-4.407671583360748,3.4495968390891396,5.4846990055652,2.350407085424629,0.6026559532052959
1776284533.7926168,36.4448983669281,-4.414315527035931,3.456365925935791,5.484369529456768,2.3504891481179206,0.9139334414367055
1776284533.8205843,36.47286581993103,-4.4208874633676025,3.4630605887261408,5.4840372862803495,2.3505690565782738,0.33564676112952596
1776284533.8450744,36.497355937957764,-4.427377749395033,3.469672227745968,5.483701355947644,2.3506501018559898,0.3785586331666562
1776284533.8454373,36.497718811035156,-4.433783848822558,3.476198898571079,5.483358829490285,2.350731890462414,25.220000547996843
1776284533.8531172,36.505398750305176,-4.440125627264404,3.4826618024885803,5.483015313295397,2.3508112396023058,1.1798526399420046
1776284533.9234204,36.57570195198059,-4.446423087707103,3.4890826890661577,5.482673509958843,2.350887469639147,0.1280190012754322
1776284533.9336925,36.5859739780426,-4.452680400212797,3.4954626448145145,5.482332176318394,2.350959405686877,0.8706009193648699
1776284533.953481,36.60576248168945,-4.458881830962204,3.5017879674163743,5.48199138544423,2.351032469459884,0.4479741676103547
1776284533.9631007,36.61538219451904,-4.464997686130953,3.5080305416293696,5.481651703290503,2.3511074729200607,0.9091526724199479
1776284533.9993856,36.65166711807251,-4.471011380510485,3.514174830921865,5.481312754996066,2.3511880061703234,0.23712789155303104
1776284534.018931,36.67121243476868,-4.476919160378359,3.5202212923625966,5.4809728301983425,2.3512667853555334,0.4328569163004625
1776284534.0354989,36.68778038024902,-4.482741375286037,3.526189964413083,5.480637452711304,2.351339827136086,0.5036714671554695
1776284534.052382,36.70466351509094,-4.488489655278089,3.5320882081410234,5.480305313888845,2.3514119907391313,0.4882217141441715
1776284534.1078231,36.76010465621948,-4.49416692854559,3.537912531141299,5.479973676357199,2.3514823000515572,0.1468274197779419
1776284534.1253624,36.77764391899109,-4.4997772471664454,3.543669042750721,5.479643365302191,2.3515490021941665,0.4586858281608199
1776284534.1398191,36.79210066795349,-4.5053205308981665,3.5493566094635165,5.479314160863901,2.351616959694977,0.5498390962273206
1776284534.1494856,36.801767110824585,-4.510797343434382,3.5549791842995675,5.478984657017232,2.351682287061417,0.812712816799305
1776284534.166325,36.81860661506653,-4.516212544284593,3.5605455727993256,5.478653855447769,2.3517430646255835,0.46158927221054297
1776284534.2131522,36.86543369293213,-4.521550246196447,3.566035796846474,5.478321531353795,2.3518026513094177,0.16367597096036807
1776284534.2261221,36.878403663635254,-4.526792734587458,3.5714302673170932,5.477988269886637,2.351861816850267,0.5805419564855907
1776284534.23829,36.89057159423828,-4.531935452100702,3.576732495237064,5.477651871557685,2.351923246613862,0.6076800845074835
1776284534.2609642,36.913245677948,-4.536975739105666,3.5819450472412413,5.477309765237471,2.351986032155071,0.3201426506757783
1776284534.2902186,36.94250011444092,-4.541926284317536,3.5870774045927623,5.476963482106441,2.3520511500515213,0.24403993543765534
1776284534.309219,36.96150040626526,-4.54679986299323,3.5921354325910917,5.476613166386369,2.3521176832858877,0.3701336817959428
1776284534.3097253,36.96200680732727,-4.55160478678368,3.597126792463908,5.476258880172976,2.3521792872688394,13.699271179443798
1776284534.3202724,36.972553968429565,-4.556345513324142,3.602054863327339,5.475902491923351,2.3522382601538707,0.6492207884342017
1776284534.3793378,37.03161931037903,-4.561014477797574,3.6069169588939056,5.475543131527002,2.352297261667664,0.11428754218945962
1776284534.3932593,37.04554080963135,-4.565601134731985,3.611704047721223,5.475180248140911,2.3523549954112988,0.47693700271674205
1776284534.4070523,37.05933380126953,-4.570111039104024,3.616417006314458,5.474817586090963,2.3524099295109178,0.47366104861548475
1776284534.4317424,37.08402395248413,-4.574550822029981,3.621069215520624,5.474456827097785,2.352463982091901,0.2608681851694919
1776284534.47552,37.12780141830444,-4.578924813347573,3.6256672447279934,5.474097487854649,2.3525148341556044,0.14519614967970723
1776284534.4812737,37.1335551738739,-4.5832280709740765,3.63020185217921,5.4737374496386275,2.352560992301807,1.088300369118869
1776284534.499276,37.15155744552612,-4.58744783617364,3.634655403921028,5.47337673316727,2.3526053655619306,0.3413893459017146
1776284534.5101573,37.16243886947632,-4.5915764757019835,3.6390159258201322,5.473016309387432,2.3526530439940534,0.5528494548530258
1776284534.5332253,37.18550682067871,-4.595620658671137,3.6432897496017254,5.472657299929541,2.3527018841151435,0.25554511846525946
1776284534.5540538,37.2063353061676,-4.599575869596398,3.6474719753429485,5.47229914553142,2.352750034363013,0.27689995585711563
1776284534.56853,37.22081160545349,-4.603440637089626,3.6515617789688313,5.471939382859645,2.3527957442183913,0.3894966858608252
1776284534.5757325,37.22801399230957,-4.607227434957406,3.655569162252215,5.471580797820776,2.3528413772348005,0.7671308971633393
1776284534.6417663,37.294047832489014,-4.610937502922106,3.65949617835821,5.471225005017167,2.35288815021045,0.08199001662820152
1776284534.6487477,37.301029205322266,-4.614579653039153,3.663356180491146,5.470871374666188,2.3529336634238565,0.7618598593539714
1776284534.7015202,37.35380172729492,-4.614579653039153,3.663356180491146,5.470871374666188,2.3529336634238565,0.0
1776284534.7047918,37.35707330703735,-4.618167170686221,3.6671640242420214,5.470523874052844,2.3529746403958103,1.602638221602769
1776284534.7053876,37.35766911506653,-4.621697681675549,3.6709211502645305,5.470182347093105,2.3530174670379016,8.672135484558813
1776284534.7056308,37.35791230201721,-4.625158553890587,3.67461522791254,5.4698442822225966,2.3530614370285217,20.861631116789482
1776284534.7437885,37.39607000350952,-4.628539282378534,3.6782389220211824,5.469506890732941,2.3530995019170695,0.1301788302693723
1776284534.7560778,37.40835928916931,-4.631840735780835,3.681788925029868,5.469169059622858,2.3531353227469882,0.3954383549019373
1776284534.756558,37.40883946418762,-4.635068158099831,3.6852612754717637,5.468830475120317,2.3531715017089043,9.897839416198485
1776284534.7671366,37.41941809654236,-4.638239929388844,3.688667565334563,5.468495963826623,2.3532081622603216,0.4411110910366668
1776284534.8044395,37.45672106742859,-4.6413703746476935,3.6920166648851884,5.468165250288435,2.3532480217124485,0.12321408382278377
1776284534.8141131,37.466394662857056,-4.64445054864901,3.69530128463777,5.467837247133191,2.353287893345927,0.46671793827157726
1776284534.8324735,37.48475503921509,-4.647471298481449,3.698509060681101,5.467509323346784,2.3533292609538345,0.2406488598795002
1776284534.8483274,37.500608921051025,-4.650435568724613,3.7016440465012663,5.467183571545213,2.3533700360181786,0.27291702345890073
1776284534.8857875,37.538069009780884,-4.653352772315817,3.70471788555128,5.466862004093676,2.3534136669554617,0.11345241466556114
1776284534.9118726,37.56415414810181,-4.6562095918858475,3.7077235327302733,5.4665414923946996,2.3534557595447887,0.15944303965741494
1776284534.917541,37.569822549819946,-4.6589996282683845,3.71066069478372,5.466225509201717,2.3534924703364255,0.716847837417854
1776284534.9289722,37.58125376701355,-4.661715714942944,3.7135262483445572,5.46591482153965,2.3535274352151623,0.3464579163563816
1776284534.9748902,37.627171754837036,-4.664367973216013,3.7163290501867228,5.465609701597093,2.35356254992906,0.08429861871633915
1776284534.990971,37.64325261116028,-4.666953456907128,3.7190662943704593,5.465309976324819,2.3536012941107596,0.2348865650171961
1776284534.9975429,37.649824380874634,-4.669461137886159,3.721726416358202,5.465013834964466,2.353644169174445,0.5581073637868059
1776284535.0324388,37.684720277786255,-4.671874496327965,3.7242957755717385,5.464720676806307,2.3536831669040184,0.1013646102710871
1776284535.051862,37.70414352416992,-4.674199950910941,3.7267783718009797,5.464428054910204,2.3537181469500514,0.17577822343764637
1776284535.079627,37.731908559799194,-4.676439882008538,3.729170961416816,5.464131371311526,2.3537517916025634,0.11852553762253526
1776284535.0824301,37.73471164703369,-4.6786142949227685,3.7314880703379134,5.463833298249943,2.3537815768752686,1.1385795098618465
1776284535.0946765,37.74695801734924,-4.680752738875537,3.7337632538048395,5.463540772132182,2.353815188315188,0.2560820970109089
1776284535.1510158,37.80329728126526,-4.68286183759942,3.7360113089543954,5.4632542703912375,2.3538526620278137,0.05494968902736881
1776284535.169997,37.82227849960327,-4.684969316062636,3.73824232020327,5.4629774289096344,2.3538929050365307,0.1623436263978062
1776284535.1811526,37.833434104919434,-4.687069150505291,3.740447004841167,5.462708003065883,2.3539351124627674,0.27399276448613197
1776284535.194244,37.84652543067932,-4.689134226891218,3.7426064263246968,5.462443832897461,2.3539779797980573,0.22912661976042398
1776284535.2113562,37.86363768577576,-4.691149552211057,3.744708803447777,5.462184070907838,2.3540179860498776,0.17086395850320613
1776284535.2379549,37.890236377716064,-4.693092867454061,3.7467282778373323,5.46192789205182,2.3540544925138756,0.10580658317163472
1776284535.250202,37.90248346328735,-4.694957830340516,3.7486598928379915,5.461673084139647,2.3540869286245276,0.22022082150847977
1776284535.2611132,37.91339468955994,-4.696736888909072,3.7505027375051165,5.461419415719155,2.35411608883323,0.23590377973463386
1776284535.2782946,37.93057608604431,-4.698439110921158,3.752272351376392,5.461166318817771,2.354143082983716,0.14366881616445926
1776284535.31536,37.96764159202576,-4.700069076295179,3.753969123688651,5.460912836348344,2.3541702902947246,0.06384502435767177
1776284535.3282156,37.98049712181091,-4.701628970892524,3.7555935542775822,5.4606568811124925,2.354193627668004,0.17631466294270554
1776284535.341504,37.99378561973572,-4.703133033996207,3.757162873169396,5.460400244877072,2.354216982005708,0.1647136065212158
1776284535.3613434,38.01362490653992,-4.704616421720915,3.7587090367730176,5.46015175595056,2.3542445963854246,0.10872552154528882
1776284535.393277,38.0455584526062,-4.706077784783219,3.760228759848882,5.459910718684147,2.354275728150309,0.06645311756007291
1776284535.402959,38.055240631103516,-4.707498696395526,3.761704052571101,5.459675011241716,2.3543075495785155,0.21294837395891994
1776284535.4210804,38.07336187362671,-4.708880608419379,3.763138883545307,5.459442471736308,2.354336014505431,0.11067761824945865
1776284535.4316645,38.083945989608765,-4.710225276432488,3.7645406272120385,5.459214307155903,2.354367328607783,0.1847844703523671
1776284535.4635737,38.11585521697998,-4.711527284673316,3.765898156611087,5.458990081040329,2.354403181072093,0.05936540875553414
1776284535.4907272,38.14300870895386,-4.712797511583878,3.7672184583580033,5.458770763092955,2.354437345046778,0.06795453151386625
1776284535.503373,38.155654430389404,-4.714018890855983,3.7684808741006006,5.458556292399004,2.3544726955676127,0.13993608527462972
1776284535.5173876,38.16966915130615,-4.715193258659593,3.7696795801126806,5.458343422759509,2.354505186177396,0.12069825377365867
1776284535.5534384,38.20571994781494,-4.716326500112573,3.770815007377281,5.458130601951558,2.3545364832919,0.04488797320270103
1776284535.5675035,38.21978497505188,-4.717414187991019,3.771886842523196,5.45791949506041,2.3545648799127483,0.10960360148054928
1776284535.5905023,38.24278378486633,-4.718434900699273,3.772882015642751,5.457715108870739,2.354588018318125,0.06261793936898609
1776284535.5953927,38.247674226760864,-4.719392542915083,3.773800757815803,5.457515062053026,2.354837881331509,0.2744296300049358
1776284535.6439726,38.29625415802002,-4.720251628069202,3.7745676660936223,5.457261174690559,2.35570700908803,0.024274460608241694
1776284535.663257,38.31553840637207,-4.720976526241432,3.7751297694899835,5.456898584970849,2.3571233381950063,0.05114855520548149
1776284535.675995,38.32827663421631,-4.7215786799430335,3.775511304708717,5.45641397346787,2.3590667693213407,0.06766861651902532
1776284535.6860442,38.33832573890686,-4.722096416224186,3.7757752457978184,5.455816449920711,2.361503802254961,0.08294437753421775
1776284535.7011077,38.353389263153076,-4.722575812995809,3.7759951776592353,5.455115011999387,2.3644145565132555,0.058260872416772545
1776284535.7291663,38.38144779205322,-4.723063699144169,3.7762410211475435,5.454312371411482,2.367767962610278,0.034603715911673404
1776284535.752342,38.40462350845337,-4.723603734951252,3.7765857714878526,5.453409856902801,2.371517102561776,0.047757228412491144
1776284535.7528799,38.40516138076782,-4.724215924348193,3.7770540860505326,5.452401532046634,2.3756109512714296,2.359627378311911
1776284535.771117,38.42339849472046,-4.724910668273547,3.777658477475589,5.451284646201823,2.379996740464603,0.07937368440505253
1776284535.8246243,38.476905822753906,-4.72566251729835,3.7783739239999132,5.450063698308622,2.384653399849669,0.02994828358229444
1776284535.8451204,38.49740195274353,-4.726443324213395,3.77917593703388,5.448741449989683,2.38956719531463,0.08452348753038204
1776284535.8600986,38.51238012313843,-4.7272391548606265,3.7800395326721836,5.44732209370499,2.3947279863754196,0.12299260160023233
1776284535.8734305,38.52571201324463,-4.7280485996876145,3.780967455114206,5.445806231602843,2.400116918415533,0.14648835807898525
1776284535.9260654,38.578346967697144,-4.728865820565746,3.7819680587277404,5.4441955456295865,2.405714590328172,0.039228536033195135
1776284535.93891,38.59119153022766,-4.729689795112239,3.783041441186607,5.442492919276723,2.411505674255336,0.16932153307984188
1776284535.9474366,38.59971809387207,-4.730542261943868,3.7842004531977382,5.440702521652758,2.417467006575755,0.2693761246519364
1776284535.9647763,38.61705780029297,-4.731434324631016,3.7854445693434347,5.438826697861338,2.423574267142546,0.1396345410100974
1776284536.0471454,38.699426889419556,-4.732362700110984,3.786766752974979,5.436867151140993,2.429822240956536,0.030832685269794557
1776284536.0565925,38.708873987197876,-4.733343010249555,3.788181913328804,5.434824028513494,2.4361870733971474,0.2828075392428895
1776284536.0654817,38.7177631855011,-4.734380507245452,3.7896907943484286,5.432701433949029,2.442659931423612,0.31536104996317554
1776284536.0866954,38.73897695541382,-4.7354802925435795,3.7912868326332867,5.43049967553193,2.449239369970002,0.13827626533540482
1776284536.141625,38.793906450271606,-4.736666889609546,3.7929818121694123,5.42821788968155,2.45590477918936,0.05607517403158752
1776284536.1513293,38.80361080169678,-4.737933773460152,3.7947629514886385,5.425857755679428,2.462647845538965,0.3314782775356486
1776284536.179029,38.831310510635376,-4.7392533369094965,3.7966046803532936,5.423427334715166,2.469471536535586,0.11995337116400741
1776284536.1881368,38.840418338775635,-4.740611427222887,3.798497768680831,5.420927712563759,2.4763693737999724,0.37517843071746515
1776284536.2337093,38.885990858078,-4.742013398639787,3.8004498132118574,5.418359049317601,2.4833201049551996,0.07718849797031797
1776284536.251536,38.90381741523743,-4.7434714337003765,3.8024731066313304,5.415722246232863,2.4903145921897116,0.20359332962123755
1776284536.267851,38.920132637023926,-4.744995211716649,3.8045745692186106,5.413020334248009,2.497353949050735,0.22964944706269977
1776284536.295136,38.94741749763489,-4.746605689144489,3.8067712998183447,5.410252705814451,2.5044147070727845,0.14231968159273767
1776284536.320379,38.972660541534424,-4.748306549795454,3.8090637486636405,5.407419088399443,2.511490344909411,0.15933669747551016
1776284536.3374436,38.98972511291504,-4.750085297920179,3.811434210196157,5.40452147500604,2.5185837003368916,0.2428879865793275
1776284536.3556948,39.00797629356384,-4.751934488755376,3.8138721976371843,5.401560649786628,2.525690037801406,0.23329490234294548
1776284536.374304,39.02658557891846,-4.7538548163802234,3.8163699263685733,5.398539129133684,2.532801131649958,0.23457675242172402
1776284536.389404,39.041685581207275,-4.755841122504924,3.8189185448563743,5.395460627030477,2.5399174491178935,0.2955604534799088
1776284536.4393497,39.091631174087524,-4.7578938860366975,3.8215195188866113,5.392327605639226,2.547032772501642,0.09130182097450315
1776284536.4495144,39.10179591178894,-4.760025649234494,3.8241811697797856,5.38914107743908,2.5541405963544217,0.4591560326826563
1776284536.4662416,39.11852312088013,-4.7622257465406745,3.82689416212784,5.385903182548467,2.561230803314958,0.2847365482433921
1776284536.4764805,39.128762006759644,-4.764488743423457,3.8296610880548254,5.382614755768892,2.568301796917403,0.4743713926925595
1776284536.544301,39.196582555770874,-4.766809382941369,3.8324780225619848,5.379275668157321,2.5753586840894784,0.07293829871141569
1776284536.544799,39.19708061218262,-4.7691872746715225,3.8353488446882915,5.375886731958336,2.582389059441195,10.115207114154519
1776284536.5518389,39.20412039756775,-4.771633559317206,3.838281336042876,5.3724511994058854,2.5893932494655854,0.7296811111815337
1776284536.5650897,39.217371225357056,-4.774149153379615,3.8412797479740113,5.368971149762904,2.596373831362962,0.39524410954606887
1776284536.6355069,39.28778839111328,-4.776738047913682,3.844343470570298,5.365446174359511,2.603314440718431,0.07583195057262694
1776284536.6439862,39.29626774787903,-4.779378389666007,3.847452822114222,5.3618858099816356,2.6102098788187535,0.6385383339883711
1776284536.6631594,39.31544089317322,-4.78206783321243,3.8506028244919936,5.35829105500274,2.6170636819093374,0.2860423144403212
1776284536.68856,39.34084153175354,-4.784831885013661,3.8538065520708114,5.354661266607542,2.6238733908793317,0.21947769788660762
1776284536.7201014,39.3723828792572,-4.787684767792834,3.8570715855813367,5.350995260063537,2.630632135961622,0.18001573033804893
1776284536.7284157,39.38069725036621,-4.790626545020898,3.860393739683148,5.347292732011413,2.637342273429756,0.6950889999458401
1776284536.7516935,39.40397500991821,-4.793664449783319,3.863772558565733,5.34355365833739,2.6440007618341492,0.2527898883555207
1776284536.7541983,39.406479835510254,-4.796768966993566,3.867194837798319,5.339785847248128,2.6506147070864063,2.3802384058564967
1776284536.8109353,39.46321678161621,-4.7999045942569545,3.870644790182166,5.335995146676645,2.657186219124956,0.10590345875080105
1776284536.8211834,39.47346496582031,-4.80305173695384,3.874111436948488,5.332181840194695,2.663726160450476,0.5892260990974175
1776284536.8586032,39.5108847618103,-4.8062282162114505,3.877603101048581,5.328347003069474,2.6702369238012893,0.16252767869654672
1776284536.869865,39.522146463394165,-4.809444317889788,3.881126748236354,5.32448949564044,2.676699903099831,0.5447778300168057
1776284536.8892791,39.541560649871826,-4.812702316424307,3.884685777241131,5.3206092224598285,2.6831088183772454,0.3189291246674052
1776284536.9361923,39.58847379684448,-4.8159962144198305,3.8882779702890655,5.3167060829695165,2.6894654555420385,0.1330980032134219
1776284536.9365742,39.5888557434082,-4.8193224557929035,3.891894935274726,5.312783061772261,2.695754429231144,16.462508930038368
1776284536.9540105,39.60629200935364,-4.8226841027422065,3.8955354676520946,5.308841220992153,2.7019750325756697,0.363142230849252
1776284536.954752,39.607033491134644,-4.82609495404173,3.8992013353143142,5.304882980907174,2.7081295557766096,8.60817057312675
1776284537.0102732,39.66255474090576,-4.829554771700448,3.902888109842547,5.300909435073534,2.7142213494569543,0.11582105307017745
1776284537.0249555,39.677237033843994,-4.8330587778234655,3.90659776378938,5.29692147433557,2.720246084167215,0.4411010037551959
1776284537.0382855,39.69056701660156,-4.836604175562457,3.910334240115251,5.292920663349077,2.726203291961497,0.48927930607226344
1776284537.057447,39.709728479385376,-4.840193780276048,3.9141010648282033,5.288908475646813,2.7320990179338795,0.3429034254292764
1776284537.0914505,39.74373197555542,-4.843808840305752,3.917881113851462,5.2848885181665395,2.737936351616141,0.1940029506994407
1776284537.1182632,39.77054476737976,-4.84745865612149,3.9216748297279453,5.2808605125968615,2.7437115471301037,0.24721761549530713
1776284537.1332471,39.78552865982056,-4.851159519138303,3.925495761757473,5.2768263037402,2.7494124633767876,0.4455539753620801
1776284537.1512043,39.80348587036133,-4.854887868626905,3.929337241688101,5.27279034182781,2.755049594981903,0.37334409743719543
1776284537.1672425,39.81952404975891,-4.858644950262332,3.9331988260403774,5.268751173906891,2.7606134799275384,0.4198528045516815
1776284537.1968856,39.84916710853577,-4.862418345700867,3.937080544846972,5.264708371807972,2.7661068219567198,0.22792909581629392
1776284537.2031827,39.855464220047,-4.866195830500958,3.9409781468776934,5.260663139095083,2.771535058478022,1.0749987536051784
1776284537.2230465,39.875328063964844,-4.869971078090827,3.94488290252264,5.2566170678141955,2.776903281780797,0.34095927923079183
1776284537.264127,39.91640853881836,-4.873750460958724,3.948797379876649,5.252568248162949,2.7822172447194773,0.16509828285306716
1776284537.2750928,39.92737436294556,-4.8775555454113055,3.9527297353631266,5.248517246329674,2.7874759764887176,0.6208636832762101
1776284537.297857,39.950138568878174,-4.88140431320296,3.9566898753390567,5.2444673051730835,2.7926751778389476,0.30083161631782684
1776284537.3012154,39.9534969329834,-4.88528589790966,3.9606695048124045,5.240418179818426,2.7978169979533876,2.047862539649541
1776284537.352838,40.00511956214905,-4.8891708327745675,3.9646547214890635,5.236371592516002,2.8029122456612616,0.13329619760337286
1776284537.3633645,40.01564598083496,-4.893047029979653,3.968637803963758,5.2323267402538685,2.807956681232298,0.6530153562565528
1776284537.3902245,40.042505979537964,-4.896917503902873,3.972613409488697,5.228283038258377,2.812945824927339,0.2556097642081499
1776284537.3963785,40.04866003990173,-4.900783220783786,3.9765849658457206,5.2242403541624105,2.817875967882002,1.114719744211385
1776284537.4107335,40.06301498413086,-4.904647403613429,3.9805545468073897,5.220200602015923,2.8227524251045755,0.4776275434560089
1776284537.4541478,40.1064293384552,-4.908532382648475,3.9845167208991104,5.216166659644745,2.827577867972061,0.15802060930476647
1776284537.4593294,40.111610889434814,-4.912451008152573,3.9884693349420512,5.212138085390745,2.832350281521273,1.3260164702081283
1776284537.4739478,40.12622928619385,-4.916408544185897,3.9924169153251534,5.208118290059767,2.837057675361025,0.4709869074231166
1776284537.483547,40.135828495025635,-4.920386455269236,3.9963519823258578,5.204109812471415,2.8417060348706142,0.7170438031460652
1776284537.5342956,40.1865770816803,-4.9243565231845405,4.000268648072656,5.200115072647534,2.8462905665965015,0.13517625888760285
1776284537.548133,40.200414419174194,-4.92829702134549,4.004159981723289,5.19613353629486,2.8508034664634687,0.492923608536875
1776284537.5666885,40.21897006034851,-4.932203542659696,4.008018784546663,5.192164324658522,2.8552459165726263,0.36513909111819903
1776284537.5784826,40.23076415061951,-4.936101342682214,4.011854920602781,5.188210132211376,2.859615240932477,0.572206983132436
1776284537.6035492,40.25583076477051,-4.940001786786345,4.01567558172295,5.184269772117366,2.8639225761022247,0.268616326489923
1776284537.6333048,40.2855863571167,-4.943916418159283,4.019485749435559,5.180345470712335,2.8681690110103686,0.22604849368786195
1776284537.6515956,40.303877115249634,-4.947848309424058,4.023284525320925,5.176438357761969,2.8723517915348893,0.36738889030805816
1776284537.6733716,40.325653076171875,-4.951790551792935,4.027066303592347,5.172546945173777,2.876477210341629,0.3080082807434702
1776284537.6934004,40.34568190574646,-4.955718720675026,4.030824226222125,5.168671392141852,2.88053970421126,0.33333234739312634
1776284537.7117267,40.36400818824768,-4.9596234886121495,4.0345588791588565,5.164812192832516,2.884537560159151,0.3623156761211769
1776284537.723812,40.37609362602234,-4.9635093530101395,4.038277878584932,5.160971293249611,2.888470557887717,0.5468848242344835
1776284537.7357478,40.38802933692932,-4.967400492482037,4.041987423028919,5.157152572873602,2.8923457855832475,0.5524818416718553
1776284537.7673876,40.41966915130615,-4.97129947869547,4.0456836191690675,5.153354713948302,2.896170957603374,0.2079449067625457
1776284537.7853527,40.437634229660034,-4.975190840969658,4.049359381186015,5.14957810270713,2.8999384044194887,0.36465665318913776
1776284537.7984245,40.450706005096436,-4.979045249353128,4.052999325595947,5.145824907717662,2.903649809956422,0.4969139131706092
1776284537.8110611,40.46334266662598,-4.982840998327989,4.056601184753497,5.142094862448154,2.9072995860886413,0.5085256899487707
1776284537.8563993,40.50868082046509,-4.98657670072211,4.060162249427946,5.1383865715859685,2.9108891495889044,0.14017247635645
1776284537.8753266,40.527608156204224,-4.990272373785819,4.063687918889446,5.134699950305285,2.9144318500257245,0.3328079749978129
1776284537.8904545,40.5427360534668,-4.993942858646089,4.067175435886678,5.131035427762801,2.917933169963613,0.41315171836590914
1776284537.8991196,40.551401138305664,-4.997596568173342,4.070629361270566,5.1273943186430495,2.921381561524987,0.7164161985207941
1776284537.9183958,40.570677280426025,-5.00125131717858,4.074059042809208,5.123779007723387,2.924789025460469,0.3205950875037711
1776284538.0030708,40.65535235404968,-5.004912937256418,4.077464314308326,5.120190077109252,2.928158305987087,0.07268937704980527
1776284538.0071735,40.65945506095886,-5.008582771465981,4.0808520335541125,5.116626907618013,2.9314843987121737,1.4953994223850866
1776284538.0280633,40.68034482002258,-5.012247361363533,4.084215332608798,5.11309211530888,2.934761202700496,0.29211015740875607
1776284538.059458,40.7117395401001,-5.015893120465539,4.087544924524572,5.109586591429581,2.93799123557902,0.19287580616267289
1776284538.0921881,40.74446964263916,-5.019494855909146,4.09083067101481,5.106109697586932,2.941164746393168,0.18295410026821357
1776284538.1051536,40.75743508338928,-5.023036846859621,4.094072721829749,5.102661699161609,2.94427547796089,0.45593928933780403
1776284538.1267867,40.77906823158264,-5.026527266315998,4.097272091145304,5.099239880614674,2.9473296912232954,0.2700440660700939
1776284538.136118,40.78839945793152,-5.029983281012938,4.100433971892756,5.095845888360741,2.9503320008844103,0.6199103070899862
1776284538.1852098,40.837491273880005,-5.033429415088462,4.103569896923779,5.092482608059697,2.953283730859405,0.1170548558365948
1776284538.2092755,40.86155700683594,-5.036884000716468,4.106692823485563,5.089152292771751,2.9561940404923512,0.23789812535826996
1776284538.2096744,40.861955881118774,-5.040326229853629,4.109798440219929,5.085854360471246,2.95905962356952,14.263836356727927
1776284538.2251563,40.87743782997131,-5.04373483420995,4.112878943800733,5.082586431005112,2.9618804409297397,0.36416835938846714
1776284538.3104603,40.96274185180664,-5.047103099665408,4.115929269304294,5.079345893452846,2.964656837825514,0.06542819898249785
1776284538.3114514,40.963732957839966,-5.050439430423481,4.118942627451779,5.076133656346614,2.9673888935285917,5.574970235637366
1776284538.3116822,40.963963747024536,-5.053750668089095,4.121919672166879,5.072950057856278,2.970078521929881,23.7177108267171
1776284538.3118775,40.96415901184082,-5.057048491690688,4.124861986807959,5.069796157900603,2.972733799945043,27.806050489139466
1776284538.3539696,41.006251096725464,-5.060330098264462,4.1277696097890235,5.066670721504192,2.9753569333806937,0.1279191008626101
1776284538.3735225,41.02580404281616,-5.063566807783012,4.130637919003647,5.063573507764609,2.9779380884197653,0.27205204995670285
1776284538.3755176,41.027799129486084,-5.066737260695619,4.133465910154572,5.060503720354451,2.980470018611747,2.6271839886059922
1776284538.3913596,41.043641090393066,-5.069826045160329,4.136253597065449,5.05746334297522,2.9829527439305346,0.3252893132722904
1776284538.4481096,41.100391149520874,-5.072856759802542,4.139002691842456,5.05445751157395,2.9853911600628282,0.08946566662220291
1776284538.4619565,41.114238023757935,-5.075860201989223,4.141717584243749,5.051485820735697,2.987792760918716,0.3626938435420615
1776284538.493131,41.14541244506836,-5.078855176455453,4.144401287851066,5.048548344162838,2.9901610983737212,0.15974797817065886
1776284538.5072093,41.15949082374573,-5.081845327363905,4.147051454903534,5.045643752109659,2.992503107039496,0.350874293571029
1776284538.5077634,41.16004490852356,-5.084856708580547,4.149670963009225,5.042774056876958,2.9948284907574068,8.871982727469357
1776284538.5253022,41.17758369445801,-5.087873114309016,4.152258672551816,5.039938042685771,2.99712925725542,0.27837783812804034
1776284538.5422947,41.194576263427734,-5.090863477237518,4.1548124305748075,5.0371359483621845,2.999397017231421,0.2841613651137675
1776284538.5494719,41.20175337791443,-5.093798473373317,4.157326864452216,5.034366165251147,3.0016201038756964,0.6624969350729377
1776284538.559291,41.21157240867615,-5.096671369190768,4.159799533519153,5.031629060782728,3.0037966728064474,0.47615695914713285
1776284538.6216996,41.27398109436035,-5.099482715767633,4.16223882657248,5.02892484427041,3.005929431518596,0.07371919563451367
1776284538.6337006,41.28598213195801,-5.1022574370048766,4.164647764485441,5.0262554817821705,3.0080314436302777,0.37844702022795323
1776284538.6435578,41.29583930969238,-5.104994044284192,4.167025178017116,5.023619743667119,3.010102920997695,0.45469297852411433
1776284538.6744106,41.3266921043396,-5.10768692484793,4.16936864048611,5.021016587310057,3.0121419848510316,0.14320021659735935
1776284538.698898,41.35117959976196,-5.110343976835596,4.1716752214415225,5.018443762704727,3.0141497728548754,0.1780035368466185
1776284538.7154317,41.36771321296692,-5.112971895334553,4.173947956498339,5.0159016581391915,3.0161264494815745,0.2603825267736514
1776284538.7267518,41.37903332710266,-5.115561208240972,4.176190380897663,5.013389229372824,3.0180747323804846,0.37525918382455664
1776284538.7338548,41.386136293411255,-5.1180933182024955,4.1784049434583475,5.010905484878047,3.019988981565297,0.5886962396316415
1776284538.786246,41.43852758407593,-5.120555183808441,4.180596331777033,5.008450619411286,3.021864516456076,0.07844171976695088
1776284538.808247,41.46052861213684,-5.122962914465653,4.182764252373526,5.006026219046343,3.023710281173407,0.18392660164915894
1776284538.8235586,41.47584009170532,-5.125341161356132,4.184903067215237,5.003634058465076,3.0255320475224567,0.26085807681955697
1776284538.8437219,41.49600338935852,-5.127691838183266,4.187015571080491,5.0012738982609255,3.027327059041262,0.1956253969530003
1776284538.8685193,41.520800828933716,-5.130014928685933,4.189099974673927,4.998943832842507,3.0291014813829777,0.15707094790495446
1776284538.8859768,41.53825831413269,-5.132290896136538,4.1911574967909875,4.996644900463201,3.0308509323358095,0.21961148577648132
1776284538.8996656,41.55194711685181,-5.134497972956176,4.193185783155174,4.994377945385203,3.032564660881802,0.27454703424836785
1776284538.9143643,41.566645860672,-5.136641264568827,4.195180542215339,4.992143935518078,3.0342437789768923,0.250557074380287
1776284538.9654243,41.61770582199097,-5.138738471380809,4.197140640900896,4.989941381692614,3.0358960053163693,0.07086215138349153
1776284539.007562,41.65984344482422,-5.138738471380809,4.197140640900896,4.989941381692614,3.0358960053163693,0.0
1776284539.008281,41.66056251525879,-5.140805869403652,4.199067386275823,4.987769667602102,3.037532125305529,4.9565411368967665
1776284539.0087178,41.6609992980957,-5.142876916497547,4.200956103712328,4.98563065878266,3.039161361819517,8.072392814361878
1776284539.0098808,41.66216230392456,-5.144960000449781,4.2028065388328,4.98352485718362,3.0407865028027103,3.003018166836333
1776284539.0140336,41.66631507873535,-5.147021872875324,4.204616125710391,4.981454265057829,3.042394941216259,0.8276500828205289
1776284539.0529993,41.705280780792236,-5.149047205376441,4.206383645719968,4.979418025559972,3.0439834347232204,0.08654519989710302
1776284539.069295,41.72157645225525,-5.151026657693658,4.208110097981928,4.977413178559569,3.0455480492066593,0.20277054160598076
1776284539.0779214,41.7302029132843,-5.152939970714525,4.209794107636427,4.975437391620036,3.047076514165648,0.3738454785238567
1776284539.0969496,41.7492311000824,-5.154784096905148,4.211436248234883,4.973490830598434,3.04856574221742,0.1652435328074607
1776284539.1380565,41.79033803939819,-5.156553573240534,4.213035035198613,4.971572812479319,3.050015581758781,0.07444936569585646
1776284539.1648293,41.817110776901245,-5.158274362365166,4.214589716234588,4.969686408805554,3.0514390503761564,0.1116593284594679
1776284539.183019,41.83530044555664,-5.159980330840937,4.2160983336039735,4.967833463319863,3.0528511601805253,0.16140624148926355
1776284539.1843188,41.8366003036499,-5.161674681102143,4.217557869722081,4.966011701417416,3.054253907149529,2.2190276664160016
1776284539.208291,41.86057257652283,-5.163337675580416,4.2189673271640675,4.964218721176426,3.05563362269405,0.1177430942655627
1776284539.2284539,41.88073539733887,-5.164966852235427,4.220326583179216,4.962455902593967,3.0569875983680386,0.13681121964945003
1776284539.2296236,41.88190507888794,-5.166559801162499,4.221642283903802,4.960724278179893,3.058309571636241,2.304688662314035
1776284539.2432685,41.8955500125885,-5.168105774017464,4.222917079696264,4.959022928025169,3.059601384785988,0.19264558881444227
1776284539.296302,41.94858360290527,-5.169620010640547,4.224161786763841,4.957353693290775,3.060952962628742,0.048546545514057626
1776284539.3191948,41.971476316452026,-5.17103323448814,4.225355393388704,4.955638739361263,3.062931754259697,0.11018754493414663
1776284539.3295872,41.981868743896484,-5.172197593300885,4.226465427213554,4.953739798534258,3.0654512587813247,0.2394773758835636
1776284539.342913,41.99519443511963,-5.17309977400611,4.227505783178069,4.951613911836973,3.0684237990351027,0.19007766448848373
1776284539.3758786,42.028160095214844,-5.1738226361368165,4.228508349297478,4.9492525535818,3.0718309827789936,0.08084998765422918
1776284539.3852365,42.03751802444458,-5.1744935842765845,4.229508203949706,4.946658562605052,3.0756852647038007,0.305605794150265
1776284539.4000506,42.052332162857056,-5.175249873412272,4.230525802450538,4.943830221067479,3.0799872166581905,0.20922684333519492
1776284539.4163423,42.068623781204224,-5.176190211765021,4.231571919631638,4.940756247042766,3.084705343557521,0.20750054801072493
1776284539.462464,42.11474561691284,-5.177342482292605,4.232650020013537,4.937422469530778,3.0897892532566305,0.07997022689030252
1776284539.4741068,42.12638831138611,-5.178686510784898,4.233751921802584,4.9338224237982224,3.0951815131002984,0.3433582729144082
1776284539.4909697,42.143251180648804,-5.180177793611053,4.2348681229763505,4.9299579863314875,3.100855213888546,0.25440238348817285
1776284539.5070126,42.15929412841797,-5.181759084573393,4.235995415637406,4.925833666406076,3.106786724840696,0.28415285666776646
1776284539.5073907,42.159672260284424,-5.183383272972791,4.237132018238734,4.921451152685773,3.112958308805665,12.720479629782254
1776284539.5651886,42.21747016906738,-5.1850305902001645,4.238273908434624,4.916808048296715,3.1193526495457378,0.08749919639185226
1776284539.584148,42.23642945289612,-5.186709876611986,4.2394189448862605,4.91190142133318,3.1259455591297516,0.2801235287084168
1776284539.6020072,42.25428867340088,-5.18844745890252,4.2405698762504604,4.906730673695894,3.1327076666671534,0.31216288358127153
1776284539.6105907,42.26287221908569,-5.190277158386524,4.241723386622554,4.901295049750763,3.139632839486585,0.6815553965067366
1776284539.678979,42.331260442733765,-5.192232051266585,4.242873847186513,4.895590279320205,-3.136469758142776,0.08976959705415347
1776284539.6911933,42.34347486495972,-5.19433202273733,4.244014228416717,4.889612209835027,-3.1292429040484024,0.5270806858087712
1776284539.7240162,42.37629771232605,-5.196579445729577,4.245138587187467,4.883358030489647,-3.1218804379971417,0.2053498585196002
1776284539.7391336,42.39141511917114,-5.198965627043457,4.2462453089651735,4.876828121353977,-3.1144110655508355,0.46567333544255757
1776284539.7516916,42.40397310256958,-5.201477435825606,4.247335026016327,4.870024712118007,-3.106839622637017,0.5839864683426836
1776284539.7712622,42.42354369163513,-5.204102372502425,4.248406399506901,4.862948666187821,-3.0991751472918105,0.3895077988275648
1776284539.771647,42.4239284992218,-5.206835231751782,4.249453900942359,4.855599444133004,-3.091432128081961,20.55716403908189
1776284539.7811675,42.433449029922485,-5.209672667070473,4.250480255642615,4.847976360781965,-3.083622696923294,0.8611417927934507
1776284539.8432064,42.4954879283905,-5.212616963533222,4.2514887137409785,4.840078743464615,-3.0757518510455597,0.1368288613879833
1776284539.8559403,42.50822186470032,-5.215678666697896,4.2524717669055505,4.831905742397944,-3.06783531558952,0.6897195637389305
1776284539.8867502,42.539031744003296,-5.218866768550398,4.253426412808774,4.823456197528695,-3.059874897001106,0.2947531107001726
1776284539.9018261,42.554107666015625,-5.222185870596035,4.254352939037489,4.814728738740716,-3.051880283549851,0.6223928359013103
1776284539.9644341,42.61671566963196,-5.2256355885437635,4.255254844732251,4.805723019454637,-3.0438566066782835,0.15470731190634257
1776284539.9829698,42.63525128364563,-5.22921611147458,4.256129552417495,4.796437921375969,-3.0358067626690106,0.538957604453463
1776284539.9838436,42.63612508773804,-5.232931885334209,4.2569668977898045,4.786874648927481,-3.02774588061431,11.78055409000438
1776284539.994989,42.6472704410553,-5.236779456998743,4.25776777092623,4.777035611129725,-3.0196805530869097,0.950611255849965
1776284540.0602021,42.712483644485474,-5.240750380981698,4.258539349117076,4.766922596915542,-3.011609184859082,0.16702206944344467
1776284540.0687866,42.721068143844604,-5.244838092762715,4.259289570908379,4.756538084383867,-3.003541393596911,1.3029615392081635
1776284540.0841947,42.73647618293762,-5.249046692208063,4.260016406584748,4.745884191600876,-2.9954758248230355,0.7449401778254388
1776284540.1161232,42.768404722213745,-5.253386815585357,4.260714393809861,4.734965759751056,-2.9874330453901483,0.36863985734242727
1776284540.1321955,42.78447699546814,-5.257866641526023,4.2613798073617275,4.7237925239871315,-2.9794162054395263,0.7501263358041923
1776284540.1705463,42.82282781600952,-5.2624877078595,4.262012381886461,4.712372572530602,-2.9714203297740123,0.3216543476209756
1776284540.1798716,42.83215308189392,-5.267251086119543,4.262610253764603,4.700712143319217,-2.963450892611181,1.3522433789704182
1776284540.1967826,42.849064111709595,-5.272159495784787,4.2631684301554635,4.688819919289049,-2.9555207127858973,0.7614830423214081
1776284540.2101796,42.86246109008789,-5.277211146159476,4.263684669649797,4.676703955300831,-2.947619822617924,0.9805984830491528
1776284540.2752297,42.92751121520996,-5.282406398512978,4.264153207052797,4.664369217431769,-2.9397542475854386,0.20587790347015258
1776284540.2958126,42.94809412956238,-5.2877390028543045,4.264575700476481,4.651823679712954,-2.9319309620053855,0.6626073419791548
1776284540.3053267,42.957608222961426,-5.2932011541188135,4.2649576785990915,4.639076622718672,-2.9241479064574576,1.4581841780569103
1776284540.324962,42.977243423461914,-5.298792820072969,4.265298796643197,4.626133825575519,-2.91640668995005,0.7182589644990981
1776284540.3845768,43.036858320236206,-5.304518535560954,4.265595790608615,4.613001332100665,-2.9087238648272282,0.240367678526016
1776284540.3886957,43.040977239608765,-5.31038214783646,4.265848641824347,4.599691129533583,-2.901101797115799,3.5316862064271546
1776284540.4016213,43.05390286445618,-5.316379710168655,4.2660647668503,4.586212469409283,-2.8935565964176444,1.1414829559311526
1776284540.4265847,43.07886624336243,-5.322512744377686,4.266244803717859,4.5725723750991545,-2.8860794860732764,0.5991400567816941
1776284540.4685085,43.120790004730225,-5.32878518524845,4.266385638308124,4.55877727591649,-2.8786679064587104,0.36148485643228195
1776284540.4781191,43.13040065765381,-5.335193791099155,4.266491101707862,4.544835422807275,-2.8713295083006956,1.5966236529648952
1776284540.5058405,43.158122062683105,-5.341744360346277,4.266554262040315,4.5307522329433425,-2.8640563968822885,0.5602973750967652
1776284540.52121,43.17349147796631,-5.348434342209013,4.266577586817758,4.516533529850723,-2.856843492324039,1.0224162719714787
1776284540.5992014,43.25148296356201,-5.348434342209013,4.266577586817758,4.516533529850723,-2.856843492324039,0.0
1776284540.5997286,43.252010107040405,-5.355256585417589,4.2665675508581105,4.50218587433339,-2.849697418143412,30.13799757813291
1776284540.599947,43.25222849845886,-5.362211809128777,4.266522040951515,4.487713973187899,-2.8426162507467887,73.5219381764521
1776284540.6037483,43.25602984428406,-5.369305055200972,4.2664358743819895,4.473123650026398,-2.835595070866606,4.267807421539322
1776284540.6062782,43.258559703826904,-5.376530542711827,4.266316196307464,4.458421554288458,-2.828631348835622,6.475502799870646
1776284540.6862538,43.33853530883789,-5.383887436035421,4.2661647430480105,4.443611776100201,-2.8217382406755855,0.20677705766201473
1776284540.6951802,43.34746170043945,-5.391373217822716,4.265986475178217,4.428700393485203,-2.8149170484482053,1.8692730746461605
1776284540.7017753,43.35405683517456,-5.398990196556685,4.265780849522379,4.413692487449867,-2.8081651333796844,2.5521018242936027
1776284540.7138898,43.36617136001587,-5.406739234440371,4.265548812618356,4.398591669653978,-2.8014795518986824,1.4011752988742763
1776284540.7357903,43.3880717754364,-5.4146208229215995,4.265292051249672,4.383402233888077,-2.794863772151291,0.7814668094458915
1776284540.794184,43.446465492248535,-5.422641791626458,4.265005161950811,4.3681291773289175,-2.788321690100786,0.2954690477520334
1776284540.8098562,43.4621376991272,-5.430806919874195,4.264682936338992,4.35277946558129,-2.7818694484788553,1.1095611914834091
1776284540.8284197,43.480701208114624,-5.439106741083178,4.264334765229103,4.3373655190313665,-2.7754973612494163,0.943245166903331
1776284540.8490415,43.501322984695435,-5.447529034482979,4.263973429112155,4.321897887881219,-2.7692060092260795,0.8542284862409669
1776284540.8856664,43.5379478931427,-5.456074968228083,4.263598560479991,4.306382511270655,-2.7629937564238034,0.4837482441111695
1776284540.920134,43.572415590286255,-5.464748300593064,4.2632091734924265,4.290824861173789,-2.7568572347153637,0.5168970453709458
1776284540.9207792,43.573060750961304,-5.473543174004753,4.26281527260895,4.275229707398268,-2.750791158330187,27.758175734802464
1776284540.948149,43.600430488586426,-5.482469362717511,4.262410331476028,4.259600194361554,-2.744801668062364,0.6577849851319294
1776284540.983993,43.636274576187134,-5.4915363975374865,4.261986808105968,4.243938053788401,-2.7388881726780308,0.5050287996071496
1776284540.992901,43.645182609558105,-5.500748811275925,4.261539770243976,4.228244958063129,-2.733050351562903,2.043413172381692
1776284541.0480494,43.70033097267151,-5.510098267508627,4.261075306511058,4.212525447715503,-2.7272880853614088,0.3317534000546047
1776284541.086514,43.73879551887512,-5.51958539990656,4.260589094432099,4.196782095472663,-2.7215978714222135,0.47803412939777634
1776284541.0918202,43.744101762771606,-5.52920173026216,4.260087538118898,4.181018741710384,-2.7159678189806664,3.4811507743276247
1776284541.1026196,43.75490117073059,-5.538946859752592,4.2595688345284115,4.165241009009131,-2.7104063698836343,1.7178638318263009
1776284541.126121,43.77840256690979,-5.5488326778507,4.259018531364133,4.149453986643316,-2.704914902764421,0.7929305671697766
1776284541.1432877,43.79556918144226,-5.558858650991007,4.25843533441848,4.133660516657381,-2.69949200882352,1.090263977294364
1776284541.2160227,43.86830425262451,-5.569013433434623,4.257828476438903,4.117862822342541,-2.694130236423115,0.25833148037092485
1776284541.2398412,43.892122745513916,-5.569013433434623,4.257828476438903,4.117862822342541,-2.694130236423115,0.0
1776284541.240464,43.89274549484253,-5.579279004532214,4.2572147723686316,4.10206897350262,-2.6888281340590794,30.263963531419897
1776284541.240732,43.89301347732544,-5.589658527556109,4.256590763815559,4.086284677833761,-2.683584917751314,70.53271097370289
1776284541.2470064,43.899287939071655,-5.600157090361151,4.255953876164683,4.0705111589833445,-2.6784005479569575,3.0215535055835496
1776284541.3352187,43.98750019073486,-5.610783684988723,4.255297092260225,4.054748697149897,-2.673284010591244,0.2156314107920951
1776284541.3463712,43.9986526966095,-5.621552592899075,4.2546076587902775,4.039003426693649,-2.6682552175827636,1.7115588475158403
1776284541.3531327,44.00541424751282,-5.632460032314678,4.253889552527497,4.023280239176231,-2.6633069378147423,2.8321288234919355
1776284541.3671646,44.01944613456726,-5.643493921391729,4.253154359495831,4.007582353303518,-2.6584298676947196,1.368443501011051
1776284541.3771508,44.02943229675293,-5.654645086050849,4.2524105705866395,3.9919113868946092,-2.6536114313667767,1.9274551738018046
1776284541.4377186,44.09000015258789,-5.665899108474663,4.251674308429422,3.9762727637483133,-2.6488360777153996,0.318339174839545
1776284541.4632385,44.115520000457764,-5.677261675538058,4.250940501021929,3.960667662170456,-2.644105606837256,0.7569596311845631
1776284541.4637544,44.11603593826294,-5.6887429728081695,4.250202286436177,3.9450973989451703,-2.6394348767974316,37.523334278098794
1776284541.4851403,44.13742184638977,-5.700357419257789,4.249454572795396,3.9295672364211396,-2.6348446981148417,0.9074772549726873
1776284541.5393121,44.191593647003174,-5.712120283835121,4.24869239396203,3.914085570275593,-2.6303519056914597,0.3591972699386221
1776284541.5693333,44.221614837646484,-5.7240351121927855,4.247915033896697,3.8986584581399018,-2.625951072647093,0.6498086522801196
1776284541.5775583,44.22983980178833,-5.736097658314448,4.247123064814526,3.883289305615538,-2.621634786380871,2.377347160736958
1776284541.5931225,44.24540400505066,-5.748300227215495,4.246315925173453,3.86797922778677,-2.6174058448685242,1.2589600183989365
1776284541.6621146,44.314396142959595,-5.7606321718721425,4.245498442038795,3.8527323988899504,-2.613254927120779,0.28447866235724656
1776284541.671463,44.32374453544617,-5.77308479268884,4.24467770994833,3.837552571326167,-2.60916800959601,2.102090950028424
1776284541.6865785,44.33886003494263,-5.7856479061032084,4.243859310874351,3.8224479679152252,-2.6051414061032463,1.3008788817657826
1776284541.7180972,44.370378732681274,-5.798314802255898,4.243040736387175,3.8074230637579216,-2.6011694679419985,0.6240410752811724
1776284541.7794874,44.43176889419556,-5.811083910115133,4.242220561090489,3.7924797857859263,-2.5972474343141108,0.3204574513502415
1776284541.8062882,44.45856976509094,-5.823955445758244,4.241396360821315,3.7776187671350705,-2.593383164642757,0.734212737304257
1776284541.8153334,44.4676148891449,-5.836933969909018,4.2405632818354455,3.7628381441293097,-2.5895797552941335,2.1766018598835046
1776284541.8263373,44.47861886024475,-5.8500191085395326,4.239728993305579,3.7481363109283277,-2.585836907794253,1.7901954150611856
1776284541.8751528,44.52743434906006,-5.863202783806978,4.2388964969430605,3.7335121552377775,-2.582143040763555,0.40370509421550005
1776284541.8841746,44.53645610809326,-5.876478644145904,4.2380657215436806,3.7189660946001832,-2.5784986299369557,2.184837391098257
1776284541.8984005,44.550682067871094,-5.8898409787627655,4.237244020270488,3.7044993145459024,-2.574898114925923,1.385550200944864
1776284541.922163,44.57444453239441,-5.903293556558049,4.236427381118005,3.690111868273764,-2.5713407614310246,0.8296230152412917
1776284541.971549,44.62383055686951,-5.916839185784984,4.235612539571547,3.6758055137765977,-2.56782802870772,0.3992731705146443
1776284541.9818804,44.634161949157715,-5.9304746162356015,4.234805847013149,3.6615812810320123,-2.564354666817009,1.9088097275791047
1776284542.0012844,44.653565883636475,-5.944204432328701,4.234001168527035,3.6474375702388016,-2.560927934746305,1.0167087646546358
1776284542.0291662,44.68144774436951,-5.9580370141071635,4.233190177289992,3.6333787290178177,-2.5575742309330534,0.7079703223763821
1776284542.0500557,44.70233726501465,-5.971983007868778,4.23236107883206,3.619412887562416,-2.554302740310114,0.9456444700081433
1776284542.09712,44.749401569366455,-5.986039813037838,4.2315092600581385,3.605547604598005,-2.551108893974004,0.4199090752528419
1776284542.10391,44.75619149208069,-6.000176431654758,4.230650761235025,3.5917916723606544,-2.5479702355651734,2.9077683589377425
1776284542.1261387,44.778420209884644,-6.014358138504466,4.229801815991574,3.5781489765346137,-2.544869532255472,0.8860978337151537
1776284542.1412117,44.79349327087402,-6.028554474562159,4.228980952176,3.564623009921603,-2.5417896967886184,1.3020270447107005
1776284542.198923,44.85120463371277,-6.042751259425289,4.228188083432608,3.551211455656672,-2.538725127655407,0.3386859182353661
1776284542.208234,44.86051559448242,-6.056952222681335,4.22742181477481,3.5379134047784833,-2.535687911695592,2.091116379167427
1776284542.2232428,44.875524282455444,-6.0711870518733555,4.226663546465379,3.5247305351390223,-2.532694479066236,1.293671873600896
1776284542.2443347,44.89661622047424,-6.085472472282782,4.225896536998962,3.51166322812426,-2.529758399234091,0.9186285377351469
1776284542.2908874,44.9431688785553,-6.09983137609382,4.225100708345507,3.4987141812241522,-2.526893008765883,0.41569539180186843
1776284542.311293,44.96357440948486,-6.11426444070441,4.224274327046409,3.485881164667094,-2.5240929674709167,0.9473348710262554
1776284542.3118203,44.964101791381836,-6.128753563872548,4.223431806604164,3.473167309513044,-2.5213484500075993,36.58588035544119
1776284542.341632,44.993913412094116,-6.143261943138027,4.222597552075024,3.460577294143539,-2.5186405121248465,0.6449672923324682
1776284542.4158697,45.068151235580444,-6.15776971106754,4.221786054936066,3.4481111217465354,-2.515961334363427,0.25789032504559745
1776284542.4284616,45.080743074417114,-6.172269534677131,4.220996022839228,3.435769243135196,-2.513308944920336,1.5134859175183422
1776284542.452261,45.10454249382019,-6.186751367621086,4.220234142288269,3.4235485751017585,-2.5106855722727985,0.7968431978128416
1776284542.4565666,45.108848094940186,-6.201211509225404,4.21949905456608,3.4114499517813717,-2.5080943487878735,4.382268404185104
1776284542.506453,45.15873456001282,-6.215652707061436,4.218787700079957,3.399473623525979,-2.5055380181813027,0.3763471319974691
1776284542.5343418,45.186623334884644,-6.230080226720177,4.218090798999145,3.387619708085995,-2.5030165981100168,0.6700068835541713
1776284542.541894,45.194175481796265,-6.244509871649161,4.2173925245071775,3.375889547266344,-2.5005314589261567,2.464081876237543
1776284542.560691,45.21297264099121,-6.258953860788623,4.216677269619795,3.364287276555462,-2.498081950724854,0.9863500945883293
1776284542.5831661,45.23544764518738,-6.27339152936394,4.215957770893399,3.3528117017822727,-2.4956674381418367,0.8212136888553201
1776284542.597242,45.249523639678955,-6.287791019922903,4.215256700019177,3.341465732212515,-2.4932865278949823,1.3033385133253423
1776284542.6135414,45.265822887420654,-6.302129771935862,4.214586297670617,3.3302508264426876,-2.4909391567442634,1.1175987759068453
1776284542.6273754,45.27965688705444,-6.316394585537004,4.213950405938421,3.319166134514964,-2.4886290756639537,1.3066716188195935
1776284542.643438,45.295719623565674,-6.330599776873467,4.213335675561284,3.3082122010182884,-2.4863483139077696,1.117409187079276
1776284542.6944542,45.34673571586609,-6.344746387188609,4.212740002331073,3.297385494721242,-2.484098272050173,0.34938215561597613
1776284542.7133753,45.36565685272217,-6.358839107858395,4.212157340836335,3.2866850949118467,-2.4818800660689306,0.9356898973642044
1776284542.729255,45.38153648376465,-6.372872604772866,4.211584808368672,3.2761118664827613,-2.479698405119281,1.1070850458900832
1776284542.7403967,45.39267826080322,-6.3868504681040905,4.211016614399601,3.2656684743643245,-2.4775445740027773,1.5668599545103519
1776284542.8137996,45.46608114242554,-6.400778769115782,4.210445535016328,3.2553568166630105,-2.475414300188596,0.2362220166817174
1776284542.8265243,45.47880578041077,-6.414648780150643,4.20988125129083,3.2451767674063254,-2.4733105662692414,1.3528251252416061
1776284542.8447359,45.49701738357544,-6.428450169422826,4.209327166957733,3.2351275354401943,-2.4712371126769916,0.9379375849160965
1776284542.8583002,45.510581731796265,-6.442173680889554,4.208786190195205,3.225208113578264,-2.469193998336486,1.2489899096308648
1776284542.921117,45.57339859008789,-6.4558190197424405,4.208254670520815,3.215415028307709,-2.4671795048328096,0.2675115435878984
1776284542.9337568,45.58603835105896,-6.469387322810911,4.207726628963874,3.2057484976777433,-2.4651947543233277,1.318689335852337
1776284542.95028,45.602561473846436,-6.482876986288886,4.207196888798099,3.1962140265038212,-2.4632351839889832,1.000264053292638
1776284542.9653687,45.617650270462036,-6.496284924438505,4.206678767936172,3.186812280732284,-2.4613027781929118,1.085835959642714
1776284543.035683,45.68796443939209,-6.509607485449228,4.206175792633215,3.1775399899130563,-2.45940117116048,0.2309552592846448
1776284543.0416124,45.693893909454346,-6.522821055016466,4.205701318093322,3.1683952756624447,-2.457536805749737,2.711264188119474
1776284543.052139,45.70442056655884,-6.535918301004177,4.20525830439048,3.159375043117186,-2.4557150683595714,1.5113132444424926
1776284543.070132,45.722413539886475,-6.54890949189226,4.20483318598944,3.1504807840515436,-2.4539242094165985,0.8753366099227348
1776284543.1247852,45.777066707611084,-6.561805289552874,4.204411978145184,3.141711353490059,-2.452159788115546,0.28544919501014343
1776284543.140749,45.79303050041199,-6.574610698986284,4.203994416877632,3.133065539785975,-2.45041718712765,0.9682214182898816
1776284543.1494906,45.801772117614746,-6.587323844654865,4.203583235188957,3.1245452425548215,-2.4486968313665027,1.751364189123577
1776284543.1610918,45.81337332725525,-6.599958706250861,4.203166582452965,3.116150720197239,-2.446986078436068,1.3080552620810002
1776284543.2370772,45.88935875892639,-6.612507563739414,4.202751861749698,3.107878766295652,-2.4452886834616403,0.19787554772076754
1776284543.2892098,45.94149136543274,-6.624949730945945,4.202351853287257,3.099726150977415,-2.4436152595335807,0.2854377486903398
1776284543.3107586,45.9630401134491,-6.63728050678333,4.201968002671499,3.0916899022469426,-2.4419619754052078,0.6832572132752456
1776284543.322212,45.97449350357056,-6.649488216916451,4.20161344360135,3.083770906657504,-2.4403445202464837,1.2708518623605225
1776284543.346629,45.998910427093506,-6.661571032442251,4.201288913162478,3.0759688482223964,-2.438764694210387,0.5892026826816601
1776284543.3831947,46.035476207733154,-6.6735321106220615,4.200982114768935,3.06828411414333,-2.4372180681806497,0.3888961205095161
1776284543.4073012,46.05958271026611,-6.685362104641963,4.200696973941156,3.0607151055915054,-2.435707339810594,0.5827084249498455
1776284543.4137418,46.06602334976196,-6.697069280159202,4.200421842114889,3.0532621560673276,-2.434227747321082,2.1552093125034575
1776284543.4289737,46.081255197525024,-6.708669417347689,4.200136121458592,3.0459274218635835,-2.432763974917886,0.9012340285572925
1776284543.475163,46.12744450569153,-6.720174025983361,4.199830478505644,3.0387095473472345,-2.4313035732842105,0.2941116407969985
1776284543.4884708,46.14075231552124,-6.73158278910137,4.199507461689888,3.0316071140475667,-2.4298432201059597,1.0101434084436307
1776284543.5261865,46.178467988967896,-6.742883717373696,4.199176008748074,3.024617956493247,-2.4283935800928975,0.35241834744979983
1776284543.5392199,46.19150137901306,-6.754076709379699,4.198839096976053,3.0177440140597027,-2.4269544903329607,1.0081449083719842
1776284543.623619,46.2759006023407,-6.754076709379699,4.198839096976053,3.0177440140597027,-2.4269544903329607,0.0
1776284543.6242664,46.27654790878296,-6.765165399757065,4.1984963725172255,3.0109855733799487,-2.425526014880498,20.0685440714865
1776284543.6244938,46.27677536010742,-6.776139438287224,4.198157892596501,3.0043436595347264,-2.424116343336047,56.416275513456696
1776284543.648582,46.30086350440979,-6.786990118990986,4.197828015837726,2.9978176933957417,-2.4227302397294896,0.5258299281268833
1776284543.6638238,46.316105365753174,-6.797717348848782,4.197501207955412,2.991409226585797,-2.4213610030486827,0.8201064256527532
1776284543.7174525,46.369734048843384,-6.808308926925524,4.1971907348107464,2.985119474515526,-2.4200231346299637,0.2297705654877651
1776284543.7179317,46.37021327018738,-6.81873757713475,4.196923714210791,2.9789466060267737,-2.4187474051319446,25.294293896216505
1776284543.7422414,46.39452290534973,-6.829010825014123,4.196697882738544,2.972889787790827,-2.4175257652325195,0.49066703032102926
1776284543.7665548,46.41883635520935,-6.839136754718168,4.196511959369649,2.9669461428660533,-2.416348784372417,0.4829799987462151
1776284543.815852,46.46813344955444,-6.849134637714739,4.196347649999895,2.9611160283930937,-2.415193930161571,0.2347958375745436
1776284543.8335183,46.48579978942871,-6.859023799182373,4.196179157354777,2.9554004398843903,-2.4140366707785206,0.6466140295442105
1776284543.860982,46.513263463974,-6.868810649477092,4.19600036640738,2.949795362461307,-2.4128693953098344,0.4107128914503846
1776284543.8809032,46.53318476676941,-6.878491708775684,4.195813311909002,2.944300600619878,-2.411695402470066,0.5588639106542586
1776284543.956991,46.609272480010986,-6.888052742870336,4.195625824420295,2.938914335342956,-2.410532536681998,0.14424726224918352
1776284543.9921515,46.64443302154541,-6.897479772479007,4.195448770026799,2.9336353953941634,-2.4093961994452777,0.3073302637748646
1776284544.053746,46.70602750778198,-6.9067559581391285,4.195293541484034,2.9284614227943644,-2.408301855368682,0.17246182993254774
1776284544.0584652,46.71074676513672,-6.915886038887583,4.1951555882483955,2.9233913553261432,-2.4072403513329106,2.2131194494072153
1776284544.069095,46.72137641906738,-6.924879680043264,4.195031931343084,2.9184263158485235,-2.4061967146470478,0.9665295013010633
1776284544.1002102,46.75249171257019,-6.933736985947879,4.194926763043209,2.913566054613958,-2.405178077178973,0.3247186316880979
1776284544.1121545,46.76443600654602,-6.942467286076774,4.1948341997014165,2.9088092840119377,-2.404180792643038,0.8324069659487809
1776284544.1456506,46.797932147979736,-6.951084287073953,4.194746369409884,2.9041547130951137,-2.403188129183604,0.2923964817546017
1776284544.159853,46.81213450431824,-6.959587617910226,4.194663238946143,2.8996000223783507,-2.402203381148856,0.6792321131590932
1776284544.221763,46.87404441833496,-6.967973671061406,4.194587607641539,2.895146447461242,-2.401227695089948,0.15337728627854547
1776284544.2283843,46.88066577911377,-6.976238331597625,4.1945194042442,2.8907941129823156,-2.4002607430445004,1.4107194193864936
1776284544.2498736,46.90215516090393,-6.984376434931653,4.194459531834618,2.886541202495446,-2.3993032150340112,0.42730722825367046
1776284544.2661371,46.918418645858765,-6.9923798722756265,4.19442454375628,2.8823858550974877,-2.398368265532907,0.5544896854692997
1776284544.3127337,46.965015172958374,-7.000234033775461,4.194432076668348,2.87832797841673,-2.397484792569071,0.1897242364990674
1776284544.318573,46.97085452079773,-7.007953305801465,4.1944676879410965,2.874369905741966,-2.3966316974895743,1.4856026474021056
1776284544.3508604,47.0031418800354,-7.015548390335472,4.19451865176661,2.870509829950693,-2.3957957852892346,0.26387616469731706
1776284544.3882005,47.04048204421997,-7.023022644351683,4.194577638986032,2.8667451273993283,-2.3949727125892646,0.22412987723667263
1776284544.4387455,47.09102702140808,-7.030377780803025,4.19464676184958,2.8630749898502525,-2.394157762092093,0.162632633660393
1776284544.459029,47.11131048202515,-7.037616608586483,4.194724179298714,2.859498289368824,-2.3933477386992066,0.39808862782959964
1776284544.485694,47.137975454330444,-7.0447472874333394,4.194790009818471,2.856015888408086,-2.3925299370667585,0.2976140308740448
1776284544.4985366,47.15081810951233,-7.051772370018784,4.194839342698827,2.8526245266567907,-2.3916976421557945,0.6074286703981437
1776284544.5208704,47.17315196990967,-7.0586728940938235,4.194886459858292,2.8493230533251834,-2.3908698704979314,0.34251950993449626
1776284544.5495496,47.201831102371216,-7.06543493597679,4.194938975573552,2.846111552551332,-2.3900625056441376,0.2610295424411409
1776284544.5605516,47.21283316612244,-7.0720380488966015,4.1950186610194535,2.842986996900727,-2.3892991562300003,0.6640115853745192
1776284544.5702095,47.22249102592468,-7.078480992986064,4.195121289704051,2.839944944546914,-2.388580174708668,0.7378175147262402
1776284544.6253114,47.27759289741516,-7.08478580387494,4.195221388628178,2.836988356605159,-2.3878745833608925,0.12639031557392408
1776284544.6544695,47.306751012802124,-7.090975886259758,4.195303228294352,2.8341207743898105,-2.3871567748296147,0.23398373888017496
1776284544.6629438,47.31522536277771,-7.0970519772407945,4.195374729753722,2.831341086533145,-2.386434042107298,0.7885106058660062
1776284544.6713398,47.32362127304077,-7.103010236304799,4.195440654162268,2.8286493186905575,-2.385712684873723,0.7787613547173603
1776284544.682178,47.33445954322815,-7.1088437388266605,4.195509885758338,2.826041953730533,-2.3850005345396177,0.58958322965517
1776284544.7459958,47.398277282714844,-7.114538950887335,4.195600798800101,2.823515254678523,-2.38432330722823,0.09764063856213805
1776284544.7503643,47.40264582633972,-7.120110796020534,4.195703524356426,2.8210694416241626,-2.383662409518979,1.3931156093295702
1776284544.773077,47.42535853385925,-7.125566628313011,4.195813191259568,2.8187018273704787,-2.3830089229870244,0.26189843206466784
1776284544.791385,47.44366645812988,-7.13090768895961,4.195928060769012,2.8164090673281796,-2.382364406891497,0.31754051805959344
1776284544.8463533,47.498634815216064,-7.136136515409001,4.196044581034253,2.8141903118586242,-2.381723483088502,0.10335568144937887
1776284544.8928802,47.545161724090576,-7.141244620839168,4.1961684599187095,2.8120465696065864,-2.3811009792154083,0.11909438430392055
1776284544.89346,47.54574155807495,-7.146219478825525,4.196309555475988,2.8099780709981226,-2.380508207210126,9.295077281653557
1776284544.8958182,47.548099756240845,-7.151065410717702,4.196461052737386,2.8079821688731843,-2.3799358067206655,2.2233312417227973
1776284544.9803228,47.632604360580444,-7.15579754115321,4.19660564339637,2.806058924399052,-2.3793644217392598,0.06047092796148025
1776284544.9941435,47.646425008773804,-7.1604184691730115,4.196741540793142,2.8042082982157677,-2.378791963669247,0.36030035382487896
1776284545.0150738,47.66735529899597,-7.164937119904185,4.196866754344599,2.802431529256381,-2.378209665136641,0.2320577084468053
1776284545.0233681,47.675649642944336,-7.169345728469313,4.196991996207764,2.8007251382868943,-2.377634646047962,0.570145577616166
1776284545.1066637,47.75894522666931,-7.173634757586916,4.1971238874160335,2.79908692572965,-2.3770763680771148,0.05514262196967875
1776284545.1272647,47.77954626083374,-7.177798762039617,4.197266751500153,2.797515417012228,-2.3765455704205642,0.21615296467592063
1776284545.1487293,47.801010847091675,-7.181845770892103,4.197413961151313,2.796010616716142,-2.376026068413649,0.20127239167916255
1776284545.1509666,47.803248167037964,-7.185780266682364,4.197557614689965,2.794575750111979,-2.3755052226577917,1.8729703058739717
1776284545.1995819,47.851863384246826,-7.189597540088851,4.19770325029278,2.7932094607183933,-2.3749970675625254,0.08345195592050221
1776284545.212661,47.86494255065918,-7.1933028579957545,4.197856412105725,2.7919058797970573,-2.3745006658820764,0.30054850256534626
1776284545.221406,47.873687505722046,-7.196900062648684,4.198018902919412,2.7906622331134323,-2.374018597285861,0.43563236961985347
1776284545.2335033,47.88578486442566,-7.200411307949004,4.198169994381548,2.789482006929848,-2.373526272382727,0.3064612648696827
1776284545.3145323,47.966813802719116,-7.203839855736912,4.198304388856243,2.788363910354973,-2.373024858148662,0.04453666935765993
1776284545.3422496,47.99453115463257,-7.207177075227985,4.198427995324273,2.787303848704229,-2.3725186713072715,0.12640884641196037
1776284545.3740957,48.02637720108032,-7.2104121658477975,4.198553633091222,2.78630233571515,-2.3720246547792114,0.10641500618810061
1776284545.387227,48.0395085811615,-7.21356087801897,4.198663908484041,2.785361376407221,-2.371528221979297,0.250404258839819
1776284545.4005868,48.052868366241455,-7.216607922878032,4.198769352312453,2.7844781025127943,-2.371040068668756,0.23759632963097635
1776284545.4457574,48.09803891181946,-7.219549745111335,4.198878864382421,2.7836495933063103,-2.3705691875385138,0.06770395803277438
1776284545.4595692,48.11185073852539,-7.222386413646721,4.19899173608327,2.7828749626866127,-2.370114785194252,0.21305651114258645
1776284545.464014,48.11629557609558,-7.2251246866778365,4.199097838436816,2.782155295881357,-2.3696652288389606,0.6374253302354761
1776284545.4801517,48.13243317604065,-7.227752407208663,4.199211651543395,2.781488698530519,-2.369235813001305,0.16813784211467456
1776284545.531297,48.18357849121094,-7.230275532463704,4.199332584877006,2.7808732811735606,-2.3688233131021965,0.05083375744669473
1776284545.5459511,48.198232650756836,-7.232706755091447,4.199449809245054,2.7803094907352475,-2.3684139753154514,0.17049687977832478
1776284545.5576718,48.20995330810547,-7.235057498234633,4.199551060632108,2.779799113762542,-2.367995915450993,0.20541850297705075
1776284545.5753598,48.227641344070435,-7.237327641257846,4.19963626962689,2.779337273150463,-2.367571512338893,0.1310610154722725
1776284545.6170783,48.269359827041626,-7.23951704280918,4.199708651614532,2.7789228536567596,-2.367138355793993,0.05344042010845746
1776284545.641427,48.29370856285095,-7.241617937956471,4.199785849138822,2.7785546150598055,-2.366711362022869,0.08765627394828752
1776284545.656605,48.30888652801514,-7.243628902320602,4.199875175039284,2.77823264624878,-2.3663009293994377,0.1343087784051119
1776284545.66203,48.314311504364014,-7.245550736040931,4.199979161061413,2.777960582105454,-2.3659073879501156,0.358301840401573
1776284545.71023,48.36251163482666,-7.24738237783832,4.2001009359539765,2.777738639661637,-2.3655295310859383,0.038362004224059644
1776284545.725403,48.377684593200684,-7.249131419541448,4.200237647119584,2.777565397501429,-2.365163204526658,0.11618758776734843
1776284545.73837,48.39065146446228,-7.250800250870369,4.200389723083037,2.7774359349463356,-2.364807530067163,0.12961797660530608
1776284545.7509844,48.403265953063965,-7.25240133327428,4.200543651891991,2.7773513937332077,-2.3644523537223967,0.12768531866036148
1776284545.7981741,48.45045566558838,-7.253926593287938,4.200699471954465,2.7772981300922224,-2.3637044483996865,0.032509702890941905
1776284545.8234994,48.475780963897705,-7.2553751280725205,4.2008514296922055,2.7770969061943287,-2.3618161395554957,0.058057285414397655
1776284545.8598876,48.51216912269592,-7.2567505473849865,4.200989556564407,2.776600203812505,-2.3588907166055963,0.04036662348836023
1776284545.8605936,48.51287508010864,-7.2580546890033375,4.201110662323073,2.775753607002526,-2.3550263582670823,2.209119382953344
1776284545.907484,48.559765577316284,-7.259290157165728,4.201213435627056,2.774536851249519,-2.350298698358272,0.037045407416987315
1776284545.9195335,48.5718150138855,-7.2604601056172315,4.201298857442085,2.7729423014026393,-2.344757705292792,0.16428668096058036
1776284545.9536748,48.60595631599426,-7.261565972032115,4.201370757975259,2.77096675516678,-2.338484671198663,0.06634625361374433
1776284545.9542813,48.6065628528595,-7.262599740653885,4.201446010970327,2.768605709803959,-2.3316498050342145,4.251252567969334
1776284545.9671772,48.61945867538452,-7.263554170139575,4.20154316902076,2.7658618170837994,-2.324268568593032,0.22540414499765699
1776284546.0282364,48.68051791191101,-7.2644358185812985,4.201670452927521,2.762748826220827,-2.3163544861247467,0.05302939065575898
1776284546.0345817,48.68686318397522,-7.265229672398091,4.201853525587039,2.7592786566599967,-2.307923392994396,0.5617598493135094
1776284546.0539978,48.706279277801514,-7.265961169727437,4.202095652602551,2.755473056180665,-2.29895712548986,0.1999795794544747
1776284546.0788147,48.731096267700195,-7.266672512039718,4.202392721732193,2.7513592245456855,-2.289437088718595,0.1686520129916909
1776284546.1412928,48.79357433319092,-7.267404107862504,4.202734061261543,2.746964218792368,-2.2793830899707737,0.07152168870428964
1776284546.1418862,48.7941677570343,-7.268190995052848,4.203105248208408,2.7423141987135145,-2.268832503894848,7.971897941257238
1776284546.1643088,48.816590309143066,-7.269048197310514,4.203511692410491,2.7374270387668345,-2.257813758026926,0.22202583153008632
1776284546.1858,48.83808159828186,-7.269995518673139,4.2039351926439625,2.7323177800696756,-2.2463643645434086,0.24258983666145553
1776284546.2470133,48.89929485321045,-7.2710442724181545,4.204373036514103,2.726997644918604,-2.234537073444999,0.08887238841516387
1776284546.2558675,48.908149003982544,-7.27219267878777,4.204825694222623,2.7214748113940663,-2.222345906478637,0.6391466940484114
1776284546.2694144,48.921695947647095,-7.273426572026347,4.205298337287784,2.7157569946125295,-2.2098194242671823,0.43319747176534756
1776284546.2801008,48.932382345199585,-7.274722565736567,4.205801877277138,2.709851442320194,-2.1969647609414027,0.5677327057303074
1776284546.36089,49.013171434402466,-7.276071160285463,4.2063358856303665,2.703763239132581,-2.183787945790015,0.0774683977966034
1776284546.378186,49.03046751022339,-7.277487428750105,4.206859020528769,2.697498019917908,-2.1703224531909657,0.37260290657043427
1776284546.4014823,49.05376386642456,-7.278981862561654,4.207332531374138,2.691059157717358,-2.1566099769243934,0.2844630222218335
1776284546.4123125,49.06459403038025,-7.2805617386264085,4.207726666887405,2.6844565889450793,-2.1426794141484393,0.6279117464397576
1776284546.4468758,49.09915733337402,-7.282217920422862,4.208037902616673,2.6776927309151786,-2.128530269226124,0.20167698478277146
1776284546.4613307,49.11361217498779,-7.283928947392998,4.208287729545351,2.670775510586472,-2.114167864364781,0.4932654950362704
1776284546.4732213,49.125502824783325,-7.28567009716767,4.208510060819758,2.6637077863736427,-2.0995873063833126,0.6124499705580366
1776284546.4835768,49.13585829734802,-7.287439335604455,4.208711579484284,2.6564877543186682,-2.084803270055698,0.7181106639748006
1776284546.536266,49.18854761123657,-7.28923560212225,4.208892119143461,2.6491188395543817,-2.0698343244187574,0.14399192040210945
1776284546.56354,49.215821504592896,-7.291065501267035,4.209042205534672,2.641605972666999,-2.0546917167540837,0.2835666185761703
1776284546.5652328,49.21751427650452,-7.292937323032575,4.209142176036099,2.6339522657764323,-2.039389346589015,4.655031965688273
1776284546.5739179,49.22619938850403,-7.294853633021242,4.209183106087336,2.6261616823792453,-2.023941485464429,0.9237545236948695
1776284546.584902,49.237183570861816,-7.296831051828995,4.209132737327906,2.6182389807902995,-2.0083628636581827,0.7434235633039374
1776284546.644157,49.296438455581665,-7.298863237423113,4.208979598799433,2.610188011662561,-1.9926552822689383,0.14015550292663165
1776284546.665815,49.31809663772583,-7.300938932785797,4.208729869959059,2.60201133797005,-1.9768271639660198,0.3896781194043419
1776284546.6982732,49.35055470466614,-7.303038246200506,4.208400307016627,2.5937164621470776,-1.9608815547160812,0.2638096212073578
1776284546.6988175,49.35109901428223,-7.305156531842323,4.208000413799848,2.585307073683729,-1.9448270480660483,15.94918332691816
1776284546.744319,49.39660048484802,-7.3072825878446075,4.207542134727097,2.576787778680257,-1.9286724033706477,0.193236093914809
1776284546.7612376,49.41351914405823,-7.309407068541761,4.207029637719344,2.5681642464016625,-1.9124197371208358,0.525818507194908
1776284546.7688956,49.42117714881897,-7.311531801907459,4.206451112305741,2.559441795426116,-1.896077376009464,1.1747353450102942
1776284546.802366,49.45464754104614,-7.313656426884496,4.205816581780706,2.550624123550891,-1.8796518696967004,0.27164887282347044
1776284546.8725662,49.524847745895386,-7.315791569184056,4.205105604571688,2.5417155244095704,-1.863141776212128,0.13088910019951297
1776284546.9243724,49.57665395736694,-7.317939631749766,4.204304886245194,2.5327230326808676,-1.8465549317710592,0.17913100265834617
1776284546.929127,49.58140850067139,-7.320106786187445,4.203412848625227,2.5236531530479507,-1.8298945600223557,1.9702763432668835
1776284546.9411528,49.59343433380127,-7.32228919434078,4.202436046282225,2.514507044827396,-1.8131695516457682,0.7860979819127872
1776284547.0327482,49.68502974510193,-7.324481496858513,4.2013889791884695,2.505289088497878,-1.7963883162562435,0.10407450019709509
1776284547.0424995,49.69478106498718,-7.3266739364269435,4.200287586818749,2.4960029091090594,-1.7795527539703822,0.9849786297233373
1776284547.061684,49.71396541595459,-7.328861185830345,4.19913873881005,2.4866511581444906,-1.7626666827165431,0.5041921049510864
1776284547.0747235,49.72700500488281,-7.33103396704299,4.197958954274713,2.4772365454072176,-1.745736179211149,0.7464842913577641
1776284547.1755965,49.82787799835205,-7.33103396704299,4.197958954274713,2.4772365454072176,-1.745736179211149,0.0
1776284547.1956232,49.847904682159424,-7.333190495163518,4.19673081060423,2.4677621463765678,-1.7287677016871825,0.48904943296900166
1776284547.2056983,49.8579797744751,-7.335332547328839,4.19544597504121,2.458232836353137,-1.71175635347606,0.9777816612698184
1776284547.2272158,49.87949728965759,-7.3374693108854725,4.194084903216459,2.4486524691935383,-1.694706804316303,0.4605400533077048
1776284547.2383513,49.89063286781311,-7.339606215811832,4.192628835802549,2.4390273312804434,-1.677621702970324,0.89500807796787
1776284547.3400643,49.99234580993652,-7.339606215811832,4.192628835802549,2.4390273312804434,-1.677621702970324,0.0
1776284547.367137,50.019418478012085,-7.341739800024387,4.191068941972514,2.429363215691601,-1.6604978182065757,0.3700784468157314
1776284547.3905392,50.04282069206238,-7.343865305727885,4.189433769280197,2.4196605360258543,-1.6433408330719947,0.4301497712081528
1776284547.4025633,50.05484485626221,-7.345976464977027,4.18775438476991,2.409924033936011,-1.626159768877327,0.8402501957710878
1776284547.4303007,50.082582235336304,-7.348071958678012,4.186027571104867,2.4001571281761453,-1.6089514216755254,0.3654753532613706
1776284547.447231,50.099512577056885,-7.350146289669345,4.184284232450609,2.390371658888861,-1.5917216559670426,0.5997335128092994
1776284547.5518951,50.20417666435242,-7.350146289669345,4.184284232450609,2.390371658888861,-1.5917216559670426,0.0
1776284547.5594022,50.21168375015259,-7.352194039715313,4.182537951496495,2.380567702375631,-1.5744777074905116,1.354271024716833
1776284547.574218,50.22649955749512,-7.354218352291562,4.180763354610031,2.3707453401830287,-1.5572145271235294,0.6874136423564261
1776284547.5950248,50.24730634689331,-7.356225608941675,4.178961279631389,2.3609067140857656,-1.5399335032982793,0.49030732611444094
1776284547.6218116,50.27409315109253,-7.3582133700085,4.177112270320227,2.3510529714093003,-1.5226308601254648,0.38156378638715327
1776284547.6869755,50.33925700187683,-7.360184051011648,4.175196408882358,2.3411833636689576,-1.5053067837410028,0.15722149675513572
1776284547.7101436,50.362425088882446,-7.362141197439333,4.173199639318909,2.33129845100525,-1.4879607148282763,0.443400067437706
1776284547.7354226,50.38770413398743,-7.364081873862219,4.171129787148531,2.3214019631365166,-1.4705997660992918,0.4072619154609811
1776284547.7471075,50.399389028549194,-7.366005999301394,4.169018061319568,2.311499225042143,-1.4532245868967892,0.8820441890907122
1776284547.8482778,50.50055932998657,-7.366005999301394,4.169018061319568,2.311499225042143,-1.4532245868967892,0.0
1776284547.8901756,50.54245710372925,-7.367912945921655,4.166863231052588,2.3015897152911475,-1.435834476733958,0.24628572763519338
1776284547.8905404,50.54282188415527,-7.369800079210709,4.164667073710906,2.291675203052055,-1.4184317370952417,28.314826836037557
1776284547.8907528,50.54303431510925,-7.371673352016608,4.162437390993107,2.2817576940899866,-1.4010171833848577,48.65688510763024
1776284547.9129639,50.565245389938354,-7.373535151476201,4.160168571743809,2.271842689304893,-1.3835922802402263,0.46554562682921663
1776284547.988601,50.64088249206543,-7.3753883152998805,4.15787120962527,2.2619362265372684,-1.3661611535408507,0.13666351029753926
1776284547.991226,50.64350748062134,-7.377223139660432,4.15550595930564,2.2520424203588565,-1.3487208554901025,3.937826500504124
1776284548.006217,50.65849852561951,-7.37903519878787,4.153070801707121,2.242161254343627,-1.3312695642126904,0.6895366788464862
1776284548.0206518,50.67293334007263,-7.3808268601935225,4.150573395716281,2.232293391572545,-1.3138076266108425,0.7160094365857649
1776284548.0997007,50.75198221206665,-7.382596958554032,4.148020543230086,2.2224367704289696,-1.2963405124106255,0.13073643165129187
1776284548.1073647,50.75964617729187,-7.384350100372243,4.145436947115487,2.212595764702744,-1.2788688557191656,1.3471395517134843
1776284548.1183276,50.77060914039612,-7.3860899469284504,4.142855846628653,2.2027745547003303,-1.2613956982718804,0.9397719015250795
1776284548.132823,50.785104513168335,-7.3860899469284504,4.142855846628653,2.2027745547003303,-1.2613956982718804,0.0
1776284548.1333663,50.78564786911011,-7.387812718650218,4.140285865273135,2.1929770940468267,-1.243918008735448,18.90912374795588
1776284548.2538931,50.906174659729004,-7.387812718650218,4.140285865273135,2.1929770940468267,-1.243918008735448,0.0
1776284548.2632244,50.91550588607788,-7.389521266778708,4.137740204264456,2.1832061524562896,-1.2264376062404065,1.0974597989011643
1776284548.2723424,50.92462396621704,-7.391216476562654,4.135210211331711,2.173464779242941,-1.208957958057765,1.1193495877794146
1776284548.297495,50.94977641105652,-7.392891780742783,4.13267515908809,2.163758734367119,-1.19148074086747,0.4043570101589699
1776284548.315114,50.967395544052124,-7.394540768463451,4.1301155812220625,2.1540896173057087,-1.1739989095305976,0.5753506875814752
1776284548.319732,50.97201347351074,-7.396154201292705,4.127516212134925,2.1444572026620055,-1.1565061592713832,2.1885558881651215
1776284548.4204538,51.07273530960083,-7.396154201292705,4.127516212134925,2.1444572026620055,-1.1565061592713832,0.0
1776284548.4392855,51.091567039489746,-7.397736105457726,4.124887988820335,2.1348577498119354,-1.1390064852281974,0.5351431914211483
1776284548.4495125,51.10179400444031,-7.3992903782397,4.122249659022855,2.1252936342658564,-1.1215069610893393,0.9819485124492828
1776284548.4616265,51.11390805244446,-7.400814449783616,4.119590836174649,2.1157700456920954,-1.10400146322542,0.8258628809616679
1776284548.4723246,51.124606132507324,-7.402304348349271,4.116906004913443,2.106289730210197,-1.086485871783291,0.9314909010394933
1776284548.552189,51.20447063446045,-7.403763155580641,4.114195702859571,2.0968565595696234,-1.0689745850135721,0.12424329517735754
1776284548.584365,51.2366464138031,-7.405204809933729,4.11148295493159,2.087472042091756,-1.0514795449215375,0.30689357129465394
1776284548.5850265,51.23730802536011,-7.406649177465414,4.108813299473093,2.0781401727709246,-1.034011117468267,14.832125533853413
1776284548.585258,51.237539529800415,-7.408089003491872,4.106173514860882,2.068860995767597,-1.0165739554306155,42.13402484827991
1776284548.6933749,51.345656394958496,-7.4095012733012835,4.103523427453436,2.059634623318735,-0.9991550903205402,0.08974319679330739
1776284548.6935422,51.345823764801025,-7.4095012733012835,4.103523427453436,2.059634623318735,-0.9991550903205402,0.0
1776284548.7063406,51.3586220741272,-7.410872889475183,4.10084289560142,2.050456017834128,-0.9817594385326393,0.7547782192420781
1776284548.7290983,51.38137984275818,-7.412202642615214,4.0981269618773135,2.041325089160963,-0.9644282003400413,0.4226534067328195
1776284548.7590199,51.411301374435425,-7.41349586009313,4.095390877619017,2.0322450865847466,-0.9471585636183034,0.3198716897763314
1776284548.8530788,51.50536036491394,-7.414753845721048,4.092638106811131,2.023212457408668,-0.9299514280447809,0.10127909424429041
1776284548.8685994,51.520880937576294,-7.415985144081151,4.089894865112473,2.0142305794182285,-0.9128388861760662,0.6102759404267937
1776284548.8826795,51.534960985183716,-7.4172001904538485,4.0871757179977255,2.0053039114537605,-0.8958237344856378,0.6683495280138698
1776284548.897971,51.55025243759155,-7.418405463104863,4.084491844935704,1.996431181761757,-0.8788988933005278,0.611308222614649
1776284549.0010326,51.65331411361694,-7.418405463104863,4.084491844935704,1.996431181761757,-0.8788988933005278,0.0
1776284549.0131774,51.6654589176178,-7.419600558610617,4.081841432146417,1.9876111500977252,-0.8620806217506297,0.7646782161809831
1776284549.0323105,51.6845920085907,-7.420776889541103,4.079200238576347,1.9788504995766942,-0.8454073487763025,0.4821717128401817
1776284549.032955,51.68523645401001,-7.421924439747795,4.07655144000365,1.970153246583458,-0.8288601566819748,14.21966683612944
1776284549.0509653,51.70324683189392,-7.423049185224721,4.0739037741759665,1.9615213341956104,-0.8124305365926255,0.5051882711565141
1776284549.1224434,51.77472496032715,-7.424148080664575,4.0712642854405106,1.9529528903267492,-0.7961138104788242,0.12637247347308342
1776284549.1401885,51.79246997833252,-7.4252218835153485,4.068633305245846,1.9444463448542455,-0.7799156181163001,0.5054171055873855
1776284549.1690974,51.82137894630432,-7.426275746694928,4.066009906453984,1.935999475377966,-0.7638436018191354,0.3081202368589767
1776284549.1840577,51.836339235305786,-7.427304568198907,4.0633897741684075,1.927616723026737,-0.7479396035716456,0.591081028229437
1776284549.2021742,51.8544557094574,-7.428298703056989,4.060768830089858,1.9193046985585855,-0.7322044436251738,0.48419834868879597
1776284549.293319,51.945600509643555,-7.4292597079687726,4.0581554957286,1.9110626519705274,-0.7166333276578378,0.09544896608018626
1776284549.3092413,51.961522817611694,-7.430190009144711,4.055551276937443,1.9028884343131183,-0.701219166452389,0.5419644580222077
1776284549.3211472,51.97342872619629,-7.431106153081569,4.052967719866159,1.8947848041026674,-0.6859800607226766,0.7185256760001214
1776284549.3317838,51.98406529426575,-7.432008558456701,4.0504040984241225,1.8867539153189035,-0.670895574456751,0.7970903298552476
1776284549.4360456,52.088327169418335,-7.432008558456701,4.0504040984241225,1.8867539153189035,-0.670895574456751,0.0
1776284549.4832199,52.13550138473511,-7.432008558456701,4.0504040984241225,1.8867539153189035,-0.670895574456751,0.0
1776284549.4838078,52.13608932495117,-7.432899383940098,4.0478622156527315,1.8787944250187067,-0.6559668063864567,14.292048325007547
1776284549.4840302,52.136311769485474,-7.433776374985154,4.045335738408504,1.8709050558481695,-0.641207502533039,37.449006956116456
1776284549.5889237,52.2412052154541,-7.433776374985154,4.045335738408504,1.8709050558481695,-0.641207502533039,0.0
1776284549.599334,52.25161552429199,-7.4346324132428,4.042822115221049,1.8630834798623086,-0.6266166406026348,0.7934475008770908
1776284549.6042967,52.25657820701599,-7.435454970077907,4.04030783002972,1.8553328434868088,-0.6122014172047276,1.6502493321986214
1776284549.6351075,52.287389039993286,-7.4362463295636605,4.0377953503742186,1.8476548333642568,-0.5979521673092809,0.2634562064760233
1776284549.66731,52.3195915222168,-7.43700487176612,4.035280924305891,1.8400487897635716,-0.5838652749050808,0.24987872205564132
1776284549.6677012,52.3199827671051,-7.437745345093579,4.032773603102877,1.8325177216937998,-0.5699319358422306,20.375850826421775
1776284549.6915016,52.343783140182495,-7.4384985619950275,4.030295373463328,1.8250646530540124,-0.5561506008613838,0.3315209609412822
1776284549.7926576,52.44493913650513,-7.4384985619950275,4.030295373463328,1.8250646530540124,-0.5561506008613838,0.0
1776284549.8169887,52.4692702293396,-7.439264684503456,4.027847843384157,1.8176861166457563,-0.542513860669515,0.3210517252059003
1776284549.8410478,52.49332928657532,-7.440047363865457,4.025438344210416,1.8103793326307258,-0.5290104750208501,0.3214391213296283
1776284549.846878,52.49915957450867,-7.440843859495056,4.023067283861369,1.803145439379454,-0.5156335886799436,1.312820139195364
1776284549.870556,52.52283763885498,-7.441629534434378,4.02071593569445,1.7959844832378435,-0.5023732764141935,0.32004119194846087
1776284549.9611266,52.61340808868408,-7.442382231219927,4.01836951693619,1.7888944883279032,-0.4892203085677387,0.08287487828184369
1776284549.9987628,52.6510443687439,-7.443090269854694,4.016023277849792,1.7818730410075538,-0.4761665647588397,0.19759815463457342
1776284550.0055747,52.65785622596741,-7.443760651759004,4.013684362593493,1.7749200267761756,-0.4632503498048107,1.0814133821431724
1776284550.037038,52.6893196105957,-7.4444040845396,4.011361341316337,1.7680397757585125,-0.45048785275153697,0.2317070239001559
1776284550.1374407,52.789722204208374,-7.4444040845396,4.011361341316337,1.7680397757585125,-0.45048785275153697,0.0
1776284550.1537676,52.80604910850525,-7.44501560187641,4.009047601373346,1.761234143566389,-0.4378969202736561,0.4418566391078163
1776284550.2190323,52.87131381034851,-7.44561555766992,4.006748660530487,1.7545072109049284,-0.42548292757084527,0.10931164999231106
1776284550.2194476,52.871729135513306,-7.446219568389587,4.004471535120206,1.7478585978907835,-0.41323265709485363,16.983475079687313
1776284550.219664,52.87194561958313,-7.446822120951576,4.002222692317815,1.74128492450508,-0.4011324894576006,32.21380468544042
1776284550.2198558,52.87213730812073,-7.447431630878671,4.000010510383004,1.7347860568799118,-0.3891766978581056,35.95448655383455
1776284550.3218842,52.97416567802429,-7.447431630878671,4.000010510383004,1.7347860568799118,-0.3891766978581056,0.0
1776284550.3834572,53.035738706588745,-7.448051251458191,3.9978338735184478,1.7283611950060538,-0.3773657892783405,0.11062949877554532
1776284550.3938076,53.04608917236328,-7.448660154634936,3.9956787354232404,1.7220113561307908,-0.36571648117531513,0.6505204078266558
1776284550.4076166,53.059898138046265,-7.449232861928522,3.993530891218096,1.7157391699584466,-0.3542240286856194,0.4818925872157554
1776284550.41244,53.06472158432007,-7.449769583343175,3.9913929419379413,1.7095461048269434,-0.3429081272565335,1.3628546044045171
1776284550.5129147,53.16519618034363,-7.449769583343175,3.9913929419379413,1.7095461048269434,-0.3429081272565335,0.0
1776284550.5658634,53.21814489364624,-7.450277564923756,3.989271704422852,1.7034344841336744,-0.3317610841820426,0.12255616263985418
1776284550.5907128,53.24299430847168,-7.450755490554802,3.9871713385343166,1.6974020673415897,-0.3207683119695232,0.2577713248619328
1776284550.591269,53.243550539016724,-7.451217003278403,3.9850939482316963,1.6914480743380604,-0.30992622202095504,11.367339540795534
1776284550.6336021,53.28588366508484,-7.451672254380917,3.9830360096410984,1.685572284095258,-0.2992411350870578,0.1474584561642121
1776284550.7340164,53.386297941207886,-7.451672254380917,3.9830360096410984,1.685572284095258,-0.2992411350870578,0.0
1776284550.7472966,53.39957809448242,-7.4521116139471095,3.9809926384915384,1.679776222024959,-0.28870152720835285,0.4639548043996117
1776284550.7694247,53.421706199645996,-7.4525413531162945,3.9789681914004698,1.6740603415192161,-0.2783127535917956,0.27471891799902026
1776284550.801167,53.45344853401184,-7.4529644860034505,3.976975842935195,1.6684249225483536,-0.26808490719873107,0.18877623368218258
1776284550.8130965,53.46537804603577,-7.453386278436592,3.975021056190245,1.6628692977215669,-0.25802114646948326,0.49495571857000326
1776284550.9135725,53.5658540725708,-7.453386278436592,3.975021056190245,1.6628692977215669,-0.25802114646948326,0.0
1776284550.9723847,53.62466621398926,-7.4538157410076105,3.973103573347272,1.6573937135150418,-0.24812280688389393,0.09891649598023183
1776284550.9872205,53.63950204849243,-7.454241879529352,3.971217350971207,1.651999630610192,-0.2383892076258711,0.3862426506981194
1776284551.0074213,53.65970277786255,-7.454635746363362,3.969353097497395,1.6466872349184363,-0.22880108321390616,0.27938438007304306
1776284551.015043,53.66732454299927,-7.454994241589048,3.967507981233718,1.6414542415873044,-0.2193426760391469,0.7295321907175584
1776284551.11583,53.76811146736145,-7.454994241589048,3.967507981233718,1.6414542415873044,-0.2193426760391469,0.0
1776284551.133399,53.785680532455444,-7.4553266783395715,3.9656873159186006,1.6362966904270584,-0.21000738729107926,0.3118873096881617
1776284551.1522174,53.80449891090393,-7.45564330728302,3.9638939546077085,1.631214188295042,-0.20080327973073775,0.2868955885440146
1776284551.2057838,53.858065366744995,-7.455944941750903,3.962131997094267,1.6262093868115508,-0.1917510263087911,0.09921251610545131
1776284551.2263396,53.878621101379395,-7.456214326473995,3.960398885246549,1.6212845856131057,-0.18284614099568902,0.25432327727569826
1776284551.3274062,53.97968769073486,-7.456214326473995,3.960398885246549,1.6212845856131057,-0.18284614099568902,0.0
1776284551.3653162,54.017597675323486,-7.456437744288905,3.9586956538787375,1.6164388978758975,-0.17406913531432155,0.13561512773285053
1776284551.3942707,54.0465521812439,-7.456618087616486,3.9570204209374404,1.6116711716652223,-0.16541727686000368,0.17464269086742243
1776284551.4299655,54.08224701881409,-7.45677229613203,3.9553728366356853,1.6069827786013773,-0.15688971935116672,0.13928779361853758
1776284551.4458537,54.098135232925415,-7.456909940622814,3.9537580116016278,1.602372358984316,-0.1484863685285774,0.30758523967445583
1776284551.453964,54.10624551773071,-7.457067963000716,3.95218299966025,1.5978425268207763,-0.14021932448122826,0.5916485952864835
1776284551.5551467,54.207428216934204,-7.457067963000716,3.95218299966025,1.5978425268207763,-0.14021932448122826,0.0
1776284551.5714402,54.223721742630005,-7.457259172321098,3.950647160169069,1.593393248259248,-0.13209213663060881,0.28911971575151874
1776284551.592661,54.24494242668152,-7.457473708612048,3.9491511747762633,1.5890216144613212,-0.12409673550880272,0.21797093884058183
1776284551.6154118,54.267693281173706,-7.457694078250425,3.9476903676468664,1.5847255201510837,-0.11623185537670111,0.19968527951184292
1776284551.6308212,54.2831027507782,-7.4578772516600464,3.9462520622553554,1.5805084681532617,-0.10848706095702466,0.2893902332456598
1776284551.7313955,54.38367700576782,-7.4578772516600464,3.9462520622553554,1.5805084681532617,-0.10848706095702466,0.0
1776284551.7523139,54.404595375061035,-7.458005826317198,3.9448274033118644,1.576371349564722,-0.10085182546401876,0.20926271367989896
1776284551.7967217,54.44900321960449,-7.458090664537663,3.943417994186813,1.5723097021178927,-0.09332322038389024,0.09683134046419117
1776284551.8164878,54.46876931190491,-7.458157795957219,3.9420275165091567,1.5683222923646267,-0.08591197518613775,0.2136705204087899
1776284551.817901,54.47018241882324,-7.458222452295495,3.9406607326466934,1.5644087045407318,-0.0786142297272571,2.9338865252902324
1776284551.888,54.540281534194946,-7.458291482509326,3.9393168454073644,1.5605661960490023,-0.07142539434830908,0.05807951796642767
1776284551.9095578,54.56183934211731,-7.45836781491358,3.9379987119910096,1.5567935448163417,-0.06433927767711499,0.18540956784797763
1776284551.9302568,54.58253836631775,-7.458441344509651,3.9367106019313316,1.5530887507644202,-0.05735694457961394,0.18952709917523375
1776284551.9612825,54.613564014434814,-7.458501999512763,3.9354575873978592,1.5494496017692458,-0.05047273037940952,0.12406839984330466
1776284552.059585,54.71186661720276,-7.458540966761831,3.934240030891839,1.5458758780971884,-0.043681582181941764,0.03840834990457998
1776284552.0753243,54.72760581970215,-7.458542929577928,3.9330577301927243,1.542366897577747,-0.036982970329224436,0.2352601702386958
1776284552.0906494,54.74293088912964,-7.458491350687595,3.9319067061505084,1.5389232708350045,-0.03036448447990446,0.23694930176104456
1776284552.1353552,54.78763675689697,-7.458387816543593,3.9307833541620494,1.535543635813282,-0.0238207478713811,0.07969746367639301
1776284552.223443,54.87572455406189,-7.458261459412066,3.929691455755894,1.5322280805530482,-0.017372563029719356,0.039653726747173726
1776284552.2373664,54.88964796066284,-7.458135171064039,3.928631989249217,1.528975783479933,-0.011019722040478363,0.24583373229128294
1776284552.2580879,54.91036939620972,-7.458033021800705,3.9275957542860334,1.525788932575669,-0.004771839305700401,0.16179603580161125
1776284552.2640843,54.9163658618927,-7.457958463200677,3.9265767683148685,1.5226704820305117,0.0013646535154503976,0.5472487499020169
1776284552.3425615,54.99484300613403,-7.457901867233216,3.9255728892389197,1.5196207373454576,0.007393962446504962,0.040919145371001116
1776284552.3487594,55.00104093551636,-7.457857207571552,3.9245887642845894,1.51663608692752,0.013327388133046798,0.50710960395369
1776284552.3609753,55.013256788253784,-7.457827476594993,3.9236295498995544,1.5137159008079,0.01916537399573203,0.25162674399419704
1776284552.3745265,55.02680802345276,-7.457808275354991,3.9226967408701268,1.5108618946013104,0.024918349745200383,0.22157692098413578
1776284552.3920956,55.04437708854675,-7.457798099008105,3.9217901124427827,1.5080750232491376,0.03058692272688583,0.16680760170734235
1776284552.4929671,55.14524865150452,-7.457798099008105,3.9217901124427827,1.5080750232491376,0.03058692272688583,0.0
1776284552.514304,55.16658544540405,-7.457768609688242,3.920908264101919,1.5053534474177355,0.03617696342798007,0.13408909943130737
1776284552.5225804,55.174861907958984,-7.4577054427168115,3.9200493595955055,1.5026951700540332,0.041694142320393236,0.33762080101409986
1776284552.5409884,55.19326996803284,-7.457621912140309,3.9192182090485073,1.5000993339033568,0.04713716010577619,0.1481378925775774
1776284552.5630858,55.21536731719971,-7.457541473071189,3.918413094943598,1.4975643760612245,0.05248918087418105,0.12041972342833886
1776284552.6639063,55.31618785858154,-7.457541473071189,3.918413094943598,1.4975643760612245,0.05248918087418105,0.0
1776284552.6863723,55.338653802871704,-7.4574877027776365,3.917630841127452,1.4950899532129678,0.05774956399397537,0.11553865636937641
1776284552.6984737,55.35075521469116,-7.457468925836474,3.9168724827071637,1.4926749795540766,0.0629140663506615,0.20917521645451626
1776284552.7156796,55.367961168289185,-7.457466227547195,3.9161436663451115,1.490319482176708,0.06799241085876834,0.1433035387814626
1776284552.7338371,55.3861186504364,-7.457453897498173,3.915446086781857,1.488023128492395,0.07299142332651795,0.13217702564742037
1776284552.8347344,55.48701596260071,-7.457453897498173,3.915446086781857,1.488023128492395,0.07299142332651795,0.0
1776284552.8391843,55.49146580696106,-7.457419441823891,3.914778316287703,1.4857859714507702,0.0779163885608636,0.5247254838383771
1776284552.847052,55.49933362007141,-7.45735978439616,3.914133453188358,1.4836087590614986,0.08276735334950557,0.2887064974769623
1776284552.8777509,55.53003239631653,-7.457276791913609,3.9135086004842687,1.4814913199761965,0.08754990441102986,0.07196608299792602
1776284552.878133,55.53041458129883,-7.457181156612402,3.912902658057962,1.4794316814982544,0.09226593018032794,5.62306670747485
1776284552.978461,55.63074254989624,-7.457181156612402,3.912902658057962,1.4794316814982544,0.09226593018032794,0.0
1776284553.0054393,55.65772080421448,-7.457068207409004,3.9123181694491382,1.47742803526185,0.09691646944025929,0.07747762832315323
1776284553.0058835,55.658164978027344,-7.456951989032768,3.9117597040359025,1.4754805459311044,0.10149893138375753,4.5687327939041245
1776284553.0200415,55.67232298851013,-7.456852411224534,3.911225528241603,1.4735885638440271,0.10601445395784517,0.1390354476498271
1776284553.0396698,55.691951274871826,-7.456797055859175,3.9107115782013437,1.471752988603156,0.11046055036406967,0.09715432014722884
1776284553.127172,55.77945351600647,-7.456792441238611,3.9102140913467087,1.4699707704480096,0.11482699676576041,0.0211463800504474
1776284553.147378,55.79965949058533,-7.4568318175950346,3.9097330601657645,1.4682429244442063,0.11911549996602407,0.08878503208176487
1776284553.1761687,55.828450202941895,-7.456875044570965,3.909278122942818,1.4665707782779098,0.12334685835830443,0.0602092572468248
1776284553.1878438,55.84012532234192,-7.456878405666083,3.9088592965051494,1.464954319201449,0.12753105319441857,0.1430255488391997
1776284553.2940102,55.94629168510437,-7.456878405666083,3.9088592965051494,1.464954319201449,0.12753105319441857,0.0
1776284553.313533,55.9658145904541,-7.456813481316778,3.9084817035319226,1.4633911466633382,0.131676016830853,0.08243859561412512
1776284553.334301,55.9865825176239,-7.456813481316778,3.9084817035319226,1.4633911466633382,0.131676016830853,0.0
1776284553.3375204,55.98980188369751,-7.456692324798359,3.9081460541635242,1.4618782961359422,0.13576848814815556,0.48281765873581817
1776284553.3601205,56.012402057647705,-7.456531901512931,3.907846874185078,1.4604157242629747,0.13980259466568082,0.06643545712893661
1776284553.3671513,56.01943278312683,-7.456364874608502,3.9075762058360666,1.4590047052057928,0.1437745663412788,0.2057285762145205
1776284553.3862007,56.03848218917847,-7.456219152799318,3.9073248753997243,1.4576444567763258,0.14768086315250945,0.07301681165202013
1776284553.486655,56.1389365196228,-7.456219152799318,3.9073248753997243,1.4576444567763258,0.14768086315250945,0.0
1776284553.5252502,56.177531719207764,-7.456105257973542,3.907082801712929,1.4563337388302102,0.15152710491092225,0.034660834928683486
1776284553.541701,56.19398260116577,-7.4560393103682445,3.9068414225616293,1.4550716634753569,0.15531254156833058,0.07821111518803184
1776284553.5781372,56.23041868209839,-7.45600517216686,3.9065983411748455,1.453858231964857,0.15903798552961476,0.033977597818805466
1776284553.583254,56.235535621643066,-7.455987103919217,3.906348978261027,1.4526935540935633,0.16271137252998238,0.23279748821022195
1776284553.685881,56.338162422180176,-7.455987103919217,3.906348978261027,1.4526935540935633,0.16271137252998238,0.0
1776284553.7050095,56.35729098320007,-7.455960840805081,3.906099240008223,1.4515803225090396,0.1663330892773866,0.05965961877188875
1776284553.7252126,56.37749409675598,-7.455918768382231,3.905853819803583,1.4505169055884934,0.16990161236593274,0.054059974250883554
1776284553.7401836,56.392465114593506,-7.4558774969592845,3.905614103252313,1.4495001426108742,0.17341281585265578,0.06983186627732735
1776284553.7627263,56.41500782966614,-7.455862208493286,3.9053745522892744,1.4485285865889268,0.17686086877388804,0.04439436213329828
1776284553.8688877,56.52116918563843,-7.455862208493286,3.9053745522892744,1.4485285865889268,0.17686086877388804,0.0
1776284553.8993838,56.55166530609131,-7.455876293091074,3.9051401100104983,1.447602486542302,0.18024698340181564,0.03132915332422768
1776284553.9146335,56.5669150352478,-7.455908526170064,3.9049095149757287,1.4467205640748646,0.18357632583239414,0.0598135536841907
1776284553.932183,56.58446455001831,-7.45595799243074,3.9046887273988538,1.445880871187086,0.1868523761675637,0.049553653639772405
1776284553.9614658,56.613747358322144,-7.456026833086489,3.9044815609649577,1.4450803323661094,0.19007906003095448,0.028336444551222247
1776284554.0621626,56.714444160461426,-7.456026833086489,3.9044815609649577,1.4450803323661094,0.19007906003095448,0.0
1776284554.0702357,56.722517251968384,-7.456117091733403,3.904288693541849,1.444316782015417,0.19325856079383472,0.0981888514878922
1776284554.0929406,56.745222091674805,-7.456208869441465,3.9041156363289486,1.4435905847054376,0.19639051214639766,0.03312744060588532
1776284554.1124058,56.764687299728394,-7.4562775197762505,3.903964413132989,1.4429038529472293,0.19948342113546286,0.03629696685841565
1776284554.1339118,56.78619337081909,-7.456327116925695,3.9038288294535106,1.4422566845805074,0.20253170411514645,0.030832035301077098
1776284554.2282147,56.88049626350403,-7.456376470994052,3.9036997015314627,1.4416353330469451,0.20515144248264738,0.006749988667568511
1776284554.2308898,56.88317131996155,-7.456431434262863,3.903564061195258,1.4408651446140464,0.2066205271745582,0.29306683653416626
1776284554.2432423,56.8955237865448,-7.456486689777696,3.903411910432567,1.439800872923148,0.2070461133091475,0.08714952664392545
1776284554.2641318,56.91641330718994,-7.456540123427902,3.9032400914524206,1.4383886120137965,0.20652780228482984,0.06815271559045905
1776284554.3489108,57.00119233131409,-7.456589757182033,3.903049868144014,1.4366096241022692,0.20519600234072125,0.021111559622379494
1776284554.3721173,57.02439880371094,-7.456628952208092,3.902849072765953,1.434463426478767,0.20315948162170644,0.0929019503452613
1776284554.3780587,57.03034019470215,-7.456645507559353,3.9026521040486086,1.4319605314882256,0.200445955804642,0.4225757865384094
1776284554.3956943,57.04797577857971,-7.4566313044660895,3.902470683138928,1.4291101136488211,0.19710163676606993,0.16195782334042533
1776284554.4050164,57.05729794502258,-7.456572330899651,3.90232298248139,1.425929308873591,0.19315517154426418,0.3416349891441755
1776284554.5054832,57.15776467323303,-7.456572330899651,3.90232298248139,1.425929308873591,0.19315517154426418,0.0
1776284554.5151334,57.16741490364075,-7.456466679600868,3.902216194602087,1.4224282761129632,0.18868356464309938,0.3631264614719902
1776284554.5365741,57.18885564804077,-7.456316888951154,3.902154720075131,1.4186245806248186,0.1837335234035085,0.1775656678036611
1776284554.5460103,57.19829177856445,-7.456142997076953,3.902129219970438,1.4145422506004348,0.17830881898899326,0.4330282921235919
1776284554.5669127,57.219194173812866,-7.455980206299368,3.902118269126791,1.4102073588625752,0.1723890084446679,0.20753416636236563
1776284554.6779568,57.330238342285156,-7.455980206299368,3.902118269126791,1.4102073588625752,0.1723890084446679,0.0
1776284554.7038562,57.35613775253296,-7.455863244886409,3.9021025464303203,1.4056467398973296,0.16597270657619714,0.17614862892152816
1776284554.7212367,57.373518228530884,-7.455816931411643,3.9020739479531743,1.4008871313467952,0.1590607050809614,0.2738659048318773
1776284554.755813,57.40809440612793,-7.455858569453455,3.9020319627932643,1.3959534827638633,0.151664916903586,0.142699490327018
1776284554.761407,57.41368842124939,-7.4559911570809865,3.9019898455768516,1.3908696772150737,0.14380790775181837,0.9091338711914057
1776284554.8620603,57.514341831207275,-7.4559911570809865,3.9019898455768516,1.3908696772150737,0.14380790775181837,0.0
1776284554.8875325,57.53981399536133,-7.45622020857409,3.9019638313108382,1.3856574741502148,0.1355093139600223,0.20482352118780725
1776284554.9056926,57.557974100112915,-7.4565499537814075,3.901973421232693,1.3803350257771159,0.12678769297003326,0.2936470768825901
1776284554.9317412,57.584022760391235,-7.456991277913581,3.9020365522447276,1.3749145637330935,0.11765394190631445,0.20879249165294692
1776284554.9543815,57.60666298866272,-7.457550919661253,3.902174517324402,1.3694087585292634,0.10813151308155625,0.24451582807814945
1776284555.0557287,57.70801019668579,-7.457550919661253,3.902174517324402,1.3694087585292634,0.10813151308155625,0.0
1776284555.0611458,57.71342730522156,-7.458251333354854,3.9024025386212853,1.3638247741555019,0.09820892826198059,1.0397350867926742
1776284555.074213,57.726494550704956,-7.459104610922802,3.9027381371722996,1.3581712748504808,0.08787482486656778,0.4382996922863527
1776284555.0814843,57.733765840530396,-7.460118863512704,3.903205012005946,1.3524532791981922,0.07712842141870942,0.8012319313546252
1776284555.109172,57.76145362854004,-7.4612873816874385,3.903829784242747,1.3466836715676584,0.06598257880090068,0.21380580245739148
1776284555.2138803,57.866161823272705,-7.4612873816874385,3.903829784242747,1.3466836715676584,0.06598257880090068,0.0
1776284555.2600336,57.912315130233765,-7.462598664436701,3.9046372436359973,1.340873156358823,0.05447227036430996,0.1302424124638504
1776284555.308557,57.96083855628967,-7.464052368156456,3.905643726057776,1.3350299874258247,0.042599139777753765,0.12581190551955657
1776284555.3141723,57.96645379066467,-7.465657997880253,3.906860126971923,1.3291592972195772,0.030355785382784627,1.1053259518775536
1776284555.3461623,57.998443841934204,-7.467421617764965,3.9082949856322204,1.323270392108115,0.017727408757116925,0.19732876029894686
1776284555.4290287,58.0813102722168,-7.46934432253116,3.9099557114550025,1.3173710700692343,0.004695637143229908,0.07751203915752125
1776284555.464535,58.11681652069092,-7.4714116778170325,3.911852058915669,1.3114758011306942,-0.008704709524162598,0.18387546241315902
1776284555.480151,58.13243246078491,-7.473600434953473,3.913991263435876,1.3056016814577087,-0.022441346962810523,0.4241566242789576
1776284555.5154083,58.16768980026245,-7.475865591561714,3.916376454580277,1.2997789812684248,-0.036412638975856094,0.18967947506150729
1776284555.515873,58.16815447807312,-7.478197824026523,3.9190044662352883,1.2940226304394735,-0.05060313218530566,14.51324864947997
1776284555.6230798,58.27536129951477,-7.480583732330292,3.921867836837597,1.2883484503453404,-0.06499113157915236,0.06332430392882717
1776284555.6231945,58.27547597885132,-7.480583732330292,3.921867836837597,1.2883484503453404,-0.06499113157915236,0.0
1776284555.6347003,58.28698182106018,-7.483002007782856,3.9249614293286643,1.2827707460489584,-0.07952704376588991,0.5928491111508188
1776284555.6350825,58.28736400604248,-7.485455322998862,3.928270813418852,1.277300469572646,-0.0942270475292986,17.917948278358093
1776284555.6474793,58.299760818481445,-7.487930583909833,3.931772915691067,1.2719476632871194,-0.10906430386293006,0.5532773407830955
1776284555.7478776,58.40015912055969,-7.487930583909833,3.931772915691067,1.2719476632871194,-0.10906430386293006,0.0
1776284555.799495,58.4517765045166,-7.490411334231125,3.9354433613607416,1.2667186490850457,-0.12401408450416504,0.13277280376919576
1776284555.8107197,58.4630012512207,-7.492882718891083,3.9392544506560725,1.2616205952748576,-0.13905797562959762,0.6083034519873016
1776284555.8197396,58.47202110290527,-7.495353069875716,3.943180749903001,1.2566564635801052,-0.15419573372577441,0.7532488986895345
1776284555.8625185,58.51480007171631,-7.497823983662394,3.9472015309414505,1.2518280701031905,-0.16943952344022067,0.15782759838938204
1776284555.9629865,58.61526799201965,-7.497823983662394,3.9472015309414505,1.2518280701031905,-0.16943952344022067,0.0
1776284555.9734068,58.625688314437866,-7.500280086904714,3.9512972413305842,1.247136906154851,-0.1847656836407128,0.642432022351335
1776284555.9897232,58.64200472831726,-7.502731398807801,3.9554491664032096,1.2425849779121894,-0.2001863407982331,0.40638810561686
1776284556.0234468,58.67572832107544,-7.505181209050314,3.9596324836027645,1.2381738408762004,-0.2156892357270718,0.19435580043346037
1776284556.0770524,58.72933387756348,-7.5076344065175,3.963830962841543,1.2339046961660154,-0.23127333660956675,0.12071100608130982
1776284556.1298516,58.78213310241699,-7.510076367478543,3.9680278192882765,1.229776829727666,-0.24693684816839953,0.12070391105168675
1776284556.1338565,58.78613805770874,-7.512475090798727,3.9721982913338816,1.225789716198521,-0.26267415469948735,1.5601928513515861
1776284556.157056,58.8093376159668,-7.514810114618584,3.9763223976482345,1.221939337733934,-0.27849455114784055,0.26320443455403825
1776284556.1844368,58.83671832084656,-7.517088895857389,3.9803873712367674,1.2182242223605737,-0.2944067877242992,0.21766337169057653
1776284556.287018,58.93929958343506,-7.517088895857389,3.9803873712367674,1.2182242223605737,-0.2944067877242992,0.0
1776284556.2934701,58.945751667022705,-7.519328701605512,3.9843881294842727,1.2146409912510745,-0.3104106786632118,0.9019002508146805
1776284556.314402,58.96668362617493,-7.521545837875325,3.988320335882211,1.211190130541899,-0.32650474065585344,0.27145622082586307
1776284556.3265235,58.97880506515503,-7.523752381446081,3.9921810197894523,1.2078688381746858,-0.3426838609905585,0.4578827646664117
1776284556.3470092,58.99929070472717,-7.525963703022097,3.995967403335962,1.2046776434729691,-0.3589330152467406,0.2647284978223994
1776284556.4581592,59.110440731048584,-7.525963703022097,3.995967403335962,1.2046776434729691,-0.3589330152467406,0.0
1776284556.4895854,59.14186692237854,-7.528178470737881,3.999677398379412,1.201615725786099,-0.3752450595215284,0.16851278972927577
1776284556.5138626,59.166144132614136,-7.530393126252418,4.003305916274879,1.198679050191288,-0.39161401407623736,0.21282145512776834
1776284556.5594888,59.2117702960968,-7.532621446996749,4.006849259660415,1.1958652278887743,-0.40802321640838496,0.11054268746039089
1776284556.5660965,59.2183780670166,-7.534860446884083,4.010300616212601,1.1931732627472926,-0.42446498977558256,0.7440433679086772
1776284556.567633,59.21991443634033,-7.537091049365638,4.013650704012613,1.1906020238049813,-0.44095619628909855,3.1086118320065745
1776284556.6591125,59.31139397621155,-7.539288733449535,4.016884749372364,1.1881479561350548,-0.45752803254692626,0.05046393715275429
1776284556.6595042,59.31178569793701,-7.541439227052365,4.019988131569437,1.1858068839287867,-0.47419344293683047,11.34107863169416
1776284556.6597207,59.312002182006836,-7.54354876743749,4.02296046930082,1.1835770978704097,-0.4909419688380868,19.73729134182404
1776284556.666394,59.31867551803589,-7.545624873533266,4.025805450023261,1.1814574832676692,-0.507766065178392,0.6159713262339861
1776284556.7571502,59.40943169593811,-7.5476836957868745,4.0285290181267674,1.1794493202691372,-0.5246536123282134,0.04364409175942372
1776284556.7968009,59.449082374572754,-7.549755930640073,4.031145120254773,1.177553411269175,-0.5415641769202725,0.09680311836389491
1776284556.7972078,59.44948935508728,-7.551854139063731,4.033659376757515,1.1757657014665774,-0.5584801041727936,9.16735361653261
1776284556.7974272,59.449708700180054,-7.553975586784105,4.036065892920215,1.1740815436923426,-0.5754038988787077,16.51868461268323
1776284556.8899953,59.54227685928345,-7.556111192516816,4.038356596353245,1.1724982775510624,-0.592343767413799,0.037909950174915184
1776284556.8927865,59.54506802558899,-7.558240072654169,4.040517880593639,1.1710124109349351,-0.6093247114999425,1.2102571516379022
1776284556.9137764,59.56605792045593,-7.560350055764334,4.042537654764263,1.169621427812904,-0.626367239541581,0.1541300691649366
1776284556.945886,59.598167419433594,-7.562433515508107,4.044409702620317,1.168323353449739,-0.6434816284465475,0.09614378859489996
1776284557.0122023,59.66448378562927,-7.564506524938965,4.046146261918387,1.1671195589951349,-0.6606442801101942,0.044635875784292026
1776284557.0283682,59.680649757385254,-7.566582420187318,4.047757409400329,1.1660119773869806,-0.677834519604417,0.17639794158291958
1776284557.0893443,59.74162578582764,-7.568675882499819,4.049257984894979,1.164999023247474,-0.6950267959624957,0.0453906321788738
1776284557.1242962,59.77657771110535,-7.57078326659323,4.050645305474628,1.1640761890412912,-0.7122300966904175,0.07686307454420765
1776284557.1844227,59.83670425415039,-7.572895275366445,4.051906053433481,1.16324041279208,-0.7294533972116631,0.043205619439793674
1776284557.2029512,59.85523271560669,-7.574990469122941,4.053025175112433,1.162491240751392,-0.7467198845117672,0.13442500102364616
1776284557.2086039,59.86088538169861,-7.577062382567175,4.054002541379913,1.1618281637622716,-0.7640195037875112,0.42190685612096007
1776284557.2355788,59.88786029815674,-7.579127724165167,4.054857267222114,1.161252726378958,-0.7813200908831459,0.08556463435629665
1776284557.3374588,59.9897403717041,-7.579127724165167,4.054857267222114,1.161252726378958,-0.7813200908831459,0.0
1776284557.3714845,60.023766040802,-7.581198408567739,4.055612753940269,1.1607659054561783,-0.7985972852029982,0.06634164663199685
1776284557.3722303,60.02451181411743,-7.5832769568449105,4.056276840338992,1.1603656121436485,-0.8158002628770485,2.9747240776449235
1776284557.3890772,60.04135870933533,-7.5853472637867725,4.0568380188893425,1.1600530539981597,-0.8329300784977871,0.12866869688244925
1776284557.39413,60.04641151428223,-7.587407773140771,4.057295353786542,1.159826086544044,-0.8499888571233848,0.42012720493335776
1776284557.4153993,60.06768083572388,-7.589461670394152,4.057650605102743,1.1596855611875876,-0.8669868556343179,0.0982224737718798
1776284557.5050993,60.15738081932068,-7.591510462179355,4.0579055010878715,1.1596294693050535,-0.8839024193454122,0.023025075459359803
1776284557.5217896,60.174071073532104,-7.593542951465655,4.0580479241595375,1.1596541434650234,-0.9007081517496196,0.12208457524744439
1776284557.5301616,60.182443141937256,-7.595556350167019,4.058070975569436,1.1597536614266484,-0.917425213055304,0.24079933122058714
1776284557.5471504,60.19943189620972,-7.597561747723699,4.057988464024138,1.1599257101631322,-0.9340425890234583,0.1185757827160118
1776284557.6482127,60.30049419403076,-7.597561747723699,4.057988464024138,1.1599257101631322,-0.9340425890234583,0.0
1776284557.6733334,60.32561492919922,-7.5995634940398205,4.057800337936784,1.1601664417343005,-0.9505662532159367,0.08060781256046985
1776284557.686634,60.33891558647156,-7.601565739194267,4.057520725917058,1.1604760144596602,-0.9669900424332486,0.15376979216496242
1776284557.752092,60.40437340736389,-7.6035594603657355,4.057150843362983,1.1608535899299932,-0.9833098029774099,0.03151029980991678
1776284557.797563,60.44984459877014,-7.605542553862497,4.05669098176319,1.1613011730281488,-0.9995301201750534,0.04583864009700146
1776284557.7982516,60.45053315162659,-7.607507193866441,4.056128768292369,1.1618157122229158,-1.0156579849470668,3.0604531762572678
1776284557.8249927,60.47727417945862,-7.609444659651281,4.05545309292624,1.1623950624383848,-1.0316655359332654,0.07973235495502978
1776284557.8604,60.51268148422241,-7.611343218838503,4.054647058254393,1.163035869767881,-1.04756047763536,0.06099947654054637
1776284557.8608742,60.513155698776245,-7.613219314535611,4.053737023657435,1.1637389735321046,-1.0633391169642015,4.640329895968221
1776284557.9475646,60.59984612464905,-7.6150845281830675,4.05275512994486,1.1645063833967573,-1.0789772134456714,0.025876263091429822
1776284557.9624553,60.614736795425415,-7.616944683865704,4.051729390367287,1.1653390471454736,-1.094474181447544,0.15322273527255073
1776284557.989223,60.641504526138306,-7.618794102703614,4.050667143383484,1.1662345822684659,-1.1098417798294913,0.0864159326391325
1776284558.0031278,60.65540933609009,-7.620621325245511,4.049541951669127,1.1671895773902674,-1.1251015341234913,0.16891924247849233
1776284558.1061966,60.75847816467285,-7.620621325245511,4.049541951669127,1.1671895773902674,-1.1251015341234913,0.0
1776284558.1277518,60.780033349990845,-7.622420469312483,4.048326344906563,1.168201206253642,-1.1402677908978565,0.11112940013592336
1776284558.1561623,60.808443784713745,-7.624188619720209,4.047009291299608,1.169264646486852,-1.155318090957931,0.08615968057763981
1776284558.2030716,60.855353116989136,-7.6259338430388475,4.045589155768939,1.1703794198757211,-1.1701902006796043,0.05352959264886061
1776284558.2158144,60.86809587478638,-7.627656550467371,4.044064640210368,1.1715440873993896,-1.1848917733743134,0.20234500904218636
1776284558.320168,60.97244954109192,-7.627656550467371,4.044064640210368,1.1715440873993896,-1.1848917733743134,0.0
1776284558.322692,60.97497344017029,-7.629366155616891,4.042456115307703,1.1727583618085706,-1.1994060482970135,1.0471229547124055
1776284558.381856,61.0341374874115,-7.6310682929906966,4.040780108884711,1.1740199472972253,-1.213744831947106,0.04566044086172583
1776284558.382374,61.03465557098389,-7.632764130766858,4.039054136716598,1.175327417925819,-1.2279227242962722,5.308664410320361
1776284558.421207,61.07348847389221,-7.634447728845337,4.037264559766282,1.1766788128182513,-1.2419312762788446,0.0722111265775388
1776284558.425869,61.078150510787964,-7.636112112457643,4.035398422655697,1.1780714568808268,-1.2557823552678182,0.613934251636127
1776284558.4781826,61.13046407699585,-7.6377518430451605,4.033451971998144,1.1795040123183806,-1.2694881765350992,0.05582774004705453
1776284558.505701,61.15798258781433,-7.639366237929614,4.031433415528745,1.1809733702532468,-1.283041794159065,0.10804324345280318
1776284558.511557,61.163838624954224,-7.640957822612844,4.029358445561779,1.1824796632669339,-1.296425901852359,0.5153439921389567
1776284558.5613968,61.21367835998535,-7.64253491217804,4.027250469075269,1.1840308663395178,-1.3096199357611773,0.06130954954283215
1776284558.66236,61.31464147567749,-7.64253491217804,4.027250469075269,1.1840308663395178,-1.3096199357611773,0.0
1776284558.6721828,61.324464321136475,-7.644093394996165,4.025107435549064,1.1856262303861933,-1.3226422436584624,0.3148781912348586
1776284558.6899512,61.3422327041626,-7.6456314566337005,4.022932546402949,1.187262010536762,-1.3355013948245185,0.17592756456585246
1776284558.7061794,61.358460903167725,-7.647147671759628,4.020724614518778,1.1889330501124393,-1.3482097438193985,0.19453397004766337
1776284558.7245982,61.37687969207764,-7.648642212376554,4.018470679458564,1.1906364456059126,-1.3607642595895642,0.17352708815245965
1776284558.8338497,61.48613119125366,-7.648642212376554,4.018470679458564,1.1906364456059126,-1.3607642595895642,0.0
1776284558.8356526,61.48793411254883,-7.650106959704421,4.016142870267825,1.1923725311660627,-1.3731471759000855,1.803966935540111
1776284558.8481176,61.500399112701416,-7.651538316954368,4.013711433282983,1.1941402835531139,-1.3853690178727234,0.2671084728027652
1776284558.8968647,61.54914617538452,-7.652939597708692,4.011172429484415,1.195934024496877,-1.3974262786864415,0.06995153294059256
1776284558.9103546,61.56263613700867,-7.654314285396431,4.008548528171785,1.1977550683102305,-1.4093223375820005,0.2577610260228236
1776284558.9694204,61.62170195579529,-7.655669227786906,4.005867299874347,1.1996060505584423,-1.421049313198684,0.05974006655864366
1776284558.9949315,61.647212982177734,-7.657003031407648,4.0031456229109486,1.2014855997283125,-1.4326075799608478,0.13979866889929887
1776284559.0181048,61.67038631439209,-7.658320531674096,4.000402177781918,1.203394949010999,-1.4440120295883832,0.1550384878421331
1776284559.0195148,61.6717963218689,-7.65962626982172,3.9976743593383985,1.2053382914191697,-1.4552769236276277,2.5494839352414727
1776284559.1271558,61.77943730354309,-7.65962626982172,3.9976743593383985,1.2053382914191697,-1.4552769236276277,0.0
1776284559.1412165,61.793498039245605,-7.660921238356117,3.994962661208898,1.207311919859841,-1.4664090551587399,0.2556907106362392
1776284559.160656,61.81293749809265,-7.6621975979625825,3.992248139294512,1.209314663257342,-1.4773987861162665,0.18553799028750742
1776284559.1659734,61.81825494766235,-7.663449460730852,3.989518958022765,1.2113423149780485,-1.4882454193879069,0.6813633026074977
1776284559.1795366,61.83181810379028,-7.664674243726853,3.986761088836815,1.2133923610418655,-1.498948119841863,0.26897122941858503
1776284559.2848587,61.937140226364136,-7.664674243726853,3.986761088836815,1.2133923610418655,-1.498948119841863,0.0
1776284559.286727,61.939008474349976,-7.665866690942972,3.9839420715443437,1.2154630486606879,-1.5095121426346076,1.9780431232176117
1776284559.3026576,61.954939126968384,-7.667030279357089,3.9810652982335735,1.2175547275830327,-1.5199250286108121,0.2349125293473608
1776284559.3548374,62.007118940353394,-7.668167008499351,3.978139671630095,1.2196647830738172,-1.530189189836818,0.07248078096822083
1776284559.356741,62.00902247428894,-7.669279643415491,3.9751739605847347,1.2217881256011998,-1.5403207003301025,2.0033239216075773
1776284559.3842647,62.03654623031616,-7.67036732062816,3.972183380487914,1.2239245045176952,-1.5503307500107184,0.139256003887388
1776284559.42042,62.0727014541626,-7.671426207175755,3.969167956359632,1.226075118403234,-1.5602216739798578,0.1065451425950987
1776284559.4473426,62.099624156951904,-7.672458098596969,3.9661632531159663,1.2282451532038925,-1.5699803862279715,0.1429035114213306
1776284559.4873924,62.139673948287964,-7.673462892775216,3.963166154197674,1.2304335039112453,-1.5795957629091537,0.09599597050230527
1776284559.5481474,62.20042896270752,-7.674442933401758,3.96013019975648,1.2326404496273042,-1.5890646290527077,0.06384969501111225
1776284559.6036916,62.25597310066223,-7.675405637825493,3.957005312892781,1.234867955781507,-1.5983679961695614,0.07123074999688603
1776284559.632511,62.28479242324829,-7.676356769342174,3.9538266425227024,1.2371161410196492,-1.6075141283579093,0.13906846478533624
1776284559.6468515,62.29913306236267,-7.677298529230417,3.950655448162145,1.239387060867497,-1.616530314005948,0.2798019046948645
1776284559.6983452,62.350626707077026,-7.678222372578737,3.9475427171208244,1.2416787753891243,-1.6254246895368105,0.07717911795272243
1776284559.7255714,62.37785291671753,-7.679126065803167,3.9444874073788534,1.2439862971731446,-1.6342002957067603,0.14449255995659402
1776284559.7443388,62.39662027359009,-7.680006889249975,3.9414528813751692,1.2463080186412054,-1.642855415589309,0.20892895840962408
1776284559.748192,62.40047359466553,-7.680866882033078,3.9384203593692417,1.248640383615119,-1.651385106372339,1.0176121939746827
1776284559.8101912,62.462472677230835,-7.681701705633538,3.9353557891609148,1.2509801506757598,-1.6597888804384004,0.0636299858807855
1776284559.9053292,62.557610750198364,-7.682510998224026,3.932229525709752,1.2533261007967749,-1.6680589394737517,0.04195466408367291
1776284559.9114444,62.56372594833374,-7.683293419834697,3.929048805457212,1.2556737091346333,-1.6761927160623262,0.6590042667636793
1776284559.949916,62.60219740867615,-7.684047087529915,3.9258375291676453,1.258023023035766,-1.6842064189025099,0.10526349196707875
1776284559.9627073,62.614988803863525,-7.684762105419186,3.922640342294803,1.2603787979240557,-1.6921228077121881,0.31546294893326615
1776284560.03305,62.68533158302307,-7.685437910472004,3.9194734717338595,1.2627394163766092,-1.6999547786106877,0.05696790855372284
1776284560.0456512,62.697932720184326,-7.68608049040572,3.916334925477203,1.2651050852372998,-1.707707159241631,0.3160375698579234
1776284560.0474374,62.699718952178955,-7.686694206588143,3.9132101959388352,1.2674737388787756,-1.7153707749267293,2.2218647155490543
1776284560.0647614,62.71704292297363,-7.687277960992326,3.910078770740483,1.269843698052826,-1.7229440223450274,0.22917968605719363
1776284560.153271,62.80555248260498,-7.687833206093512,3.9069276339202963,1.2722135560761476,-1.7304346899332719,0.04498645942170931
1776284560.1617606,62.81404209136963,-7.688366810640266,3.9037554179938154,1.2745830348811373,-1.7378417793741199,0.47060612479516795
1776284560.1857328,62.838014364242554,-7.688883291411928,3.900590494281958,1.2769550427733816,-1.7451818598092825,0.1663890452843273
1776284560.192345,62.84462642669678,-7.689373292115601,3.897470861561849,1.2793310009461991,-1.7524615056491752,0.5976779426854454
1776284560.2050765,62.8573579788208,-7.689836430359391,3.894404569751534,1.2817056521010386,-1.7596671495868852,0.3067845222905007
1776284560.2872348,62.93951630592346,-7.69028254546082,3.8913756483440096,1.2840780058317032,-1.7667747558389921,0.04714275631316274
1776284560.2927961,62.945077657699585,-7.690722273846736,3.888349951048379,1.2864490422220736,-1.7737829694613183,0.6957141001451128
1776284560.3149362,62.967217683792114,-7.691164067718873,3.8852896724752544,1.2888190100088461,-1.780688147128901,0.1759617156757874
1776284560.326373,62.978654623031616,-7.6916075573246925,3.8821820139104894,1.291186063055838,-1.7874941176655819,0.3437598145355813
1776284560.3987052,63.050986766815186,-7.6920477953710735,3.8790425235567016,1.2935511675899924,-1.794205716047862,0.054681645708966845
1776284560.4241285,63.07641005516052,-7.6924817453050025,3.8759010994331375,1.2959178651561993,-1.8008276606006086,0.1556460208026333
1776284560.4421473,63.0944287776947,-7.692903347292118,3.8727724564769694,1.298282507712159,-1.8073422672106232,0.21890140581018483
1776284560.4590561,63.111337661743164,-7.6933061374999605,3.869672580835814,1.3006412757257484,-1.8137572936447222,0.231595737429131
1776284560.544493,63.19677448272705,-7.693694730220954,3.8665977628850987,1.3029919099216491,-1.8200631151059696,0.045529051632174196
1776284560.5459785,63.19826006889343,-7.694072909734329,3.8635392246675377,1.305332550631436,-1.8262543039092178,2.6049779536552315
1776284560.574909,63.22719049453735,-7.694440435300702,3.8604864479910357,1.3076631158548593,-1.8323363072232586,0.13336288518773062
1776284560.578219,63.23050045967102,-7.694788609028963,3.8574596494164464,1.3099833018922158,-1.8383231992613893,1.1569974153384108
1776284560.6511903,63.30347180366516,-7.695113804323406,3.854464126034491,1.3122915948154021,-1.84422066373749,0.052015930289987605
1776284560.6833277,63.33560919761658,-7.695415962735022,3.8514969053524966,1.314586706258358,-1.8500137683025835,0.11710368759342356
1776284560.692839,63.345120429992676,-7.695703872283555,3.848537764871358,1.3168716305390338,-1.8557039496458172,0.39423959748161874
1776284560.7157745,63.36805605888367,-7.695981894431551,3.8455733268733177,1.3191493711674354,-1.8612985217961746,0.16344753370319096
1776284560.78519,63.43747162818909,-7.696246020297094,3.8426097566906017,1.3214188353573766,-1.866804545188281,0.05390801242214293
1776284560.8010337,63.45331525802612,-7.696490193211095,3.8396625657886654,1.3236803524849245,-1.8722238793950594,0.23497797274697346
1776284560.8222556,63.47453713417053,-7.696711027408788,3.836729861042452,1.3259349558542823,-1.877543335946076,0.1746204724449183
1776284560.8314776,63.48375916481018,-7.696904171940993,3.8338291421988524,1.328182202084371,-1.8827709202647898,0.3984427243242478
1776284560.9132683,63.56554985046387,-7.697071310237196,3.8309863435029667,1.3304206244591372,-1.887919963099076,0.044285611343410455
1776284560.925741,63.578022480010986,-7.697216819752975,3.8282019142149655,1.3326447959141372,-1.8929981634070867,0.2859600091595015
1776284560.9584596,63.61074113845825,-7.697337464053092,3.8254753948582025,1.3348525875734982,-1.8980089679052887,0.10729002160126581
1776284560.9753146,63.62759613990784,-7.697436555798008,3.8227867146644465,1.3370448378010678,-1.9029546785369038,0.20590678959707961
1776284560.9956992,63.64798069000244,-7.6975220859023175,3.8201187602837017,1.3392232413285965,-1.907832907088234,0.169019856058986
1776284561.0266004,63.678881883621216,-7.697604034776775,3.817465942308993,1.3413911959378344,-1.9126342399866438,0.11090118978365258
1776284561.066365,63.71864652633667,-7.697604034776775,3.817465942308993,1.3413911959378344,-1.9126342399866438,0.0
1776284561.0670698,63.719351291656494,-7.6976864617126175,3.814815909114315,1.3435506731655666,-1.9173532269484133,4.851934830680155
1776284561.067292,63.71957349777222,-7.697753870092252,3.81219555633214,1.3456998708387287,-1.9219940210549118,15.254607713436855
1776284561.0736732,63.72595477104187,-7.697797835080907,3.8096289250789677,1.3478354898409948,-1.9265606772128627,0.5232844513388265
1776284561.1671863,63.81946778297424,-7.697815317224668,3.8071180009157897,1.3499564273005045,-1.9310510498784301,0.03514864721352509
1776284561.1803408,63.83262228965759,-7.697816123655223,3.804636014952613,1.352066570763946,-1.9354689632376056,0.24765306434175796
1776284561.1942832,63.84656476974487,-7.6978070434564065,3.802164305673336,1.3541643234534022,-1.939809590051006,0.23252049205107556
1776284561.2069674,63.859248876571655,-7.697789779105955,3.7996979171207923,1.356245857657653,-1.9440760624062006,0.2544449465650555
1776284561.289244,63.94152545928955,-7.697759145268918,3.7972621245544067,1.3583113319064428,-1.9482697411369867,0.03881756266961792
1776284561.3048415,63.957123041152954,-7.6977124639960195,3.7948651196124947,1.3603615048520772,-1.952397709888301,0.2022444191946059
1776284561.342535,63.99481654167175,-7.697637369638578,3.7925160954186325,1.362395890381801,-1.956457431967134,0.08246569053583883
1776284561.3438082,63.996089696884155,-7.697528068124191,3.790235032722927,1.3644120374396924,-1.9604563340869985,2.3927296828043096
1776284561.4469466,64.09922814369202,-7.697528068124191,3.790235032722927,1.3644120374396924,-1.9604563340869985,0.0
1776284561.4767694,64.12905097007751,-7.697385937393776,3.788020925501877,1.3664085829250656,-1.964396793871417,0.10008235901143157
1776284561.5074427,64.15972423553467,-7.697218302639906,3.785854963089206,1.3683876531765302,-1.9682783612551802,0.09580797820946532
1776284561.5159736,64.1682550907135,-7.697043181020976,3.783709094228855,1.3703529606024658,-1.9721028063368002,0.34171344273480114
1776284561.5167408,64.16902232170105,-7.6968789321842115,3.7815534989462916,1.372305990030889,-1.975870981491536,3.797290335675889
1776284561.6182518,64.27053332328796,-7.6968789321842115,3.7815534989462916,1.372305990030889,-1.975870981491536,0.0
1776284561.6384065,64.29068803787231,-7.69672769710387,3.779390817954966,1.3742427128228905,-1.9795922404648656,0.14423686533968463
1776284561.674282,64.32656359672546,-7.696586358398369,3.7772347206016423,1.3761624319954118,-1.98326888059688,0.0805656596596
1776284561.6750715,64.32735300064087,-7.696444920445298,3.7751035903752554,1.378067931956194,-1.9868987835013525,3.625875992779489
1776284561.698519,64.35080051422119,-7.696288788549637,3.773012338602032,1.3799558485463872,-1.9904768349820043,0.12034073497968498
1776284561.7676191,64.41990065574646,-7.696102179711204,3.7709990063484833,1.381827471331968,-1.994003028023927,0.03987302477654886
1776284561.8236127,64.47589421272278,-7.6958842281069195,3.769076713076765,1.383681521549309,-1.9974682156084862,0.04785537391152675
1776284561.8253086,64.47759008407593,-7.695638355050901,3.767244008461407,1.385514323999096,-2.0008696725074584,1.535223042682913
1776284561.831279,64.48356056213379,-7.695375991276673,3.765470613906525,1.387327375190064,-2.004214503772342,0.42704950684131604
1776284561.8320093,64.48429083824158,-7.6951087692937845,3.763733579830343,1.3891215167255107,-2.0075140785511065,3.4391119756398223
1776284561.9317005,64.58398199081421,-7.694842418784369,3.762025044389813,1.39089797208532,-2.0107730976301283,0.024867586654485938
1776284561.9586897,64.61097121238708,-7.694574905896842,3.7603448686173437,1.3926560123932743,-2.0139827197680753,0.09064651950239339
1776284561.9781737,64.63045525550842,-7.69431716821917,3.758669542687996,1.3943983601088459,-2.0171410450901557,0.12475990019577489
1776284561.9808424,64.6331238746643,-7.694069524134386,3.756999528335365,1.3961220896388136,-2.0201949065734204,0.9041314187494333
1776284562.0811768,64.73345828056335,-7.694069524134386,3.756999528335365,1.3961220896388136,-2.0201949065734204,0.0
1776284562.101989,64.75427055358887,-7.693798233592091,3.7553608612817087,1.3978690217600946,-2.022811321736321,0.11582197848975471
1776284562.1078513,64.76013278961182,-7.693441582070176,3.753794820113509,1.3997037993272534,-2.0249938287743188,0.4159609719485109
1776284562.1410835,64.79336500167847,-7.692973525174197,3.7523231343765984,1.4016498840124227,-2.0267697321182183,0.07475841810430954
1776284562.1414945,64.79377603530884,-7.692399788431247,3.7509437641311334,1.4037194169812917,-2.0281426185103406,6.2097380645828135
1776284562.1866004,64.8388819694519,-7.69175251957039,3.7496359445798273,1.405928651661304,-2.029108787995506,0.058698553297064485
1776284562.2094684,64.86174988746643,-7.69108194005041,3.7483640353674397,1.4082964490489935,-2.029669305301408,0.12113824652297735
1776284562.230053,64.8823344707489,-7.690444846751853,3.7470871737316056,1.410838590059771,-2.0298441920398456,0.14162349416744333
1776284562.2336824,64.88596391677856,-7.689886946599846,3.7457786176697283,1.4135644706735686,-2.02965763005169,0.8471637803499734
1776284562.3384838,64.99076533317566,-7.689886946599846,3.7457786176697283,1.4135644706735686,-2.02965763005169,0.0
1776284562.3526597,65.00494122505188,-7.689437886406258,3.7444272017905953,1.416475645678164,-2.0291407387015603,0.22861495331472023
1776284562.3775492,65.02983069419861,-7.689118870571027,3.743029355948731,1.419570932742828,-2.028325905710469,0.1370554827079555
1776284562.3812792,65.03356075286865,-7.688939817253397,3.7415897691084665,1.422847816526838,-2.027244050590347,0.9607448626092419
1776284562.4318116,65.08409309387207,-7.688901903710361,3.7401165612584584,1.4263049210966647,-2.0259097235302583,0.07437028661172666
1776284562.5113204,65.16360187530518,-7.689004668323981,3.738614886590214,1.4299397798529332,-2.024337603221726,0.04948109651471057
1776284562.5245223,65.17680382728577,-7.689250107766825,3.7370858687907607,1.433749402911837,-2.0225423944443195,0.31149506273908617
1776284562.5374172,65.18969869613647,-7.6896424122469265,3.7355243595896064,1.4377340797647034,-2.0205402125720084,0.3332843434247591
1776284562.5473115,65.19959306716919,-7.690186597739529,3.733917697805612,1.4418917902346564,-2.0183568494773207,0.4538378973668097
1776284562.625152,65.27743363380432,-7.690886485172938,3.7322525187478117,1.4462186039584422,-2.0160156909323557,0.060234759200028416
1776284562.6389194,65.29120087623596,-7.6917426295290365,3.730520051630882,1.4507101651432825,-2.013531105082414,0.3551645693624457
1776284562.676188,65.3284695148468,-7.692754423730753,3.7287115960799193,1.4553620933379803,-2.0109178113438486,0.13664598502132214
1776284562.6767206,65.32900214195251,-7.693920921998315,3.7268185689713254,1.46016961011828,-2.0081869115429805,9.944738893148084
1776284562.6828313,65.33511281013489,-7.695239556454888,3.72483629429999,1.4651268691811432,-2.005346123267746,0.8999555421958856
1776284562.7832482,65.4355297088623,-7.695239556454888,3.72483629429999,1.4651268691811432,-2.005346123267746,0.0
1776284562.7984338,65.45071530342102,-7.696706317127992,3.722762646026066,1.4702304241200037,-2.0024020716627713,0.37540007825360405
1776284562.8059158,65.45819735527039,-7.698318470599612,3.720594937196162,1.4754781291778747,-1.999365081920526,0.7888528073808437
1776284562.8293986,65.48168015480042,-7.700074930287318,3.718329600083732,1.4808688668826904,-1.9962384378773899,0.25999820471052726
1776284562.8367798,65.48906135559082,-7.701973397003727,3.715965110111741,1.4863999729932456,-1.993025376825296,0.8545740661693519
1776284562.9166842,65.56896567344666,-7.704011749352532,3.7134999309964183,1.492068051702784,-1.9897357871614703,0.08145225973960536
1776284562.931217,65.58349847793579,-7.706189656093473,3.7109311536128873,1.4978689650677004,-1.9863794907714776,0.46155194737699917
1776284562.9627745,65.61505603790283,-7.708506942875929,3.708255690930188,1.5037967239529837,-1.982964045345856,0.21877719495599918
1776284562.9842193,65.6365008354187,-7.710962576956484,3.7054709208904075,1.5098468489725674,-1.9794984437256056,0.33101397697055884
1776284563.0709083,65.72318983078003,-7.71355559126698,3.7025746429338264,1.5160158649811066,-1.9759902386385142,0.08411334404644306
1776284563.1313012,65.78358268737793,-7.716285623818795,3.699564630063225,1.5222987968038522,-1.9724456955311982,0.12389785720624737
1776284563.1466913,65.79897284507751,-7.71915239142735,3.696439038643192,1.5286910930695174,-1.9688704934526164,0.4984561430389082
1776284563.1561353,65.8084168434143,-7.722155070211268,3.693196524394023,1.5351876798981525,-1.965268160538612,0.8319783046798005
1776284563.1965256,65.84880709648132,-7.725293682672958,3.6898350560193616,1.5417855274532932,-1.9616466787273434,0.19912004350905316
1776284563.2514567,65.90373826026917,-7.728567680477536,3.6863538205231254,1.548480317733187,-1.9580087612003843,0.1497413255838189
1776284563.259543,65.91182446479797,-7.731976755236707,3.682751803705863,1.5552674855209103,-1.954354348044403,1.0395565647856682
1776284563.2972674,65.94954895973206,-7.735519877776006,3.679028581872449,1.562142699569066,-1.9506841377901671,0.2275438629223809
1776284563.3691957,66.02147722244263,-7.739196645486441,3.675183364868017,1.569102693677826,-1.9469993387370097,0.12179454298796076
1776284563.3971367,66.04941821098328,-7.743006930012788,3.67121581907542,1.5761446275085285,-1.9433062917946629,0.3198097264034902
1776284563.4205992,66.07288074493408,-7.746950516475683,3.667125310706785,1.5832650111973443,-1.9396100555725075,0.3882596511149498
1776284563.4481964,66.10047793388367,-7.7510270050227845,3.662910973630543,1.5904601157951104,-1.9359167807078548,0.3363237728043707
1776284563.5353866,66.18766808509827,-7.755236249993074,3.658571926236069,1.5977263048105212,-1.9322253585736522,0.10840811922496371
1776284563.5495362,66.20181775093079,-7.759578249577087,3.6541075242081926,1.6050601962577722,-1.928538923881852,0.6799680423026575
1776284563.5748122,66.22709369659424,-7.764052976052559,3.649517203156507,1.6124584557871202,-1.9248606956243868,0.3872931899429237
1776284563.6263373,66.27861881256104,-7.768659884007073,3.644800647469433,1.6199169264831148,-1.9211940089090869,0.19320309900315916
1776284563.6407058,66.29298734664917,-7.77339860595364,3.6399584231720867,1.6274332070889121,-1.9175400182762756,0.7042573000143874
1776284563.7146978,66.36697936058044,-7.77339860595364,3.6399584231720867,1.6274332070889121,-1.9175400182762756,0.0
1776284563.7153308,66.36761236190796,-7.778269057860341,3.634990564564692,1.6350045208600423,-1.913904308820002,16.243727332446362
1776284563.7155595,66.36784100532532,-7.783270860742979,3.6298971266119637,1.6426278293521435,-1.9102826584388564,45.67787045963635
1776284563.715765,66.3680465221405,-7.788403888450655,3.6246773733581694,1.6502997070685241,-1.9066769810202877,51.59828597849294
1776284563.7159686,66.36825013160706,-7.793668623910201,3.6193296572204225,1.6580172086315896,-1.9030901892622472,52.868567164299286
1776284563.8114767,66.46375823020935,-7.799065411683907,3.6138528866216313,1.665777775548855,-1.899520291137672,0.11438394451881669
1776284563.8344083,66.4866898059845,-7.804594186950914,3.608246656665021,1.6735788882726577,-1.8959707919742337,0.48334996169320366
1776284563.8348358,66.48711729049683,-7.810254758442112,3.6025107166766857,1.68141816248942,-1.8924463629037602,26.299561599344067
1776284563.8557527,66.50803422927856,-7.816046803712603,3.596645005339295,1.6892924086267018,-1.8889504811317508,0.5450088672169097
1776284563.901575,66.55385661125183,-7.821969703788428,3.5906504077843704,1.6971988500392685,-1.885481323235107,0.25217853770656773
1776284563.9200459,66.57232737541199,-7.828022712458719,3.584527583412192,1.7051342320604448,-1.882038441093421,0.6339149318941936
1776284563.9277515,66.58003306388855,-7.8342051094061524,3.5782775207304733,1.7130950381572752,-1.8786255735191817,1.5391235096422677
1776284563.9490972,66.60137867927551,-7.8405165846611515,3.5719001451126036,1.7210788058822974,-1.8752424148714455,0.5626566947420852
1776284564.0382419,66.69052338600159,-7.846957596123218,3.5653944605864796,1.729083558685978,-1.8718899823623485,0.1364171247340165
1776284564.0563898,66.70867133140564,-7.853528033169566,3.5587600717105587,1.7371067125673765,-1.8685673749084966,0.6783599315651246
1776284564.061099,66.71338057518005,-7.860227663039109,3.5519962016549815,1.7451462333867933,-1.8652699818254297,2.646007243767692
1776284564.0883417,66.74062323570251,-7.867056592217849,3.545102289987627,1.7532011774496754,-1.8619989868854367,0.4629210858739871
1776284564.1354766,66.78775811195374,-7.874014717244832,3.5380782771302193,1.761269520975609,-1.8587573782357873,0.2707397855796904
1776284564.1481113,66.80039286613464,-7.881101802033049,3.5309244828734605,1.7693490278070936,-1.8555468526472225,1.0218273444717476
1776284564.174708,66.82698941230774,-7.888317700961426,3.523640981070365,1.7774381110527224,-1.8523699262415476,0.49102430750451204
1776284564.1750925,66.82737398147583,-7.895662321989023,3.5162280494945657,1.7855351810254407,-1.8492251293151656,34.345546223347206
1776284564.2755482,66.92782974243164,-7.895662321989023,3.5162280494945657,1.7855351810254407,-1.8492251293151656,0.0
1776284564.2806265,66.9329080581665,-7.903135276953526,3.508686552736921,1.793638185386476,-1.8461055633974388,2.629970247589657
1776284564.3043556,66.95663714408875,-7.910738828263615,3.501015923089039,1.8017453497056675,-1.843019859971668,0.5691228298696976
1776284564.3049855,66.95726704597473,-7.918471972407575,3.4932175458121884,1.8098533015987186,-1.8399691495162676,21.671936597072694
1776284564.3186648,66.97094631195068,-7.926334744966123,3.485291392649123,1.817958839155255,-1.8369532429131208,1.0085792673820275
1776284564.3263674,66.97864890098572,-7.934330664083114,3.4772350421256335,1.8260592785297423,-1.8339794102595877,1.8104004300609404
1776284564.4261923,67.07847380638123,-7.942462844664547,3.469046736806306,1.8341532602728343,-1.8310499305663126,0.14120583540275006
1776284564.4401193,67.09240078926086,-7.9507308336227505,3.4607272115218417,1.8422390760874021,-1.8281633883706094,1.0229216365669775
1776284564.4505987,67.1028802394867,-7.959126986763593,3.4522824775624534,1.850316970402113,-1.8253080620701965,1.373127814665726
1776284564.479289,67.13157057762146,-7.96764684286818,3.443716247528219,1.8583859006122896,-1.822480619305246,0.506388270260805
1776284564.5325444,67.1848258972168,-7.97628759795555,3.435030178864097,1.8664426709990436,-1.819683693087053,0.27534578930886444
1776284564.556727,67.20900845527649,-7.985047012348366,3.4262233201826042,1.8744853708292102,-1.8169146755665588,0.6119179104994825
1776284564.5571134,67.20939493179321,-7.993921710274457,3.41729456666793,1.8825130708706448,-1.8141756113605036,38.63297023614003
1776284564.576538,67.22881960868835,-8.002914727763322,3.4082398258056315,1.8905227637884041,-1.8114730247643154,0.7756686244000234
1776284564.6579382,67.31021976470947,-8.012029444724845,3.399054200060055,1.8985101470791423,-1.8088141617943332,0.18681751209541958
1776284564.6736095,67.32589101791382,-8.021263490903696,3.3897373135992646,1.906472496770892,-1.8061959785490063,0.9791855177484938
1776284564.6821089,67.33439040184021,-8.030616366092632,3.3802889134112917,1.9144074085638891,-1.803619984840256,1.8216161406943248
1776284564.7002635,67.35254502296448,-8.040086922492252,3.370711215007137,1.9223128555390112,-1.8010834757272154,0.8602731548473296
1776284564.802022,67.4543035030365,-8.040086922492252,3.370711215007137,1.9223128555390112,-1.8010834757272154,0.0
1776284564.804488,67.45676946640015,-8.049673130387946,3.361006701027372,1.9301878903636103,-1.7985793513061938,6.3872992366975145
1776284564.8154128,67.46769428253174,-8.059374222286296,3.351177235379374,1.938034095112495,-1.796107514727002,1.4539117305188705
1776284564.830942,67.48322343826294,-8.069190629574793,3.3412233512228395,1.94585048263355,-1.7936652967666284,1.0314012370660528
1776284564.8378363,67.49011778831482,-8.079116938036183,3.331146059654847,1.9536371057459447,-1.7912521973403508,2.3420146069183394
1776284564.9152167,67.56749820709229,-8.089153900901978,3.3209426870699796,1.96139472535424,-1.7888682304968793,0.21038584785913156
1776284564.928061,67.58034253120422,-8.099301521049016,3.3106124630597025,1.9691209748352534,-1.786513929156693,1.2778314051431483
1776284564.9591472,67.61142873764038,-8.109550631849013,3.3001589048483475,1.9768187852283912,-1.784182659303026,0.5320744576352219
1776284564.9690917,67.6213731765747,-8.11990136701847,3.289582533052553,1.9844864617307685,-1.7818741791125212,1.676017329347203
1776284565.0449245,67.69720602035522,-8.130357373834137,3.278880547047736,1.9921224184229287,-1.7795901536838283,0.22151179618671094
1776284565.0698397,67.7221212387085,-8.140914882833954,3.268044187380846,1.9997266632659876,-1.777337302639725,0.6796078853011869
1776284565.081582,67.73386359214783,-8.151568515595065,3.257074658762421,2.0072984061398347,-1.7751195624533713,1.4531552129408953
1776284565.124247,67.77652859687805,-8.162310218006938,3.245984173744276,2.014837955285449,-1.7729273447374791,0.4027233854189539
1776284565.124644,67.77692556381226,-8.173133865341402,3.234780736341199,2.0223426404846574,-1.770756268501094,43.55851032896823
1776284565.2199197,67.87220120429993,-8.173133865341402,3.234780736341199,2.0223426404846574,-1.770756268501094,0.0
1776284565.220807,67.87308859825134,-8.184035163511602,3.223469087044486,2.0298085740680034,-1.768610088379164,19.60058826872261
1776284565.2210634,67.87334489822388,-8.195015815669635,3.2120425541964757,2.037233954214272,-1.766493498282725,68.28233767565847
1776284565.2431352,67.89541673660278,-8.206080180564035,3.2004753201596734,2.044615001513285,-1.7644264990621836,0.7986063725129466
1776284565.2442179,67.89649939537048,-8.217224290893572,3.1887690870371554,2.0519494141021832,-1.762406883098231,16.39373636513004
1776284565.343076,67.99535751342773,-8.228440373322451,3.17694045622931,2.0592387102914738,-1.760415552444545,0.1806264936611269
1776284565.349111,68.00139260292053,-8.239727601545043,3.1649948395950105,2.066481872831907,-1.758447060439918,2.9759343460745473
1776284565.3861191,68.03840065002441,-8.251078385354749,3.1529279859239905,2.073679229992987,-1.7565032740749773,0.48806750206207805
1776284565.3963106,68.04859209060669,-8.262484252144363,3.1407505330400793,2.08082990197235,-1.7545746632223178,1.7811596650465995
1776284565.4536567,68.10593819618225,-8.273940055076704,3.1284744071790658,2.0879329638906627,-1.7526633847156967,0.3179226473203625
1776284565.4701822,68.12246370315552,-8.285437732038167,3.116090908859588,2.094988103423269,-1.750771630037645,1.1080940443247147
1776284565.5003097,68.15259122848511,-8.296976760676596,3.103566350193658,2.1019917324348167,-1.7489188467294772,0.611192119596935
1776284565.5030997,68.15538120269775,-8.308552806545856,3.0908900218532356,2.10894198712564,-1.7470984222568677,6.6381488081950595
1776284565.590972,68.24325346946716,-8.32015933821557,3.0780728496782963,2.1158435834449394,-1.7453009006975018,0.21187376264576296
1776284565.6070702,68.25935173034668,-8.331789986908886,3.0651311178841687,2.122699653828966,-1.743525991863275,1.1617425701221067
1776284565.622172,68.27445363998413,-8.34343952925945,3.0520750940099988,2.1295143219649573,-1.741768970138562,1.2434154073622337
1776284565.6343749,68.2866563796997,-8.355103366151345,3.03892138713694,2.1362858738898907,-1.7400278130514055,1.5438577543592782
1776284565.7311988,68.38348031044006,-8.366776583008834,3.025700063536391,2.1430185443663694,-1.7382984050967476,0.19497720835060792
1776284565.7380042,68.39028573036194,-8.37845847845264,3.0124078646043877,2.149708899082838,-1.7365828355397206,2.7799183272032493
1776284565.745211,68.39749240875244,-8.390148185441275,2.99902615817786,2.1563563331090116,-1.7348848246287605,2.6324517815131685
1776284565.7619054,68.41418695449829,-8.401845187183502,2.9855303608840753,2.1629562706221,-1.7331994390746022,1.1404827616152975
1776284565.8390334,68.49131488800049,-8.413546470730271,2.9719057000847386,2.1695045451686803,-1.7315256010473237,0.24785129179123783
1776284565.86287,68.5151515007019,-8.425242718167626,2.9581800904037183,2.1760040293858607,-1.7298598502650708,0.8041691558912515
1776284565.9072042,68.55948567390442,-8.436929079307697,2.9443666787216856,2.1824546521973045,-1.7282095762837382,0.4332811653911034
1776284565.907577,68.55985856056213,-8.44859994526419,2.930469179046029,2.1888551556973193,-1.7265738761340124,51.60709656523379
1776284565.9114645,68.56374597549438,-8.460246205573933,2.9165093729198035,2.1952075207533635,-1.7249596558664142,4.953891652565893
1776284565.9755,68.62778162956238,-8.47187065723976,2.9024748935816036,2.2015090485402826,-1.7233623681187886,0.30111682794688416
1776284565.992312,68.64459347724915,-8.483466964771791,2.8883868326258617,2.2077603807949395,-1.7217856698650988,1.1472861817032176
1776284565.9929402,68.64522171020508,-8.495037047272062,2.874219741766063,2.213960287327983,-1.7202189511491233,30.742611220596757
1776284566.0074563,68.65973782539368,-8.506577411684423,2.8599593230416067,2.2201066073556976,-1.7186518045293968,1.3328131089723554
1776284566.1104033,68.76268482208252,-8.506577411684423,2.8599593230416067,2.2201066073556976,-1.7186518045293968,0.0
1776284566.12613,68.7784116268158,-8.518080584796019,2.8456126483587507,2.226197678040207,-1.7170891463608091,1.2317442825077884
1776284566.1301281,68.78240966796875,-8.52953717565197,2.8311852645639592,2.2322276921003685,-1.7155261452420674,4.848532312322951
1776284566.147843,68.80012440681458,-8.54094336575512,2.816687137669495,2.2382006897331594,-1.7139628693199047,1.0945708957646874
1776284566.180695,68.83297657966614,-8.552300018496311,2.8021161081274504,2.244121555380276,-1.7123951546809468,0.5905124269517361
1776284566.2193267,68.8716082572937,-8.5635983983764,2.7875199069894094,2.2499944457245946,-1.7108440080614291,0.5013995945793697
1776284566.2357848,68.88806629180908,-8.574841112292697,2.7729304223133067,2.255817407600492,-1.709330960910702,1.1737314401906103
1776284566.2594934,68.91177487373352,-8.586033680125771,2.758360959814945,2.261588499397798,-1.7078543153715546,0.8122553401771585
1776284566.2752738,68.9275553226471,-8.597175307179715,2.743792265069578,2.2673038785818087,-1.706406305143223,1.2173690009737035
1776284566.3478177,69.0000991821289,-8.608266955811184,2.729213088739572,2.2729635424406442,-1.7049692492928965,0.2642970526398171
1776284566.3639705,69.01625204086304,-8.619302363413881,2.7146241089266017,2.2785643779995604,-1.7035463645460445,1.1843606667032425
1776284566.3710098,69.02329134941101,-8.630273565815449,2.700044257547936,2.2841047314624516,-1.7021404852659552,2.7089610231608696
1776284566.394428,69.0467095375061,-8.641179077143601,2.685494305110395,2.28958232567417,-1.7007723954719531,0.8109252928367836
1776284566.467571,69.1198525428772,-8.652016649637925,2.670973025679437,2.2949980839223767,-1.6994309526535425,0.2585573591476133
1776284566.4886322,69.14091372489929,-8.66278313354696,2.656438048527444,2.300357385272682,-1.698083857774975,0.8957446234761021
1776284566.5002806,69.15256214141846,-8.673474963563947,2.6418796678151066,2.3056581735054023,-1.6967190044052167,1.6160525385112376
1776284566.5170863,69.16936779022217,-8.684081987402145,2.6273161222261816,2.310897011997797,-1.6953460155453008,1.116471542074156
1776284566.5686214,69.22090291976929,-8.694596332097248,2.612775433766665,2.316071835877893,-1.6939823048244695,0.3623774170514592
1776284566.5844152,69.23669672012329,-8.70501970021688,2.5982693790502727,2.3211822568860483,-1.6926386805864793,1.1763636515614917
1776284566.5983377,69.25061917304993,-8.715350396477135,2.5838035441789855,2.3262291288389765,-1.691319332824208,1.3272438241412776
1776284566.6292593,69.2815408706665,-8.725582902214502,2.569388119995059,2.331210948976421,-1.6900204530553644,0.5939670126089246
1776284566.643827,69.29610848426819,-8.735708998879984,2.5550326029882515,2.3361244174106157,-1.6887536148457127,1.2522115775606457
1776284566.6934822,69.34576368331909,-8.745725575541453,2.540756475555428,2.340970170429339,-1.6875356589658008,0.36451978214378333
1776284566.7131286,69.3654100894928,-8.755632995438823,2.5265627699256297,2.345748799075337,-1.686364164518782,0.9140089665614962
1776284566.72155,69.37383151054382,-8.765435703884492,2.512448451985279,2.350461575064125,-1.6852338457346603,2.1159155461249415
1776284566.7440827,69.39636421203613,-8.775131406791095,2.4984158654488406,2.3551088839844585,-1.6841457202134218,0.7845560771445279
1776284566.8131363,69.46541786193848,-8.784719785665557,2.4844379092459192,2.359695901050168,-1.6830694763505472,0.2542980794832484
1776284566.8279428,69.48022437095642,-8.794203433082615,2.470477616938326,2.364225289779668,-1.6819585100961791,1.1801644053559346
1776284566.8329096,69.48519110679626,-8.80358640490446,2.4565388465214166,2.3686962606130133,-1.680811880501676,3.5007548794536394
1776284566.847751,69.50003242492676,-8.812867514172483,2.442646675010286,2.373105764235693,-1.6796527041455127,1.1642717192578975
1776284566.9049325,69.55721402168274,-8.822042441016615,2.428829305620704,2.377452352532191,-1.678509410085261,0.2998550289568751
1776284566.92239,69.57467150688171,-8.831103855065063,2.4151120259140844,2.381735046252358,-1.6774082467556215,0.9731445504713854
1776284566.947264,69.5995454788208,-8.840046595865102,2.4015192501488056,2.385954143773788,-1.6763732956191744,0.6757600078080331
1776284566.9895933,69.64187479019165,-8.848875083014123,2.388068881763638,2.3901079406230936,-1.675422301842195,0.39255343503930346
1776284567.0374212,69.68970274925232,-8.848875083014123,2.388068881763638,2.3901079406230936,-1.675422301842195,0.0
1776284567.04673,69.69901156425476,-8.8575968990375,2.374741394526992,2.3941972329423677,-1.674529062726764,1.766527609671349
1776284567.0475204,69.69980192184448,-8.866217768484297,2.3615010691451728,2.3982260929803285,-1.673650280712605,20.63006910090221
1776284567.0579653,69.71024680137634,-8.874739641589773,2.3483221480069387,2.4021939366690175,-1.6727470875475585,1.5498465551314076
1776284567.0748131,69.72709465026855,-8.883161546892417,2.3352042659624574,2.4060978526286054,-1.6718179086379634,0.9538364667283504
1776284567.113259,69.765540599823,-8.89147765207328,2.322180898415129,2.409937857777561,-1.670901342448983,0.4141408874727195
1776284567.1526818,69.80496335029602,-8.899678793665242,2.309265719360199,2.4137129106887065,-1.6700121414712787,0.39971604459342347
1776284567.1535444,69.80582594871521,-8.907764299635593,2.296459874963037,2.4174194781231098,-1.669149828215823,18.07536709416603
1776284567.1539218,69.80620336532593,-8.915734659628027,2.2837627036428687,2.4210554441791614,-1.668307689083074,40.872911554488155
1776284567.231176,69.88345742225647,-8.92359013993556,2.2711776264993127,2.424622463367631,-1.667487281959755,0.19750834749977264
1776284567.2501123,69.90239381790161,-8.931324593636255,2.25872554235538,2.4281222223662122,-1.6667095163289045,0.7958563035549747
1776284567.260273,69.91255450248718,-8.938937895201647,2.2464106381642344,2.431554204415281,-1.665976436255731,1.4644131118342552
1776284567.2699678,69.92224931716919,-8.946433496956665,2.2342142341298477,2.4349205915430905,-1.6652701313224607,1.5169019269398198
1776284567.2859938,69.93827533721924,-8.953817709698201,2.222124277677387,2.4382212047459126,-1.6645700370274912,0.9076523141396178
1776284567.3457656,69.99804711341858,-8.961098797069937,2.210135357009578,2.4414584422176686,-1.663871076315004,0.24083978022861116
1776284567.3463507,69.9986321926117,-8.968282233447685,2.1982547404144572,2.4446338519433706,-1.6631734189849923,24.3419722044725
1776284567.3517323,70.00401377677917,-8.975370859847846,2.18647818600163,2.447748502469741,-1.66247225018753,2.618905537660014
1776284567.3641484,70.01642990112305,-8.982366360359872,2.174816989906925,2.4508020613766646,-1.6617756948912146,1.1225057764666437
1776284567.4199374,70.0722188949585,-8.989263878057768,2.1632913268759926,2.4537961742912247,-1.661111036215153,0.24667213857398387
1776284567.4384289,70.09071040153503,-8.9960600364199,2.151898387723204,2.456729260371827,-1.6604706621307321,0.7347364451768288
1776284567.4439282,70.09620976448059,-9.002757219020216,2.1406409485526168,2.4596009086489823,-1.6598597499685006,2.438467347669124
1776284567.4648266,70.11710810661316,-9.009353933317984,2.1295157970515586,2.4624126700024975,-1.6592690659396423,0.6333515692657837
1776284567.4965625,70.14884400367737,-9.015843811033394,2.1185105029367888,2.465165037166487,-1.6586874162002672,0.4118191608553107
1776284567.52968,70.18196153640747,-9.022227827831973,2.1076249399479843,2.4678557294621095,-1.6581090697254128,0.3896165324456148
1776284567.5301416,70.18242311477661,-9.028506172072257,2.09684883159231,2.470486051644038,-1.6575251788847887,27.613962350508242
1776284567.53035,70.18263149261475,-9.03468084210038,2.086179638061764,2.473055767802314,-1.6569338654300365,60.42930418610912
1776284567.583971,70.23625254631042,-9.040749349325251,2.0756257764178363,2.4755652251840763,-1.6563476201655138,0.23181437048807702
1776284567.594217,70.24649858474731,-9.046706851792864,2.065204701446584,2.478014370494456,-1.6557861893854173,1.1956894071497766
1776284567.6142128,70.2664942741394,-9.052546072626095,2.0549342805150514,2.4803999244875023,-1.6552628970643,0.6027676871881849
1776284567.631934,70.28421545028687,-9.058265903577981,2.044799127821039,2.4827240941419997,-1.6547641827969692,0.6696837690921218
1776284567.6771085,70.32939004898071,-9.063866983448523,2.0347963990332203,2.484989558079725,-1.6542858610503341,0.2586817973930261
1776284567.677489,70.32977056503296,-9.06934881608801,2.024927685844545,2.4871966169348543,-1.6538309167848946,30.229324074348735
1776284567.692596,70.34487748146057,-9.074714209706588,2.0151914663978365,2.4893465970017097,-1.6533949396214158,0.7495052455227856
1776284567.7160547,70.36833620071411,-9.079968970643186,2.005570267840805,2.4914408335759766,-1.6529521308480972,0.4757678757123539
1776284567.7669168,70.41919827461243,-9.08511942741668,1.9960543603451555,2.4934808021734027,-1.652493244334715,0.21648658965782835
1776284567.7814398,70.43372130393982,-9.090170096057768,1.986647959340274,2.4954661511641256,-1.652021426586398,0.747751384584706
1776284567.793788,70.44606947898865,-9.09512242814223,1.9773772964840648,2.497396922306639,-1.6515674366929034,0.8654215923092855
1776284567.8108094,70.46309089660645,-9.099970878001212,1.968268798099323,2.499274267898389,-1.6511604236401063,0.6161606695553499
1776284567.8251905,70.47747206687927,-9.104717192577013,1.9593046686583333,2.501100552896325,-1.6507775639418014,0.7166477175064863
1776284567.8733852,70.5256667137146,-9.10936456562219,1.9504776351760336,2.5028762331784478,-1.6504067184446591,0.21024127448458899
1776284567.8912296,70.54351115226746,-9.113912505782617,1.941793606683826,2.50460003177572,-1.6500547507514922,0.5577799713828496
1776284567.9106255,70.56290698051453,-9.118360526122459,1.933247767733885,2.5062732335101936,-1.64972243033056,0.5041463423669861
1776284567.935008,70.58728957176208,-9.12271183384805,1.9248281137257888,2.5078983756975135,-1.6493957198631946,0.3943756534717103
1776284568.0039046,70.6561861038208,-9.126964087671732,1.9165218414249074,2.509476934450975,-1.649062594498873,0.13736569125668563
1776284568.004496,70.65677762031555,-9.131118098750967,1.9083133247609854,2.5110095506801233,-1.6487052383887575,15.76717878356646
1776284568.0047424,70.65702390670776,-9.135172021806897,1.9002073360636265,2.5124925637278985,-1.648327418741869,37.28877473154761
1776284568.0049388,70.65722036361694,-9.139126645149622,1.892201985360443,2.513925530886408,-1.6479281344452745,46.03107837703722
1776284568.0748947,70.72717618942261,-9.142983387753247,1.8843096168437874,2.515307676931772,-1.6475171961476056,0.12711409607424295
1776284568.0954816,70.74776315689087,-9.146740318948028,1.876547820910214,2.5166391765554774,-1.647116350265825,0.4238320613528776
1776284568.0998898,70.75217127799988,-9.150397988815772,1.8689288527181291,2.517918693320986,-1.6467338850172644,1.9390962147429278
1776284568.1249142,70.77719569206238,-9.153957022072703,1.861478674457535,2.519147012497824,-1.6463935071730877,0.3335739700487853
1776284568.19801,70.85029149055481,-9.157420815073404,1.8542165025182815,2.5203229709340684,-1.646114794309907,0.11124323722373197
1776284568.2142112,70.8664927482605,-9.16079606784724,1.8471307160109238,2.521446661915408,-1.6458876313955089,0.4893844263882679
1776284568.218354,70.87063550949097,-9.164091706062912,1.8401872434050999,2.5225258661740813,-1.6456741515535385,1.873459793581218
1776284568.2377062,70.88998770713806,-9.167311844534419,1.83335484146498,2.5235674316392855,-1.6454445431420954,0.39399597455099616
1776284568.2841244,70.9364058971405,-9.17045588810487,1.8266352382472892,2.524569892048258,-1.645202185842636,0.16127702445724584
1776284568.2983057,70.95058727264404,-9.17352598403702,1.8200159497930488,2.52553425984891,-1.644939111105981,0.5189947454695548
1776284568.3165295,70.96881103515625,-9.176518817110662,1.8134986536049613,2.526461242960012,-1.6446551630693411,0.39680532421139575
1776284568.3211226,70.97340416908264,-9.179431573969906,1.8070977596298015,2.527348949201885,-1.6443685548297164,1.5432324481736068
1776284568.3730605,71.02534198760986,-9.182265567586889,1.8008321469678226,2.5281978465864348,-1.6440966157331807,0.1334081520080753
1776284568.3970075,71.0492889881134,-9.185023950730585,1.7946930604912312,2.529009086981276,-1.6438320899203387,0.2830844874243159
1776284568.412273,71.06455445289612,-9.187701563440804,1.7886929896000097,2.5297786374412867,-1.643584188083519,0.4333530584403221
1776284568.4300106,71.08229207992554,-9.190297314476062,1.7828447718542397,2.5305056300436064,-1.6433649579975476,0.3630458782821645
1776284568.4375892,71.08987069129944,-9.192814200063848,1.777124716243926,2.531197876000285,-1.643155588685619,0.829640595717562
1776284568.4804122,71.13269376754761,-9.195251212788836,1.7715350366478484,2.5318558187064237,-1.6429607482126036,0.14322240756977286
1776284568.4931824,71.14546394348145,-9.197604016872823,1.7660742608684767,2.532476111167405,-1.6427762703428737,0.4681484227044914
1776284568.520232,71.17251348495483,-9.19987594701003,1.7607338281456728,2.533063642085571,-1.6425921441365374,0.21565147776647045
1776284568.5242867,71.17656826972961,-9.202063961013954,1.755532210490034,2.533614567440072,-1.6424304708438102,1.3983229508557096
1776284568.5688682,71.22114968299866,-9.204168071915449,1.750460645545093,2.5341270212984774,-1.6422844984993255,0.12369698373420314
1776284568.572841,71.22512245178223,-9.20619255686217,1.7454810457498209,2.5346076632471144,-1.642122431222093,1.3584601716928506
1776284568.5915797,71.2438611984253,-9.208140529388317,1.7405669540239903,2.535059599069909,-1.6419273652136273,0.28312394473579566
1776284568.6014025,71.25368404388428,-9.210021954196597,1.7357134264749365,2.5354829631716536,-1.6416960443857875,0.5316806430876289
1776284568.6534307,71.30571222305298,-9.211834167843552,1.7309392452918364,2.535876215127996,-1.6414411736838472,0.09844043553239132
1776284568.6675146,71.31979608535767,-9.213577384380814,1.7262830360389638,2.536238560968799,-1.6411925959561966,0.35395232790143616
1776284568.679337,71.33161854743958,-9.215248262696791,1.721803482187385,2.5365692268262294,-1.6409987692029322,0.4053681849780551
1776284568.69762,71.3499014377594,-9.216847107882277,1.717507898665247,2.536869924372745,-1.6408594373571994,0.2512370239422998
1776284568.7403264,71.39260792732239,-9.218377335012267,1.713348437965585,2.5371465559614403,-1.640738449502051,0.10398031760419858
1776284568.7542074,71.40648889541626,-9.219843395691123,1.7092854800849542,2.537401946544083,-1.6406097065449572,0.3117155805338852
1776284568.7642782,71.41655969619751,-9.221251302845555,1.705309556361101,2.537632509425384,-1.6404646589880734,0.4194439785424728
1776284568.781223,71.43350458145142,-9.22260432153194,1.7013973783556977,2.537841936382169,-1.6402888461258338,0.24460684101926855
1776284568.8381944,71.49047589302063,-9.223900390209922,1.697577892298471,2.5380320718770353,-1.6401119847197518,0.07087555122803667
1776284568.858134,71.51041555404663,-9.225138113226036,1.6938528789149518,2.538200673165173,-1.6399287586531115,0.1970385271078432
1776284568.8647358,71.51701736450195,-9.226315142934377,1.6902408937423974,2.538341812294866,-1.639753246931952,0.575833941763879
1776284568.876482,71.52876353263855,-9.227431187048106,1.6867674536595851,2.5384525729401486,-1.6396019704308664,0.3107408991519537
1776284568.9125655,71.56484699249268,-9.228488707442613,1.683436828170388,2.5385339848124246,-1.6394786947598468,0.09687074931857344
1776284568.9395819,71.59186339378357,-9.229487798099633,1.680235278703516,2.5385857119090343,-1.6393684827354935,0.12415486910953126
1776284568.9445271,71.5968086719513,-9.230430412379642,1.677159087114509,2.538607097752992,-1.639272757354013,0.6506089243714431
1776284568.9550672,71.60734868049622,-9.231319033258863,1.674180561825149,2.538604514659664,-1.6391776492517245,0.29490088179917084
1776284568.9754896,71.6277711391449,-9.232159409884167,1.6712934351149507,2.538579105398594,-1.6390787171126178,0.14724255032553077
1776284569.0450866,71.69736814498901,-9.232952553605168,1.668480792041722,2.5385328133526053,-1.638971808774766,0.041994636648234815
1776284569.0499523,71.70223379135132,-9.233701918448856,1.66574704962314,2.538467783438858,-1.638862858991845,0.5827252372392285
1776284569.0638924,71.71617388725281,-9.23441094708438,1.6630850709218596,2.538384719109923,-1.6387502341290143,0.1977058972435021
1776284569.0726764,71.72495794296265,-9.235078439762528,1.6604969430105327,2.538281682330608,-1.6386326727265366,0.3045065655109542
1776284569.149948,71.80222940444946,-9.235701354523005,1.6579826655516414,2.5381579110247157,-1.6385091015210518,0.03356022496562081
1776284569.1578255,71.81010699272156,-9.236283106232785,1.6555378660552935,2.5380121460212535,-1.6383776308163287,0.3195502947557963
1776284569.1795204,71.8318018913269,-9.236823670063604,1.653166041935108,2.537841975430084,-1.6382474060903818,0.11240380394641863
1776284569.198756,71.85103750228882,-9.23732719332056,1.6508707353505387,2.5376490538433947,-1.6381180465666731,0.1225743632675148
1776284569.2271807,71.87946224212646,-9.237793336978536,1.648652966249214,2.5374338180080076,-1.6379937141471494,0.08008608679871043
1776284569.277298,71.92957949638367,-9.23822107346595,1.6465113391794426,2.537195200877922,-1.6378740125892124,0.04383562747097424
1776284569.3062098,71.95849132537842,-9.238609690917178,1.6444483691729512,2.536934939393347,-1.6377595161074379,0.073164730318174
1776284569.3088512,71.96113276481628,-9.238963841708836,1.6424268851803734,2.5366620041901635,-1.637625270655244,0.7837929099189748
1776284569.3459127,71.99819421768188,-9.239281307720278,1.6404522545653204,2.5363762076812697,-1.6374799843493693,0.054512286217841155
1776284569.3573866,72.00966811180115,-9.239562587480862,1.6385641129222586,2.5360769579975204,-1.6373428192791817,0.1684075806844895
1776284569.3771348,72.02941632270813,-9.239810170449548,1.6367921841006225,2.5357533314213994,-1.637594436314252,0.09206787427845203
1776284569.3796208,72.03190231323242,-9.240055062529711,1.6351495636346998,2.5352767457604517,-1.6389085498177243,0.6950164835562812
1776284569.4373362,72.08961772918701,-9.240324431742488,1.6336424488036974,2.5345446953878263,-1.6411764127596216,0.02940311229332306
1776284569.4451876,72.0974690914154,-9.240625107683627,1.6322672258967033,2.5335178603049235,-1.6443246675795486,0.2219260719778439
1776284569.4679441,72.12022566795349,-9.240956005495262,1.6310152767790975,2.5321793749835644,-1.6482880947660254,0.08183865231175415
1776284569.4823554,72.13463687896729,-9.241308031224232,1.6298657491358617,2.5305278494930468,-1.6529299012161944,0.14174804348948747
1776284569.5159183,72.16819977760315,-9.241660655346712,1.6287876577255402,2.5285781819139803,-1.6582116566799872,0.0672058025741357
1776284569.5220282,72.17430973052979,-9.241990808100148,1.6277464754810174,2.5263521986324853,-1.664120527045579,0.40581798104311045
1776284569.538221,72.19050240516663,-9.242276591767464,1.6267024240665753,2.5238747175684613,-1.670611949260284,0.1669663874228625
1776284569.5505428,72.20282435417175,-9.242497702666364,1.6256259862301607,2.5211707826400733,-1.6776441671926174,0.2368708688802477
1776284569.567782,72.22006344795227,-9.242641641055359,1.6245061273800352,2.5182628322940843,-1.6851788047121494,0.18095217097169145
1776284569.681832,72.33411359786987,-9.24270249771178,1.623337804046575,2.515175817997248,-1.693180454845493,0.0289457175564212
1776284569.6875665,72.33984804153442,-9.24270249771178,1.623337804046575,2.515175817997248,-1.693180454845493,0.0
1776284569.7347834,72.38706493377686,-9.24267467361249,1.6221208141524708,2.5119347212260554,-1.7016205084221012,0.07332459027096142
1776284569.7520244,72.404305934906,-9.242550389593912,1.6208650370644113,2.508566791376627,-1.7104825268323152,0.20860610590346695
1776284569.7784538,72.43073534965515,-9.242318302412354,1.6195854344159424,2.5050914853090958,-1.7197690791712972,0.1403988816291777
1776284569.8144019,72.46668338775635,-9.24196087295244,1.6182929340460162,2.501520032673383,-1.7294837641881364,0.10612307589758783
1776284569.848744,72.50102543830872,-9.241457655207316,1.616993988058631,2.4978616721264855,-1.7396396771730895,0.11398852481934556
1776284569.8496325,72.50191402435303,-9.240789192466144,1.615692015599672,2.4941241999292205,-1.75024640019805,4.517075558784636
1776284569.860052,72.5123336315155,-9.239939200272731,1.614375969588345,2.4903173435606347,-1.761286599993496,0.3950846806636435
1776284569.9312558,72.58353734016418,-9.238885645730267,1.613040660768812,2.4864456267481345,-1.7727502168127218,0.059390942808741416
1776284569.9348028,72.58708429336548,-9.23761023106524,1.6116810402289998,2.4825169261179436,-1.7846486354985882,1.2259975663396538
1776284569.9503036,72.60258507728577,-9.236101297605668,1.6102798695683793,2.478540841955897,-1.7969567774886352,0.2888664328866351
1776284569.9787223,72.63100385665894,-9.234347662600163,1.6088172570451,2.4745259954295564,-1.8096459060222063,0.16252690558935326
1776284570.0792546,72.73153614997864,-9.234347662600163,1.6088172570451,2.4745259954295564,-1.8096459060222063,0.0
1776284570.0811048,72.73338627815247,-9.232344114124354,1.6072766401382041,2.47048465340443,-1.8226864823982452,2.5763437148745387
1776284570.1065829,72.758864402771,-9.230090656912315,1.6056408578599048,2.4664306820187156,-1.8360486449998685,0.19303557069658958
1776284570.1508472,72.80312871932983,-9.227589960196854,1.6038910139272042,2.462378741845517,-1.849699877343146,0.11460326510219279
1776284570.15126,72.80354142189026,-9.224848693424805,1.602013149093889,2.4583478131582246,-1.863617358633293,12.65782484536243
1776284570.2051342,72.85741567611694,-9.221879204712696,1.599992996384074,2.4543559245846582,-1.8777790723996897,0.09967163597085334
1776284570.2163234,72.86860489845276,-9.218698317027458,1.5978067829084812,2.4504248582104773,-1.8921315520607402,0.4923632022141851
1776284570.2302902,72.88257169723511,-9.215323029328546,1.5954451424641372,2.4465699605394096,-1.9066580038613854,0.40394520508772674
1776284570.2372165,72.88949799537659,-9.211778462261835,1.5928994859983838,2.4428028023274324,-1.9213291194130475,0.83234219170873
1776284570.322437,72.97471857070923,-9.208082968140541,1.59016907043987,2.4391261478668835,-1.936143092807602,0.06905251304322893
1776284570.3315792,72.98386073112488,-9.204254391473672,1.5872569774800382,2.4355418646398577,-1.9510987187747648,0.6561666516541498
1776284570.3441653,72.99644684791565,-9.200315411005414,1.5841654013584032,2.4320533567293463,-1.9661903121160862,0.48487650378669417
1776284570.377185,73.02946662902832,-9.196290590869038,1.5808877416680336,2.4286617604763516,-1.981397664183943,0.18777882616686864
1776284570.3782618,73.03054332733154,-9.192204535280595,1.577414156216107,2.425368062062233,-1.9967059110765086,5.845328400534155
1776284570.4541156,73.10639715194702,-9.18808213975678,1.573742831658708,2.4221730544456532,-2.012103782136621,0.08408479820851746
1776284570.471134,73.12341547012329,-9.18394983966113,1.5698696644067314,2.4190775329951024,-2.0275820423829956,0.3792632946336701
1776284570.4979973,73.1502788066864,-9.179833306485941,1.5657875147266864,2.4160838486701914,-2.0431279411644834,0.24288559207111013
1776284570.5018907,73.15417218208313,-9.175745130556072,1.5615103095624687,2.413193599163492,-2.0587614786172805,1.6913146454720436
1776284570.554346,73.20662760734558,-9.171697955250835,1.557051374200251,2.410407534055523,-2.0744963678565234,0.12648930358938665
1776284570.597401,73.24968242645264,-9.171697955250835,1.557051374200251,2.410407534055523,-2.0744963678565234,0.0
1776284570.598021,73.25030255317688,-9.167701568522913,1.5524196961060899,2.4077250016602068,-2.0903360243462097,10.771645266413993
1776284570.6072657,73.25954723358154,-9.163762141602586,1.5476248455375534,2.405144895168484,-2.106280259122974,0.7269707255787795
1776284570.6267786,73.27906012535095,-9.159887267961471,1.5426736887478627,2.402666786454585,-2.1223258432490972,0.34633156330088577
1776284570.6792583,73.33153986930847,-9.156089412600656,1.5375624559834216,2.4002899719939066,-2.1384640462444873,0.12951445646912751
1776284570.7073674,73.35964894294739,-9.152380048681698,1.5322857006916446,2.398013220092481,-2.1546891717802645,0.24334176428436502
1776284570.7241704,73.37645196914673,-9.148769025147475,1.5268425173171458,2.3958351411472574,-2.170982157847931,0.4097845241798154
1776284570.7367702,73.38905167579651,-9.145267531562386,1.5212325287422905,2.3937542180571727,-2.187333587618239,0.5502290464735348
1776284570.8037462,73.45602774620056,-9.141881362328864,1.5154599732146277,2.391767610651872,-2.2037438081906715,0.1042320989006007
1776284570.8057945,73.45807600021362,-9.138613300466218,1.50953095894666,2.389875065686287,-2.2201863927257004,3.4319923441113356
1776284570.8233066,73.47558808326721,-9.135464797258562,1.5034532940085006,2.3880770919937193,-2.2366639900451593,0.40412042165940937
1776284570.8552396,73.50752115249634,-9.132439205721708,1.497231012897391,2.3863726723692227,-2.25315037380448,0.22314580134583104
1776284570.8832135,73.5354950428009,-9.12953294496711,1.490871840901621,2.3847623047128437,-2.269639099140051,0.25648438795688056
1776284570.9926918,73.64497327804565,-9.12953294496711,1.490871840901621,2.3847623047128437,-2.269639099140051,0.0
1776284570.993375,73.64565658569336,-9.126743820433115,1.4843798916221123,2.383243346454602,-2.28612709717963,10.57673065395005
1776284570.993623,73.64590454101562,-9.124079857596339,1.477748790291408,2.3818127518487544,-2.3025925303961583,29.392353079915118
1776284570.9940348,73.64631628990173,-9.121552000437411,1.4709705920133018,2.380466801358776,-2.319029690189124,17.871014954938925
1776284571.0281134,73.6803948879242,-9.119156718779891,1.4640516288621972,2.3792029214484596,-2.3354284735144413,0.21802918791847034
1776284571.0395095,73.69179105758667,-9.116896722704844,1.4569919372900044,2.378020890759253,-2.351766171242559,0.6586656627059617
1776284571.0657446,73.71802616119385,-9.114785008315094,1.449784053001367,2.3769199627625923,-2.368043078084946,0.2893494060701584
1776284571.06761,73.71989154815674,-9.11280700365876,1.4424428823250017,2.3759005590662405,-2.38426870562467,4.11229159877562
1776284571.0845501,73.73683166503906,-9.11094909759086,1.4349800356265843,2.3749627607727777,-2.400449445882784,0.4573524283933847
1776284571.1692193,73.82150077819824,-9.109205657098189,1.4274000451004034,2.3741043083156286,-2.416561797613697,0.09242021698697911
1776284571.1946993,73.8469808101654,-9.107589547138028,1.4196919128013699,2.373322200388115,-2.432582500176206,0.3106145339533319
1776284571.1991508,73.85143232345581,-9.106112477506159,1.4118451959757214,2.3726127405686417,-2.4484805499598576,1.800732820403447
1776284571.2296603,73.88194179534912,-9.104782494821311,1.4038569188243333,2.3719744659207436,-2.4642373236043684,0.2662566674994536
1776284571.263107,73.91538858413696,-9.103597071757799,1.395733219309143,2.3714081647665752,-2.479855311940479,0.24603981367342917
1776284571.3015785,73.95386004447937,-9.102536744377721,1.3874890338375683,2.370913881134885,-2.4953481183142827,0.21644035048306942
1776284571.3194234,73.97170495986938,-9.101579790047206,1.3791366805469003,2.370492032987047,-2.5107357116818787,0.4717070430054323
1776284571.3279614,73.98024296760559,-9.100707161630828,1.3706850224923528,2.3701431115518985,-2.526038439983623,0.9959875253034967
1776284571.3872592,74.03954076766968,-9.099918618051102,1.3621301707639004,2.3698641120262365,-2.5412556290495245,0.14495724917965486
1776284571.4097092,74.06199073791504,-9.099223101630884,1.35346196750414,2.369653071164097,-2.556364506390058,0.38746698357570575
1776284571.411961,74.06424260139465,-9.098653298467097,1.3446585486382296,2.3695067910554606,-2.5713337401553957,3.9181116810072525
1776284571.4381857,74.09046721458435,-9.098212714127152,1.3357178820401086,2.3694222007174743,-2.586165875902374,0.34135547906460795
1776284571.5081663,74.16044783592224,-9.097905430454642,1.3266390974762556,2.369396372622219,-2.6008314984191085,0.12980765009179335
1776284571.5085711,74.16085267066956,-9.09773154009586,1.3174236176243508,2.369428863568183,-2.6153161498956887,22.76775310056478
1776284571.523751,74.17603254318237,-9.097691393523217,1.3080727178344034,2.369518050951167,-2.629626750625618,0.6160401727315645
1776284571.5418847,74.19416618347168,-9.097768382936552,1.298596842780632,2.369663337152151,-2.6437912159797663,0.5226364555754298
1776284571.596943,74.24922442436218,-9.097938398384093,1.2890074445972726,2.3698680275186104,-2.6578378721091975,0.17423530196137066
1776284571.612787,74.26506853103638,-9.098190027321435,1.2793093125385415,2.370130735182943,-2.6717819211203646,0.6125275746836781
1776284571.6215923,74.27387380599976,-9.098535372435167,1.2694969200338757,2.3704503828350414,-2.685607640011829,1.1156573357680437
1776284571.6536336,74.3059151172638,-9.098999639622466,1.2595585495506951,2.370822429192441,-2.699287726292758,0.31072893209795077
1776284571.718226,74.37050747871399,-9.099581361164072,1.249494344484592,2.371245226322087,-2.7128123559176434,0.1562083353833655
1776284571.730753,74.38303446769714,-9.10027551244794,1.239306134546834,2.3717159340229013,-2.7261571192834757,0.8160518489458107
1776284571.7476327,74.39991426467896,-9.101086452807047,1.2289922854742414,2.3722325491149467,-2.7393138210892407,0.6136668142437818
1776284571.7560768,74.408358335495,-9.102009927374935,1.218555976227636,2.3727926474501317,-2.7522979683904856,1.2425343160353575
1776284571.7821758,74.4344573020935,-9.10301702411902,1.2080070925672861,2.3734021398029874,-2.765151581988858,0.40669662213617397
1776284571.8630133,74.51529479026794,-9.104108143392352,1.197345292036821,2.374058633419588,-2.7778721356728817,0.13282915126366912
1776284571.88457,74.53685140609741,-9.105292119034946,1.1865678126104342,2.3747592154470136,-2.790452936474602,0.5040182937303975
1776284571.9044743,74.5567557811737,-9.106581523697013,1.1756700006649332,2.3755040545355453,-2.8028723273005123,0.5525958559066597
1776284571.9148188,74.56710028648376,-9.107989815683705,1.1646480055805672,2.3762917860210835,-2.8150755138495596,1.076850677248275
1776284571.9591103,74.61139178276062,-9.109508340039818,1.1535052372260224,2.377121396724649,-2.8270759836235713,0.25459340473235104
1776284571.986695,74.63897657394409,-9.111119673858614,1.1422456479148564,2.3779943386417215,-2.8389022743198553,0.41355218571319097
1776284572.0072584,74.65953993797302,-9.11279283484897,1.130877054387307,2.3789118244599172,-2.8505863779131753,0.5605904862367569
1776284572.0258572,74.67813873291016,-9.114522365694816,1.1193997162590505,2.379870363547551,-2.862136224521033,0.6261927964466592
1776284572.0776198,74.72990131378174,-9.11631532427812,1.1078099801173849,2.380867520272639,-2.8735398378206747,0.22738277992219785
1776284572.0900462,74.74232769012451,-9.11817778904389,1.0961044665103146,2.381900023074365,-2.884773083218212,0.9574506437416448
1776284572.1032507,74.75553226470947,-9.120128802345517,1.0842772011520678,2.382966569680181,-2.8958008134268214,0.9113855177129963
1776284572.1149461,74.76722764968872,-9.1221679836657,1.0723285201582664,2.3840664449501063,-2.9066272923689005,1.0406869982643057
1776284572.1957285,74.84801006317139,-9.124274687092576,1.0602626780566105,2.3852011897753775,-2.91728230062175,0.15227112356300818
1776284572.221086,74.87336754798889,-9.126411424454847,1.048085933290915,2.3863758729857634,-2.9278275517274177,0.4897362604827199
1776284572.2416294,74.89391088485718,-9.128529868354653,1.0358055626967477,2.387596608386407,-2.938333386024495,0.6095115810598188
1776284572.250176,74.90245747566223,-9.130644173859109,1.023416559193364,2.388859834834031,-2.948772476590815,1.4779514578097026
1776284572.281174,74.93345546722412,-9.132797534034669,1.0109097899245725,2.3901639575964575,-2.9590714696347677,0.4115629271428565
1776284572.3462327,74.99851417541504,-9.135006454272546,0.998282364170271,2.391505333459725,-2.969208663435433,0.19811586233023662
1776284572.349841,75.00212264060974,-9.13727974605968,0.9855334185001325,2.392880260856472,-2.979182302908039,3.6089643217796694
1776284572.3684886,75.02077007293701,-9.139613394677726,0.9726642325506362,2.3942860558509738,-2.989004892567064,0.705426641323141
1776284572.4262826,75.0785641670227,-9.14199583896908,0.959676937326364,2.3957233125649657,-2.9986964258888835,0.22981590944393096
1776284572.4437664,75.09604787826538,-9.144408911852405,0.9465738487234675,2.397193329602891,-3.008274124957317,0.7666726347463999
1776284572.452752,75.10503363609314,-9.1468615773013,0.9333542292696964,2.3986929003801714,-3.0177290257640568,1.505558630413081
1776284572.462073,75.11435461044312,-9.14935889394018,0.9200174032943095,2.4002226659451074,-3.0270466000240397,1.464931111727227
1776284572.475532,75.12781357765198,-9.15189562445743,0.9065633997727481,2.401783856217614,-3.036230862383399,1.02383687436747
1776284572.52829,75.18057155609131,-9.154477141014281,0.8929909871095812,2.4033739221913835,-3.0452546923842188,0.26359876472483096
1776284572.5546994,75.20698094367981,-9.157105502816473,0.8793008012726539,2.404989200904182,-3.054120240021224,0.5313823094885675
1776284572.5861554,75.23843693733215,-9.157105502816473,0.8793008012726539,2.404989200904182,-3.054120240021224,0.0
1776284572.586811,75.23909258842468,-9.1597595794834,0.8654962922074604,2.406630266309256,-3.0628655282785453,21.585867983403045
1776284572.5876124,75.23989391326904,-9.162430710890119,0.851578576683008,2.4082949394310433,-3.0715112843467787,17.806958845102603
1776284572.6268513,75.27913284301758,-9.165125274743719,0.8375473317341732,2.4099810847881793,-3.0800416642120716,0.3666457146953819
1776284572.6481829,75.30046439170837,-9.167842276955936,0.8234022377977901,2.411687881486758,-3.0884582053244456,0.6799527630459915
1776284572.6672268,75.31950831413269,-9.17057892196995,0.8091436210252041,2.413414786787429,-3.096770306479501,0.7677621644912799
1776284572.691219,75.34350061416626,-9.173339445636291,0.7947711796172551,2.4151618900157583,-3.1049621060994066,0.6143246556684175
1776284572.7163267,75.36860823631287,-9.17613085645522,0.7802835879797759,2.416931262917817,-3.113007027027643,0.5918432539855443
1776284572.7278957,75.38017725944519,-9.178959620555178,0.7656809635638274,2.418723240553202,-3.1209010585904933,1.294979383071088
1776284572.7415612,75.39384269714355,-9.181811436934181,0.7509642689222091,2.420537935419496,-3.128667330410785,1.104970326479858
1776284572.7741861,75.42646765708923,-9.184662270943614,0.736133667593006,2.4223749214028123,-3.1363527674802447,0.4663126590344551
1776284572.80127,75.45355153083801,-9.187514376903614,0.7211890147314534,2.424232007864596,3.139229408786307,0.5659195466653633
1776284572.8243554,75.47663688659668,-9.190383740361236,0.7061303192975107,2.4261094499595846,3.1317354161729054,0.6690028413762518
1776284572.8256931,75.47797465324402,-9.193268629792868,0.6909580433368907,2.4280061695740134,3.1243464280211914,11.631433864365462
1776284572.842269,75.49455046653748,-9.196144843133608,0.6756712500151579,2.4299248883453317,3.1170247206094452,0.9455289213878862
1776284572.9047484,75.55702996253967,-9.198995488608467,0.6602692092342922,2.4318658910035813,3.109741669639571,0.25261768815542834
1776284572.908956,75.56123757362366,-9.201828951091395,0.6447518763439806,2.433827838502965,3.102507679156522,3.7777852670511347
1776284572.9287868,75.58106827735901,-9.204647173561671,0.6291191586250097,2.4358093667067493,3.0953222022863973,0.8072246210449222
1776284572.9527566,75.60503816604614,-9.207476426075754,0.6133711515870396,2.437812821549528,3.0882372372395994,0.6727223845344474
1776284572.9967837,75.64906525611877,-9.210366123011358,0.5975086766017246,2.439840379051787,3.081349215464087,0.36910278461672447
1776284573.0003207,75.65260219573975,-9.213332419760949,0.5815339530580078,2.4418878886138256,3.0746811556641487,4.630074505780245
1776284573.0112207,75.66350221633911,-9.21635533632941,0.565448615285173,2.443952889792863,3.068194967572715,1.5134537277112803
1776284573.0275364,75.67981791496277,-9.219406732046828,0.5492519510614168,2.4460353282875977,3.0618364410863625,1.0181991624410074
1776284573.0373864,75.68966794013977,-9.222459964944578,0.532941743005154,2.448134799774456,3.055566664550974,1.6980479775999395
1776284573.091031,75.74331259727478,-9.225510486049645,0.5165175087435012,2.4502494836814948,3.0493725595095853,0.3138884690684775
1776284573.109023,75.7613046169281,-9.228531847590498,0.49997804349740077,2.4523819382799323,3.04321390818228,0.9419653025610071
1776284573.1142771,75.76655864715576,-9.231499852330801,0.483321900831742,2.4545317247327754,3.0370567889101086,3.2459941475320115
1776284573.141239,75.79352045059204,-9.234438514970709,0.4665509789205302,2.4566995571556465,3.030933214662698,0.6366001523361648
1776284573.17067,75.82295155525208,-9.237368462050165,0.449667719154711,2.45888433128775,3.0248802480304113,0.5869410861994442
1776284573.1884398,75.84072136878967,-9.240310913304707,0.43267490413511556,2.461083900173505,3.018932047103784,0.9783666454914794
1776284573.2004278,75.85270929336548,-9.243276963868707,0.41557389622708735,2.463299220870011,3.0131045132909775,1.4595629391179916
1776284573.2171335,75.86941504478455,-9.24625602273557,0.398364207337913,2.4655310614792145,3.0073719152809977,1.0539872375655521
1776284573.2907352,75.94301676750183,-9.24625602273557,0.398364207337913,2.4655310614792145,3.0073719152809977,0.0
1776284573.291394,75.94367551803589,-9.249246769713642,0.38104585976441063,2.467776568182172,3.001740195946917,26.895709155759427
1776284573.291621,75.9439024925232,-9.252240799363996,0.363617854725206,2.4700364648194055,2.9961926903684315,78.54245731970708
1776284573.297017,75.949298620224,-9.25522967981503,0.34607891743375363,2.472310057609522,2.9907191191857367,3.3239520776428826
1776284573.315234,75.96751546859741,-9.258222191247244,0.3284301676616264,2.474595240634122,2.985332506679796,0.9906175131184924
1776284573.3814938,76.03377532958984,-9.261211955872936,0.3106714744726929,2.4768890404295325,2.9800310086319475,0.2739833893734364
1776284573.3911035,76.04338502883911,-9.264198404576787,0.29280225595110004,2.479189736507656,2.9748210522906176,1.9004297832972865
1776284573.4091568,76.06143832206726,-9.267191519412176,0.2748237034392468,2.4814984709573844,2.9697147289097408,1.0176340023491657
1776284573.4266074,76.07888889312744,-9.270181299706767,0.2567351933693108,2.483814341478641,2.9646876758795004,1.058969175805584
1776284573.4624436,76.11472511291504,-9.273150467020306,0.23853444118073644,2.4861367893600557,2.9597045386555245,0.5186655949061736
1776284573.4882321,76.14051365852356,-9.276084098995524,0.22021927888645346,2.4884670532502984,2.954737999179753,0.7249119235108519
1776284573.4981573,76.15043878555298,-9.278992364778826,0.2017917595038206,2.490805391659451,2.949804194840942,1.894341220156556
1776284573.5191047,76.17138624191284,-9.281888752375965,0.1832545812219949,2.493151511088982,2.9449326444414705,0.9026493391264946
1776284573.583298,76.23557949066162,-9.284796936606991,0.16461105909529303,2.4955067786294767,2.9401787077565116,0.2962213049036647
1776284573.6088505,76.26113200187683,-9.287742908818363,0.1458651725919778,2.497871254084757,2.9355798471354864,0.7483688199851405
1776284573.6300406,76.28232216835022,-9.290713885791401,0.12701624244864812,2.5002449062368677,2.9311104357922306,0.9074352970067299
1776284573.640293,76.29257440567017,-9.293668706435945,0.10805749623742225,2.5026304243949586,2.926697133568234,1.8859638503744975
1776284573.6539593,76.30624079704285,-9.296595858401382,0.08898646187807094,2.5050295515164214,2.9223223116235864,1.4226836795968638
1776284573.6864915,76.33877301216125,-9.299504900239109,0.06980521642734568,2.507439760039407,2.918006636949887,0.6009343795957469
1776284573.6962035,76.34848499298096,-9.302405632547643,0.05051627473417154,2.5098577015824546,2.9137657877420997,2.0238019336421202
1776284573.7111855,76.36346697807312,-9.305273461035029,0.0311158961122828,2.5122829087343246,2.909557485202742,1.3189564612574076
1776284573.72421,76.37649154663086,-9.308097886867074,0.011602971908726993,2.5147139111559693,2.905361827466343,1.5252391920334791
1776284573.804367,76.45664858818054,-9.310882333230504,-0.008021471169632291,2.5171529149533063,2.9011879876990614,0.2491421094101206
1776284573.8291636,76.48144507408142,-9.313643018814775,-0.027754319441286916,2.519599790148358,2.897067809758431,0.8095787302445964
1776284573.8295286,76.48181009292603,-9.316388967345537,-0.04759250072875292,2.5220529296931797,2.8930106821275294,55.276614113542465
1776284573.8360765,76.48835802078247,-9.31913628622629,-0.06753180143927058,2.5245152768991885,2.889045786102752,3.0968174490744578
1776284573.8705232,76.52280473709106,-9.321869554712885,-0.08757472945678454,2.5269852840365203,2.8851395838249587,0.5916001168965938
1776284573.8838873,76.53616881370544,-9.324589727419179,-0.10772115514384255,2.5294603045359474,2.8812952151725755,1.532417440572273
1776284573.8964403,76.54872179031372,-9.32730587816505,-0.1279699454185747,2.531939334591196,2.877532407493124,1.6394521261903727
1776284573.9107347,76.56301617622375,-9.330008234042465,-0.14832249655515772,2.534422114577223,2.8738410704627873,1.4467740191739076
1776284573.9699953,76.6222767829895,-9.332675409605928,-0.168782583758548,2.5369068807183797,2.8701847693504328,0.3506929577546639
1776284573.9900856,76.6423671245575,-9.335297102999869,-0.18935238386317854,2.539391554333224,2.866547054093182,1.0395308126287854
1776284574.0073676,76.65964913368225,-9.337867948588205,-0.21003311159483812,2.541875701592407,2.8629181233984773,1.2144098608645457
1776284574.018631,76.67091250419617,-9.340401894176333,-0.23082106634059082,2.5443614979758715,2.859313247482812,1.8723382028697602
1776284574.0927866,76.7450680732727,-9.3429249344149,-0.251709919267143,2.5468530569205443,2.8557706542739045,0.2857193336566888
1776284574.1031864,76.75546789169312,-9.345435989947076,-0.272699603472994,2.5493503579191823,2.852289881522265,2.046800292377676
1776284574.1292894,76.78157091140747,-9.347933309535074,-0.2937903946556522,2.5518537974598567,2.848859654583428,0.8192601989248913
1776284574.1351366,76.78741812705994,-9.350402534791055,-0.314986089242665,2.554364393603334,2.8454610337085913,3.674607016326747
1776284574.1863449,76.83862638473511,-9.352863819244341,-0.3362834575118943,2.5568824212480306,2.8421319863803816,0.4215430226335192
1776284574.1869195,76.83920097351074,-9.355341813540301,-0.3576768506655497,2.559407107350391,2.8389069565118543,37.7381296266535
1776284574.2201388,76.87242031097412,-9.357823635218006,-0.37916858261196085,2.5619357821626556,2.835762105170657,0.6556973443429581
1776284574.220512,76.87279343605042,-9.360290472258363,-0.4007637712320229,2.5644658058281595,2.8326601301633096,58.646227775942414
1776284574.2300253,76.88230681419373,-9.362727975219986,-0.42246643088099783,2.5669952433258865,2.8295760163252934,2.310967380010981
1776284574.3178465,76.9701280593872,-9.362727975219986,-0.42246643088099783,2.5669952433258865,2.8295760163252934,0.0
1776284574.32237,76.9746515750885,-9.365126541814973,-0.4442789681766064,2.5695247304986464,2.8264913607352313,4.883220244055472
1776284574.3373837,76.98966526985168,-9.367500305893076,-0.4661971853754804,2.5720536662256404,2.8234279804034834,1.4780476156941678
1776284574.3598187,77.01210021972656,-9.369871033228963,-0.4882149731119652,2.5745834960388048,2.8204237646321495,0.9934983732058843
1776284574.3761744,77.02845597267151,-9.372254568117382,-0.510328129259393,2.577115499720309,2.817505452075409,1.3686257502966417
1776284574.4464064,77.09868788719177,-9.374662443776351,-0.5325337794930927,2.579648052276673,2.814690716572728,0.32006726197638324
1776284574.4687393,77.1210207939148,-9.377084903718117,-0.5548346661130094,2.5821807783149713,2.811964120363056,1.0108222860487859
1776284574.504957,77.15723848342896,-9.37951188231119,-0.5772341886851007,2.5847140532741966,2.809307252018013,0.626008723661317
1776284574.5348144,77.18709588050842,-9.381944640152847,-0.5997326260378044,2.587246551381835,2.8067234200751567,0.762653503374453
1776284574.5452244,77.19750595092773,-9.384363884402841,-0.6223351316050157,2.589776727688637,2.80418038766418,2.19710205163238
1776284574.55941,77.2116916179657,-9.38674191835928,-0.6450499568865444,2.592305062183916,2.8016331996657935,1.619838229024921
1776284574.5874424,77.23972392082214,-9.389057837300369,-0.6678827782346354,2.594831591844122,2.799044900700771,0.8236435026445129
1776284574.6269977,77.27927923202515,-9.391321089129683,-0.690829622842581,2.5973547973183644,2.7964324091006083,0.5864150675493893
1776284574.6492562,77.30153775215149,-9.393553609561152,-0.7138831808064384,2.5998773146217973,2.7938293543862027,1.046716677399584
1776284574.6924455,77.34472703933716,-9.39578781778494,-0.7370327503611435,2.602401995300001,2.7912883692243553,0.5416566731202487
1776284574.6928864,77.34516787528992,-9.398038397939843,-0.7602728008684365,2.6049271510217973,2.788825477698214,53.27360418083438
1776284574.7067826,77.35906410217285,-9.400310109629782,-0.7836015143673453,2.6074515191413052,2.7864471242217568,1.696475222799774
1776284574.7722225,77.42450404167175,-9.402596992764641,-0.807020882043936,2.609974823848054,2.7841441071272586,0.36163946413477693
1776284574.7816668,77.43394827842712,-9.404885327533837,-0.8305361377895712,2.6124969150649995,2.7818925538209736,2.515880353769615
1776284574.7923803,77.44466185569763,-9.407150293293702,-0.8541563223013006,2.615021991422428,2.7796552437355397,2.2273145082182455
1776284574.8176153,77.46989679336548,-9.409393999490986,-0.877881306142824,2.617546165604833,2.777437597286069,0.9496417733339111
1776284574.868221,77.52050256729126,-9.411615805993089,-0.9017105838405131,2.620066339749101,2.775235083498084,0.4755377813815068
1776284574.907663,77.55994462966919,-9.413823202458772,-0.9256414144619706,2.622583002752776,2.7730614687452584,0.6126412254791271
1776284574.913354,77.56563544273376,-9.416020486822754,-0.9496718459965819,2.6250950410570177,2.7709221862761333,4.263201125044639
1776284574.9227145,77.57499599456787,-9.418206259108988,-0.9738020231388914,2.6276028682204013,2.768823330513673,2.6022410499065436
1776284574.9514043,77.60368585586548,-9.420356047998256,-0.9980382888977578,2.6301075969574708,2.7667291662034965,0.8525661583220878
1776284575.0366554,77.68893694877625,-9.422451480199742,-1.0223858483386663,2.6326089539083894,2.764607020077544,0.2881516751967264
1776284575.0496225,77.70190405845642,-9.424509343883912,-1.0468395036602973,2.635106972283978,2.7624897597302955,1.9022669428580052
1776284575.0541136,77.70639514923096,-9.426551947369232,-1.0713914053835272,2.6376025409858466,2.760412744117447,5.5137594222769435
1776284575.0803208,77.73260235786438,-9.42860037547732,-1.0960341193530219,2.640096782697434,2.758408550851955,0.9483338062007516
1776284575.1868713,77.83915281295776,-9.42860037547732,-1.0960341193530219,2.640096782697434,2.758408550851955,0.0
1776284575.1881056,77.84038710594177,-9.4306644640746,-1.120763768322014,2.64258921469237,2.756485840299081,20.206299351152396
1776284575.188586,77.84086751937866,-9.432721206305413,-1.1455874783200526,2.64508056289933,2.7546134059680387,52.10730567292292
1776284575.1930718,77.84535336494446,-9.434748876467085,-1.170512223133306,2.6475726916081808,2.7527543777958923,5.602278934187604
1776284575.1955411,77.84782266616821,-9.436731930354894,-1.1955429397701856,2.6500626888499066,2.7508841354302636,10.218400130549835
1776284575.234537,77.88681840896606,-9.438665990330492,-1.220680957120307,2.652550428919527,2.7490051027800715,0.6496797902373987
1776284575.2554035,77.90768504142761,-9.440538226828624,-1.245928351131201,2.655035971675296,2.7470967739998384,1.2190964417852208
1776284575.2641082,77.91638970375061,-9.44236646738756,-1.2712782053921698,2.657522395797402,2.745183680739408,2.933718578309235
1776284575.2644627,77.91674423217773,-9.444183303739239,-1.296718927971784,2.6600106341305403,2.7433110344793015,72.2836232605709
1776284575.3529487,78.00523018836975,-9.446002033319319,-1.3222448199950692,2.6624995685391406,2.7414997167273674,0.29056988608611806
1776284575.3776875,78.02996897697449,-9.447810505946881,-1.34785973431317,2.6649902210761383,2.7397300991352713,1.0428635682959473
1776284575.3920496,78.04433107376099,-9.44961992236613,-1.373561017396332,2.6674830142274435,2.738015063038028,1.8023278701552865
1776284575.4030302,78.05531167984009,-9.451439435299168,-1.3993464009877747,2.669974084355022,2.736365925538565,2.365010829622287
1776284575.4516306,78.10391211509705,-9.453263411969031,-1.4252188231888399,2.672460438195265,2.7347729122576308,0.5361173861261885
1776284575.4758322,78.12811374664307,-9.455060566791486,-1.4511906094371065,2.6749433653890073,2.7331772193320223,1.0805893077147788
1776284575.5066078,78.15888929367065,-9.456808090258951,-1.4772705766186214,2.677422307011478,2.731550727249312,0.8531362927211451
1776284575.5246308,78.17691230773926,-9.458527161952153,-1.5034525790746274,2.679899397015683,2.7299251607106787,1.4622995699369068
1776284575.543214,78.19549560546875,-9.460229090722008,-1.5297315108210114,2.6823723931060752,2.728315908061622,1.4233130000474634
1776284575.5498672,78.20214867591858,-9.461925376405354,-1.5561022385553522,2.684839784817945,2.7267394580732227,3.989161307844049
1776284575.5699468,78.22222828865051,-9.463625180876909,-1.5825606590962096,2.687301108797327,2.725208950964824,1.3260698388215804
1776284575.5710497,78.22333121299744,-9.465320549137465,-1.609109020954109,2.6897568502670723,2.7237106247995766,24.22246564606452
1776284575.5905504,78.24283194541931,-9.467017762238214,-1.6357459865719048,2.6922109158520757,2.722252502096305,1.3744899879201937
1776284575.674932,78.3272135257721,-9.468721276327386,-1.6624704271267452,2.694663648539776,2.7208364413303814,0.31868058387765685
1776284575.6949599,78.34724140167236,-9.470417821326574,-1.689287784899486,2.697115284036271,2.7194452349045264,1.3472510562430464
1776284575.7054937,78.35777521133423,-9.472113505321015,-1.7161967585473554,2.699564963093999,2.7180866664538703,2.570143526640068
1776284575.7261343,78.37841582298279,-9.473809226069344,-1.7431971394405896,2.7020102191021693,2.716767436281508,1.3160395101550775
1776284575.793776,78.44605755805969,-9.475485256771782,-1.7702958829656956,2.7044534330426067,2.7154572096255265,0.4030090658021093
1776284575.807197,78.45947861671448,-9.477116849024755,-1.7975015556784475,2.70689384949452,2.7141167784902187,2.0388552132069657
1776284575.832232,78.48451352119446,-9.478704863003681,-1.8248132200809044,2.709328291547666,2.7127478348069256,1.0971039885521228
1776284575.846194,78.49847555160522,-9.480270381369658,-1.8522241740795693,2.711757801501324,2.7113794417980586,1.9741330448245724
1776284575.882316,78.53459763526917,-9.48184542067209,-1.8797221155799375,2.714186194046249,2.7100605631631343,0.7654557768134072
1776284575.9162936,78.56857514381409,-9.483449925067507,-1.9072985418767803,2.716614061835314,2.708825130111625,0.8161150409727214
1776284575.9460988,78.59838032722473,-9.485076635369563,-1.9349547035029795,2.7190394008405177,2.7076619206618844,0.9330565451145505
1776284575.960248,78.61252951622009,-9.48671814902003,-1.962694641355124,2.72146267919061,2.7065548364411995,1.9714150419624257
1776284576.021146,78.67342758178711,-9.4883605218124,-1.9905267204529822,2.7238819823775517,2.7054798823031905,0.4595427537949559
1776284576.0355253,78.6878068447113,-9.48999409116813,-2.0184538877315688,2.726295267002809,2.7044221814609397,1.9527289330092976
1776284576.0648096,78.71709108352661,-9.491617182792076,-2.0464756272324074,2.7287029120451405,2.70338242115049,0.9620116131726766
1776284576.079113,78.73139452934265,-9.493194176081605,-2.074603122793487,2.731108114681656,2.7023080109135327,1.9767373999883981
1776284576.1283572,78.78063869476318,-9.494718929318115,-2.1028371652496136,2.7335071666285944,2.701184825165286,0.5762464814613873
1776284576.140333,78.79261445999146,-9.49619219049844,-2.1311778852595036,2.7358964606444127,2.70000837200271,2.378085167118631
1776284576.1475835,78.79986500740051,-9.49763218007652,-2.1596194959606114,2.738279569153524,2.6988077510630943,3.941437374515485
1776284576.1601458,78.81242728233337,-9.499060591321598,-2.1881488227077392,2.740658887077019,2.6976218169853694,2.281751074023284
1776284576.2192564,78.87153792381287,-9.500499294356125,-2.2167587675569997,2.7430372868358197,2.6964825170403297,0.48628574019969595
1776284576.2351837,78.88746523857117,-9.501960094264195,-2.245443312151739,2.7454193901789337,2.6954054473780373,1.8094908625808201
1776284576.248457,78.90073847770691,-9.503445394817629,-2.274198735602583,2.747806969552225,2.6943965935930008,2.1767540793533824
1776284576.2641418,78.91642332077026,-9.504947094908026,-2.3030266914415973,2.7501984133465194,2.693442174534149,1.8467466098886982
1776284576.2757454,78.92802691459656,-9.50645863621797,-2.3319302957848937,2.752592787836903,2.692528846062081,2.502842852772153
1776284576.3547566,79.00703811645508,-9.50796971728208,-2.360914201131354,2.7549868796781567,2.6916427094981326,0.3685786766490487
1776284576.373801,79.02608251571655,-9.509480057751775,-2.389981053984069,2.757380984039335,2.6907869699376907,1.533488258992664
1776284576.3971112,79.04939270019531,-9.51099635807661,-2.4191337003495117,2.759772871401182,2.689966883284064,1.2565271726339797
1776284576.408979,79.06126046180725,-9.51249783525058,-2.4483797319432123,2.762161551066673,2.689152880310093,2.4757665393672856
1776284576.4457662,79.09804773330688,-9.51397190767342,-2.4777222685428972,2.7645470871972866,2.6883251767634717,0.8012616497397954
1776284576.4602828,79.11256432533264,-9.515401811472637,-2.5071670819997243,2.766926483039042,2.687457679836872,2.0373501862644723
1776284576.4721546,79.12443614006042,-9.516787975279291,-2.5367147210049925,2.769297374390948,2.686546012118926,2.49961773839364
1776284576.4961336,79.14841508865356,-9.518145533324414,-2.566358947877684,2.7716611511581064,2.685615747416229,1.2414760089885106
1776284576.5850337,79.23731517791748,-9.519483668532464,-2.596091506864263,2.774019618502943,2.684683708587048,0.3358371747728538
1776284576.604683,79.25696444511414,-9.52081647274455,-2.6259038370558256,2.7763726812647853,2.683775185460586,1.5234529488727342
1776284576.6252956,79.27757716178894,-9.522160232518189,-2.655789617748624,2.778723765894038,2.6829125375033915,1.4558109424576946
1776284576.6456184,79.29789996147156,-9.52351358485571,-2.685750626720815,2.781070920895266,2.682084133495351,1.4802716268738008
1776284576.697384,79.34966564178467,-9.524873946519252,-2.715789921938285,2.783413801212521,2.681282326695984,0.582648879775382
1776284576.7167506,79.36903214454651,-9.526237102356037,-2.7459091936296494,2.7857511438415266,2.6805003385356203,1.5614882747608914
1776284576.740824,79.39310550689697,-9.527598509618297,-2.7761070230161544,2.788083539156541,2.6797400404140417,1.2594148832496612
1776284576.7681808,79.42046236991882,-9.528955444486083,-2.8063855761684433,2.7904107357585963,2.6789904557037474,1.1111711209238935
1776284576.8132865,79.46556806564331,-9.530309389413729,-2.836737740709768,2.7927329816461453,2.678259846689697,0.6755459020708097
1776284576.8281727,79.48045420646667,-9.531662673092608,-2.8671582994398044,2.7950503553902504,2.67755111632198,2.0514851352081878
1776284576.8611498,79.51343131065369,-9.532996597036544,-2.8976617639463056,2.7973633338932,2.6768327331194457,0.9285260637157392
1776284576.8634062,79.5156877040863,-9.534301214377482,-2.928256418909217,2.7996703818619038,2.6760928519278373,13.609878204366973
1776284576.931503,79.58378458023071,-9.53555841168043,-2.9589496037318628,2.8019696605111073,2.675305727265217,0.4523680434026011
1776284576.9473,79.59958148002625,-9.536780888727412,-2.989728713659745,2.8042640027069248,2.6744859652865753,1.955364968799542
1776284576.9603171,79.61259865760803,-9.538015075239523,-3.0205648165611514,2.8065618874862537,2.6737062327000665,2.3773374103331104
1776284576.9813132,79.63359475135803,-9.539274277651174,-3.051448739009553,2.8088615407983517,2.6729839728294347,1.4762274660601333
1776284576.993342,79.64562344551086,-9.540554551863789,-3.0823823748944514,2.8111597154791768,2.67230576544898,2.5809366975162096
1776284577.0912428,79.74352431297302,-9.541862713621315,-3.1133622263459526,2.8134583573448624,2.6716769537775003,0.3175921105130856
1776284577.0920627,79.74434423446655,-9.543195940926363,-3.1443892903393547,2.8157567528591785,2.671096471103978,37.980013853112396
1776284577.1134803,79.7657618522644,-9.544542750091791,-3.1754687813012255,2.818054578815534,2.6705462431260574,1.4564368255460982
1776284577.1375434,79.78982496261597,-9.54588002025382,-3.206612076961134,2.8203500427065973,2.6700055098011752,1.2989341717296254
1776284577.1841302,79.83641171455383,-9.547189893414386,-3.2378247829358546,2.8226417634223897,2.669456283105824,0.6723826632921991
1776284577.2133925,79.86567401885986,-9.548454065649281,-3.2691136352954975,2.824927379683972,2.6688744617324436,1.0729736794629365
1776284577.2551508,79.90743231773376,-9.549675388108533,-3.300472374315967,2.8272066573894494,2.668265361711805,0.7535071115603111
1776284577.2571433,79.90942478179932,-9.550858909959484,-3.3318947241920647,2.8294810754488964,2.6676420168780566,15.823009917036963
1776284577.3205044,79.97278594970703,-9.551991857800921,-3.3633851458790978,2.831751555150204,2.666991074908765,0.49860962453522617
1776284577.320947,79.97322845458984,-9.553084948831382,-3.394933950822609,2.8340169797564685,2.666320719873208,71.52219214818955
1776284577.321164,79.97344541549683,-9.554164175220974,-3.4265234541882474,2.8362788827291823,2.665665843880303,146.05747534639642
1776284577.3429003,79.99518179893494,-9.55523935943688,-3.458150985166211,2.8385362243311585,2.665032759954376,1.459590043575085
1776284577.3694665,80.02174806594849,-9.55631272262521,-3.489818736909127,2.840791423122061,2.6644187032376903,1.1957303175488687
1776284577.3903682,80.04264974594116,-9.557398529112833,-3.5215178111117877,2.843046116131969,2.6638387361062814,1.5212989146351963
1776284577.4137275,80.06600904464722,-9.558486467925409,-3.553250312165417,2.8452978265882773,2.663279694263656,1.3626645409637808
1776284577.4146152,80.06689667701721,-9.559574271558477,-3.5850118295535367,2.8475468519798155,2.662740853517551,35.89281056258941
1776284577.4955971,80.14787864685059,-9.560656903760062,-3.6168062771129312,2.849790337289522,2.6622137618573607,0.39381461418672686
1776284577.5272877,80.17956924438477,-9.561736355703543,-3.6486364654888668,2.85202878955588,2.661695044068845,1.0074614076047101
1776284577.5371013,80.18938279151917,-9.562795901438644,-3.6805143770353776,2.854263741001163,2.661165634896573,3.258120781802374
1776284577.5717077,80.22398924827576,-9.563842362768392,-3.7124366070997237,2.856495505597054,2.660634078085065,0.9251815453651497
1776284577.6482828,80.30056428909302,-9.564878196757823,-3.7444022893005138,2.858721300748241,2.6601045653297803,0.4186719071852017
1776284577.6796203,80.33190178871155,-9.565895238237053,-3.776418122586153,2.860941281589867,2.659562334547945,1.024613309075604
1776284577.6812596,80.33354115486145,-9.566922290763637,-3.808468427068036,2.8631615643607047,2.6590370117778153,19.607291409997167
1776284577.6994467,80.35172820091248,-9.567975436635164,-3.8405429134744384,2.8653793438891766,2.6585464442732,1.7687486239903438
1776284577.7206247,80.37290620803833,-9.569049237828793,-3.8726426036327264,2.867591973010738,2.6580824710894,1.5201511034863766
1776284577.8054388,80.4577202796936,-9.570140876222084,-3.9047701515520123,2.869798510102002,2.657643917803499,0.3799101765439437
1776284577.8178816,80.47016310691833,-9.57122854759768,-3.9369311466712964,2.8720009308453354,2.657208898160847,2.5922294460099864
1776284577.8189259,80.4712073802948,-9.57230248515603,-3.969131016362434,2.874199947980431,2.6567662774852057,30.923639407705345
1776284577.8325307,80.48481225967407,-9.573373840041999,-4.0013629111220625,2.8763942368861835,2.656328079161291,2.375931346793372
1776284577.886814,80.5390956401825,-9.574458153155675,-4.033615735090459,2.878585098261466,2.6559172638783175,0.5958606113105385
1776284577.899722,80.55200362205505,-9.575537336034001,-4.065893298947093,2.8807714350018756,2.655512187169146,2.5077134780389154
1776284577.9150808,80.5673623085022,-9.576603552872887,-4.098192969187606,2.8829558907865227,2.65510636257607,2.1089699013562946
1776284577.9325514,80.58483290672302,-9.577671984929195,-4.130502854247365,2.885138994744803,2.6547136805355125,1.8546116690892844
1776284578.0082092,80.66049075126648,-9.578747868282445,-4.162821792558047,2.8873167570571776,2.654341023594915,0.42837712866797567
1776284578.02589,80.67817163467407,-9.579827672832542,-4.195150838435051,2.889486601268523,2.6539832432120494,1.8336057115049686
1776284578.05667,80.70895147323608,-9.580893971014024,-4.227499700788901,2.8916496287016695,2.6536263870197905,1.0538920715332996
1776284578.0570414,80.70932292938232,-9.581954740231252,-4.2598672908400586,2.893808214532532,2.653280570713347,87.37727774555624
1776284578.1120565,80.76433801651001,-9.58301012979695,-4.292256491638246,2.89596198352409,2.6529440891660743,0.590345028669255
1776284578.127178,80.77945947647095,-9.584049092445397,-4.324672045326359,2.898107951439556,2.6526012966285633,2.149469631306181
1776284578.1338024,80.78608393669128,-9.585059438129434,-4.357128124185988,2.9002431578053995,2.6522439914200464,4.912389100183364
1776284578.162369,80.8146505355835,-9.586045328418358,-4.389626147299287,2.9023663733828577,2.6518717730944488,1.140570753222784
1776284578.2641304,80.91641187667847,-9.586045328418358,-4.389626147299287,2.9023663733828577,2.6518717730944488,0.0
1776284578.2722175,80.92449903488159,-9.587013026191208,-4.422164361018895,2.9044751132556876,2.651490861309469,4.03365799999554
1776284578.291332,80.94361352920532,-9.587013026191208,-4.422164361018895,2.9044751132556876,2.651490861309469,0.0
1776284578.2919676,80.9442491531372,-9.587967039214668,-4.45474817920393,2.9065675029854092,2.651095116309533,51.390238690139746
1776284578.2952435,80.94752502441406,-9.588914283065481,-4.487373456319403,2.9086438700751818,2.6506931847529174,9.983604697773638
1776284578.3217988,80.97408032417297,-9.58987366618477,-4.520031142137962,2.9107036152828076,2.650297174467221,1.232772267978362
1776284578.3806121,81.03289365768433,-9.590851870601512,-4.552721021027624,2.912744962082968,2.649913370372598,0.557155253675238
1776284578.4142237,81.06650519371033,-9.591850638711179,-4.585436035,2.914768887317796,2.6495415424423845,0.9756404114088969
1776284578.419182,81.0714635848999,-9.592866236262742,-4.61816720659351,2.91677703305909,2.6491821361145025,6.6167508629478275
1776284578.4231436,81.07542514801025,-9.59389339487482,-4.650902666891208,2.918772370918006,2.6488371640109936,8.28266403745799
1776284578.4352121,81.0874936580658,-9.5949186709868,-4.683637450926281,2.9207592569215755,2.648497716487323,2.718732445767023
1776284578.4992826,81.15156412124634,-9.595962320098476,-4.716352643437061,2.922743772112589,2.6481780033789883,0.5118105646841291
1776284578.5233858,81.17566728591919,-9.59701143306506,-4.749056237197466,2.924726146226715,2.6478682610364883,1.3600045326599124
1776284578.5447817,81.19706320762634,-9.598049697558094,-4.78176360716204,2.926702539860804,2.647558467198791,1.5322300465602976
1776284578.550248,81.2025294303894,-9.599080166224368,-4.814474818457487,2.9286691837112624,2.647252247414194,5.998012839559877
1776284578.586009,81.23829054832458,-9.60011957862301,-4.847172224315323,2.930627572130212,2.6469574515482277,0.9164279685661608
1776284578.6029828,81.25526428222656,-9.601170245943692,-4.879839064946831,2.9325806367544764,2.6466750202701386,1.9289824470570376
1776284578.630426,81.28270745277405,-9.602221875037541,-4.912469890544516,2.934526323951435,2.6464007460599355,1.1917607574486802
1776284578.645378,81.29765963554382,-9.603250589535845,-4.945071709035788,2.936464450059556,2.6461425558577565,2.1853380736740933
1776284578.6794329,81.33171439170837,-9.604233458645073,-4.9776569687190975,2.9383960174054073,2.6459056635117624,0.9589630364064432
1776284578.68582,81.3381016254425,-9.605189118386768,-5.010213219747084,2.9403173623880394,2.6456948787707093,5.108141836091654
1776284578.699314,81.3515956401825,-9.606138439432119,-5.0427189996519495,2.942227444764065,2.645509758740224,2.414084106864486
1776284578.7205753,81.37285685539246,-9.607094556307405,-5.075154367226998,2.9441254157869134,2.645348713692894,1.5288361953449197
1776284578.8124704,81.46475195884705,-9.60808463759726,-5.107495156850685,2.9460136919891746,2.6452018480550312,0.35269554761825916
1776284578.8151596,81.46744108200073,-9.60909718678818,-5.139736629673168,2.947890548429599,2.645068130177136,12.015784288219711
1776284578.843862,81.49614357948303,-9.610125467355958,-5.171873738405869,2.94975285773992,2.6449458580282728,1.1221128730362484
1776284578.8613353,81.51361680030823,-9.611169463391953,-5.203899418067909,2.9515995701356705,2.6448302978983245,1.8368601578731272
1776284578.8849275,81.53720903396606,-9.61222112942742,-5.235807794477389,2.9534311743202584,2.644722176325998,1.3554545208476085
1776284578.9061599,81.55844140052795,-9.613282729964048,-5.2675883008932125,2.955248729880513,2.644619197621506,1.5000746519946664
1776284578.9131927,81.56547427177429,-9.614356702827497,-5.299232186320736,2.9570531368070245,2.6445102974998482,4.509321793098097
1776284578.9385598,81.59084129333496,-9.615441828170532,-5.3307321763855455,2.9588475475896083,2.6443925725770505,1.2445179249795744
1776284579.0426016,81.69488310813904,-9.615441828170532,-5.3307321763855455,2.9588475475896083,2.6443925725770505,0.0
1776284579.0511374,81.70341897010803,-9.616511187988088,-5.3620978796993155,2.9606328728980866,2.64429109049658,3.6826587246044244
1776284579.0744903,81.72677183151245,-9.617556330969311,-5.3933270263457445,2.9624080226721534,2.6442187202937175,1.3401789779173745
1776284579.0953677,81.74764919281006,-9.618581329251583,-5.424412008404781,2.9641703826616106,2.6441675956104764,1.4921314750641765
1776284579.1119504,81.76423192024231,-9.619586176103185,-5.4553457879555,2.965914707209898,2.6441368585745124,1.8693674758361964
1776284579.1129584,81.76523995399475,-9.620580354250514,-5.486120237028934,2.967637954535615,2.6441173903634545,30.592912274345807
1776284579.16804,81.820321559906,-9.62157686741191,-5.516724164174755,2.969341396645282,2.644088506202942,0.556764680714715
1776284579.1797726,81.8320541381836,-9.622583393679504,-5.547148323398129,2.9710274884377306,2.6440365220861617,2.598530633556294
1776284579.18625,81.83853149414062,-9.623608880721932,-5.577388780307741,2.9726918490623953,2.6439426121844245,4.678387306430657
1776284579.1944425,81.84672403335571,-9.62464697719423,-5.607447908678091,2.974332632755756,2.643813627889705,3.67673183790429
1776284579.2827232,81.93500471115112,-9.625692549622954,-5.637326841285949,2.975950696819791,2.643652718896103,0.339156602116799
1776284579.2991462,81.95142769813538,-9.626718168270207,-5.6670349898720165,2.9775456991151845,2.643505230511757,1.81261837221235
1776284579.326856,81.9791374206543,-9.627697398342447,-5.696581164226983,2.9791179894651703,2.6434144616770063,1.0683679298999909
1776284579.3521395,82.00442099571228,-9.628616654340105,-5.725969000886752,2.9806651847610763,2.643402652071943,1.1645066102728714
1776284579.465109,82.1173906326294,-9.628616654340105,-5.725969000886752,2.9806651847610763,2.643402652071943,0.0
1776284579.5410526,82.19333410263062,-9.629495176390714,-5.7551862208998354,2.9821879697760876,2.643438952451955,0.3854190959946182
1776284579.5420063,82.19428777694702,-9.630380290707565,-5.784209296687929,2.9836896555410304,2.6434422209213815,30.487740132921072
1776284579.5423343,82.19461584091187,-9.631286248164887,-5.81302985538333,2.985166457618281,2.643379637224379,88.00901823120783
1776284579.5426176,82.19489908218384,-9.63221475807966,-5.8416461751303,2.986615644702581,2.643250144029899,101.21417438254274
1776284579.6229453,82.27522683143616,-9.633151462833565,-5.870063580987942,2.9880362767395874,2.643075462463503,0.3544019143908981
1776284579.6378782,82.29015970230103,-9.634083532205105,-5.898287930514315,2.98942739118557,2.6428839150370917,1.8934054096214914
1776284579.657662,82.3099434375763,-9.635006446920938,-5.92632167608701,2.990791871675993,2.642678824348598,1.419454006344762
1776284579.6660173,82.31829881668091,-9.635899966635739,-5.954173662616014,2.9921322737915634,2.6424980058754075,3.3389908252271017
1776284579.7679472,82.4202287197113,-9.635899966635739,-5.954173662616014,2.9921322737915634,2.6424980058754075,0.0
1776284579.8020184,82.45429992675781,-9.63675482147587,-5.981847762985109,2.993447557143767,2.6423600862273635,0.8135468773700273
1776284579.8232107,82.47549223899841,-9.637576281631087,-6.009340997467768,2.9947344900170854,2.6422522430265363,1.299319944808113
1776284579.833207,82.4854884147644,-9.638361160683958,-6.036652667505235,2.995991405990784,2.6421796236256436,2.736230474870295
1776284579.864752,82.51703357696533,-9.639120872482676,-6.0637759756309135,2.9972195654186535,2.6421207224918164,0.861042534242931
1776284579.9756546,82.62793612480164,-9.639120872482676,-6.0637759756309135,2.9972195654186535,2.6421207224918164,0.0
1776284579.9853845,82.63766598701477,-9.639852952078263,-6.0907093749275845,2.998419654286953,2.642081661050265,2.771885119140261
1776284579.9993122,82.65159368515015,-9.640558337141591,-6.117450485504186,2.9995938419496286,2.6420570091342896,1.9225122296002886
1776284580.0192058,82.67148733139038,-9.641234570052456,-6.143999549323917,3.0007409693953853,2.642056282852475,1.3362275146776783
1776284580.062211,82.71449255943298,-9.641895856056003,-6.170350190218785,3.0018599692173584,2.6420505906040237,0.6134760795399418
1776284580.0782874,82.73056888580322,-9.642559391427874,-6.196494943517713,3.0029533508980886,2.6420079446153983,1.6282337651616272
1776284580.1195817,82.77186322212219,-9.643216322310662,-6.222437108361882,3.004023887293636,2.6419488603137813,0.6289616344840063
1776284580.1731825,82.82546401023865,-9.643866094856236,-6.248178005018598,3.0050709522475065,2.6418762195905185,0.48078353891591297
1776284580.176183,82.82846450805664,-9.644516007838982,-6.27371667650003,3.0060933861989043,2.641774089078026,8.521049797311532
1776284580.1982985,82.85057997703552,-9.645163616190596,-6.299056090599848,3.007088723582263,2.641647982447706,1.1470352706738909
1776284580.2617254,82.91400694847107,-9.645805647684755,-6.324199556203402,3.0080563864561998,2.6415093747705103,0.39683857464380284
1776284580.280671,82.93295240402222,-9.646444328440847,-6.349147827940216,3.0089967094191006,2.641352993015321,1.3182134487770614
1776284580.2814555,82.93373703956604,-9.647078571792616,-6.373902304751182,3.0099086877042756,2.641176725887239,31.58076208749895
1776284580.3061488,82.95843029022217,-9.647685488520413,-6.398472823496732,3.0107975792787736,2.641027709522206,0.9959839757368527
1776284580.4070582,83.05933976173401,-9.647685488520413,-6.398472823496732,3.0107975792787736,2.641027709522206,0.0
1776284580.4101033,83.0623848438263,-9.648253246824448,-6.422864873071462,3.0116628659165054,2.6409315313363253,8.01751620536778
1776284580.4153967,83.0676782131195,-9.648785805730395,-6.447076019044567,3.0125063755905948,2.6408821317174227,4.577743765369523
1776284580.4678524,83.12013387680054,-9.649304299067039,-6.471095991617351,3.013331363335346,2.6408351410068236,0.45828660467228655
1776284580.4716809,83.12396240234375,-9.649825962077294,-6.4949170012448985,3.014135304156362,2.6407559310888633,6.227013449416031
1776284580.5391157,83.191397190094,-9.650336009245477,-6.518544144984215,3.0149176682377044,2.6406725379724847,0.3506438707644888
1776284580.5514388,83.20372033119202,-9.650848403167059,-6.541972272378859,3.0156782037853915,2.640559015079174,1.902604866363556
1776284580.5791612,83.23144268989563,-9.651355145901864,-6.565205224918067,3.016418365952494,2.6404306341926813,0.8386826990108918
1776284580.5883794,83.24066090583801,-9.651836576080248,-6.588251811081996,3.01713961796747,2.6403287121320833,2.501882671604054
1776284580.6529307,83.3052122592926,-9.65230226948547,-6.611109575634162,3.017842652351441,2.640234091827673,0.354342915118153
1776284580.6633978,83.31567931175232,-9.65277794572843,-6.633768649212042,3.0185278114498044,2.6400932483865693,2.1662660213424743
1776284580.693385,83.34566640853882,-9.65325420672763,-6.656233488080273,3.019194574070113,2.6399255298432087,0.7496483352651744
1776284580.6944094,83.34669089317322,-9.653711443521255,-6.678513193706374,3.0198432465019867,2.6397729219484516,21.76102526567314
1776284580.8031585,83.45544004440308,-9.653711443521255,-6.678513193706374,3.0198432465019867,2.6397729219484516,0.0
1776284580.81097,83.46325159072876,-9.654137295056966,-6.7006137061595545,3.020472019034239,2.6396578228361953,2.8308807233689266
1776284580.8204162,83.47269773483276,-9.65453066073993,-6.722535983895527,3.0210792351716074,2.6395829459034164,2.322028223183825
1776284580.8403041,83.4925856590271,-9.654900272909204,-6.744275995167732,3.021664042932019,2.639529835511667,1.0936795581861052
1776284580.8912458,83.54352736473083,-9.655246041770503,-6.765831626623354,3.0222339071998583,2.639499248566637,0.42334536346933194
1776284580.8916163,83.54389786720276,-9.655576948555023,-6.787198351343335,3.022789910655527,2.6394696374794586,57.69602260782221
1776284580.9928796,83.64516115188599,-9.655576948555023,-6.787198351343335,3.022789910655527,2.6394696374794586,0.0
1776284581.0033364,83.6556179523468,-9.655894493531427,-6.808375288780452,3.02332740473768,2.6394379929258562,2.0260630758536435
1776284581.0219924,83.67427396774292,-9.656199832402946,-6.829362161575405,3.023843062732037,2.6394038174538523,1.1253971862384935
1776284581.02344,83.67572140693665,-9.656493785241434,-6.850159024942072,3.024338181172575,2.6393670042528155,14.373545428922137
1776284581.0378902,83.69017171859741,-9.656783806244459,-6.870762996056658,3.0248168724508164,2.6393138045080544,1.4263755736967039
1776284581.1387515,83.79103302955627,-9.656783806244459,-6.870762996056658,3.0248168724508164,2.6393138045080544,0.0
1776284581.2002118,83.85249328613281,-9.657063388505433,-6.891177598713925,3.0252787967534442,2.639260026681906,0.33227557174054034
1776284581.2043238,83.85660529136658,-9.657325478292448,-6.911406750990441,3.0257244341067038,2.639222466364106,4.921141011947504
1776284581.263878,83.91615962982178,-9.657587898462147,-6.9314444482359425,3.026153116521675,2.639163807417927,0.33656658298984526
1776284581.2936006,83.94588208198547,-9.657862419889195,-6.951286396243018,3.026565054723896,2.6390613112439376,0.6677821235781566
1776284581.394884,84.04716563224792,-9.657862419889195,-6.951286396243018,3.026565054723896,2.6390613112439376,0.0
1776284581.4385808,84.09086227416992,-9.658133684358445,-6.970939370995245,3.026961424376581,2.638950219897813,0.44989368019532294
1776284581.453225,84.1055064201355,-9.658387388956474,-6.990410692911836,3.0273406048928373,2.638856306128228,1.3299967176165601
1776284581.5389655,84.19124698638916,-9.658629911212598,-7.009699549872971,3.0277024248684743,2.6387663008972204,0.22502504148252456
1776284581.5410857,84.19336724281311,-9.658859615894906,-7.02880773788691,3.028046517386721,2.638685060807856,9.014318307758991
1776284581.5735252,84.22580671310425,-9.659069072755347,-7.04773892140503,3.0283735871378457,2.638625411840387,0.5837076564957122
1776284581.5897837,84.24206519126892,-9.659271892658582,-7.066487529681243,3.028684198239366,2.638560233677224,1.1533845749531144
1776284581.6186006,84.27088212966919,-9.65948214324253,-7.085047496662585,3.0289790534262404,2.6384569938724867,0.6441870885683093
1776284581.6396055,84.29188704490662,-9.659689422905188,-7.103423726019206,3.0292571388366074,2.638339463736437,0.8750095874517083
1776284581.7447944,84.39707589149475,-9.659689422905188,-7.103423726019206,3.0292571388366074,2.638339463736437,0.0
1776284581.7817767,84.43405818939209,-9.659888280807289,-7.1216190817918585,3.029517960361991,2.6382186502271474,0.4920816878736223
1776284581.810252,84.4625334739685,-9.660067575985337,-7.139638870119875,3.0297631963506064,2.638115175543326,0.6329119845281419
1776284581.8212395,84.4735209941864,-9.660218268667135,-7.15748698998453,3.0299918099034815,2.6380435744147785,1.6245904150069939
1776284581.8399947,84.49227619171143,-9.660352071643347,-7.175158535025253,3.030203507667972,2.6379826884283655,0.9423158305401051
1776284581.930086,84.58236742019653,-9.660475769601748,-7.192650464792583,3.0303964685364355,2.6379193441207835,0.19417463488818187
1776284581.9533129,84.60559439659119,-9.660586514519691,-7.209963454876328,3.0305707068065657,2.637859988560153,0.7454358549304844
1776284581.974097,84.62637853622437,-9.66067567263209,-7.22710055409995,3.030726652426155,2.637821874349148,0.8245730144447148
1776284581.9772356,84.62951707839966,-9.660743613727746,-7.244061560164503,3.0308654355493294,2.6378053842630553,5.404327542664106
1776284582.0062015,84.65848302841187,-9.660804969612066,-7.260840144305794,3.0309888911733918,2.6377832323318033,0.5792715411203999
1776284582.1071723,84.75945377349854,-9.660804969612066,-7.260840144305794,3.0309888911733918,2.6377832323318033,0.0
1776284582.112031,84.76431250572205,-9.66086017041513,-7.277435652251547,3.0310987054334104,2.637753284936833,3.415698233258193
1776284582.133187,84.78546857833862,-9.660902150487711,-7.293851627923179,3.0311946624771364,2.6377283735602846,0.7759620650747322
1776284582.163449,84.81573057174683,-9.66094218657234,-7.31008449210734,3.031277889032868,2.6376925483425206,0.5364196167692046
1776284582.1818237,84.8341052532196,-9.660985112605125,-7.326132920243376,3.031349265466438,2.637637779617,0.8734107468968068
1776284582.2507935,84.9030749797821,-9.661024490235581,-7.342000408267833,3.0314082790438457,2.6375786895099447,0.23006683389301524
1776284582.2512522,84.9035336971283,-9.661060118382103,-7.35768816309651,3.0314555974303006,2.6375160502237263,34.19941883177687
1776284582.2644641,84.91674566268921,-9.66108755080378,-7.373199105499703,3.0314910066161893,2.637456423853562,1.1740120731314938
1776284582.2922158,84.94449734687805,-9.661111654799791,-7.388532341947274,3.0315135545918728,2.637390388825854,0.5525168082693456
1776284582.3928478,85.04512929916382,-9.661111654799791,-7.388532341947274,3.0315135545918728,2.637390388825854,0.0
1776284582.3969748,85.04925632476807,-9.661124296077134,-7.403691999059772,3.031523416037822,2.637339213230884,3.6732666681268435
1776284582.3999047,85.05218625068665,-9.66111361892561,-7.418683141845143,3.031521965211443,2.637323206878507,5.11656167236574
1776284582.4566936,85.10897517204285,-9.661092855627412,-7.433500785114844,3.0315087410310886,2.637316333160215,0.26092525380295617
1776284582.4570963,85.10937786102295,-9.661083772685723,-7.448135981955872,3.031483808146974,2.6372801602650067,36.34373330495221
1776284582.54406,85.1963415145874,-9.661084227527015,-7.46258990377728,3.031448474041382,2.637219241516344,0.16620696607145083
1776284582.5608187,85.21310019493103,-9.661088735762641,-7.476865883522326,3.031402495052104,2.637146021163619,0.8518603020508497
1776284582.5767837,85.22906517982483,-9.661096885318221,-7.490965515210111,3.0313477628809036,2.63706151910595,0.8831665276524221
1776284582.5987365,85.25101804733276,-9.661092912935839,-7.50489588739676,3.0312848809630695,2.636992861226901,0.6345646951245475
1776284582.6697567,85.32203817367554,-9.661065433434786,-7.518662264541543,3.031214639177729,2.636961539089992,0.19384059815031496
1776284582.694137,85.34641861915588,-9.661020198667387,-7.5322628157824605,3.0311348538340823,2.636960744110101,0.5578593917128184
1776284582.7101448,85.36242628097534,-9.660967714486613,-7.545693069690874,3.031046209251492,2.636972606600408,0.8390137890867208
1776284582.7374532,85.38973474502563,-9.660902891670856,-7.558954184449604,3.0309505617515495,2.637006620162261,0.4856229955941621
1776284582.8114305,85.463711977005,-9.660849873042077,-7.5720360143720935,3.030848920479926,2.637021898971122,0.17684268334496753
1776284582.845559,85.4978404045105,-9.660836460430914,-7.584927973522869,3.0307396705586296,2.6369668415498775,0.37776217564835934
1776284582.8459904,85.49827194213867,-9.66086494533337,-7.597630628735434,3.0306204522563953,2.6368368103574515,29.437170150050616
1776284582.8577187,85.51000022888184,-9.660905807534382,-7.61015775368583,3.0304962271523403,2.6366921018956817,1.0681702953535905
1776284582.9041855,85.55646705627441,-9.660932432145184,-7.622522277334219,3.030368889148248,2.636578486161,0.26610829045317225
1776284583.0006769,85.65295839309692,-9.660945387876772,-7.634726155115242,3.030235308591772,2.6364937862474305,0.12648405656967912
1776284583.0334404,85.68572187423706,-9.66094030736391,-7.6467715615720175,3.0300943746035047,2.6364454039225635,0.36767252930817845
1776284583.0702586,85.72254014015198,-9.660927764034781,-7.65865386584145,3.0299478528400505,2.636413898585542,0.32275322985444593
1776284583.0707421,85.7230236530304,-9.660905825168058,-7.670372880984187,3.0297948085167086,2.6364050516912187,24.239343970449195
1776284583.171131,85.82341241836548,-9.660905825168058,-7.670372880984187,3.0297948085167086,2.6364050516912187,0.0
1776284583.1807363,85.83301782608032,-9.660877257437738,-7.681926759994908,3.0296340951075376,2.6364123459851916,1.2029715310893092
1776284583.190018,85.84229946136475,-9.660859062377497,-7.693307690147778,3.029465181628017,2.636401564547568,1.2263138733561827
1776284583.2193015,85.87158298492432,-9.660858151584502,-7.704512104038341,3.0292880751843354,2.6363640128875283,0.3826661625773711
1776284583.2381153,85.8903968334198,-9.660870471793054,-7.715541982544018,3.0291042192691364,2.6363029021604825,0.5863456176653944
1776284583.328103,85.98038458824158,-9.66088042207577,-7.726405142248484,3.028913968833633,2.636248059083538,0.1207367615391618
1776284583.3286815,85.98096299171448,-9.66088617308867,-7.737103872945085,3.028715147562788,2.6362066544032756,18.500199245938607
1776284583.328969,85.98125052452087,-9.660914751509699,-7.747628143603173,3.028509341709697,2.636130932370606,36.609114958068126
1776284583.3292682,85.98154973983765,-9.660980671013695,-7.757972837826748,3.028296417691465,2.635991046926293,34.58076740542347
1776284583.4339354,86.0862169265747,-9.660980671013695,-7.757972837826748,3.028296417691465,2.635991046926293,0.0
1776284583.4366226,86.08890414237976,-9.661067142262905,-7.768145287561259,3.02807933253377,2.6358175083655473,3.786496506952717
1776284583.4592369,86.11151838302612,-9.661156389155542,-7.778154113456267,3.0278589100285536,2.635640590624002,0.4427144255713961
1776284583.4971936,86.14947509765625,-9.661254422675349,-7.787998891828642,3.0276347884442365,2.635446339499711,0.25944861739293795
1776284583.5221288,86.17441034317017,-9.661347794882749,-7.797685904139763,3.0274083198172694,2.6352562265615447,0.3886109351351541
1776284583.573244,86.22552561759949,-9.661410157350593,-7.807225788971559,3.0271804378698266,2.6351165243329184,0.186691944099029
1776284583.5981567,86.25043821334839,-9.661416932073939,-7.816627605555141,3.0269516907160616,2.635071773080718,0.37750387103662414
1776284583.6068196,86.25910115242004,-9.661365368573616,-7.825890266811866,3.02672069409538,2.6351206878162543,1.069577490992656
1776284583.6132247,86.26550626754761,-9.66127340364554,-7.835002852808215,3.0264880151121245,2.635233671285535,1.4232406156839745
1776284583.6718519,86.32413339614868,-9.66117810909692,-7.843947218036522,3.0262571869196093,2.6353438845461703,0.15262304171373392
1776284583.6880827,86.34036421775818,-9.661103415310194,-7.852710847981435,3.026028821794315,2.635403053835703,0.5401404347693096
1776284583.7113264,86.36360788345337,-9.661053785231482,-7.861291925844478,3.0257963417077156,2.6354031028536107,0.36932083183021136
1776284583.7232249,86.37550640106201,-9.661015152509826,-7.869697427499071,3.0255597928183837,2.635377131525334,0.7067198212714961
1776284583.7337062,86.38598775863647,-9.66096464366483,-7.8779381219525115,3.025321525883062,2.635371139209271,0.7865672894443536
1776284583.8400533,86.49233484268188,-9.660923883117622,-7.8860076511939665,3.0250832412019224,2.63534718430302,0.0759132193757291
1776284583.8412707,86.49355220794678,-9.660923883117622,-7.8860076511939665,3.0250832412019224,2.63534718430302,0.0
1776284583.8579276,86.51020908355713,-9.660915827527427,-7.893899141767536,3.0248443229153317,2.6352632575223747,0.47398508079876994
1776284583.8752499,86.52753138542175,-9.660915526563109,-7.901624962732968,3.0246069030081455,2.6351665206354857,0.4462148397548728
1776284583.8996146,86.55189609527588,-9.66089080350018,-7.909200372397349,3.024373665531053,2.6351158294067156,0.3110662810891457
1776284583.9932137,86.64549517631531,-9.660850317587196,-7.9166232786496025,3.024143535969066,2.6350981984792035,0.07934461511807835
1776284584.0340962,86.68637776374817,-9.660813768299326,-7.923886039488515,3.023916008537387,2.6350750707497674,0.17773864927824204
1776284584.0452275,86.69750905036926,-9.660774428633141,-7.93099149826131,3.023688363259191,2.6350581325299944,0.638669507382976
1776284584.0461738,86.69845533370972,-9.66073199118729,-7.937939872713864,3.0234575131965773,2.6350461092403186,7.346993712154467
1776284584.1115782,86.76385974884033,-9.660693068972584,-7.9447286873314535,3.0232242461675094,2.6350335456366962,0.10386045829585182
1776284584.118094,86.7703754901886,-9.660652102559602,-7.95135976224509,3.0229920653130864,2.6350304501674624,1.018343819449661
1776284584.163033,86.8153145313263,-9.660616856189133,-7.9578303540423425,3.0227595574965096,2.635023574580809,0.1440810389351553
1776284584.198842,86.85112357139587,-9.660596001547336,-7.964136979911452,3.0225262736061698,2.634998464814267,0.17623967182619707
1776284584.2596831,86.91196465492249,-9.660607805743053,-7.970272991465544,3.0222903017309997,2.6349187002884467,0.10092783098068352
1776284584.2663064,86.91858792304993,-9.660639109699307,-7.976245180789567,3.0220522330261463,2.6348068571862653,0.9024267709584385
1776284584.2840052,86.93628668785095,-9.660676004792448,-7.982061217638379,3.0218128295827373,2.6346945745176766,0.32889746788629953
1776284584.3383248,86.9906063079834,-9.660705314481914,-7.987727258047404,3.0215718209581497,2.634604346056238,0.10440499298105502
1776284584.4134169,87.06569838523865,-9.660710483921552,-7.993250569685148,3.0213301938843578,2.6345615708212713,0.07362423484654033
1776284584.4562929,87.10857439041138,-9.660710650338839,-7.998623028961201,3.0210886402070796,2.634530322209446,0.12542882247996107
1776284584.463001,87.11528253555298,-9.660712581738855,-8.003841022065576,3.020844725672424,2.6344966682380333,0.7787087368970166
1776284584.463808,87.11608958244324,-9.660715460170758,-8.008904561623488,3.020596604528799,2.6344579681921347,6.281686910887104
1776284584.5602307,87.21251225471497,-9.660710793725444,-8.013816510817225,3.0203444005209423,2.6344328622605433,0.05100897679581736
1776284584.5610178,87.21329927444458,-9.660674635610617,-8.018585256858675,3.0200924858031133,2.6344673913702765,6.067868393392514
1776284584.566255,87.2185366153717,-9.660610570043438,-8.023208266329634,3.0198447248906044,2.6345540565029215,0.8840530245494576
1776284584.6042387,87.25652027130127,-9.66054392968964,-8.027674773741749,3.019599913239509,2.634646282239262,0.11777981251996822
1776284584.6339867,87.28626823425293,-9.660498231452122,-8.031974325950975,3.01935535331799,2.634704190744222,0.14477442972457064
1776284584.754253,87.40653443336487,-9.660488004848116,-8.03610171181353,3.019110137682894,2.6347061302955064,0.03437937243329404
1776284584.7546275,87.40690898895264,-9.660488004848116,-8.03610171181353,3.019110137682894,2.6347061302955064,0.0
1776284584.795701,87.44798254966736,-9.660512637614454,-8.040058837481169,3.0188632268815385,2.634655019297448,0.09653163299066454
1776284584.8026726,87.45495414733887,-9.660554223034334,-8.04385480933057,3.0186149175483945,2.634583245725826,0.5456872434643243
1776284584.8119721,87.46425366401672,-9.660594581249915,-8.047499948535554,3.018366019655124,2.6345205293460507,0.3929075007467516
1776284584.9065394,87.55882096290588,-9.660622904380475,-8.051000892400541,3.0181157724964636,2.6344875824934433,0.03711632465994226
1776284584.9461071,87.598388671875,-9.660630263644878,-8.054362013429445,3.0178642080225657,2.634506627043883,0.08518385891604328
1776284584.962072,87.61435341835022,-9.660637315339414,-8.057574763032882,3.0176137258962763,2.6345390052435698,0.20185143271797754
1776284584.9625578,87.61483931541443,-9.660662087144797,-8.060631541959381,3.017362435092694,2.6345504168269014,6.312428734387233
1776284585.0629108,87.71519231796265,-9.660662087144797,-8.060631541959381,3.017362435092694,2.6345504168269014,0.0
1776284585.0934935,87.74577498435974,-9.660722588030126,-8.063524770067264,3.0171099712323097,2.634510786120802,0.09498361993007877
1776284585.1588006,87.81108212471008,-9.660812111776394,-8.066257749635144,3.01685703413717,2.634431617506228,0.042049290196504614
1776284585.1873288,87.83961033821106,-9.660916118092958,-8.068837374211528,3.0166050658869024,2.634335786433521,0.09092707275159574
1776284585.1880064,87.84028792381287,-9.661009752467809,-8.07127453184767,3.0163577468673073,2.634271074396697,3.6179386267296865
1776284585.264501,87.91678261756897,-9.661074840881579,-8.073576909597206,3.016118909032478,2.6342678680738136,0.030272001623533655
1776284585.2714012,87.92368268966675,-9.661133702339615,-8.075735394476979,3.015888271368665,2.634286331601822,0.3147169718442976
1776284585.2892485,87.94152998924255,-9.66119235744073,-8.077746669087627,3.015662575997338,2.6343137064133466,0.11344842232390512
1776284585.3130157,87.96529722213745,-9.661263053193101,-8.079605113395703,3.015438672160089,2.6343291675884513,0.07881515328115253
1776284585.4196281,88.0719096660614,-9.661356183596345,-8.081306615613116,3.015213153874063,2.634316277396588,0.01612294982884948
1776284585.4201999,88.07248139381409,-9.661480301638301,-8.082848359654594,3.0149852899866727,2.634261878265174,2.7345643714599484
1776284585.4231677,88.07544922828674,-9.661635337452603,-8.08423137327054,3.014760565713043,2.634166301216102,0.47499395417186385
1776284585.4477627,88.10004425048828,-9.661810189410044,-8.085461405245251,3.0145430205418924,2.634046839172722,0.05128273600716081
1776284585.5525687,88.20485019683838,-9.661810189410044,-8.085461405245251,3.0145430205418924,2.634046839172722,0.0
1776284585.578581,88.23086261749268,-9.661991868013196,-8.086545917351632,3.0143315832517765,2.6339264600934635,0.04304741793697159
1776284585.5829432,88.23522472381592,-9.662168621961582,-8.087490663622154,3.0141229707987316,2.6338217060713585,0.2254684790105749
1776284585.6016982,88.25397968292236,-9.662322374053442,-8.088302903878503,3.0139187067974977,2.6337642823250715,0.04540274899327662
1776284585.609522,88.26180362701416,-9.662451159017225,-8.088982777113994,3.0137182960257616,2.6337556187715743,0.09207645569730649
1776284585.6322045,88.28448605537415,-9.662565134535832,-8.089524779224817,3.013519820394575,2.6337741139432578,0.025938339504897656
1776284585.7297237,88.38200521469116,-9.662689357626435,-8.089916812158522,3.0133238350184572,2.633774373952406,0.0046714534678480605
1776284585.7713628,88.42364430427551,-9.662826639983143,-8.090156621724129,3.0131284557341043,2.633749087702093,0.008127460633778038
1776284585.799127,88.45140862464905,-9.662963111041472,-8.090249539057368,3.0129329088113295,2.6337233434691623,0.009217693499300744
1776284585.8018725,88.4541540145874,-9.663095908473375,-8.090196978233337,3.012737744717712,2.6337051542158454,0.08808966788505432
1776284585.8927424,88.54502391815186,-9.66322590217651,-8.089998197121272,3.012546034754996,2.6336932215558098,0.00335897161915795
1776284585.9115577,88.56383919715881,-9.663354160008664,-8.08965303243201,3.0123562920908045,2.633681583490169,0.022015908222305074
1776284585.9157321,88.5680136680603,-9.663487307128534,-8.08915975908088,3.012165676386795,2.633662234463631,0.13063370502412164
1776284585.966563,88.61884450912476,-9.66362974229595,-8.088517124979905,3.011974519737595,2.6336247965395247,0.01348442871890504
1776284586.0024986,88.65478014945984,-9.663768465378023,-8.087730826495864,3.011783299136459,2.6335941040255264,0.02284697104829137
1776284586.016719,88.66900062561035,-9.663907516684027,-8.08679970780583,3.0115918710068277,2.633563940121799,0.06755815402047241
1776284586.1171594,88.76944088935852,-9.663907516684027,-8.08679970780583,3.0115918710068277,2.633563940121799,0.0
1776284586.129879,88.78216052055359,-9.664050517744274,-8.085722745957316,3.0113981669003156,2.6335261132394034,0.08675940592924547
1776284586.138171,88.79045248031616,-9.664190758284334,-8.084503048427244,3.0112016701187736,2.633491916913314,0.14994748836750812
1776284586.1676621,88.81994366645813,-9.664322763789416,-8.083143183158258,3.0110033681200625,2.633470197284984,0.046813082090622925
1776284586.203659,88.85594058036804,-9.664442655273172,-8.081644704913172,3.0108042190440734,2.6334694181746947,0.04212585555365898
1776284586.2221394,88.87442088127136,-9.664569455081061,-8.079999602269384,3.01060599040739,2.6334556801710747,0.08992532215743662
1776284586.2452488,88.89753031730652,-9.664703795242223,-8.078207884960255,3.0104066992159093,2.6334249241665546,0.07822628125721952
1776284586.2760508,88.92833232879639,-9.664853584996404,-8.076267201708355,3.010206043843275,2.6333610653452286,0.06352736290872969
1776284586.2993238,88.9516053199768,-9.665019045485778,-8.074178782983173,3.0100046138580554,2.6332648102512124,0.09043205542336684
1776284586.3823812,89.03466272354126,-9.665179923499451,-8.071951960738039,3.009805767660525,2.6331749652910057,0.026986920566509587
1776284586.3902833,89.042564868927,-9.665324061294625,-8.069592374110984,3.009610701869241,2.633110687064819,0.30017408618331554
1776284586.4398305,89.09211206436157,-9.665457748457339,-8.067097751693572,3.0094190591455625,2.6330622613380514,0.05056879354712611
1776284586.4517648,89.10404634475708,-9.66556565025969,-8.06447388018389,3.0092304865650967,2.6330487361457164,0.2206124593292695
1776284586.4659984,89.11827993392944,-9.665638638035043,-8.061723670684918,3.009044491075803,2.633086387479711,0.19372891982808021
1776284586.5049424,89.15722393989563,-9.665675750517636,-8.05884531349579,3.0088644197584196,2.6331780251752184,0.07406077184140132
1776284586.5052972,89.15757870674133,-9.665697590603306,-8.055828672929364,3.0086899879212914,2.6332902518710615,8.517589582306737
1776284586.6228223,89.27510380744934,-9.665697590603306,-8.055828672929364,3.0086899879212914,2.6332902518710615,0.0
1776284586.6241455,89.27642703056335,-9.665728452129164,-8.052661899538268,3.0085201672838937,2.6333792589942955,2.3967792197057327
1776284586.6571553,89.3094367980957,-9.665786089619447,-8.049337108129356,3.0083534356653514,2.6334147750369303,0.10086312593782379
1776284586.6584861,89.31076765060425,-9.665888166021102,-8.045848285721947,3.0081874098913066,2.6333677628336893,2.62558160025254
1776284586.6832304,89.3355119228363,-9.666033823824211,-8.042197953588504,3.0080226590640162,2.63323927746612,0.14778976007553934
1776284586.7187307,89.37101221084595,-9.666201070895804,-8.038398394295795,3.0078626456256945,2.6330677131823643,0.10722738471059397
1776284586.7479157,89.40019726753235,-9.666357144636823,-8.034466421602522,3.007709732708446,2.632910647494871,0.134933400156505
1776284586.7483463,89.4006278514862,-9.666474037905692,-8.030415041968329,3.007564759666689,2.632818952369259,9.418970477768537
1776284586.7753441,89.42762565612793,-9.666544832613418,-8.02624468723449,3.0074263407559885,2.6328038801442153,0.15457744879915322
1776284586.9158115,89.56809306144714,-9.666597503818085,-8.021942819694916,3.007295978826052,2.6328113852281643,0.030641732009505044
1776284586.9170628,89.56934428215027,-9.666651751525736,-8.017501850185905,3.007173753797271,2.6328085275506603,3.5509181674804906
1776284586.9193182,89.57159972190857,-9.666719313448151,-8.01291728402349,3.007055754936583,2.63277086978081,2.033564439154673
1776284586.9199793,89.57226085662842,-9.666786922933609,-8.00819158314468,3.006940589403936,2.6327200428697135,7.1507172309299
1776284586.981534,89.63381552696228,-9.666855645011232,-8.003326833901237,3.006828406429697,2.632650085524829,0.07906025303411765
1776284587.037468,89.68974947929382,-9.666920044418523,-7.998322722917628,3.0067207447729265,2.632574092688254,0.0894927511218121
1776284587.0378714,89.69015288352966,-9.666972703998592,-7.993185488483664,3.0066157203333974,2.632501686895713,12.738036056429019
1776284587.0380747,89.69035625457764,-9.66700909728456,-7.987915538610993,3.006512138826639,2.632437605350691,25.918602560709548
1776284587.1385882,89.79086971282959,-9.66700909728456,-7.987915538610993,3.006512138826639,2.632437605350691,0.0
1776284587.1421351,89.79441666603088,-9.66701985092808,-7.982517465872488,3.0064084601943524,2.632402944849357,1.5221737380531042
1776284587.1522582,89.80453968048096,-9.66698524695322,-7.97699874029959,3.006306941751579,2.632428439611075,0.5452691705263578
1776284587.1592047,89.81148624420166,-9.666912955414858,-7.971358157616067,3.006208038023562,2.6325017465072067,0.8121875957323428
1776284587.1872153,89.83949685096741,-9.666835634568583,-7.965581628799252,3.0061125033588927,2.632566211759152,0.20627315204727628
1776284587.2675729,89.91985440254211,-9.66678524257232,-7.959647099701361,3.0060195597926636,2.632560221739811,0.0738632607831359
1776284587.2682908,89.92057228088379,-9.666749529958633,-7.953557346248253,3.0059283663604504,2.6325095968836694,8.484085075263332
1776284587.2951088,89.94739031791687,-9.666718527230092,-7.947324068323305,3.005840468009106,2.6324370415869054,0.23245455011849483
1776284587.2955036,89.94778513908386,-9.666681908497152,-7.940958206935349,3.00575616697357,2.6323610498923755,16.125084958312737
1776284587.3356936,89.98797512054443,-9.666644361927393,-7.934463055366005,3.00567456709586,2.632277329408097,0.16162666426240926
1776284587.4180374,90.07031893730164,-9.666603639524944,-7.927842865048668,3.0055955336851823,2.6321885865742347,0.08040418282407234
1776284587.4459047,90.09818625450134,-9.666557119756094,-7.921104015367779,3.0055196810200044,2.632102256512252,0.2418401841442274
1776284587.4780488,90.13033032417297,-9.666512182559499,-7.914248892960078,3.0054454824772345,2.632010355724501,0.21327950377847188
1776284587.519525,90.1718065738678,-9.666464894887616,-7.907284382274953,3.005371242840265,2.6319220324887778,0.16792904222446073
1776284587.5781817,90.23046326637268,-9.66642692373683,-7.900206309144477,3.005283771816287,2.6314197485510213,0.12068043958925365
1776284587.5788302,90.23111176490784,-9.666393566634584,-7.8930174703324765,3.0050220429590424,2.6297700575900307,11.092822345435813
1776284587.6052725,90.25755405426025,-9.666367266591081,-7.885724314528958,3.004464944360593,2.6271612188428777,0.2766193745699066
1776284587.6311803,90.28346180915833,-9.666366813983572,-7.878330193697364,3.0035824718894917,2.623681091355869,0.2874272693276447
1776284587.67211,90.32439160346985,-9.666407560218335,-7.870837941181359,3.0023702626619486,2.6194408169384693,0.18543443042018257
1776284587.7582211,90.41050267219543,-9.666508246413029,-7.8632511200287665,3.0008397944811587,2.6144785452554804,0.08988746035118036
1776284587.7585924,90.4108738899231,-9.666666726148097,-7.8555739368161825,2.998999541625164,2.6088732704625626,21.271213516380364
1776284587.7588053,90.41108679771423,-9.666871971906785,-7.847810036485962,2.9968672101780394,2.602702943595168,37.82863979505389
1776284587.803322,90.45560359954834,-9.667090074797574,-7.839964689184791,2.9944672918860187,2.59598941585,0.1843598246670754
1776284587.8511271,90.50340867042542,-9.667284940340787,-7.832045471765433,2.991825361514835,2.5887632955410598,0.17467927794769442
1776284587.8756256,90.52790713310242,-9.667417026650167,-7.824059558311907,2.9889661579634943,2.58106150041378,0.3462811002150918
1776284587.8768144,90.52909588813782,-9.667465063310342,-7.816015440564102,2.985914916750402,2.572916269852723,7.237403552142103
1776284587.9217412,90.57402276992798,-9.667396105589486,-7.8079251471836,2.9826960478134596,2.5643566150107735,0.19381257225669257
1776284587.9329603,90.58524179458618,-9.667183469772612,-7.799800372876687,2.9793326500135304,2.555418096614653,0.7840253751490662
1776284587.9497108,90.60199236869812,-9.666860031954181,-7.791651335343591,2.975850897733179,2.5460924791191317,0.5293897798598852
1776284587.9791372,90.63141870498657,-9.666460081215533,-7.783490522851903,2.972274895170158,2.536373861135884,0.3030921295843595
1776284588.086619,90.73890042304993,-9.665993999108348,-7.775330985632458,2.9686268998698973,2.526275509976881,0.08327031300915021
1776284588.0878522,90.74013376235962,-9.665993999108348,-7.775330985632458,2.9686268998698973,2.526275509976881,0.0
1776284588.0943866,90.74666810035706,-9.665460395304672,-7.767186866871352,2.964927407230396,2.5158124701909723,1.3713547664143098
1776284588.1411712,90.79345273971558,-9.664856215247529,-7.759075316192586,2.9611932932226224,2.505000860113733,0.1913061596000174
1776284588.1415472,90.79382872581482,-9.664188948281993,-7.751014161780152,2.9574396390878355,2.4938680672385476,23.716971340086896
1776284588.145012,90.79729342460632,-9.663462836163468,-7.743025566268409,2.953676879259766,2.4824324754338254,2.5572804440055865
1776284588.2324295,90.88471102714539,-9.662671405035614,-7.735140216783571,2.949910331360422,2.4707031998424407,0.10037460761484424
1776284588.245983,90.89826440811157,-9.661809408073687,-7.727389094569119,2.9461444161645747,2.458675711975291,0.6389952226139657
1776284588.2844682,90.93674969673157,-9.66088123819764,-7.719797729979317,2.942382044738305,2.4463421178241855,0.2214676876390377
1776284588.3057883,90.95806980133057,-9.659896120413979,-7.712390071668013,2.9386245760677725,2.433687312211879,0.3923224043863253
1776284588.4050918,91.05737328529358,-9.658878763683294,-7.705183049477645,2.9348775710070534,2.4207205493785464,0.08243763280412936
1776284588.4150894,91.06737089157104,-9.657837751921383,-7.698195330269377,2.9311440045220776,2.407428663268069,0.7992623062999142
1776284588.4642422,91.11652374267578,-9.656799761539501,-7.691435828352332,2.9274324919394297,2.3938219866229646,0.15830165791195847
1776284588.4856598,91.13794136047363,-9.655802523412298,-7.684904967225614,2.9237571634000092,2.379938627192676,0.35298373945646166
1776284588.576052,91.22833347320557,-9.654866993195531,-7.678600184487638,2.920128819058767,2.365816551189463,0.08113753105483239
1776284588.6303084,91.28258991241455,-9.65399209519723,-7.672529201052752,2.916552269572395,2.351460890432444,0.13086522571594353
1776284588.6310024,91.28328394889832,-9.653172538025846,-7.666694181763495,2.9130334224285113,2.3368623976187037,9.88859636057108
1776284588.6378236,91.29010510444641,-9.652405088802103,-7.661089569557104,2.909575474484999,2.3220352278363885,0.9719889034293016
1776284588.7364252,91.38870668411255,-9.651689491895985,-7.655705436925606,2.906181434660457,2.306996004151605,0.06495557632702484
1776284588.7529812,91.40526270866394,-9.651068466296136,-7.650509597815311,2.902845788865724,2.291846134524225,0.37482174244853633
1776284588.7908897,91.44317126274109,-9.650592705099282,-7.645457538673946,2.8995498451092296,2.2766912517123896,0.1596172479020202
1776284588.792777,91.44505858421326,-9.65026965620148,-7.640529377402547,2.8962767774933216,2.2615646806415284,3.139301850360372
1776284588.8499334,91.50221490859985,-9.65006213125621,-7.63574429649894,2.8930167088365613,2.2463989904459787,0.10136760255643941
1776284588.877173,91.52945446968079,-9.649921596038551,-7.631132348902697,2.889763594452359,2.231102775171861,0.20725661240965937
1776284588.9108007,91.56308221817017,-9.649800005699227,-7.626728062600204,2.886510233875657,2.215597840105299,0.1628696755511669
1776284588.9225097,91.57479119300842,-9.649660296129323,-7.622555092487347,2.8832477193427195,2.1998489410448077,0.45254109195936376
1776284589.0008612,91.65314269065857,-9.649485540857498,-7.618608499868159,2.8799688566358226,2.1838699682723544,0.06552413409759272
1776284589.0223045,91.67458605766296,-9.64928265005807,-7.614851923258126,2.876674827659869,2.1677309080917952,0.23318940189670495
1776284589.0373769,91.6896584033966,-9.649056951579349,-7.611253521990131,2.87336631753032,2.151473248570376,0.32466289429797823
1776284589.0797093,91.73199081420898,-9.648808551566924,-7.60778453316397,2.8700435952108103,2.135122984115288,0.11362444881599573
1776284589.080084,91.73236560821533,-9.64852836787597,-7.604428266702836,2.8667024026452044,2.1186852417980617,12.657917565702512
1776284589.1805637,91.83284521102905,-9.64852836787597,-7.604428266702836,2.8667024026452044,2.1186852417980617,0.0
1776284589.193761,91.84604263305664,-9.648207862059676,-7.601171688545934,2.8633376650853357,2.1021627590285816,0.3556420121369696
1776284589.2055783,91.85785984992981,-9.647816247725912,-7.598043585989807,2.8599525267224855,2.0855469693607707,0.39144144877714
1776284589.237477,91.88975858688354,-9.647321495999657,-7.5950818543161915,2.8565550034651004,2.0688406611344017,0.14214642285745993
1776284589.2814186,91.93370008468628,-9.646721480988907,-7.592275984248121,2.853149905413879,2.052069567842118,0.10133521908624259
1776284589.3609264,92.01320791244507,-9.646019930349086,-7.589607863849133,2.8497398239283953,2.035250441630749,0.05516825014017665
1776284589.3863962,92.03867769241333,-9.645215783387588,-7.587068209834775,2.8463265589346607,2.018385363284568,0.16999620363255508
1776284589.3929842,92.04526567459106,-9.644304823525179,-7.584653128757395,2.8429109772312064,2.0014830128137207,0.6498497792173625
1776284589.4211767,92.07345819473267,-9.643282311833302,-7.582362170710117,2.8394950727269186,1.9845555065318963,0.15033100280688153
1776284589.5264351,92.1787166595459,-9.643282311833302,-7.582362170710117,2.8394950727269186,1.9845555065318963,0.0
1776284589.5273416,92.17962312698364,-9.642151439194066,-7.580179493406987,2.836079629855863,1.967594966126213,4.64231963915484
1776284589.5364966,92.18877816200256,-9.64091066406525,-7.578097495728687,2.8326661236351245,1.9505997910709738,0.4572825612651208
1776284589.5368917,92.18917322158813,-9.639555146207691,-7.576117118166924,2.8292533491576948,1.9335746227381068,10.560665740742873
1776284589.5691946,92.22147607803345,-9.638084967470608,-7.574228321980271,2.8258422055139567,1.9165146615900972,0.12900155183818365
1776284589.5982673,92.25054883956909,-9.636500554255855,-7.572421128578382,2.8224372143563277,1.8994084132564306,0.14335640404533584
1776284589.6042767,92.25655817985535,-9.634792939892883,-7.570711587621972,2.8190360890636215,1.8822754272266435,0.6942634763639419
1776284589.664233,92.31651449203491,-9.632948540482113,-7.569135348330769,2.8156351483756206,1.8651609463775605,0.06967818998309457
1776284589.6674845,92.3197660446167,-9.630971326703598,-7.567679705110712,2.812234803222738,1.8480584111429303,1.2898813857706546
1776284589.7657702,92.41805171966553,-9.62886624456243,-7.566326644607438,2.808836325256121,1.8309508008033726,0.042940157379761
1776284589.8108375,92.46311902999878,-9.626637302152915,-7.565056795904918,2.805442397530425,1.813821845422827,0.09439978258704075
1776284589.8343382,92.48661971092224,-9.62428500045554,-7.563857428069921,2.802054900636157,1.7966554307444398,0.18276024917027908
1776284589.8494895,92.50177097320557,-9.621809024928458,-7.562720593169684,2.798678075199024,1.7794400241080792,0.28637024158426705
1776284589.9521987,92.60448026657104,-9.619210251987344,-7.561635541143689,2.795312685599603,1.7621578843418217,0.042725030817213294
1776284589.9869206,92.63920211791992,-9.616485437979025,-7.560604587699514,2.7919619008459833,1.7448117284398588,0.12787866799483885
1776284590.021947,92.67422842979431,-9.613620858890638,-7.5596864224963785,2.788625283953797,1.7274895758092852,0.12825848589951805
1776284590.0371735,92.68945503234863,-9.610610513474402,-7.55892151852568,2.7852971651743657,1.7102579005050418,0.2989715935234333
1776284590.056964,92.70924544334412,-9.607459595406162,-7.558298892668392,2.781973752960674,1.6931106734280905,0.23353723982642774
1776284590.1107018,92.76298332214355,-9.60417704743583,-7.55776824766867,2.7786634595423267,1.6759698201974713,0.08731248279553046
1776284590.1159265,92.76820802688599,-9.600768152824612,-7.557282190699777,2.7753704600173656,1.6587604654319508,0.9119215664139491
1776284590.149951,92.80223250389099,-9.597229665045498,-7.556845922965626,2.7720893160461886,1.641496199069174,0.14240690698481784
1776284590.1508634,92.80314493179321,-9.593558175074229,-7.556473477195551,2.7688186425131005,1.6242004522247249,5.404384726078764
1776284590.252008,92.90428948402405,-9.593558175074229,-7.556473477195551,2.7688186425131005,1.6242004522247249,0.0
1776284590.2594583,92.91173982620239,-9.589751892653842,-7.556176025459337,2.7655620789444124,1.6068946616180273,0.6735414341003175
1776284590.2740517,92.92633318901062,-9.58580948362279,-7.555966667565285,2.7623199580147424,1.5896069598133704,0.3500630737793232
1776284590.287989,92.94027042388916,-9.581731771486035,-7.55585019115628,2.759090187559512,1.5723484724912555,0.37332693815628143
1776284590.3023589,92.95464038848877,-9.57752186282602,-7.55579953723545,2.7558718253882124,1.5550709207057993,0.3687838253666766
1776284590.3999238,93.05220532417297,-9.573179338879758,-7.5558172290357,2.7526600022021,1.5377768754634862,0.05536069236178575
1776284590.4175737,93.06985521316528,-9.568704307515544,-7.555906460933606,2.7494521154684994,1.5204756928548502,0.31199969414767875
1776284590.4234157,93.07569718360901,-9.564096875796263,-7.556061830875992,2.746248836306893,1.5031661426222531,0.9609248119222469
1776284590.436485,93.08876657485962,-9.559356531700244,-7.556292962390021,2.7430504284374537,1.4858659553763167,0.43790253053355077
1776284590.5369449,93.18922638893127,-9.559356531700244,-7.556292962390021,2.7430504284374537,1.4858659553763167,0.0
1776284590.5539398,93.20622134208679,-9.554483336423882,-7.556578548725197,2.7398598921813795,1.4685364035596915,0.3431450062320792
1776284590.5736756,93.22595715522766,-9.549476749018526,-7.55693653742529,2.736678710021974,1.4512176833075767,0.30110529343127973
1776284590.5913196,93.2436010837555,-9.544338227184282,-7.557396689325262,2.7335081592509387,1.4339662895216976,0.34320334424324045
1776284590.6219401,93.27422165870667,-9.539069341605348,-7.557951541368718,2.7303473568682426,1.4167695705397474,0.20147412084576152
1776284590.6747348,93.32701635360718,-9.533667995360506,-7.558563736798358,2.727197969652089,1.3995593465527338,0.11899592221227033
1776284590.7812428,93.43352437019348,-9.528130968458985,-7.559199811276903,2.724059817763986,1.3822771808160275,0.060053607814729126
1776284590.7813618,93.43364334106445,-9.528130968458985,-7.559199811276903,2.724059817763986,1.3822771808160275,0.0
1776284590.7816448,93.43392634391785,-9.522456198886353,-7.559849111997537,2.7209306782882687,1.364904313119003,23.013073764099204
1776284590.7818465,93.43412804603577,-9.516645114161296,-7.560541316106978,2.7178116576918074,1.3475003217166899,32.87744827679155
1776284590.8095324,93.46181392669678,-9.510702444929636,-7.56130528869191,2.71470461438658,1.3301166740448649,0.24378033563858315
1776284590.8198469,93.47212839126587,-9.504631994752575,-7.562147790946503,2.711607650721714,1.3127702478165049,0.6657335139172882
1776284590.875906,93.52818751335144,-9.498434652038773,-7.563062798558734,2.7085218364824777,1.2954483296915338,0.124570355104055
1776284590.8840702,93.53635168075562,-9.492108089277583,-7.564030572760478,2.7054447430581505,1.2781147984136032,0.8698305979985451
1776284590.8844256,93.53670716285706,-9.485651142960357,-7.565048868249706,2.7023728401978935,1.260768164294818,20.317704997343295
1776284590.9617212,93.61400270462036,-9.479060879607507,-7.566103563470809,2.699305719372381,1.2433810183270049,0.0950267861395299
1776284590.9822087,93.63449025154114,-9.472336819459258,-7.5671955682251335,2.696241848540548,1.2259583513591745,0.3645851508222468
1776284591.0150466,93.66732811927795,-9.465481605486332,-7.568338657368755,2.69318046090241,1.2085403174855451,0.23126516135799396
1776284591.0297487,93.68203020095825,-9.458498687783777,-7.56954693954869,2.6901230463660863,1.1911624054538494,0.5249656007015615
1776284591.0868146,93.73909616470337,-9.451392204685886,-7.570835586353934,2.6870704929099385,1.1738823128174078,0.13740185055891324
1776284591.102156,93.75443744659424,-9.444165386923235,-7.572218375090494,2.6840273718167635,1.1567799721718912,0.5190169721520693
1776284591.140129,93.79241061210632,-9.436817769088814,-7.573683004790685,2.6809962435635364,1.139833883105201,0.2128371839497508
1776284591.1529982,93.80527973175049,-9.429348231476993,-7.575230491632531,2.677974996716096,1.1230614374631505,0.6375472508836942
1776284591.2154272,93.86770868301392,-9.421755141962723,-7.576854338297851,2.6749610763324845,1.1064639008244597,0.1334188965295456
1776284591.2348282,93.88710975646973,-9.41403290617775,-7.578531850922703,2.6719528770228393,1.0899970044932237,0.4358287071406256
1776284591.2421718,93.89445328712463,-9.40617495298638,-7.580248625351433,2.668947682882002,1.073637958625012,1.1692442187964693
1776284591.257759,93.91004061698914,-9.39816781152181,-7.581969700563735,2.6659473669014098,1.057318047509018,0.5595755148858869
1776284591.3609078,94.0131893157959,-9.39816781152181,-7.581969700563735,2.6659473669014098,1.057318047509018,0.0
1776284591.4154403,94.06772184371948,-9.390000245002463,-7.583664517862898,2.6629513743812705,1.0409814846449315,0.1625317648242247
1776284591.4262438,94.07852530479431,-9.381672084870512,-7.585332602785274,2.6599618436921255,1.0246478088078232,0.8334676386294503
1776284591.4501064,94.10238790512085,-9.373201025182412,-7.587014246603164,2.6569825444427617,1.0083927618227528,0.38285051342556675
1776284591.4744096,94.12669110298157,-9.364606022010072,-7.5887393195370025,2.6540144507564967,0.992268517772026,0.38082411095065494
1776284591.5774379,94.22971940040588,-9.355894233160813,-7.590508144708857,2.651055195856519,0.9762882822376522,0.09093775454730353
1776284591.5985155,94.25079703330994,-9.347069543016799,-7.592321364774312,2.648104198101113,0.9604775716866788,0.4497681540461382
1776284591.6211514,94.273432970047,-9.338126951740625,-7.594158853036096,2.6451629780336683,0.9448258337633668,0.42372934692859593
1776284591.6215384,94.27381992340088,-9.329063331414595,-7.596015894234263,2.6422322564877434,0.9293307180834551,25.08053164584266
1776284591.7234888,94.37577033042908,-9.329063331414595,-7.596015894234263,2.6422322564877434,0.9293307180834551,0.0
1776284591.7971425,94.4494240283966,-9.319874494121743,-7.597884855048355,2.6393105287178815,0.9139690840556413,0.13334864699433754
1776284591.798424,94.45070552825928,-9.310547539747967,-7.599736313098693,2.6363977165853245,0.8986863537663939,7.760493699141859
1776284591.8216195,94.47390103340149,-9.301078393099921,-7.601563020245661,2.633490632220723,0.8834603502441464,0.43423822283716795
1776284591.8251164,94.47739791870117,-9.291475357462648,-7.603379718363201,2.630590129428237,0.8683303919248277,2.915361560832723
1776284591.8617969,94.51407837867737,-9.281754129967211,-7.6052145150137065,2.627700268189736,0.8533465645375894,0.28097550387659864
1776284591.9654915,94.61777305603027,-9.281754129967211,-7.6052145150137065,2.627700268189736,0.8533465645375894,0.0
1776284591.985982,94.638263463974,-9.271920058171865,-7.6070682316656475,2.624819350056748,0.8385045580990738,0.508222639117385
1776284592.0033896,94.65567111968994,-9.261980943616239,-7.60895235503187,2.6219450576017835,0.8238239336215409,0.6041326665035383
1776284592.004521,94.65680241584778,-9.251942489174196,-7.6108809558180255,2.6190776759038172,0.8093350020393086,9.384446496183536
1776284592.0476327,94.69991421699524,-9.24179985376718,-7.612849235235206,2.616217451906803,0.7950384345136275,0.24866626259787597
1776284592.1488903,94.80117177963257,-9.24179985376718,-7.612849235235206,2.616217451906803,0.7950384345136275,0.0
1776284592.196855,94.84913659095764,-9.231549068831894,-7.614856404262604,2.613366031587031,0.7809679156796465,0.22574144806253904
1776284592.2195797,94.87186121940613,-9.221183183305586,-7.616897035074056,2.610523217937709,0.7671067312244878,0.481443657719301
1776284592.2369993,94.88928079605103,-9.210692229629927,-7.618961546015562,2.6076862448051688,0.7534313653763788,0.6350401457413133
1776284592.2633553,94.91563677787781,-9.200056708099073,-7.621020937281615,2.6048541115466217,0.7398898599497312,0.4248432084674891
1776284592.3641484,95.01642990112305,-9.200056708099073,-7.621020937281615,2.6048541115466217,0.7398898599497312,0.0
1776284592.4412158,95.09349727630615,-9.189272423608193,-7.623071455369251,2.602022536560996,0.7264791316426885,0.14710256775647634
1776284592.4949965,95.14727807044983,-9.189272423608193,-7.623071455369251,2.602022536560996,0.7264791316426885,0.0
1776284592.495587,95.14786863327026,-9.178342854788136,-7.625118130051276,2.5991910465367174,0.7131995676581919,19.42958867871463
1776284592.511336,95.1636176109314,-9.167278312721193,-7.627170611364027,2.596359408988017,0.7000655858135897,0.7368155477295105
1776284592.517928,95.1702094078064,-9.156088496161681,-7.6292368080754365,2.5935290364199526,0.6870898638563567,1.7788329715649496
1776284592.6187196,95.27100110054016,-9.156088496161681,-7.6292368080754365,2.5935290364199526,0.6870898638563567,0.0
1776284592.6550121,95.30729365348816,-9.144779433836035,-7.6313200114140765,2.590701874386525,0.6742760590332834,0.32628644582091565
1776284592.6789799,95.33126139640808,-9.13335846689046,-7.633429191502019,2.587879369694604,0.6616434260318399,0.4986760917321492
1776284592.7111692,95.36345076560974,-9.121822248531606,-7.635557848421377,2.585061882182667,0.6491700900178115,0.3747996991580757
1776284592.7116952,95.36397671699524,-9.110161745833416,-7.637692677600291,2.5822492802145334,0.6368322435606086,23.164522775476478
1776284592.8544238,95.50670528411865,-9.110161745833416,-7.637692677600291,2.5822492802145334,0.6368322435606086,0.0
1776284592.8552847,95.50756621360779,-9.098370445790467,-7.639825146822281,2.57944059315305,0.6246307251591672,14.295423501776337
1776284592.855662,95.5079436302185,-9.086445139246363,-7.641949054378562,2.5766344970415056,0.6125545185160031,32.944358752683215
1776284592.8561456,95.50842714309692,-9.07439447758745,-7.644076169776552,2.5738326475118836,0.6006250119690549,25.963366503981632
1776284592.8570404,95.50932192802429,-9.062230566777298,-7.646221719002588,2.5710356616693577,0.5888552427633204,14.153578036925254
1776284592.9593406,95.61162209510803,-9.062230566777298,-7.646221719002588,2.5710356616693577,0.5888552427633204,0.0
1776284592.9794462,95.63172769546509,-9.049949671624875,-7.648374101684498,2.5682432263318455,0.5772272817413189,0.635492831528801
1776284592.9858193,95.63810086250305,-9.037555904779541,-7.6505404761011855,2.5654563163223645,0.5657801020010489,2.022015173132921
1776284593.0031042,95.65538573265076,-9.02505625420848,-7.652734588854493,2.5626783373014934,0.5545309687294632,0.751596590088057
1776284593.0559614,95.708242893219,-9.012448585813301,-7.654955764611813,2.559908691383805,0.5434625789478553,0.24780010374326214
1776284593.0812235,95.73350501060486,-8.999726654840273,-7.6572019105456794,2.557145377210764,0.5325531247562739,0.5229540842581092
1776284593.1835961,95.83587765693665,-8.999726654840273,-7.6572019105456794,2.557145377210764,0.5325531247562739,0.0
1776284593.2200007,95.87228226661682,-8.986878812380516,-7.6594633051438965,2.554387062436472,0.5217863433922372,0.36626581342625947
1776284593.252835,95.90511655807495,-8.986878812380516,-7.6594633051438965,2.554387062436472,0.5217863433922372,0.0
1776284593.253483,95.90576457977295,-8.973897538457232,-7.661732292117515,2.5516315744833333,0.5111732020052995,20.775660373786536
1776284593.340956,95.99323749542236,-8.960785217581456,-7.664014154733077,2.5488810651512845,0.5007140640329494,0.15536955014963102
1776284593.3413427,95.99362421035767,-8.947538364990933,-7.666299695642764,2.5461343344980856,0.490399505115742,35.47917130704073
1776284593.428505,96.08078646659851,-8.934157651455616,-7.668583552536259,2.543390148255981,0.4802266342456903,0.15888561464239317
1776284593.457688,96.10996961593628,-8.920646004007752,-7.670861822112056,2.5406479499916337,0.4701993480554,0.4788405505095591
1776284593.460525,96.11280655860901,-8.907007679046746,-7.673129994726872,2.537908755225779,0.46030932124525586,4.968160139034193
1776284593.489715,96.14199662208557,-8.893241569949609,-7.675375779315294,2.5351727058297495,0.4505433912025545,0.48694348710417207
1776284593.561152,96.21343350410461,-8.87935014829742,-7.67759610811378,2.5324403106791844,0.4409133227294451,0.2006057155830641
1776284593.5940835,96.24636507034302,-8.865344235234167,-7.679801240392082,2.52971343639377,0.4314246579951331,0.4384329660728472
1776284593.6181505,96.27043199539185,-8.851227977777974,-7.6819909713462415,2.5269914727641805,0.42206750087789474,0.6042359805835464
1776284593.6523573,96.30463886260986,-8.837001083370554,-7.684161058347549,2.5242734192692464,0.4128313416752422,0.4281559495527785
1776284593.7561665,96.40844798088074,-8.837001083370554,-7.684161058347549,2.5242734192692464,0.4128313416752422,0.0
1776284593.7888467,96.44112825393677,-8.822660416548574,-7.686307099344943,2.52155949313014,0.4037063076606705,0.4514080775186721
1776284593.9000921,96.55237364768982,-8.808205645866044,-7.688429855608058,2.5188502619635393,0.39470716618653895,0.13356852938254657
1776284594.0059896,96.65827107429504,-8.808205645866044,-7.688429855608058,2.5188502619635393,0.39470716618653895,0.0
1776284594.2036717,96.85595321655273,-8.808205645866044,-7.688429855608058,2.5188502619635393,0.39470716618653895,0.0
1776284594.2120028,96.86428427696228,-8.793641295760505,-7.6905367764720225,2.516145576225756,0.3858305528711487,1.7959831520226834
1776284594.2666054,96.91888689994812,-8.778964216492636,-7.692625695810693,2.5134450015305996,0.3770845912537825,0.2759748917364188
1776284594.32882,96.98110151290894,-8.764172096332327,-7.69469436698032,2.510747749281772,0.36847206002201516,0.24395652612315288
1776284594.45632,97.1086015701294,-8.764172096332327,-7.69469436698032,2.510747749281772,0.36847206002201516,0.0
1776284594.4674542,97.11973571777344,-8.749263255614547,-7.69674170709551,2.5080540920199126,0.359989208392139,1.3730672859715105
1776284594.4942682,97.14654970169067,-8.734233021750205,-7.698761120275625,2.505363363997057,0.3516201317619705,0.5744070707949139
1776284594.494589,97.14687061309814,-8.719079164596549,-7.7007481165650455,2.502674706725411,0.3433578958929651,48.356837608845694
1776284594.54741,97.19969153404236,-8.703801268495996,-7.7026989439875875,2.499987667829794,0.33519712263006707,0.29599214217720476
1776284594.579104,97.23138546943665,-8.688400352807538,-7.7046074626909276,2.4973022162189444,0.3271368844566433,0.49692026120746524
1776284594.6079311,97.26021265983582,-8.67287784169994,-7.706465880218147,2.494618450317713,0.31917368275956537,0.5502461708954803
1776284594.6303282,97.28260970115662,-8.6572408544588,-7.7082791668594455,2.4919375318929298,0.31131487625909093,0.7129704348157363
1776284594.664188,97.31646943092346,-8.641497227856307,-7.710056435932226,2.4892620909987158,0.3035511968315935,0.4745440201746854
1776284594.773004,97.42528557777405,-8.641497227856307,-7.710056435932226,2.4892620909987158,0.3035511968315935,0.0
1776284594.794553,97.44683456420898,-8.625650362673499,-7.71180138543298,2.4865931557825394,0.295877218988095,0.7501282890371039
1776284594.7950637,97.44734525680542,-8.609702168906091,-7.71352177853231,2.4839312864096987,0.288288078217139,31.83927007296515
1776284594.8372424,97.48952388763428,-8.5936503754239,-7.715218407716317,2.48127505857753,0.2807842282375073,0.3878339705863861
1776284594.8560255,97.50830698013306,-8.577493519745378,-7.716895392341705,2.4786242398118885,0.2733746532440529,0.8762415857288034
1776284594.9319243,97.58420586585999,-8.561229739927247,-7.718560220728344,2.475978360565885,0.2660660242426732,0.21820461828545903
1776284594.9521685,97.6044499874115,-8.544852565999639,-7.720211408671817,2.4733371285160954,0.2588727393730437,0.8234866311201228
1776284594.9609625,97.61324405670166,-8.528357240717055,-7.721848379865788,2.4706990566055635,0.25178927213682956,1.9086680596017507
1776284594.9839401,97.63622164726257,-8.511739878448516,-7.723470153968017,2.46806383579463,0.24481028252748122,0.7356296042344206
1776284595.0848866,97.73716807365417,-8.511739878448516,-7.723470153968017,2.46806383579463,0.24481028252748122,0.0
1776284595.1735058,97.82578730583191,-8.495000192351853,-7.725079659624432,2.4654298659428036,0.23792705159862962,0.19207917833130567
1776284595.1844108,97.83669233322144,-8.478139119081048,-7.726672256647615,2.4627970483425954,0.23113207904006464,1.571710090188426
1776284595.2039804,97.85626196861267,-8.461157659464432,-7.728240745074575,2.4601669627326017,0.224432196195359,0.8817415589714614
1776284595.224731,97.8770124912262,-8.444062436445751,-7.729791748495893,2.4575409624951963,0.21784720503173707,0.8368532114586701
1776284595.3278978,97.98017930984497,-8.444062436445751,-7.729791748495893,2.4575409624951963,0.21784720503173707,0.0
1776284595.4635222,98.1158037185669,-8.444062436445751,-7.729791748495893,2.4575409624951963,0.21784720503173707,0.0
1776284595.5672693,98.2195508480072,-8.444062436445751,-7.729791748495893,2.4575409624951963,0.21784720503173707,0.0
1776284595.6202538,98.27253532409668,-8.426856197608894,-7.731323744239161,2.4549181928042647,0.21136848778877032,0.3297622589454284
1776284595.6252668,98.27754831314087,-8.409541069986382,-7.732836512173845,2.4522985892427873,0.20499293312345065,3.506367960140005
1776284595.727577,98.37985849380493,-8.409541069986382,-7.732836512173845,2.4522985892427873,0.20499293312345065,0.0
1776284595.789588,98.4418694972992,-8.39211870553529,-7.734333333774901,2.4496825418471286,0.19871273087177163,0.2851291880536865
1776284595.8189,98.47118163108826,-8.374587538154017,-7.735814381539508,2.4470684296110434,0.1925211586318022,0.606805443825272
1776284595.919466,98.57174754142761,-8.35694498845694,-7.73727455294018,2.444455805215339,0.1864256167790429,0.17793923510049883
1776284595.9199204,98.57220196723938,-8.33918800001484,-7.738711649834638,2.441844021451381,0.18042847770973863,39.622484611577875
1776284595.935348,98.58762955665588,-8.321317617067907,-7.740132208076318,2.4392343682819972,0.17452357254333067,1.1742409728797873
1776284595.9447176,98.596999168396,-8.303333673735292,-7.741535410901607,2.4366276641419686,0.16870917769939728,1.945221829605606
1776284596.0521202,98.70440173149109,-8.303333673735292,-7.741535410901607,2.4366276641419686,0.16870917769939728,0.0
1776284596.1541834,98.8064649105072,-8.285235368588891,-7.742915305669223,2.4340254140578557,0.16299210028047623,0.17965758756999936
1776284596.154326,98.8066074848175,-8.285235368588891,-7.742915305669223,2.4340254140578557,0.16299210028047623,0.0
1776284596.2009983,98.85327982902527,-8.267025497830119,-7.744279672864129,2.431428932686299,0.15737383411794503,0.39519296377804786
1776284596.2014272,98.85370874404907,-8.248707867455876,-7.745637458976697,2.4288383023718008,0.15184763816606575,43.24790775647691
1776284596.2354834,98.8877649307251,-8.230282300890012,-7.746985217877,2.426254325701919,0.14640897593954744,0.5477601293019682
1776284596.2798753,98.93215680122375,-8.211746528002726,-7.74831561616408,2.4236758228651873,0.14105337609071114,0.4226334675446964
1776284596.384687,99.03696846961975,-8.211746528002726,-7.74831561616408,2.4236758228651873,0.14105337609071114,0.0
1776284596.4878674,99.14014887809753,-8.193098516581303,-7.749626203323341,2.42110070207982,0.13577260598948157,0.18288877296064013
1776284596.4880257,99.14030718803406,-8.193098516581303,-7.749626203323341,2.42110070207982,0.13577260598948157,0.0
1776284596.563171,99.21545243263245,-8.174337398348628,-7.750919698332815,2.4185282223002615,0.13056507429771297,0.25258802178302997
1776284596.6717627,99.3240442276001,-8.155465091323103,-7.752198775527443,2.4159592315093983,0.12543517254930636,0.1757891265273688
1776284596.6721852,99.32446670532227,-8.155465091323103,-7.752198775527443,2.4159592315093983,0.12543517254930636,0.0
1776284596.6731246,99.32540607452393,-8.136483179908454,-7.753465902086335,2.41339469725334,0.1203727110513375,20.435239035057506
1776284596.7901294,99.44241094589233,-8.136483179908454,-7.753465902086335,2.41339469725334,0.1203727110513375,0.0
1776284596.8187046,99.4709861278534,-8.117392068529574,-7.754721096802718,2.4108347085863704,0.11538313189883771,0.675510620438625
1776284596.8791904,99.53147196769714,-8.098190943476283,-7.755961353825822,2.4082778222699557,0.1104801504330522,0.32090624225990205
1776284597.0196002,99.67188167572021,-8.078881346809426,-7.757186519009761,2.4057242065677156,0.10565463524251874,0.13899474364595593
1776284597.019753,99.67203450202942,-8.078881346809426,-7.757186519009761,2.4057242065677156,0.10565463524251874,0.0
1776284597.0442188,99.69650030136108,-8.05946410627727,-7.758389750424134,2.4031745604392447,0.10090476590522594,0.801970461407414
1776284597.1483467,99.80062818527222,-8.05946410627727,-7.758389750424134,2.4031745604392447,0.10090476590522594,0.0
1776284597.2685285,99.92080998420715,-8.05946410627727,-7.758389750424134,2.4031745604392447,0.10090476590522594,0.0
1776284597.315183,99.96746444702148,-8.039939453171904,-7.759575110309072,2.400628646109229,0.09623390361804034,0.4228017468110567
1776284597.31555,99.9678316116333,-8.020307571662414,-7.760749670627874,2.398086794779205,0.09164062172857738,54.01001611568316
1776284597.439758,100.09203958511353,-8.00056733691061,-7.76191191287494,2.3955490598837414,0.08712129439219772,0.16050977461629842
1776284597.439905,100.09218645095825,-8.00056733691061,-7.76191191287494,2.3955490598837414,0.08712129439219772,0.0
1776284597.4445183,100.09679985046387,-7.98071885195083,-7.763057264056736,2.393015291718284,0.08267249934705775,4.344368911603796
1776284597.5459461,100.19822764396667,-7.98071885195083,-7.763057264056736,2.393015291718284,0.08267249934705775,0.0
1776284597.608487,100.2607684135437,-7.960761490203836,-7.764184071608202,2.3904851442842254,0.07828548421672106,0.3221680598410395
1776284597.6387563,100.29103779792786,-7.940696032938533,-7.765290595357569,2.3879585632189246,0.07396012343837441,0.6691298868004248
1776284597.6927302,100.3450117111206,-7.920522988856191,-7.766380227709021,2.385436858496813,0.06969158612838401,0.3772048897685163
1776284597.725314,100.3775954246521,-7.900241942880092,-7.7674552474154845,2.3829203791523796,0.06548331722664873,0.628069216403477
1776284597.7864482,100.438729763031,-7.879852660256295,-7.768512355304023,2.3804078762493717,0.061333983050359815,0.3364832828475128
1776284597.8171213,100.46940279006958,-7.859356913280795,-7.769551856508391,2.3778968462459895,0.05725231788763373,0.674049598487409
1776284597.8175564,100.46983790397644,-7.838756051257304,-7.7705766330458905,2.3753870891105535,0.05324083563222267,47.754079145856004
1776284597.85508,100.50736141204834,-7.818050996666598,-7.771591948842247,2.3728799041816426,0.04929498722049577,0.5564777997492383
1776284597.9649074,100.61718893051147,-7.818050996666598,-7.771591948842247,2.3728799041816426,0.04929498722049577,0.0
1776284598.0672748,100.71955633163452,-7.818050996666598,-7.771591948842247,2.3728799041816426,0.04929498722049577,0.0
1776284598.0851014,100.73738288879395,-7.797240939343368,-7.772596929795091,2.370374982170476,0.04541398777105369,1.1771400203239633
1776284598.1135437,100.76582527160645,-7.77632403260666,-7.773590009446175,2.3678710065251423,0.04159440194146726,0.7414865431055061
1776284598.1663644,100.81864595413208,-7.755299486974299,-7.774569261636871,2.3653679452886016,0.03783074716272042,0.4012756647796976
1776284598.1922452,100.84452676773071,-7.734168204222561,-7.775532329238635,2.3628654571367127,0.034122671454581484,0.8230316617102585
1776284598.2130759,100.86535739898682,-7.712930578393,-7.776480627358403,2.3603653273814524,0.030468791442378126,1.0275874545612969
1776284598.2476165,100.89989805221558,-7.691586987583824,-7.777415472931786,2.357867837696462,0.026863352714692035,0.6227310949364124
1776284598.2896924,100.94197392463684,-7.670136882793234,-7.778340124964903,2.3553741301292765,0.023305773168281082,0.5136996256212515
1776284598.290105,100.94238662719727,-7.648580488728507,-7.779255845369752,2.352884240301649,0.019801707683962826,52.626349029866724
1776284598.2903128,100.94259428977966,-7.626918658143886,-7.780169692160064,2.350398812662621,0.01634859305591348,105.08919012550903
1776284598.3914816,101.04376316070557,-7.626918658143886,-7.780169692160064,2.350398812662621,0.01634859305591348,0.0
1776284598.4459722,101.09825372695923,-7.605152170579693,-7.781079420265921,2.3479183493330753,0.01295553927193678,0.4023861005942875
1776284598.4545372,101.10681867599487,-7.583281166276313,-7.781984668853453,2.345442836276866,0.00961603835421252,2.572025103084013
1776284598.4693677,101.1216492652893,-7.5613065530558865,-7.782880807221471,2.3429723773984037,0.0063282880153788966,1.4922668298268087
1776284598.4922686,101.14455008506775,-7.539228721508587,-7.783760993413679,2.340509988594204,0.0030968986898855175,0.970801725894141
1776284598.5927718,101.2450532913208,-7.539228721508587,-7.783760993413679,2.340509988594204,0.0030968986898855175,0.0
1776284598.6605005,101.31278204917908,-7.517047580237367,-7.784624171991848,2.3380545496738026,-8.00602117733342e-05,0.32974652159028495
1776284598.7328007,101.38508224487305,-7.494762604546542,-7.785473475564775,2.3356048015061095,-0.003209658656788651,0.3103076089026798
1776284598.7705078,101.42278933525085,-7.472374232454738,-7.78631080530324,2.333160054381821,-0.006286685915873505,0.5976864381196156
1776284598.8044562,101.45673775672913,-7.449883580940035,-7.787137092054545,2.3307176125545963,-0.009313374173727865,0.6668342394471146
1776284598.8390357,101.49131727218628,-7.427290257213585,-7.787954745446157,2.328276482504955,-0.012292415997401532,0.6576010005024543
1776284598.8541539,101.50643539428711,-7.404594811380595,-7.788763649521948,2.3258373915420716,-0.015215633551179998,1.5108002761299997
1776284598.8654504,101.51773190498352,-7.381796891182208,-7.789564376420042,2.323400543900215,-0.018082909756291576,2.030871748898951
1776284598.8740332,101.5263147354126,-7.358896424082174,-7.79035619786336,2.3209653214744113,-0.0209013062847351,2.6848009956283723
1776284598.9831107,101.63539218902588,-7.358896424082174,-7.79035619786336,2.3209653214744113,-0.0209013062847351,0.0
1776284599.0352962,101.68757772445679,-7.335893745145543,-7.791137378554474,2.3185311749320108,-0.023677038383765146,0.44350025850659425
1776284599.0479841,101.70026564598083,-7.312789889120086,-7.791905065520727,2.316100847077837,-0.026409073693487037,1.8319793306614622
1776284599.0823598,101.73464131355286,-7.289583486292856,-7.792664745920503,2.31367445758183,-0.029098017178531783,0.6791219267628248
1776284599.0893903,101.7416718006134,-7.26627538990556,-7.793415181485062,2.311250198985778,-0.031746492529168176,3.334881710200055
1776284599.1716795,101.82396101951599,-7.242866561046769,-7.794154516785437,2.3088268893717587,-0.034357441312516855,0.286131492781941
1776284599.2101576,101.86243915557861,-7.219357858750728,-7.794880731202384,2.3064059652572326,-0.03692962741204376,0.6144835603997532
1776284599.2181156,101.87039709091187,-7.195748437795224,-7.795595996434357,2.3039879054123884,-0.039460091284429746,2.983651011878643
1776284599.263441,101.91572260856628,-7.1720376071515615,-7.796301951047843,2.3015712967497803,-0.04195446546000979,0.5260638389197659
1776284599.270849,101.92313051223755,-7.148223310565177,-7.797004384009443,2.2991566531351646,-0.0444172727109731,3.2325884856442118
1776284599.3661993,102.01848077774048,-7.12430599795093,-7.797704749915761,2.2967449080030966,-0.04684785482204574,0.25221536308890946
1776284599.389414,102.0416955947876,-7.1002881484575,-7.798401724027957,2.294335965553444,-0.04923675491684806,1.0402155388791967
1776284599.4330237,102.08530521392822,-7.076170798170869,-7.799096750170457,2.2919284001277,-0.051585279141570996,0.5560054465426273
1776284599.4481804,102.10046195983887,-7.0519551814893795,-7.799786950405377,2.28952329328981,-0.05389731529968567,1.606185649732412
1776284599.5484917,102.20077323913574,-7.0519551814893795,-7.799786950405377,2.28952329328981,-0.05389731529968567,0.0
1776284599.6497512,102.3020327091217,-7.0519551814893795,-7.799786950405377,2.28952329328981,-0.05389731529968567,0.0
1776284599.7085016,102.36078310012817,-7.02764146276163,-7.800471159426763,2.2871201035659916,-0.05617031789444302,0.4160274495150889
1776284599.709985,102.36226654052734,-7.003229695258737,-7.8011432571866255,2.2847205064099163,-0.05840404044830108,16.54170008320022
1776284599.7174428,102.36972427368164,-6.978718621261982,-7.801802580105065,2.282325914690222,-0.06060389979018199,3.3034956648449736
1776284599.7177918,102.37007331848145,-6.954105300376095,-7.802454585865392,2.279935200575905,-0.06276980787090147,70.87270260166609
1776284599.768631,102.42091250419617,-6.929391114752341,-7.803101011176237,2.277545861310493,-0.06490677310214488,0.48855679419441933
1776284599.8001132,102.45239472389221,-6.904578522234461,-7.803739993711086,2.2751573568025396,-0.06701734962464365,0.7920495115707535
1776284599.8637142,102.5159957408905,-6.904578522234461,-7.803739993711086,2.2751573568025396,-0.06701734962464365,0.0
1776284599.8648798,102.51716136932373,-6.879668749346642,-7.804372189051687,2.2727693183863105,-0.06909698349021755,21.47507947510082
1776284599.865241,102.51752257347107,-6.854659937150573,-7.805003873114969,2.2703830366727358,-0.07114578982114826,69.57378939526149
1776284599.954539,102.6068205833435,-6.829550950235033,-7.805638438714122,2.2679997104872176,-0.07316524470392244,0.28253514781576045
1776284599.968699,102.62098050117493,-6.804344401797679,-7.8062707233840145,2.2656214205802776,-0.07515355584753391,1.7885973834861468
1776284599.9867074,102.6389889717102,-6.779043906373021,-7.806894859682806,2.2632472586425623,-0.07711003933723273,1.4115195817450297
1776284600.020973,102.67325448989868,-6.753650216425263,-7.807510912342069,2.2608759835388508,-0.07904298247969878,0.7445270254774308
1776284600.121475,102.77375650405884,-6.753650216425263,-7.807510912342069,2.2608759835388508,-0.07904298247969878,0.0
1776284600.2232592,102.8755407333374,-6.753650216425263,-7.807510912342069,2.2608759835388508,-0.07904298247969878,0.0
1776284600.2427943,102.89507579803467,-6.728160472854703,-7.808121021558797,2.2585074101397487,-0.0809462935994695,1.3108133357088667
1776284600.2760925,102.92837405204773,-6.702570887050771,-7.808730848701653,2.2561414510928284,-0.08281880395754,0.771991329145006
1776284600.2845967,102.9368782043457,-6.676882890843758,-7.809335149057281,2.2537786638795683,-0.08466123162656929,3.0342247388994137
1776284600.3381755,102.99045705795288,-6.6510974799013205,-7.809931659756054,2.251418875281988,-0.08647375909743761,0.48340033181777825
1776284600.4386852,103.09096670150757,-6.6510974799013205,-7.809931659756054,2.251418875281988,-0.08647375909743761,0.0
1776284600.521712,103.1739935874939,-6.625213522030997,-7.810527323476519,2.2490619513277417,-0.0882590738492654,0.31312590452909445
1776284600.5224783,103.17475986480713,-6.599233196261585,-7.811119437205119,2.246707397887541,-0.09001606174486941,34.05232117800612
1776284600.5922961,103.2445776462555,-6.573157346925854,-7.811707388536383,2.244355084177687,-0.09174305966217502,0.37509551681176745
1776284600.6053412,103.25762271881104,-6.546985834086509,-7.812293494248375,2.2420047512992616,-0.09344052307038349,2.0148122876758285
1776284600.6058197,103.25810122489929,-6.52071913924705,-7.812877752713475,2.239656667174753,-0.09511417104840009,55.12554645820309
1776284600.6923523,103.34463381767273,-6.49435751005537,-7.813458545074739,2.2373115358315974,-0.09676213161150023,0.30592065086244025
1776284600.7165136,103.36879515647888,-6.467902153862058,-7.814032074477585,2.2349710882922533,-0.09838368397105374,1.0994785377452814
1776284600.7297344,103.38201594352722,-6.441352647968688,-7.8145993121108095,2.2326342410246576,-0.09997642694559472,2.0163841856431715
1776284600.75699,103.40927147865295,-6.414708166770885,-7.815157881780733,2.230299391708299,-0.10154397189252716,0.9815407568903395
1776284600.8601346,103.51241612434387,-6.414708166770885,-7.815157881780733,2.230299391708299,-0.10154397189252716,0.0
1776284600.8805783,103.5328598022461,-6.387969384631586,-7.815702609082945,2.227966612911122,-0.1030855905850691,1.3131627327268194
1776284600.8912625,103.54354405403137,-6.361133138950638,-7.816236964610848,2.225634631245054,-0.1045995281178823,2.521718499367338
1776284600.9441433,103.59642481803894,-6.334198074043571,-7.816763966885241,2.2233031702730406,-0.10608376529751769,0.5113563877416443
1776284600.9445996,103.59688115119934,-6.307163887111671,-7.817282494824106,2.220972318397245,-0.10753908392536407,59.47285600384765
1776284601.0450284,103.69730997085571,-6.307163887111671,-7.817282494824106,2.220972318397245,-0.10753908392536407,0.0
1776284601.0731068,103.72538828849792,-6.28003677790956,-7.817786421036761,2.218643611606693,-0.10897348993615084,0.9698423595063692
1776284601.0843508,103.73663234710693,-6.252822492802783,-7.818270487494646,2.216318268124259,-0.1103839040369674,2.4295265447908334
1776284601.0958462,103.74812769889832,-6.225524418810341,-7.81872950303403,2.213997386912827,-0.11177489832157292,2.383607085310054
1776284601.114487,103.76676845550537,-6.198140190302245,-7.819166461893564,2.2116820908549335,-0.1131442115009608,1.4744790565620052
1776284601.2159514,103.86823296546936,-6.198140190302245,-7.819166461893564,2.2116820908549335,-0.1131442115009608,0.0
1776284601.2647297,103.91701126098633,-6.170663720641978,-7.819587477570328,2.2093718694279083,-0.11449085667455619,0.5653464119775676
1776284601.296469,103.94875049591064,-6.143083204324289,-7.819992131628483,2.207066408205584,-0.11580778181162625,0.8720961189047111
1776284601.303746,103.95602750778198,-6.115396670446358,-7.820382752626826,2.2047647892128004,-0.11709358995227478,3.8181583278101514
1776284601.3183088,103.97059035301208,-6.08760963548711,-7.820761749924741,2.2024652966671776,-0.11835457319942537,1.9147765544893072
1776284601.4188898,104.07117128372192,-6.08760963548711,-7.820761749924741,2.2024652966671776,-0.11835457319942537,0.0
1776284601.4565463,104.10882782936096,-6.059729882739344,-7.8211296176720495,2.200167698451829,-0.11959410826981699,0.7429434754748868
1776284601.4772146,104.1294960975647,-6.031762695352017,-7.821488941337553,2.197873566523658,-0.12081775691678663,1.3578023560049637
1776284601.553124,104.2054054737091,-6.003711846038635,-7.821838716441052,2.1955822395470364,-0.12202546849449396,0.3707901686483687
1776284601.554423,104.20670461654663,-5.975576458011573,-7.822176702353562,2.193292299651717,-0.12321287863601492,21.73005603756212
1776284601.5809948,104.2332763671875,-5.947347731293695,-7.82250063491233,2.191003271244518,-0.12437994830684194,1.0659152489169277
1776284601.6702888,104.32257032394409,-5.947347731293695,-7.82250063491233,2.191003271244518,-0.12437994830684194,0.0
1776284601.6709044,104.32318592071533,-5.91901917524067,-7.822811935482958,2.188715478129195,-0.12552897602698654,46.170630364772975
1776284601.6711326,104.32341408729553,-5.890592803102039,-7.823117705739048,2.186430942670285,-0.1266618757697413,124.99492215254195
1776284601.671323,104.32360458374023,-5.8620610372462,-7.823420149127325,2.1841498816785707,-0.12777528647498665,150.2621309787102
1776284601.676367,104.3286485671997,-5.833428688404062,-7.823721084522934,2.181873741741265,-0.12886867909405333,5.694755813759838
1776284601.7493143,104.40159583091736,-5.804716281041714,-7.824012927801228,2.179606375882686,-0.12994904664704626,0.3948506108217973
1776284601.8327014,104.48498296737671,-5.775927663175381,-7.82428891168555,2.177349320225679,-0.13100808689855512,0.34631575106581897
1776284601.8369002,104.48918175697327,-5.747068277451506,-7.824546310350932,2.1751015987061817,-0.1320564596264523,6.894351174326907
1776284601.8376844,104.48996591567993,-5.718140581408873,-7.824781287538158,2.172863040427394,-0.1330947225509707,37.001608186579396
1776284601.8732243,104.5255057811737,-5.68913322172719,-7.82500060047625,2.170632069783211,-0.1341229444453221,0.8186258426721308
1776284601.9003985,104.55268001556396,-5.6600202405517805,-7.825212762228624,2.1684060155612364,-0.1351301097124625,1.0745006641227004
1776284601.91733,104.56961154937744,-5.630805497189358,-7.825412669500032,2.1661851226771525,-0.13611923592167763,1.7304822905414854
1776284601.918851,104.57113242149353,-5.601502700202878,-7.8256041080281005,2.1639713104544294,-0.1370917916782267,19.322418677876044
1776284602.0288975,104.68117904663086,-5.601502700202878,-7.8256041080281005,2.1639713104544294,-0.1370917916782267,0.0
1776284602.0370286,104.68931007385254,-5.5721198933891705,-7.825784380860294,2.1617638703740365,-0.1380503970680989,3.6239161294394377
1776284602.0621006,104.71438217163086,-5.542657514348906,-7.825958695810375,2.1595630333814095,-0.13899779912823476,1.1784007999832555
1776284602.0747352,104.72701668739319,-5.513111031277885,-7.8261318494808,2.1573681337820596,-0.13992747315396437,2.3450366400654756
1776284602.1148322,104.76711368560791,-5.483479211613114,-7.826304322891005,2.155179427509592,-0.14084065958686362,0.7410291101886175
1776284602.2136009,104.865882396698,-5.453770458134669,-7.826473419704593,2.1529967383504487,-0.14173985940208259,0.3016067111574514
1776284602.2623944,104.91467595100403,-5.423986909324538,-7.826633972533909,2.1508187265740926,-0.1426205737248291,0.6120380340139621
1776284602.2630196,104.91530108451843,-5.394128874781123,-7.826786936736239,2.1486434302362816,-0.14348827469915754,47.88986669624326
1776284602.296246,104.94852757453918,-5.36417876073414,-7.826937002731421,2.146469973622389,-0.14433987000431434,0.9037743219758478
1776284602.4109545,105.06323599815369,-5.36417876073414,-7.826937002731421,2.146469973622389,-0.14433987000431434,0.0
1776284602.49697,105.14925146102905,-5.334139041801661,-7.827080577746364,2.1442983440177925,-0.14517838803036667,0.35015162983209247
1776284602.5689788,105.22126030921936,-5.3040107157542025,-7.827217203468076,2.142130816362009,-0.1460005585143641,0.4194832243694205
1776284602.5920753,105.24435687065125,-5.273796180082013,-7.827343924699883,2.139967923444026,-0.1467995296073953,1.3115422708886988
1776284602.604273,105.25655460357666,-5.243494384681862,-7.82745748021192,2.137808860999268,-0.14757830716714015,2.490530753705714
1776284602.6871414,105.33942294120789,-5.213113029991824,-7.827558063457259,2.135652902401154,-0.14834143808415312,0.3675459464430848
1776284602.7060456,105.35832715034485,-5.1826629644015725,-7.827644240639953,2.1335017150924642,-0.14909219888478753,1.6147768599364356
1776284602.7197793,105.37206077575684,-5.1521488394006285,-7.827715517439977,2.131355263516872,-0.14983100602502286,2.2273513194385126
1776284602.7268496,105.37913107872009,-5.12156418205367,-7.8277706744095354,2.1292125603715513,-0.15055919881142688,4.336401439865868
1776284602.739243,105.39152455329895,-5.090916095906976,-7.827807009695154,2.1270758890905186,-0.15128272514257082,2.478925306113309
1776284602.8441265,105.49640798568726,-5.090916095906976,-7.827807009695154,2.1270758890905186,-0.15128272514257082,0.0
1776284602.9020972,105.55437874794006,-5.060186663297742,-7.827832965756251,2.1249442059907455,-0.15199292737221634,0.5313590925781284
1776284602.9025788,105.55486035346985,-5.029369677581326,-7.827846995459399,2.1228170503028503,-0.1526846616791266,64.14028426227085
1776284602.9275231,105.57980465888977,-4.998469731907395,-7.82784159074292,2.1206948523595703,-0.15335460082843969,1.2416756374616311
1776284602.975227,105.6275086402893,-4.967507807928236,-7.827814255463662,2.118580304604076,-0.15401216575221918,0.650554895703069
1776284603.0775435,105.72982501983643,-4.967507807928236,-7.827814255463662,2.118580304604076,-0.15401216575221918,0.0
1776284603.1289735,105.78125500679016,-4.936503517931964,-7.827764851858124,2.1164758842711646,-0.15466334147806163,0.6042324321852776
1776284603.1296284,105.78190994262695,-4.905456289213566,-7.827689625945031,2.114380285117337,-0.15531229398800764,47.51299440960451
1776284603.1477697,105.80005121231079,-4.874366211129273,-7.82759559252198,2.1122939730249715,-0.15595844217041438,1.7176384721314986
1776284603.14844,105.80072140693665,-4.843230251420163,-7.827486463493722,2.110217125377618,-0.15660065942551646,46.56160756826081
1776284603.219574,105.87185549736023,-4.812030494532697,-7.827364651011413,2.1081493269130713,-0.15723368846186467,0.4395704184853415
1776284603.328164,105.98044562339783,-4.780726285568994,-7.8272423185740285,2.106089001342242,-0.15784290488699385,0.2889044962273478
1776284603.3317285,105.9840099811554,-4.749297961998866,-7.827124462875716,2.104033304432561,-0.15842507919864232,8.836291152092224
1776284603.3321657,105.98444724082947,-4.717770080619038,-7.827012240606177,2.1019850796542947,-0.1589881775896571,72.25578868972077
1776284603.440134,106.09241557121277,-4.717770080619038,-7.827012240606177,2.1019850796542947,-0.1589881775896571,0.0
1776284603.5405486,106.1928300857544,-4.717770080619038,-7.827012240606177,2.1019850796542947,-0.1589881775896571,0.0
1776284603.6507292,106.30301070213318,-4.686184613314195,-7.826896358970434,2.0999487965242323,-0.15954717400896715,0.28726695288674936
1776284603.653589,106.3058705329895,-4.654569004923361,-7.826771153338952,2.0979243916867563,-0.16010687432987586,11.077788952639798
1776284603.6540115,106.30629301071167,-4.6229377059413945,-7.826636580368988,2.095913729438972,-0.16066937505535425,75.02271256353308
1776284603.6602485,106.31253004074097,-4.591285361443635,-7.826489066196389,2.093915148854068,-0.16123427505962157,5.085067966169709
1776284603.762661,106.41494250297546,-4.591285361443635,-7.826489066196389,2.093915148854068,-0.16123427505962157,0.0
1776284603.7680771,106.42035865783691,-4.559594048378334,-7.826334930339551,2.0919258596684505,-0.16179592260104267,5.862842040499097
1776284603.8284023,106.48068380355835,-4.527845446325549,-7.826181503049205,2.089944012203927,-0.16234737764384097,0.5273218672688444
1776284603.8288488,106.481130361557,-4.496040929653891,-7.82602771201853,2.0879670898646014,-0.1628893298411955,71.35975606454208
1776284603.8290622,106.4813437461853,-4.464173643982162,-7.825872597942094,2.0859919449206514,-0.16342095798564704,149.63033704539723
1776284603.9340563,106.58633780479431,-4.464173643982162,-7.825872597942094,2.0859919449206514,-0.16342095798564704,0.0
1776284604.0252137,106.67749524116516,-4.432234633342191,-7.825710501642102,2.0840179283132927,-0.16393627372886413,0.3510450399808631
1776284604.1291082,106.78138971328735,-4.432234633342191,-7.825710501642102,2.0840179283132927,-0.16393627372886413,0.0
1776284604.1297429,106.78202438354492,-4.4002264174081605,-7.825538936237576,2.082045117324341,-0.16443867495352002,50.52925274992667
1776284604.2418149,106.89409637451172,-4.4002264174081605,-7.825538936237576,2.082045117324341,-0.16443867495352002,0.0
1776284604.367778,107.02005958557129,-4.368159703437006,-7.825353325604863,2.080073353092977,-0.16492788567756805,0.2550571235011686
1776284604.3684928,107.02077436447144,-4.368159703437006,-7.825353325604863,2.080073353092977,-0.16492788567756805,0.0
1776284604.3691118,107.02139329910278,-4.336047105730731,-7.825150633812831,2.0781026344428017,-0.1654061289489443,51.98230679458881
1776284604.369995,107.02227663993835,-4.3038929226436515,-7.824936922201147,2.0761348661940757,-0.16587810617632393,36.469555163323626
1776284604.4769485,107.12923002243042,-4.271708611560515,-7.824718251961637,2.074173347017784,-0.16634364326626175,0.30148434958633596
1776284604.4770958,107.1293773651123,-4.271708611560515,-7.824718251961637,2.074173347017784,-0.16634364326626175,0.0
1776284604.4788284,107.13110995292664,-4.239496620386306,-7.824500786126881,2.0722159554536828,-0.16680667479118258,18.626553974540357
1776284604.4793541,107.13163566589355,-4.207268976796394,-7.824279794839077,2.070260809748529,-0.1672689204916521,61.416882579211176
1776284604.6439962,107.29627776145935,-4.207268976796394,-7.824279794839077,2.070260809748529,-0.1672689204916521,0.0
1776284604.7036912,107.35597276687622,-4.175033442718206,-7.824053081530519,2.068308902127998,-0.16773406891339804,0.5410062525913275
1776284604.815921,107.46820259094238,-4.175033442718206,-7.824053081530519,2.068308902127998,-0.16773406891339804,0.0
1776284604.9172027,107.5694842338562,-4.175033442718206,-7.824053081530519,2.068308902127998,-0.16773406891339804,0.0
1776284604.9797063,107.63198781013489,-4.1427718665426765,-7.823825580800888,2.0663609028404224,-0.16819563914178454,0.5171085677035037
1776284604.9805546,107.63283610343933,-4.1104934514638645,-7.82359227301861,2.0644174337396826,-0.168650035728753,38.12090856379458
1776284605.0096924,107.66197395324707,-4.078200208395508,-7.82335504906566,2.0624787605207318,-0.16910050081801137,1.11031710493281
1776284605.0104053,107.66268682479858,-4.045859908939627,-7.823127433761588,2.0605435321383987,-0.1695426661992618,45.4485086129739
1776284605.1383529,107.79063439369202,-4.045859908939627,-7.823127433761588,2.0605435321383987,-0.1695426661992618,0.0
1776284605.2390122,107.89129376411438,-4.045859908939627,-7.823127433761588,2.0605435321383987,-0.1695426661992618,0.0
1776284605.266534,107.91881561279297,-4.013450582989498,-7.822915583981271,2.058607287809401,-0.1699707329606469,1.1797101607808946
1776284605.302222,107.95450353622437,-3.980970353373933,-7.822716213400396,2.0566681249655883,-0.17038519986821898,0.9117559270104239
1776284605.319147,107.9714286327362,-3.9484404036988017,-7.8225223884040815,2.0547289206143122,-0.1707882443005258,1.9254410508958397
1776284605.3294973,107.98177886009216,-3.9158766914870125,-7.822329756888077,2.0527920330175475,-0.17117940444320728,3.1517986955969124
1776284605.434325,108.08660650253296,-3.883307611315528,-7.8221295040276235,2.050864292628472,-0.17156525780145646,0.31124133735836995
1776284605.4344728,108.086754322052,-3.883307611315528,-7.8221295040276235,2.050864292628472,-0.17156525780145646,0.0
1776284605.4565363,108.10881781578064,-3.883307611315528,-7.8221295040276235,2.050864292628472,-0.17156525780145646,0.0
1776284605.4571736,108.10945510864258,-3.8507463224154024,-7.821920224382759,2.0489483719524952,-0.17195203679331056,51.1825572413203
1776284605.4595633,108.11184477806091,-3.8181868833478814,-7.821701655343663,2.0470405308074615,-0.17233668900533017,13.648757799209253
1776284605.5026252,108.15490674972534,-3.785608950355978,-7.821472468300409,2.0451384093079925,-0.17270955310338756,0.757843142709282
1776284605.584216,108.23649764060974,-3.753006689693581,-7.821228542041272,2.043240442403881,-0.1730722732445144,0.40026981413283563
1776284605.5992804,108.2515618801117,-3.7203684424621124,-7.820971037299885,2.0413463648811625,-0.17342514376673582,2.1703169353600904
1776284605.6155763,108.26785778999329,-3.6876897988999455,-7.820697145344085,2.0394557217549156,-0.1737607391577577,2.0087516519076183
1776284605.6687047,108.32098627090454,-3.6549862466023617,-7.820407323813429,2.037566689177768,-0.1740840892985974,0.6166061176820294
1776284605.769915,108.42219662666321,-3.6549862466023617,-7.820407323813429,2.037566689177768,-0.1740840892985974,0.0
1776284605.8222394,108.47452092170715,-3.622278352493545,-7.8201029000885605,2.035679854845806,-0.1744024206267345,0.626165846980794
1776284605.8457165,108.49799799919128,-3.5895892668008123,-7.819786624968454,2.0337961982315096,-0.1747286761902011,1.3947579100795673
1776284605.9477496,108.60003113746643,-3.556917332556426,-7.819454440478202,2.0319159305262433,-0.17505768592711357,0.32075539954839427
1776284605.9478967,108.60017824172974,-3.556917332556426,-7.819454440478202,2.0319159305262433,-0.17505768592711357,0.0
1776284605.9566286,108.60891008377075,-3.524231256636508,-7.819112870358809,2.030038784778019,-0.17538050504146976,3.7496916355637038
1776284605.9569838,108.60926532745361,-3.491525712201727,-7.818762386646872,2.0281637791207987,-0.17569953709059352,92.22154731884983
1776284606.0237248,108.67600631713867,-3.458786269566819,-7.818402437682988,2.026288187878266,-0.17600978113002624,0.49137867184005735
1776284606.114026,108.76630759239197,-3.4259846298640895,-7.818038122762543,2.024411378370538,-0.17630283681819534,0.363863169968388
1776284606.1143918,108.76667332649231,-3.393133686917975,-7.817670935217745,2.02253594379412,-0.1765859380917889,89.97378590153566
1776284606.1145952,108.76687669754028,-3.3602630191716156,-7.817296028441692,2.0206637980348225,-0.17686373158657748,161.90147675343195
1776284606.214948,108.86722946166992,-3.3602630191716156,-7.817296028441692,2.0206637980348225,-0.17686373158657748,0.0
1776284606.263111,108.91539263725281,-3.327410436899652,-7.816904773946913,2.01879910001761,-0.17714245704034343,0.6832561394379069
1776284606.2886689,108.94095039367676,-3.29460176655564,-7.816493857518527,2.0169438720437265,-0.1774259839713654,1.2858582222880732
1776284606.2890553,108.94133687019348,-3.261836302786005,-7.8160643763377,2.0150957365263116,-0.17772026393250023,84.92198921208048
1776284606.316278,108.9685595035553,-3.2290846983985135,-7.815622531170334,2.01325278909835,-0.17801682271979696,1.205114519520038
1776284606.4167302,109.06901168823242,-3.2290846983985135,-7.815622531170334,2.01325278909835,-0.17801682271979696,0.0
1776284606.4493682,109.10164976119995,-3.1962932714701093,-7.815180071014149,2.011415188836034,-0.17830353622567102,1.0063662632895785
1776284606.4545999,109.10688138008118,-3.1634327288668787,-7.814745489099374,2.0095779965668967,-0.17857827695387757,6.291499806883311
1776284606.4628737,109.11515522003174,-3.1305199938372033,-7.81431922667472,2.0077416727997077,-0.17884688241633176,3.9844472466295904
1776284606.5227427,109.17502427101135,-3.0975865156589864,-7.813893900412908,2.005908741122522,-0.1791126328175436,0.5509889794294361
1776284606.6203594,109.27264094352722,-3.0975865156589864,-7.813893900412908,2.005908741122522,-0.1791126328175436,0.0
1776284606.701347,109.3536286354065,-3.0646439113090085,-7.8134677243879995,2.0040781321123062,-0.17937428296005853,0.4074221634496228
1776284606.7181265,109.3704080581665,-3.0316976460449707,-7.813035405337772,2.0022481360812736,-0.17963327963984801,1.9666875308038956
1776284606.7292113,109.38149285316467,-2.998752608918955,-7.812596538446347,2.0004181880935623,-0.17989532993078192,2.976937250381593
1776284606.761317,109.41359853744507,-2.965821521907923,-7.812153637814619,1.9985886294015935,-0.1801591217389075,1.0273833061015503
1776284606.8643408,109.51662230491638,-2.965821521907923,-7.812153637814619,1.9985886294015935,-0.1801591217389075,0.0
1776284606.9006057,109.5528872013092,-2.93288981670938,-7.8117113122327195,1.9967601377790043,-0.18042143722504936,0.9095681399075001
1776284606.9077342,109.56001567840576,-2.8999357976951905,-7.811266098296772,1.994935514246804,-0.1806836809246134,4.6303714259791
1776284606.9174156,109.56969714164734,-2.866939095463062,-7.810828277211022,1.993113732926314,-0.180943633460692,3.4137252226128227
1776284606.9734461,109.62572765350342,-2.833888374976606,-7.810402152983463,1.991290772638217,-0.18119515591285631,0.5908155744548184
1776284607.0748916,109.72717308998108,-2.833888374976606,-7.810402152983463,1.991290772638217,-0.18119515591285631,0.0
1776284607.1081905,109.76047205924988,-2.8007971269650946,-7.809990613192208,1.989465498365189,-0.1814387221837828,0.9953492728193231
1776284607.118596,109.77087759971619,-2.767681234873506,-7.809591925853246,1.9876366763234279,-0.1816773139064594,3.1876045468021514
1776284607.1261168,109.77839827537537,-2.7345567496843013,-7.8092008753828,1.985806641120209,-0.18191366325456174,4.411479103220689
1776284607.1557784,109.80805993080139,-2.701436754676336,-7.808819157301667,1.9839768588132773,-0.18214982040755426,1.1183697387558582
1776284607.1651523,109.81743383407593,-2.6683242200456188,-7.808443777774504,1.9821471249165568,-0.18238610078364967,3.538032484150291
1776284607.2372582,109.88953971862793,-2.6352080026651707,-7.808075567905194,1.9803174151914567,-0.18262035128591203,0.46000086817485325
1776284607.238454,109.8907356262207,-2.6020863184664935,-7.807710806954037,1.9784886159864965,-0.18285025950632516,27.7397179722284
1776284607.2877858,109.94006729125977,-2.568986282476235,-7.807342779667554,1.9766654155157366,-0.18308014667167383,0.6720278565234287
1776284607.2888367,109.94111824035645,-2.535926108397941,-7.806967760409209,1.9748475146247915,-0.18330737666054595,31.50698853313157
1776284607.4801245,110.13240599632263,-2.535926108397941,-7.806967760409209,1.9748475146247915,-0.18330737666054595,0.0
1776284607.4819825,110.13426399230957,-2.50289569930907,-7.806585374759642,1.973033152535672,-0.18353437721084553,17.805427612170153
1776284607.4822938,110.13457536697388,-2.469846016148936,-7.806201717376304,1.9712241780368738,-0.18375520467142772,106.30722561438427
1776284607.5025213,110.15480279922485,-2.4367633042093684,-7.805823262724962,1.969415979745972,-0.18397187158216005,1.638084919885279
1776284607.5352259,110.18750739097595,-2.403649073642244,-7.805455489067889,1.9676060426825817,-0.18418353459685005,1.0140990696542438
1776284607.593256,110.24553751945496,-2.370492082048136,-7.80509995075571,1.965793080053572,-0.18439031373717885,0.5722617454953263
1776284607.6877472,110.34002876281738,-2.337305239142964,-7.80475398374737,1.9639762839918695,-0.18459265730364877,0.3517610189402313
1776284607.6881254,110.34040689468384,-2.304097668186136,-7.804415319035921,1.9621567051643694,-0.184791388399579,87.95637692709707
1776284607.6883328,110.34061431884766,-2.27087151628817,-7.804084753621546,1.9603358864075044,-0.1849866533004891,160.43283919388023
1776284607.713876,110.36615753173828,-2.237660272898058,-7.803752715338244,1.958517662002342,-0.18517832604992468,1.302210297069941
1776284607.7258434,110.37812495231628,-2.204468727565797,-7.80342290768281,1.9567025752760359,-0.18536899305567908,2.7777726495681674
1776284607.7467334,110.39901494979858,-2.1712799268971565,-7.8031026526091045,1.9548917021261205,-0.18555598422492925,1.5911782629529863
1776284607.7762463,110.42852783203125,-2.138100518647566,-7.802787037339358,1.9530867097503943,-0.1857421609808541,1.1259478918862194
1776284607.877022,110.52930355072021,-2.138100518647566,-7.802787037339358,1.9530867097503943,-0.1857421609808541,0.0
1776284607.9033475,110.55562901496887,-2.104944603219096,-7.802467357580218,1.9512904576897836,-0.18592658078316723,1.261367134955607
1776284608.104934,110.75721549987793,-2.071788009827977,-7.802150407034631,1.9495024333215802,-0.1861043308895717,0.16472474413647611
1776284608.1051135,110.757395029068,-2.071788009827977,-7.802150407034631,1.9495024333215802,-0.1861043308895717,0.0
1776284608.1054788,110.75776028633118,-2.038646221582976,-7.801834409736448,1.9477198844440753,-0.18628080126107122,90.87073388555594
1776284608.1056993,110.75798082351685,-2.005521610276025,-7.80152131997344,1.9459402414361497,-0.1864551990187296,150.42297979337798
1776284608.2318184,110.88409996032715,-2.005521610276025,-7.80152131997344,1.9459402414361497,-0.1864551990187296,0.0
1776284608.3414881,110.99376964569092,-2.005521610276025,-7.80152131997344,1.9459402414361497,-0.1864551990187296,0.0
1776284608.4449263,111.09720778465271,-2.005521610276025,-7.80152131997344,1.9459402414361497,-0.1864551990187296,0.0
1776284608.5938222,111.24610376358032,-1.972407416570243,-7.801213533213998,1.94415953380566,-0.18662809307046396,0.2227290907312242
1776284608.6339443,111.28622579574585,-1.972407416570243,-7.801213533213998,1.94415953380566,-0.18662809307046396,0.0
1776284608.6341376,111.2864191532135,-1.972407416570243,-7.801213533213998,1.94415953380566,-0.18662809307046396,0.0
1776284608.6966803,111.34896183013916,-1.9392941735878857,-7.800912972204566,1.9423747598935028,-0.18679795692255455,0.5302406394612346
1776284608.697366,111.34964752197266,-1.9061701486038,-7.800621516450878,1.9405854640753477,-0.1869633858586425,48.37974680314401
1776284608.698181,111.35046243667603,-1.8730341439556144,-7.800336685289187,1.9387912220311927,-0.18712549031986425,40.722996479774295
1776284608.698515,111.35079646110535,-1.8398762391140526,-7.800061690154899,1.9369906426531476,-0.1872835695882622,99.41756698785332
1776284608.8003495,111.4526309967041,-1.8398762391140526,-7.800061690154899,1.9369906426531476,-0.1872835695882622,0.0
1776284608.8289807,111.48126220703125,-1.806692929043331,-7.799799606910266,1.935185732549155,-0.18743574921631384,1.1607400909118402
1776284608.8294072,111.48168873786926,-1.7734980010985915,-7.799545627352009,1.933380465844202,-0.18758593862949763,77.94266569317944
1776284608.8864222,111.53870368003845,-1.7403198542155611,-7.799291661317019,1.9315765769911188,-0.18773308007462036,0.5827966936227712
1776284608.9168422,111.5691237449646,-1.7071686641784485,-7.799039177606024,1.929772633091344,-0.18787586927252786,1.091424205615053
1776284609.0180795,111.6703610420227,-1.7071686641784485,-7.799039177606024,1.929772633091344,-0.18787586927252786,0.0
1776284609.0328007,111.68508219718933,-1.6740406022784629,-7.798785953733092,1.9279661005075703,-0.18801410213600303,2.2537802254277404
1776284609.033384,111.68566560745239,-1.6409412660689686,-7.798531157149578,1.9261578975106346,-0.18815056022091511,56.82051110830222
1776284609.0757968,111.72807836532593,-1.6078623538163592,-7.798276155355747,1.9243481431776661,-0.18828445789416817,0.7811178606273992
1776284609.0857308,111.73801231384277,-1.5747954488741316,-7.798024192875771,1.922535928249477,-0.1884169115538304,3.3337685322384907
1776284609.188666,111.84094762802124,-1.5747954488741316,-7.798024192875771,1.922535928249477,-0.1884169115538304,0.0
1776284609.296798,111.9490795135498,-1.5417261783404164,-7.797776851549211,1.920720303764188,-0.18854586528260384,0.30629262298773513
1776284609.2980285,111.95030999183655,-1.5086376564667636,-7.79753649131172,1.9189013287295764,-0.18867070584636,26.93209091433155
1776284609.3194258,111.97170734405518,-1.475535777723194,-7.797304796174534,1.9170775431507838,-0.18879381862522898,1.5493922675395322
1776284609.4209392,112.07322072982788,-1.475535777723194,-7.797304796174534,1.9170775431507838,-0.18879381862522898,0.0
1776284609.437216,112.08949756622314,-1.4424152763204319,-7.797086820924394,1.9152488492887123,-0.1889209201699101,2.0379674844403075
1776284609.5515523,112.20383381843567,-1.4092941147759535,-7.7968776510724975,1.91341816503156,-0.1890453556017803,0.2901299884992937
1776284609.5516932,112.20397472381592,-1.4092941147759535,-7.7968776510724975,1.91341816503156,-0.1890453556017803,0.0
1776284609.5853975,112.23767900466919,-1.376181839422088,-7.796673719825393,1.9115848345412592,-0.18916857985177096,0.983958588847784
1776284609.5897572,112.24203872680664,-1.3430705555249907,-7.796477068489337,1.9097526855398703,-0.1892893160182399,7.6065667479441705
1776284609.6036186,112.25590014457703,-1.3099633348275692,-7.796286384052033,1.9079223300992545,-0.1894085663742385,2.3921309612178607
1776284609.7042408,112.35652232170105,-1.3099633348275692,-7.796286384052033,1.9079223300992545,-0.1894085663742385,0.0
1776284609.8090568,112.46133828163147,-1.3099633348275692,-7.796286384052033,1.9079223300992545,-0.1894085663742385,0.0
1776284609.8259876,112.47826910018921,-1.2768774358945845,-7.79609831659907,1.9060922729895107,-0.18952895848773685,1.957200485495565
1776284609.8549335,112.50721502304077,-1.2438250411205605,-7.795908429066862,1.9042612665236986,-0.1896503510973303,1.143636598652894
1776284609.8743827,112.52666425704956,-1.210791974691005,-7.795716866704988,1.9024292652344945,-0.1897692667763836,1.701063550738106
1776284609.878235,112.53051662445068,-1.1777405604975948,-7.795531275394735,1.9005989396801761,-0.1898851984377321,8.59278781661089
1776284609.9708364,112.62311792373657,-1.14464436796394,-7.795356154030586,1.898769531371943,-0.18999716654904594,0.3579558553534626
1776284610.060582,112.71286344528198,-1.1114950524692668,-7.795197907343002,1.8969386991809816,-0.19010551686680036,0.3699372611775674
1776284610.0614944,112.7137758731842,-1.0783192715898187,-7.795053050841153,1.8951070744643148,-0.19021162146488202,36.41561137207157
1776284610.0631702,112.71545171737671,-1.0451347216523514,-7.794921340937239,1.893274148396709,-0.19031505216335456,19.832030167094988
1776284610.0701916,112.72247314453125,-1.0119569421957075,-7.794800930395256,1.891441084817288,-0.19041952383619015,4.732456300870795
1776284610.166302,112.81858348846436,-0.9787772155821094,-7.794693991107091,1.8896092037801941,-0.19052292549128086,0.34575289927204705
1776284610.1861491,112.83843064308167,-0.9456159153907485,-7.794588870506258,1.887783671208982,-0.19062451923849166,1.6733721810155524
1776284610.2094934,112.86177492141724,-0.912485994819787,-7.79447845009133,1.885964532135325,-0.19072457887238325,1.4213337427469672
1776284610.212755,112.86503648757935,-0.8793910305824679,-7.794363134703539,1.8841503212683268,-0.19082685611200553,10.162250863078262
1776284610.3293571,112.98163866996765,-0.8793910305824679,-7.794363134703539,1.8841503212683268,-0.19082685611200553,0.0
1776284610.4300604,113.08234190940857,-0.8793910305824679,-7.794363134703539,1.8841503212683268,-0.19082685611200553,0.0
1776284610.477109,113.12939047813416,-0.846317686690316,-7.794245467630191,1.8823414908917475,-0.19092696228111655,0.7040167357004216
1776284610.4996252,113.1519067287445,-0.8132516511785439,-7.794126176592224,1.8805345951211145,-0.19102413886530187,1.470741426527366
1776284610.515578,113.16785955429077,-0.7801676446194681,-7.794014067232105,1.8787282200042053,-0.1911207655212641,2.0769658110639084
1776284610.6113896,113.26367115974426,-0.7470563621854471,-7.793912675251,1.8769203795327762,-0.19121364381303502,0.34610372755130003
1776284610.6477907,113.30007219314575,-0.7139184806951843,-7.793815757177362,1.8751113584281758,-0.19129605942493164,0.9117148900042066
1776284610.6677628,113.32004427909851,-0.6807515754499452,-7.793726154653955,1.8732992212989121,-0.19137395796606468,1.6631459563499258
1776284610.7004995,113.35278105735779,-0.6475587139988299,-7.793647968755012,1.8714846631256181,-0.19144609679295516,1.0154485719024893
1776284610.7147076,113.36698913574219,-0.6143532524488602,-7.793576420056023,1.869667956796146,-0.1915150647666156,2.340583818486119
1776284610.7984881,113.45076966285706,-0.581162989472023,-7.7935083507573175,1.8678514801506723,-0.19158491654308824,0.39675093738026146
1776284610.8113916,113.46367311477661,-0.5480134604138404,-7.793440374079062,1.8660371538816627,-0.1916555884186347,2.572893843208622
1776284610.816316,113.46859741210938,-0.5148919944507082,-7.793372867657289,1.8642260397616988,-0.19172766637992397,6.736192434992051
1776284610.8418422,113.49412369728088,-0.4817833603662189,-7.793302355198249,1.8624197475852984,-0.19180249797770513,1.2989725979828701
1776284610.9424012,113.59468269348145,-0.4817833603662189,-7.793302355198249,1.8624197475852984,-0.19180249797770513,0.0
1776284610.95801,113.61029148101807,-0.4486847336750548,-7.793224859530563,1.860617844344028,-0.19187459173349164,2.123658170182661
1776284610.9953918,113.64767336845398,-0.41558791430452846,-7.793142063719012,1.8588187507392664,-0.19194374895224037,0.8866803418412005
1776284611.038811,113.6910924911499,-0.3824789715887728,-7.793054175321907,1.8570214094120794,-0.19200709114642522,0.7636683145958301
1776284611.0445867,113.69686818122864,-0.34934332808751195,-7.7929631826550745,1.8552239538979418,-0.1920600018510376,5.7455444833661025
1776284611.1606295,113.81291103363037,-0.34934332808751195,-7.7929631826550745,1.8552239538979418,-0.1920600018510376,0.0
1776284611.181778,113.83405947685242,-0.316185537973021,-7.792869275687389,1.8534266284410619,-0.19210523959377182,1.5701675548645777
1776284611.1999938,113.85227537155151,-0.28302738369677655,-7.792777540797142,1.8516293567853823,-0.19214756647239664,1.8229658534367197
1776284611.2052867,113.85756826400757,-0.24987123492347652,-7.792690420093524,1.8498309061076361,-0.1921897715362838,6.273507946137346
1776284611.2206817,113.87296319007874,-0.21673043123897284,-7.792608111327224,1.8480313626532154,-0.1922362947372099,2.155887412284918
1776284611.2734258,113.92570734024048,-0.18361264157481635,-7.792530320068657,1.8462296348119052,-0.1922880625857777,0.6288252790717384
1776284611.3747451,114.0270266532898,-0.18361264157481635,-7.792530320068657,1.8462296348119052,-0.1922880625857777,0.0
1776284611.4074454,114.05972695350647,-0.1505139543590905,-7.792457888533013,1.8444259348973715,-0.19233995255001335,1.0136872033805
1776284611.4213035,114.07358503341675,-0.11742818426014358,-7.792388543444459,1.8426196760786526,-0.1923955676306534,2.391031870120563
1776284611.4861002,114.13838171958923,-0.08434783345353027,-7.792323131102957,1.8408098798024426,-0.1924514550578211,0.5112897975952013
1776284611.534223,114.18650460243225,-0.05124878651404347,-7.792265417574555,1.8389961523794633,-0.1925022135951229,0.6888355675371985
1776284611.6410458,114.29332733154297,-0.05124878651404347,-7.792265417574555,1.8389961523794633,-0.1925022135951229,0.0
1776284611.7000673,114.35234880447388,-0.01812803742927046,-7.792214599313456,1.8371769305121595,-0.1925493401286106,0.5620109240953123
1776284611.700446,114.35272741317749,0.015008401060556384,-7.792169421997997,1.8353561242879743,-0.19259804906230876,87.65370880710348
1776284611.773768,114.42604947090149,0.04815791591176777,-7.7921314942009925,1.8335321867302818,-0.19264332562416098,0.452792482359926
1776284611.8129628,114.46524429321289,0.08129528899107104,-7.792094729325892,1.831709166224739,-0.19269222562428315,0.846731773625763
1776284611.849578,114.50185942649841,0.11440869327822818,-7.792046498836045,1.829891054237157,-0.19273653520408046,0.9057269796844631
1776284611.86238,114.51466155052185,0.14749551716796508,-7.7919789211814265,1.828078349578119,-0.19277693497930445,2.588360433211941
1776284611.8951166,114.54739809036255,0.18054220223930695,-7.791892368529632,1.826271431791555,-0.19282908476952734,1.0109852973151516
1776284611.9682503,114.62053179740906,0.18054220223930695,-7.791892368529632,1.826271431791555,-0.19282908476952734,0.0
1776284611.9751298,114.62741136550903,0.21355947353959728,-7.791792918500935,1.824467600557004,-0.1928865608269801,4.806502090976066
1776284612.0618846,114.7141661643982,0.24658478848015958,-7.791686775743031,1.8226668119999228,-0.19294042588877905,0.3812416778016318
1776284612.1189384,114.77121996879578,0.24658478848015958,-7.791686775743031,1.8226668119999228,-0.19294042588877905,0.0
1776284612.121921,114.77420258522034,0.27963385294271365,-7.791576198122183,1.8208641051530727,-0.192989855063459,11.09709513906088
1776284612.1229618,114.77524328231812,0.3127091398198119,-7.791461074720375,1.8190565677888106,-0.19303275278318593,31.829473146631578
1776284612.133809,114.7860906124115,0.34581190042999177,-7.791342845010726,1.8172429135962005,-0.19306855086112415,3.0562929041422136
1776284612.2439342,114.89621567726135,0.34581190042999177,-7.791342845010726,1.8172429135962005,-0.19306855086112415,0.0
1776284612.2556307,114.9079122543335,0.3789335501317611,-7.791223410556381,1.8154223716797357,-0.1931010382941619,2.8360314394018302
1776284612.274219,114.92650055885315,0.4120744038329047,-7.791102351974276,1.8135950580139577,-0.1931321924608235,1.785607354817786
1776284612.287982,114.94026350975037,0.44521989727676003,-7.790981343419363,1.811764623632502,-0.19316140173593,2.411998555763994
1776284612.342865,114.99514651298523,0.47834836801285496,-7.79085986485941,1.8099332187762665,-0.19319199399337578,0.6045455663664132
1776284612.4490755,115.10135698318481,0.47834836801285496,-7.79085986485941,1.8099332187762665,-0.19319199399337578,0.0
1776284612.469434,115.1217155456543,0.5114395386320089,-7.7907356192949395,1.8081030385811372,-0.19322943908377974,1.6279133653656275
1776284612.4944189,115.14670038223267,0.544478333107166,-7.7906029752527814,1.8062759544589142,-0.19327506484384296,1.32438495707826
1776284612.5237415,115.17602300643921,0.5774880878014075,-7.790471838006251,1.8044518879471503,-0.1933227679059085,1.127469821242753
1776284612.5638642,115.21614575386047,0.610501184412058,-7.790349621357181,1.8026312510375908,-0.19336817619233074,0.8240584105568867
1776284612.565713,115.21799445152283,0.6435341739100676,-7.790236192665924,1.8008112294012781,-0.1934099182632181,17.89545450135622
1776284612.6758342,115.32811570167542,0.6435341739100676,-7.790236192665924,1.8008112294012781,-0.1934099182632181,0.0
1776284612.6923518,115.34463334083557,0.6766056938106773,-7.7901359778606,1.7989902136090754,-0.19345011073963495,2.0052362509726906
1776284612.7324197,115.38470125198364,0.709708955980684,-7.790040703120077,1.797168037052725,-0.19349073810281184,0.8274330067807406
1776284612.7682452,115.42052674293518,0.7428330387868436,-7.789944363458271,1.7953442866920994,-0.19352449186690585,0.9259996156849725
1776284612.768652,115.42093348503113,0.775966343022255,-7.7898484505605365,1.7935201479273606,-0.1935539969588324,81.58392933765653
1776284612.976282,115.62856340408325,0.80909589609247,-7.789749686931244,1.7916967327686368,-0.19358554231491254,0.15980279565697775
1776284612.9764276,115.62870907783508,0.80909589609247,-7.789749686931244,1.7916967327686368,-0.19358554231491254,0.0
1776284613.0594687,115.71175026893616,0.8421922319861873,-7.789642798733182,1.7898765641629737,-0.19361569555295355,0.39915758762330006
1776284613.0809982,115.73327970504761,0.8752312682470001,-7.789526910585967,1.7880624923500696,-0.19365046813910655,1.5369192253685418
1776284613.085814,115.73809552192688,0.9082290687789957,-7.789410549640929,1.7862533991460585,-0.19369066798179851,6.862295736457096
1776284613.1941,115.84638142585754,0.9082290687789957,-7.789410549640929,1.7862533991460585,-0.19369066798179851,0.0
1776284613.2825968,115.9348783493042,0.9411993444052508,-7.789298699629092,1.784446988064107,-0.1937380414883688,0.37311934130412294
1776284613.383264,116.03554558753967,0.9741450226816417,-7.789193645572397,1.7826424849263713,-0.19378928583677882,0.3277652916569074
1776284613.3838966,116.03617811203003,1.0070826288255432,-7.78909565115627,1.7808382792869981,-0.19384208003102138,52.1515438462498
1776284613.3843083,116.03658986091614,1.0400290967873822,-7.789006672684821,1.7790323246379336,-0.1938954026819404,80.13633663669744
1776284613.4516833,116.10396480560303,1.0729920968217095,-7.788929018071037,1.7772239832574153,-0.19395082529589225,0.4899841746506226
1776284613.4923253,116.14460682868958,1.1059788401091595,-7.788854803669806,1.7754162215720288,-0.1940015851788331,0.8128612231106789
1776284613.5159674,116.16824889183044,1.1389990977368032,-7.7887820131292465,1.77360671216091,-0.19404880257182255,1.3987730644326979
1776284613.5372684,116.18954992294312,1.172043233238116,-7.788706166638795,1.7717948317140182,-0.194082284444438,1.5536271270109303
1776284613.6377296,116.29001116752625,1.172043233238116,-7.788706166638795,1.7717948317140182,-0.194082284444438,0.0
1776284613.7149541,116.36723566055298,1.2050899149582666,-7.788625305157783,1.7699833233098554,-0.19411007577953537,0.42857379017053154
1776284613.7154994,116.36778092384338,1.2381155428803459,-7.788535447340088,1.7681731087668535,-0.19413734982125128,60.659363058405596
1776284613.715735,116.36801648139954,1.2711329060119256,-7.7884387214646855,1.766362755336825,-0.19416287207593744,140.37799952602148
1776284613.715933,116.36821460723877,1.3041348103890964,-7.788336529995442,1.7645507948282648,-0.19419393917542058,166.8220947479465
1776284613.8074493,116.45973086357117,1.3371140192184074,-7.78822731331323,1.7627390034173063,-0.1942265970316298,0.36090986203023445
1776284613.8257349,116.47801637649536,1.3700961636805584,-7.788120430209232,1.7609283327034009,-0.19426307210409527,1.8064563841631378
1776284613.8533797,116.50566124916077,1.4031050806713785,-7.788020920921517,1.7591177644171085,-0.19429607274572916,1.1958342329831342
1776284613.876481,116.52876257896423,1.4361165345724636,-7.787923149450097,1.7573091592582444,-0.19432762797919925,1.4311343042438334
1776284613.914087,116.5663685798645,1.469108936133213,-7.787820235848093,1.755502512006975,-0.19436306800672012,0.8786361101507593
1776284614.014538,116.66681957244873,1.469108936133213,-7.787820235848093,1.755502512006975,-0.19436306800672012,0.0
1776284614.0885465,116.74082803726196,1.5020833561439237,-7.7877134613759935,1.7536977029445535,-0.1943939514932799,0.4462185187906566
1776284614.1123037,116.76458525657654,1.5350689783137441,-7.787603526878954,1.751892420087161,-0.1944211265779697,1.3905318095922676
1776284614.125723,116.77800440788269,1.5680743109412785,-7.78749675002659,1.7500846319446832,-0.19444268080638066,2.4632687934306614
1776284614.1335762,116.78585767745972,1.6010904353828834,-7.787392767698628,1.7482737863778925,-0.1944602414093582,4.21046423098069
1776284614.1826024,116.83488392829895,1.6341225636698085,-7.787290714372004,1.7464603818083164,-0.19447367901044843,0.6747818568967457
1776284614.2150126,116.86729407310486,1.6671834946796527,-7.787194441928074,1.7446426842653762,-0.1944820207795561,1.0216246232826958
1776284614.228054,116.88033556938171,1.7002490965057169,-7.78710335725578,1.7428214040083208,-0.19448844579928146,2.5392675195889765
1776284614.2622647,116.914546251297,1.7333059231934425,-7.787020087604515,1.7409978962168642,-0.19449630985634409,0.9677441742091767
1776284614.3408592,116.99314069747925,1.7663460631031336,-7.786941888523393,1.7391761688863683,-0.19450488541416072,0.4210274123170422
1776284614.3544471,117.0067286491394,1.7993768251625775,-7.7868690063668256,1.7373586307640057,-0.19451540787031288,2.4345693123920302
1776284614.3647032,117.01698470115662,1.832394523930935,-7.786795537000028,1.7355462011935845,-0.1945256030650405,3.224192648496812
1776284614.406955,117.05923652648926,1.8653856414222583,-7.786717322164082,1.7337385703432837,-0.1945385292410453,0.7819944829649221
1776284614.477773,117.13005447387695,1.8983533907426964,-7.78663297834163,1.7319342925405894,-0.1945520340292407,0.46622634693517734
1776284614.5242007,117.17648220062256,1.931325679460993,-7.786541419941303,1.7301317813747947,-0.1945654820236786,0.711248440510039
1776284614.5340967,117.18637824058533,1.9643321992190477,-7.786450153277455,1.728329039961771,-0.1945746660649691,3.340309865691811
1776284614.5581045,117.21038603782654,1.9973710251159744,-7.786357816232181,1.7265238549469588,-0.19458053242599152,1.3782286548582727
1776284614.6586862,117.31096768379211,1.9973710251159744,-7.786357816232181,1.7265238549469588,-0.19458053242599152,0.0
1776284614.682459,117.33474063873291,2.030418065549455,-7.78626521226483,1.7247175681256683,-0.19458201505122977,1.3921911396297486
1776284614.6919093,117.34419083595276,2.063461489031321,-7.786170771419815,1.7229090099575834,-0.19458624990415327,3.501833259095276
1776284614.802388,117.45466947555542,2.0964915155450092,-7.786071402904609,1.7210990021527037,-0.1945946580748587,0.2994219686908507
1776284614.8025713,117.45485281944275,2.0964915155450092,-7.786071402904609,1.7210990021527037,-0.1945946580748587,0.0
1776284614.818004,117.47028541564941,2.1294964447961773,-7.785966523707455,1.7192885427651488,-0.19460559863818971,2.1418764256352376
1776284614.9183924,117.57067394256592,2.1624510852122607,-7.785853364083162,1.717481619827987,-0.19462530040677797,0.32876600131473843
1776284615.0012295,117.65351104736328,2.195355609790094,-7.785728270482203,1.7156796838124484,-0.19465372754174956,0.39781767440870125
1776284615.0222034,117.67448496818542,2.22823410754308,-7.785599260799294,1.7138815351277068,-0.19469020887159116,1.5699441734484487
1776284615.0513384,117.70361995697021,2.261117307269452,-7.785477969218711,1.7120859575171885,-0.1947267232636922,1.1303388630428415
1776284615.0725899,117.72487139701843,2.2940328712256868,-7.785365240383249,1.7102930591592704,-0.19475990678454996,1.5511678133521496
1776284615.1725194,117.82480096817017,2.326988391377151,-7.785263734333245,1.7085006788299353,-0.19479184051731205,0.3302764310946628
1776284615.2095232,117.86180472373962,2.359984922861528,-7.785166136443892,1.7067036986440125,-0.19482049239746574,0.89303289210796
1776284615.217362,117.86964344978333,2.3930242946768665,-7.7850688681181985,1.7048976913690719,-0.19484413638994008,4.221200998029762
1776284615.227923,117.88020443916321,2.4260830212043354,-7.784968152713569,1.7030868754232498,-0.19486081421293547,3.134974931233589
1776284615.2451408,117.89742231369019,2.459134165949879,-7.78486122379904,1.7012763694464614,-0.19487650888958405,1.922471269063323
1776284615.2519367,117.9042181968689,2.4921543946929767,-7.7847386055714445,1.6994675837680517,-0.19489513346840504,4.866175450646475
1776284615.2803812,117.93266272544861,2.525131470111266,-7.78459827571215,1.6976615767553171,-0.19491192541352492,1.1610946511531846
1776284615.2951455,117.94742703437805,2.558065561632395,-7.784445287440468,1.695858394858689,-0.19493066121435212,2.2340207559963807
1776284615.4022863,118.05456781387329,2.558065561632395,-7.784445287440468,1.695858394858689,-0.19493066121435212,0.0
1776284615.4253588,118.07764029502869,2.5909719927115735,-7.7842837199869965,1.694057928066603,-0.19495610099065042,1.4283702792473696
1776284615.4575849,118.10986638069153,2.6238672590399736,-7.784122435953869,1.69226224479896,-0.1949854516514544,1.0222971630121163
1776284615.4868176,118.13909912109375,2.6567627146487287,-7.783962818394473,1.6904697416987222,-0.19501488159530378,1.126977600827437
1776284615.5190024,118.17128396034241,2.6896626481550663,-7.783805069437898,1.688676621210841,-0.1950376273616856,1.023747212036516
1776284615.6195393,118.27182078361511,2.6896626481550663,-7.783805069437898,1.688676621210841,-0.1950376273616856,0.0
1776284615.6308868,118.28316831588745,2.7225757004038327,-7.783648276990023,1.6868813837442016,-0.19505867963808685,2.9048033074028194
1776284615.6634245,118.31570601463318,2.7555158179886643,-7.783500518811546,1.6850842279392018,-0.19507651791789019,1.0138835316169883
1776284615.6647775,118.31705904006958,2.78847351253995,-7.783358500473031,1.6832834957041904,-0.19509719120683147,24.395075255726404
1776284615.679597,118.3318784236908,2.821434528754161,-7.783217601014214,1.681480413416962,-0.19511597532682123,2.227528374881875
1776284615.7897968,118.44207835197449,2.821434528754161,-7.783217601014214,1.681480413416962,-0.19511597532682123,0.0
1776284615.8278887,118.48017024993896,2.854381953008278,-7.783066939590873,1.6796765995285863,-0.19513552080417623,0.8662500650968495
1776284615.849468,118.50174951553345,2.8873104859234036,-7.782905188830922,1.677871139829919,-0.19515346672821435,1.528244261028471
1776284615.8749056,118.52718710899353,2.92021316995106,-7.782732176712589,1.676063634420898,-0.19518040410264242,1.295434979845249
1776284615.888286,118.54056763648987,2.953089145884694,-7.782541729668203,1.6742555017968606,-0.19520993622578905,2.460755867980323
1776284615.9655223,118.61780381202698,2.9859657799561696,-7.7823368960301575,1.6724484513804831,-0.19523959465402835,0.42631442328735353
1776284616.046238,118.6985194683075,3.0188730190645603,-7.782128094601335,1.670642020843747,-0.19526678047443113,0.40831539294432023
1776284616.0499558,118.70223736763,3.0518343522639824,-7.781922403613325,1.6688339421005693,-0.19528182100534597,8.879080516893017
1776284616.083033,118.73531460762024,3.084856474078034,-7.781721844326897,1.6670218799526304,-0.19528520312945183,0.9998539871908991
1776284616.083399,118.73568058013916,3.11788978963292,-7.781519349575376,1.6652137644836968,-0.1952825923639308,90.39854404654785
1776284616.1888292,118.84111070632935,3.11788978963292,-7.781519349575376,1.6652137644836968,-0.1952825923639308,0.0
1776284616.200522,118.85280346870422,3.1508984034415985,-7.781310978414192,1.663411478827302,-0.19528621910793434,2.8272563531152737
1776284616.2318778,118.88415932655334,3.18388352582645,-7.781092424511482,1.661611589548689,-0.19529599750045815,1.0535484635859964
1776284616.3538742,119.00615572929382,3.216854793263354,-7.780863534182445,1.6598119130796194,-0.19530435506531083,0.27067306490628673
1776284616.3540447,119.00632619857788,3.216854793263354,-7.780863534182445,1.6598119130796194,-0.19530435506531083,0.0
1776284616.3590052,119.01128673553467,3.2498034725440195,-7.780625150329974,1.6580116725595488,-0.19531499903921462,6.652240370446477
1776284616.4489448,119.10122632980347,3.282751084840483,-7.7803814035832,1.656211423866333,-0.19532136717859414,0.3668868947954594
1776284616.4493356,119.10161709785461,3.315694067380209,-7.780128103830584,1.6544126975550921,-0.19533257777167443,84.43122347288465
1776284616.463156,119.1154375076294,3.3486275116442603,-7.779863012014545,1.6526138123939216,-0.1953464019062038,2.3865864120355824
1776284616.477142,119.12942361831665,3.3815741761144484,-7.779591283952989,1.6508157780992536,-0.19536670824268526,2.359255595194535
1776284616.5787768,119.23105835914612,3.3815741761144484,-7.779591283952989,1.6508157780992536,-0.19536670824268526,0.0
1776284616.5826547,119.2349362373352,3.41454832764261,-7.779319596856465,1.649018950984465,-0.19538676841403874,8.516046034231778
1776284616.6200461,119.27232766151428,3.4475550737449923,-7.779050432140333,1.6472209617039595,-0.1954007200584836,0.8840737600003685
1776284616.641559,119.2938404083252,3.4805720090907175,-7.778778946232194,1.645421438600904,-0.19540994358762664,1.5370911718067675
1776284616.6674905,119.31977200508118,3.513572872944013,-7.778503271304246,1.6436228002468967,-0.19542040426042412,1.27454521633134
1776284616.7699597,119.4222412109375,3.513572872944013,-7.778503271304246,1.6436228002468967,-0.19542040426042412,0.0
1776284616.7740505,119.42633199691772,3.5465451082024373,-7.778220596521892,1.6418269148208748,-0.19543370807215837,8.072364814149989
1776284616.789061,119.44134259223938,3.5795033065346744,-7.777930750616002,1.6400344673453813,-0.1954475309940077,2.198991831669093
1776284616.7901514,119.44243288040161,3.6124674946958213,-7.7776410760596795,1.6382457277575535,-0.19546458823740603,30.280026690143266
1776284616.8221838,119.47446537017822,3.6454318747887915,-7.777352003730016,1.6364603858140263,-0.19548452592672866,1.0306397452387674
1776284616.8871872,119.53946876525879,3.6783992867541975,-7.777066690667339,1.6346780917967796,-0.19550526343513153,0.5079240401302666
1776284616.9058256,119.55810713768005,3.7113740776120814,-7.776782408964515,1.6328951378381618,-0.1955240018750496,1.7718382750441275
1776284616.9544451,119.60672664642334,3.74436843630657,-7.776500033112476,1.6311140560788693,-0.19554065356777647,0.6796367091181156
1776284616.9548206,119.60710215568542,3.7773816454606877,-7.776219495622366,1.6293329635033982,-0.19555365823239357,88.04685683043316
1776284617.061127,119.71340847015381,3.7773816454606877,-7.776219495622366,1.6293329635033982,-0.19555365823239357,0.0
1776284617.0795896,119.73187112808228,3.810402985432122,-7.775931498878476,1.627550442543199,-0.19556232361727607,1.7912193446786147
1776284617.1112585,119.76354002952576,3.843414296505984,-7.775631046555268,1.6257679816371213,-0.19556811311933278,1.0439504436910703
1776284617.1474092,119.79969072341919,3.8764181808856426,-7.775321951748821,1.6239859565856551,-0.19557743102750172,0.9143228181384688
1776284617.1647964,119.81707787513733,3.9094326303652323,-7.775009065244373,1.6222033460044079,-0.19558737733216164,1.9016352624954709
1776284617.1710312,119.82331275939941,3.942470590583849,-7.774705097836527,1.6204197761759314,-0.19559479485956616,5.306829044508086
1776284617.241207,119.89348840713501,3.975524974807684,-7.774412966414906,1.6186347013461624,-0.19560453726068883,0.4717282983392335
1776284617.2882283,119.94050979614258,4.0085892571515425,-7.774128777964052,1.6168478969886855,-0.1956170937322857,0.7042273119996965
1776284617.3126056,119.9648871421814,4.0416424271623095,-7.773847772994194,1.6150641680284241,-0.19563389473295376,1.3579188468013907
1776284617.3721628,120.02444434165955,4.074655417246257,-7.773559357217651,1.613286755743202,-0.195655945270804,0.5551312270157366
1776284617.4196503,120.07193183898926,4.1076282338683425,-7.773263406966855,1.6115153998623297,-0.19567703546809306,0.6953764790907796
1776284617.445683,120.09796452522278,4.140583084078366,-7.772966737528301,1.6097494941353685,-0.19570262192693277,1.2677701785804212
1776284617.4487352,120.10101675987244,4.173552471813465,-7.772677942788647,1.6079868626668594,-0.19572444783408557,10.81756103778844
1776284617.4973996,120.1496810913086,4.206554307432203,-7.77240443326964,1.6062237489065172,-0.19575051471599197,0.67914280876427
1776284617.5937743,120.24605584144592,4.239607606988229,-7.77215347274607,1.6044611228317156,-0.19577021302884035,0.34346356372071957
1776284617.594158,120.2464394569397,4.272703842450463,-7.7719235593565825,1.6026989817458561,-0.19579157730359997,86.39877960240707
1776284617.6101553,120.26243686676025,4.305837346490804,-7.77170998521807,1.6009339493528947,-0.19580962399142382,2.0741589033781054
1776284617.6303499,120.28263139724731,4.338992246013331,-7.771504366861348,1.5991665699924333,-0.1958288846107585,1.6441387148200133
1776284617.716938,120.36921954154968,4.372138500373144,-7.771298116604411,1.59740319932423,-0.1958427781335737,0.38335233599031127
1776284617.7410173,120.39329886436462,4.405262717232042,-7.77108547841511,1.5956450034408178,-0.19585877551991654,1.377593853321548
1776284617.765295,120.41757655143738,4.4383485215789795,-7.770857065665952,1.593892820592327,-0.19588008129418466,1.3647492776659356
1776284617.7697978,120.42207932472229,4.471390720052837,-7.7706136952677385,1.5921484698248827,-0.19590373225105961,7.348605601862993
1776284617.8614187,120.51370024681091,4.504410267714274,-7.770361103718542,1.5904113888900102,-0.19593014469027173,0.3609019861151207
1776284617.912646,120.56492757797241,4.537443961426643,-7.770106782234312,1.5886817788610916,-0.19595309369711078,0.6457474926983501
1776284617.946403,120.59868454933167,4.570531757296329,-7.769858835222693,1.5869570101519264,-0.19597018286081644,0.9815349338510196
1776284617.948482,120.60076355934143,4.603666364661675,-7.769614388937929,1.585234091013026,-0.19598445858321417,15.959649657988066
1776284618.0645373,120.71681880950928,4.636814837474713,-7.769362765193727,1.5835148109050834,-0.19599319364276974,0.2860187942058465
1776284618.066496,120.7187774181366,4.636814837474713,-7.769362765193727,1.5835148109050834,-0.19599319364276974,0.0
1776284618.0671337,120.7194151878357,4.669969677414162,-7.769104432417523,1.581795160031183,-0.1959984257351997,52.05705427408823
1776284618.0673387,120.71962022781372,4.7031495976625886,-7.768842527577399,1.5800773990027388,-0.19599942279395222,162.0434623290268
1776284618.0741596,120.72644114494324,4.736395541527586,-7.768589678403955,1.578363944269657,-0.19599263367377137,4.8807262776841265
1776284618.0925882,120.74486970901489,4.769703189571244,-7.768344295837737,1.5766515282247153,-0.19597770639020198,1.8098285355070531
1776284618.1674235,120.81970500946045,4.803029644175242,-7.768096194410785,1.5749457767701462,-0.1959543370157238,0.4459259329116657
1776284618.18199,120.83427143096924,4.836340287865099,-7.7678390372612,1.5732480343904625,-0.19593326368239558,2.2898466393105266
1776284618.2779646,120.93024611473083,4.869622582411096,-7.767569349871472,1.57155859255606,-0.1959146909346151,0.3472398734106479
1776284618.2801058,120.93238735198975,4.9028712140705775,-7.7672949073381545,1.5698740532903872,-0.19590201506968827,15.548211149030204
1776284618.3483605,121.00064206123352,4.93607178157844,-7.767019905276867,1.568196860297939,-0.19589161114439402,0.4870585739620982
1776284618.364544,121.01682543754578,4.9692521081182965,-7.7667452551336575,1.5665308326376595,-0.19587993175753568,2.0529252699265332
1776284618.4025147,121.05479621887207,5.002419495916776,-7.766469974458099,1.5648757189075069,-0.19586822004354085,0.8746145987114801
1776284618.4422789,121.09456038475037,5.035579899846673,-7.766191882631437,1.5632315892356983,-0.19585703151114445,0.8349804828129385
1776284618.5399113,121.19219279289246,5.068729681164589,-7.765914527265972,1.5615951248786604,-0.19585124969454923,0.339961994962982
1776284618.5494602,121.20174169540405,5.101844973137866,-7.765634228060816,1.5599675145450203,-0.19585091319792264,3.472278725118407
1776284618.5673063,121.21958780288696,5.134906709711917,-7.765344875042302,1.558352670433223,-0.19585095957646406,1.8548815156469038
1776284618.5871768,121.23945832252502,5.167908523483956,-7.765043231183178,1.5567544905938124,-0.19585085051104234,1.6628586553116878
1776284618.6883852,121.34066677093506,5.167908523483956,-7.765043231183178,1.5567544905938124,-0.19585085051104234,0.0
1776284618.6911106,121.34339213371277,5.2008353352552925,-7.764729752304517,1.555168416211862,-0.19585504550601335,12.096180639351596
1776284618.7494252,121.40170669555664,5.23368317221671,-7.764409384589153,1.5535927199672785,-0.19586480883452295,0.5639615112851128
1776284618.7791936,121.4314751625061,5.2664599579196185,-7.764083186897029,1.55202711334711,-0.19587681769049003,1.1023670416816653
1776284618.7798448,121.43212628364563,5.299158502158878,-7.763754212764816,1.5504709081331969,-0.19589296866346997,50.27821416033488
1776284618.874512,121.52679347991943,5.3317647950952205,-7.763420908797801,1.5489247893064906,-0.1959110279041774,0.3448357191524988
1776284618.8983173,121.55059885978699,5.364266857875862,-7.763084949241523,1.547390482500452,-0.19593452379453644,1.3669175517580843
1776284618.9154987,121.56778025627136,5.396659543657366,-7.7627433145598825,1.5458659490385631,-0.19596305319763566,1.8875264822206657
1776284618.9194603,121.57174181938171,5.428940440990865,-7.762393322606739,1.5443509550711092,-0.19599800327574537,8.157972648198253
1776284619.0243864,121.67666792869568,5.461116436546112,-7.762040098672458,1.5428458165998022,-0.19603937313458425,0.3070076369714291
1776284619.0257595,121.67804098129272,5.461116436546112,-7.762040098672458,1.5428458165998022,-0.19603937313458425,0.0
1776284619.065941,121.71822261810303,5.4931807784774325,-7.761677976276504,1.5413490370759755,-0.19609018641316414,0.7989047541066407
1776284619.067941,121.72022247314453,5.525114982204629,-7.76130220887165,1.5398606147619116,-0.1961448528723935,15.986698809091376
1776284619.0936017,121.74588322639465,5.556893719780082,-7.76092036984046,1.5383827621526978,-0.19619907756188068,1.23984567051923
1776284619.1191854,121.77146697044373,5.5885142392577345,-7.760534966618151,1.5369131859017915,-0.1962534612910166,1.2373871732946067
1776284619.1835554,121.83583688735962,5.61998087949094,-7.760149234556158,1.5354496938302642,-0.19631366454670515,0.48940588966827264
1776284619.207237,121.85951852798462,5.651304828619369,-7.75977372731097,1.5339925336725206,-0.1963821138251679,1.3242356139948859
1776284619.2130795,121.8653609752655,5.682489857489686,-7.759414628977945,1.532540126066281,-0.19645673821161228,5.343804811553534
1776284619.2622702,121.91455173492432,5.713528859887775,-7.7590695498603885,1.5310911192646788,-0.19653474258560752,0.6317186923395399
1776284619.3278632,121.980144739151,5.744411625112642,-7.758734685995741,1.5296446780461346,-0.19661848769257115,0.47136784788704555
1776284619.3509378,122.00321936607361,5.775128809029025,-7.758408703261538,1.5282004749548224,-0.19670465859010736,1.3327558217376847
1776284619.3852935,122.03757500648499,5.805671373736361,-7.758092224453559,1.5267590267296212,-0.1967893526451293,0.8900488419899425
1776284619.3947463,122.0470278263092,5.836029594861986,-7.757777123657916,1.5253199710104948,-0.1968684410887292,3.215330809143772
1776284619.5006049,122.15288639068604,5.836029594861986,-7.757777123657916,1.5253199710104948,-0.1968684410887292,0.0
1776284619.569064,122.2213454246521,5.866203163670953,-7.757465209415782,1.5238847246207834,-0.19694189007421709,0.44127550160188583
1776284619.6074257,122.25970721244812,5.8961949880973386,-7.757158753069057,1.5224544541655427,-0.19700887068062153,0.7827443532771782
1776284619.6213715,122.27365303039551,5.926008679366612,-7.756859052927974,1.5210274315332484,-0.19707170466784468,2.140378458100269
1776284619.6322384,122.28451991081238,5.955649568016436,-7.756570891815273,1.5196024989350745,-0.19713407995225243,2.730914241398254
1776284619.6632156,122.31549715995789,5.9851187707692155,-7.756295199163796,1.5181786794838192,-0.19719760687459686,0.952468920115349
1776284619.6711311,122.32341265678406,6.014415613993403,-7.756031881733735,1.5167556365466095,-0.19726652763260555,3.7057137837100003
1776284619.6926649,122.34494638442993,6.043536256896432,-7.755779224756826,1.5153336726777074,-0.19733325744505323,1.353989181933432
1776284619.720784,122.37306547164917,6.072474577999703,-7.755532436501936,1.5139129664274944,-0.1973984309993577,1.0304113074123828
1776284619.8240898,122.47637128829956,6.101226983145457,-7.75529058010065,1.512493190574223,-0.19745994727402688,0.2786721456322917
1776284619.8242228,122.4765043258667,6.101226983145457,-7.75529058010065,1.512493190574223,-0.19745994727402688,0.0
1776284619.8475647,122.49984622001648,6.129792740183087,-7.75505562994221,1.5110742730284221,-0.19752093689277356,1.2253478820082746
1776284619.8479874,122.50026893615723,6.158168644739525,-7.75482307934532,1.5096558439498045,-0.19757491123546686,67.213628693455
1776284619.8661356,122.51841711997986,6.18635877434942,-7.754598404702044,1.508237570868017,-0.19762476313738125,1.5553445387965523
1776284619.9222467,122.57452821731567,6.214365311547085,-7.754382097889418,1.5068191237584128,-0.19767169421304806,0.49978114498604054
1776284619.954762,122.60704350471497,6.242187253211207,-7.754171354720973,1.5054007576441035,-0.1977173746081859,0.8567929668410269
1776284619.9581575,122.61043906211853,6.269826062810599,-7.753969511554138,1.5039831269711155,-0.19776283468395048,8.150614033890914
1776284619.9981182,122.650399684906,6.2972836052700645,-7.753782323220684,1.5025684572975309,-0.1978120720506947,0.6880423017434628
1776284619.9988537,122.65113520622253,6.324559789156809,-7.7536123527690535,1.501157044468548,-0.1978612847378138,37.13448500052686
1776284620.0992117,122.75149321556091,6.324559789156809,-7.7536123527690535,1.501157044468548,-0.1978612847378138,0.0
1776284620.125098,122.77737951278687,6.3516526639425885,-7.75346186576332,1.4997472513599845,-0.197911519435731,1.0480427855836234
1776284620.1587617,122.81104326248169,6.378556957778998,-7.7533278473246074,1.4983386773625358,-0.19796145159100717,0.8003111691373839
1776284620.1814182,122.83369970321655,6.405269317398278,-7.753209501495922,1.4969313876630355,-0.1980093549247866,1.1806649696725047
1776284620.1911337,122.84341526031494,6.431786579035604,-7.753102412738352,1.4955267289251086,-0.19805396024317123,2.733209703756797
1776284620.2588017,122.91108322143555,6.458105482284593,-7.752999023651777,1.494124126229044,-0.19809035436736225,0.38949679091284345
1776284620.2991254,122.951406955719,6.484227154940931,-7.752896090411671,1.4927228075113284,-0.19811920973435532,0.6487354428153123
1776284620.299537,122.95181846618652,6.510159295874448,-7.752800482590059,1.4913252278882225,-0.19814849096359272,63.10884424622333
1776284620.343104,122.99538540840149,6.5359071206693855,-7.75271353899745,1.4899324523958577,-0.19817761835796988,0.5918619073480659
1776284620.3755255,123.0278069972992,6.5614744960410984,-7.752639460270521,1.4885460307637646,-0.19821273670722847,0.7897529392717165
1776284620.386675,123.0389564037323,6.586856819460664,-7.752570470130045,1.4871674599480749,-0.19824761812646888,2.2799264032115154
1776284620.4074883,123.05976986885071,6.612047251116555,-7.752497807707566,1.4857954217132896,-0.19827533123768606,1.2120938845281979
1776284620.4187593,123.07104086875916,6.637043861610901,-7.752418932356288,1.4844283650913652,-0.19829695330222546,2.2211062895160283
1776284620.5141354,123.16641688346863,6.661846534175108,-7.752333099740137,1.4830653763163382,-0.1983134710717628,0.2604453862846455
1776284620.5151172,123.16739869117737,6.686459503704277,-7.752244136256219,1.4817078686388718,-0.1983305456782703,25.107296994981628
1776284620.5156982,123.16797971725464,6.7108873341196285,-7.752154820832472,1.4803575731809777,-0.19834646768318004,42.10703449204
1776284620.5466743,123.19895577430725,6.735132207071023,-7.752066969887525,1.479014923504167,-0.19836494312328326,0.7839015943776125
1776284620.6505315,123.3028130531311,6.759194406416034,-7.751979880363152,1.4776799802617646,-0.19838544674702996,0.23204304107889648
1776284620.6506703,123.30295181274414,6.759194406416034,-7.751979880363152,1.4776799802617646,-0.19838544674702996,0.0
1776284620.6690016,123.32128310203552,6.7830747322163525,-7.751897425354425,1.4763514046964354,-0.1984035675533704,1.3047307514561182
1776284620.672907,123.32518863677979,6.806769442416177,-7.7518176059392125,1.475028045149164,-0.1984200360910028,6.076445943310678
1776284620.6958632,123.34814476966858,6.8302729883607665,-7.7517345471892565,1.473709353933316,-0.19843290278498907,1.025462642200575
1776284620.733261,123.38554263114929,6.853584166327722,-7.751647620823831,1.4723951652880696,-0.19844311856257657,0.6243232568416102
1776284620.7700303,123.42231178283691,6.876705676924053,-7.75156044470543,1.4710856951228966,-0.19845173913435396,0.6298411678793446
1776284620.7784684,123.43074989318848,6.899639582959985,-7.7514732633983545,1.4697802640714193,-0.19845794865738936,2.7223150659146373
1776284620.7960525,123.44833397865295,6.922389246353079,-7.751388826595277,1.4684791134682458,-0.19846261504250248,1.2958876186560404
1776284620.7967124,123.44899392127991,6.944955284120122,-7.75130665108204,1.4671831545922953,-0.19846810799507295,34.25050723722837
1776284620.8769395,123.52922105789185,6.967340363569214,-7.7512311233018805,1.4658931109555133,-0.19847624380998027,0.27948583422912415
1776284620.8895133,123.5417947769165,6.989543528477826,-7.751161627227394,1.4646085367345496,-0.19848667950637916,1.7688006399912566
1776284620.9213092,123.57359075546265,7.0115631725542125,-7.751096549031967,1.4633293193025811,-0.19849690755399052,0.6936998784144366
1776284620.9227536,123.57503509521484,7.033398760156765,-7.751037744409156,1.4620558358277898,-0.1985076816952968,15.143785112776172
1776284620.9955716,123.64785313606262,7.05505229565936,-7.750990502852787,1.4607890798159842,-0.19852281849807796,0.2978741032825985
1776284621.0337389,123.6860203742981,7.076526023906075,-7.750959169371662,1.4595301294296967,-0.19854166231141224,0.5635886939553898
1776284621.0341072,123.68638873100281,7.097818810958817,-7.750944250878239,1.4582789272664565,-0.19856398983407642,57.90453045614407
1776284621.0722396,123.72452116012573,7.118926890655508,-7.750941560778642,1.4570344343263817,-0.19858633442196497,0.5545079350458342
1776284621.1480775,123.80035901069641,7.139848391794082,-7.750948838694412,1.4557968258573488,-0.1986089711119484,0.2763537673478008
1776284621.1986716,123.85095310211182,7.160577722155337,-7.750957093726974,1.4545694931685402,-0.19862468270244757,0.41043594835288466
1776284621.2752235,123.9275050163269,7.181113782258396,-7.7509618957744575,1.4533519430101347,-0.19862961782070546,0.2687342637063035
1776284621.2827487,123.93503022193909,7.201457389732084,-7.750958023848061,1.452143898653055,-0.19862592667384157,2.7081578072918644
1776284621.2912633,123.94354486465454,7.2216128019742225,-7.750944278523342,1.4509461927774339,-0.198614919587598,2.37132340080871
1776284621.291975,123.94425654411316,7.2415912977289345,-7.750931973437098,1.4497614446418323,-0.19860872119647285,28.12164513122291
1776284621.2935963,123.94587779045105,7.261400676051684,-7.750927747449817,1.4485907039427763,-0.19861056740012373,12.239931545433627
1776284621.2999084,123.95218992233276,7.2810391588921535,-7.75092883920097,1.4474327041438901,-0.19861556603210895,3.1166323571958987
1776284621.3945057,124.04678726196289,7.300505161238306,-7.750938455832773,1.4462858705286883,-0.19862363926139315,0.20613431843935512
1776284621.3954654,124.04774689674377,7.319794562768368,-7.750956574676552,1.4451488431589319,-0.19863141896014014,20.13567326920657
1776284621.4403007,124.09258222579956,7.338904174180513,-7.750984581064316,1.4440215697846555,-0.19864119098417843,0.4269591029887685
1776284621.471813,124.12409448623657,7.357829643773906,-7.751021210430587,1.4429034544470083,-0.1986511322760881,0.6016231469974527
1776284621.5371602,124.1894416809082,7.376565281829799,-7.751059054057677,1.4417961179346677,-0.19865716571195297,0.28721005318811793
1776284621.5481262,124.20040774345398,7.395114505795211,-7.751102444501894,1.4407001466589138,-0.19865795287343185,1.6944663399601327
1776284621.6192937,124.27157521247864,7.41348052729606,-7.751149920050483,1.4396144244779088,-0.1986562395122895,0.25851904936454145
1776284621.6734805,124.32576203346252,7.431666537924653,-7.751200547944171,1.4385376769648808,-0.19865455428130332,0.3362058984541205
1776284621.6957316,124.34801316261292,7.449677401101286,-7.751256233865216,1.4374687758844487,-0.1986529915357524,0.8108639994122051
1776284621.7297857,124.38206720352173,7.467515223873363,-7.751318194610388,1.436407487386698,-0.19865593222653463,0.5247387187139697
1776284621.7301805,124.38246202468872,7.485183474554266,-7.751391630215733,1.4353557930353609,-0.1986627952120399,44.82960295115046
1776284621.7772954,124.4295768737793,7.5026802495041265,-7.751474444611259,1.4343135084757148,-0.1986718385475441,0.3720268223044439
1776284621.7776911,124.4299726486206,7.5200023699951135,-7.751567235047575,1.4332807522770297,-0.19868222716985148,43.84596052230108
1776284621.857218,124.50949954986572,7.537148173502152,-7.751672341592189,1.4322574495545402,-0.19869873311478237,0.21598521079369257
1776284621.8844602,124.53674173355103,7.5541098673703555,-7.751781041665253,1.4312445603803245,-0.1987133480983397,0.6237480011679218
1776284621.8883736,124.5406551361084,7.570887170706653,-7.75189277784596,1.4302427456983178,-0.19872234947645576,4.294870848885083
1776284621.8944068,124.54668831825256,7.58748338260087,-7.752009695532112,1.4292526451405652,-0.19872958008400132,2.7557813080634634
1776284621.948996,124.60127758979797,7.603904704344045,-7.75213599583941,1.4282745985047607,-0.19873726092994323,0.30135787383809864
1776284621.96249,124.61477160453796,7.620150752970119,-7.752264821662917,1.4273086323133577,-0.19874297886770387,1.2061088514704472
1776284621.9860487,124.63833022117615,7.636221746707241,-7.7523919183988355,1.4263544928013947,-0.1987477472940324,0.6833930241209258
1776284622.0065024,124.65878391265869,7.652116748959498,-7.752512607942414,1.4254122378572707,-0.19874974402735263,0.7785080541501623
1776284622.1071787,124.75946021080017,7.652116748959498,-7.752512607942414,1.4254122378572707,-0.19874974402735263,0.0
1776284622.1086748,124.76095628738403,7.667834672325981,-7.752623919903253,1.42447998882129,-0.19874832168318396,10.524821472894203
1776284622.117371,124.76965260505676,7.683377464658744,-7.752728261028652,1.4235578542420106,-0.1987449744242368,1.790467304664568
1776284622.1379993,124.79028081893921,7.698749733967006,-7.752831121979469,1.4226469858184778,-0.19874038883008704,0.7465297567763695
1776284622.1638675,124.81614899635315,7.713951827392229,-7.752930844613781,1.421747771082256,-0.19873348138707234,0.5887152799428546
1776284622.2192168,124.87149834632874,7.728986190559528,-7.753030346748983,1.4208598263222578,-0.19872782454959637,0.27210600483727926
1776284622.2433498,124.89563131332397,7.7438546020838865,-7.753135356900306,1.419984037054352,-0.1987241087958798,0.61718695999502
1776284622.2843368,124.93661832809448,7.758555265169095,-7.753248118969811,1.4191208962752864,-0.19872179544635274,0.35929458369291484
1776284622.3072207,124.95950222015381,7.7730939082571355,-7.753366511310904,1.4182230041753485,-0.19792869309043976,0.6365536181226025
1776284622.408091,125.06037259101868,7.787495979673894,-7.753471945491813,1.4170952571461477,-0.1960196246610706,0.14321888972456034
1776284622.4765255,125.1288070678711,7.801775704983437,-7.753555203098511,1.4156390996553712,-0.19310288858851427,0.2097483659473156
1776284622.5200002,125.17228174209595,7.815938792988057,-7.753613521021063,1.413818357605165,-0.1892972320890596,0.32846159083573007
1776284622.5204346,125.17271614074707,7.829993405917672,-7.753653044923177,1.4116270238447108,-0.18477586985368283,32.7452067476541
1776284622.5389307,125.19121217727661,7.843942942070529,-7.753680620033988,1.4090762638506464,-0.17967885928736832,0.7666970512568838
1776284622.6120102,125.26429176330566,7.857780528156152,-7.753697306473401,1.4061877294745915,-0.17404412163839575,0.19343111295570375
1776284622.6510754,125.30335688591003,7.871493447681868,-7.753700026879437,1.4029868605521478,-0.16786661765136654,0.3604631888080128
1776284622.6531012,125.30538272857666,7.885078218017739,-7.7536954955658155,1.3995014639026218,-0.16116600654479998,6.922928359757698
1776284622.6988173,125.35109877586365,7.898525487185035,-7.75368762987226,1.3957606817552575,-0.15395159495313734,0.3053169749096947
1776284622.7672045,125.4194860458374,7.911826725212112,-7.7536802506132245,1.3917916154754169,-0.14623506765705502,0.20297337762601636
1776284622.800458,125.45273947715759,7.924976570291945,-7.753680305000325,1.387620397569934,-0.13803372633742678,0.41486125697822496
1776284622.8245974,125.47687888145447,7.9379642931166945,-7.753692675768374,1.38327236985934,-0.12936171460098445,0.5673801982691952
1776284622.8262742,125.47855567932129,7.9507707239107335,-7.753715439023467,1.37877056673064,-0.12022152507296976,8.09558575584725
1776284622.9276674,125.57994890213013,7.9507707239107335,-7.753715439023467,1.37877056673064,-0.12022152507296976,0.0
1776284622.9286292,125.58091068267822,7.963389192715445,-7.7537598734863336,1.3741353005603074,-0.1106346380740999,13.977168972822176
1776284622.9668925,125.61917400360107,7.975813920770014,-7.753847699861862,1.3693811884783673,-0.10063148097543388,0.34768288699470035
1776284622.967339,125.61962056159973,7.988031425192353,-7.753996536881806,1.364521113772704,-0.09022131065233263,29.446389212336953
1776284622.997003,125.64928460121155,8.0000280943383,-7.754223470484924,1.3595625304976904,-0.07941148856421855,0.4376690457199528
1776284623.0806954,125.73297691345215,8.011788904450617,-7.754545404471041,1.3545113177541657,-0.06819159292684984,0.1529855235197556
1776284623.1007488,125.75303030014038,8.023311282492791,-7.754981634608751,1.349376995376904,-0.056573407530416266,0.6294235712563394
1776284623.1202192,125.77250075340271,8.03459478820694,-7.755553525423105,1.3441679459353926,-0.04457097106200298,0.6389687440846863
1776284623.1361554,125.78843688964844,8.045637564830782,-7.756280190549305,1.3388918332483026,-0.03219601788932785,0.7693225817855524
1776284623.188529,125.84081053733826,8.056424633723246,-7.757173642857656,1.3335542166582084,-0.01943149030899387,0.23043122230508764
1776284623.2009592,125.8532407283783,8.066962936546863,-7.758250587997106,1.3281681117187278,-0.006287722114369803,0.9560468227137575
1776284623.2529628,125.90524435043335,8.077260380181954,-7.7595198742051545,1.3227494521183554,0.007218978767053345,0.225083169930046
1776284623.2636907,125.9159722328186,8.087320697597365,-7.760987803592037,1.3173120403248186,0.021076243306750377,1.0747263762347081
1776284623.2990572,125.95133876800537,8.097170227899504,-7.76266872644128,1.3118728458385212,0.03523039588500521,0.32167269592545744
1776284623.3457534,125.99803495407104,8.106832862137821,-7.764564646743209,1.3064474301271325,0.049625769171364305,0.24076065256090154
1776284623.351246,126.00352764129639,8.116315615544737,-7.766670790848713,1.3010438222003229,0.06424302646093409,2.023716024181629
1776284623.3527355,126.00501704216003,8.125650571615772,-7.7689772732106315,1.295673310452874,0.07902526883394377,7.394781650375149
1776284623.3885937,126.04087519645691,8.134864038888576,-7.771467643612212,1.29034402222924,0.09391726293084118,0.30484571630708784
1776284623.4727294,126.12501096725464,8.143948963649558,-7.774125533584662,1.2850579686856571,0.10892855421948551,0.12885965580039382
1776284623.4818752,126.13415670394897,8.152875873030093,-7.776946005624921,1.2798122326634556,0.12410397470149699,1.1733751488518842
1776284623.4895751,126.14185667037964,8.161642523368151,-7.779919441824533,1.2746085625942618,0.13944296257212913,1.3791611409239484
1776284623.5101545,126.16243600845337,8.170262843287002,-7.783033682901803,1.269449086056847,0.15491297876067234,0.5110958191077559
1776284623.5752754,126.22755694389343,8.178750345635663,-7.786277399796476,1.264337480611256,0.17049499681958616,0.16009212882459595
1776284623.6143193,126.26660084724426,8.187109465195203,-7.789635736549705,1.2592772127430716,0.1861797507127921,0.26463682254084775
1776284623.6470616,126.29934310913086,8.1953440905521,-7.793090625825446,1.2542719013885957,0.20196339375754518,0.3126574382234421
1776284623.6474676,126.29974913597107,8.203456038209602,-7.796621721707252,1.2493254117945387,0.21783622781862408,24.964060836507663
1776284623.7080822,126.36036372184753,8.211453047603213,-7.800214632904984,1.2444384778666,0.2337961992888858,0.16558878884243042
1776284623.8004637,126.45274519920349,8.219327678179297,-7.803855692587105,1.2396104251805078,0.24983974628531316,0.10747398917166029
1776284623.8462408,126.49852228164673,8.219327678179297,-7.803855692587105,1.2396104251805078,0.24983974628531316,0.0
1776284623.8468943,126.49917578697205,8.227072745354546,-7.80753353208375,1.2348402718330715,0.26597328948266113,15.013758794503289
1776284623.8471391,126.49942064285278,8.234680295117085,-7.811241015933108,1.2301278094200159,0.28218987148305613,39.55985157558107
1776284623.8605611,126.51284265518188,8.242147380428834,-7.814975013382728,1.2254732249771372,0.2984862700064116,0.7121523391439168
1776284623.860936,126.51321744918823,8.249482480540765,-7.818728202728763,1.2208781430702649,0.31485540463854533,25.171803058836
1776284623.8869655,126.53924703598022,8.256675572983184,-7.822500314673665,1.2163416810870697,0.3312890287156237,0.357407357984566
1776284623.920415,126.57269644737244,8.26372135943346,-7.826285838115664,1.2118652093492621,0.34778195339541135,0.2740201022227214
1776284623.934703,126.58698463439941,8.270629672825432,-7.830071439009212,1.2074505726882747,0.36433321310570654,0.6320048874597902
1776284623.96752,126.61980152130127,8.27741605365294,-7.833844274987506,1.2030998054224655,0.38094024791163844,0.2712162708731514
1776284623.976988,126.62926959991455,8.28407107909958,-7.837606207224607,1.1988140645597658,0.3975978258273278,0.9256448847202624
1776284624.002139,126.65442061424255,8.290600816477463,-7.841351986656764,1.1945952196136826,0.4143085919855708,0.3431044769487494
1776284624.063204,126.71548557281494,8.296994657381699,-7.845080716583477,1.1904403665226908,0.43106315094304776,0.13900076417389354
1776284624.0755794,126.72786092758179,8.303246690452225,-7.848793213209312,1.1863495451047237,0.4478550030192975,0.6741611332999974
1776284624.0979085,126.75019001960754,8.30937588807833,-7.852478581230835,1.1823252695721291,0.4646922665330542,0.36751724997879537
1776284624.1137726,126.76605415344238,8.31537276271786,-7.856139661967507,1.1783653380877848,0.48156549302039053,0.5083906104902542
1776284624.1477385,126.80001997947693,8.321249508485137,-7.85976961227091,1.1744679744831825,0.4984838893427551,0.23350192815592885
1776284624.1954732,126.84775471687317,8.327005507834793,-7.863368533572435,1.1706299059923466,0.5154406096286578,0.1633688114969866
1776284624.1958623,126.84814381599426,8.332642775715302,-7.866933445095538,1.1668495269442163,0.5324346975648224,19.70378002505557
1776284624.2100296,126.86231112480164,8.33815204183804,-7.870466042481114,1.1631288274230873,0.5494594945931188,0.5313832698411376
1776284624.2181492,126.87043070793152,8.343537509181681,-7.8739618397672055,1.1594680329831366,0.5665206201587797,0.9102550102911
1776284624.2699068,126.92218828201294,8.348794013086021,-7.877427504878902,1.1558686908800269,0.5836125015942556,0.1401219884972069
1776284624.300387,126.95266842842102,8.35391339594829,-7.880870379628174,1.1523273470339328,0.6007124485201659,0.23338304240194135
1776284624.3230953,126.97537684440613,8.358899663355073,-7.884289571228424,1.1488424265981245,0.617823600905213,0.30730563519443704
1776284624.3249326,126.97721409797668,8.363753198216834,-7.887683434511423,1.1454124808734725,0.6349444448246657,3.725097609063467
1776284624.4189868,127.07126832008362,8.368470904320047,-7.891050893109162,1.1420421660181959,0.652068748434262,0.07128749666097037
1776284624.490271,127.14255261421204,8.373078920304527,-7.894368068641962,1.1387343885210395,0.669230058080052,0.09218106394665287
1776284624.4906898,127.14297127723694,8.377587840562892,-7.897628323164362,1.1354874757678608,0.6864449565006024,15.387577038963718
1776284624.490912,127.14319348335266,8.38198933259706,-7.900843487471468,1.1323015028885464,0.7036980791667539,28.4130069956934
1776284624.5568275,127.20910906791687,8.386277366569695,-7.9040173898559685,1.1291754179006892,0.7209782930318206,0.09380646686148159
1776284624.5636232,127.215904712677,8.390441933939732,-7.90715480841785,1.1261086228272128,0.7382672293795416,0.8901514034235383
1776284624.6130624,127.26534390449524,8.394464556263427,-7.9102570120234414,1.123097543660372,0.7555409176159644,0.11944433080940724
1776284624.613437,127.26571846008301,8.39833673864703,-7.9133258046407855,1.1201405421953412,0.7727929565558243,15.373019110108654
1776284624.6984947,127.35077619552612,8.402068904826526,-7.916359400270428,1.11723878059702,0.7900311369739851,0.0660388561988145
1776284624.7086024,127.36088395118713,8.405680110490083,-7.919343039131875,1.1143929003429311,0.8072438139959923,0.542262115373242
1776284624.7395108,127.39179229736328,8.409174824298074,-7.922277319039217,1.1116061361600917,0.82441410731317,0.1729913171566126
1776284624.7401862,127.39246773719788,8.412548768584694,-7.925165259643309,1.1088792151379507,0.8415167071906399,7.715722645439154
1776284624.7952266,127.44750809669495,8.415810513327617,-7.927998875438808,1.1062117363476114,0.8585684575869602,0.09225548639844175
1776284624.8345182,127.48679971694946,8.41896557217498,-7.9307717077267625,1.103602352284558,0.8755878179513668,0.1258508617146439
1776284624.8581183,127.51039981842041,8.422013965045716,-7.933482666768028,1.1010480302687247,0.8925817749133258,0.20394679991039386
1776284624.896533,127.54881453514099,8.424948189091223,-7.936141137223175,1.0985457936831644,0.9095168240232726,0.12192817869047085
1776284624.9038131,127.55609464645386,8.427771150543398,-7.93874626217608,1.096095860753259,0.9263957684875329,0.6258270094260596
1776284624.9530392,127.60532069206238,8.430486459207646,-7.941296648908572,1.0936954080620405,0.9431998630442042,0.09002658590508134
1776284624.9535172,127.60579872131348,8.433085871456578,-7.943797185413978,1.0913447281673407,0.9598939136542293,9.006283318704904
1776284624.9942622,127.6465437412262,8.435557576634904,-7.94625989127652,1.0890423416732986,0.9764595198381437,0.1025975331104693
1776284624.9955988,127.64788031578064,8.43790008313973,-7.948698430260312,1.0867877265559245,0.9928845026124076,3.0407008085326006
1776284625.096715,127.74899649620056,8.43790008313973,-7.948698430260312,1.0867877265559245,0.9928845026124076,0.0
1776284625.1105857,127.76286721229553,8.44010721257351,-7.951128551695131,1.0845823390401703,1.0091493180151592,0.2851204983458875
1776284625.1676452,127.81992673873901,8.44218457987663,-7.953546870713043,1.0824273203161632,1.025249527354815,0.06743999199899947
1776284625.2035143,127.85579586029053,8.444141087774938,-7.955943232842331,1.0803230530394554,1.0412110659391158,0.10430825918074765
1776284625.2094111,127.86169266700745,8.445981429665652,-7.958308354497937,1.0782681987796465,1.057037099016553,0.6161987494660621
1776284625.2323892,127.88467073440552,8.447711499190625,-7.960637875309671,1.0762629709527884,1.0727060592475728,0.153500473636489
1776284625.2847404,127.9370219707489,8.449342163060274,-7.962918418439331,1.0743071491483809,1.0882410137245302,0.06529663051237691
1776284625.3054333,127.95771479606628,8.450876594592941,-7.965148199361825,1.0723998839023021,1.1036390529270323,0.16001694901877736
1776284625.3210695,127.9733510017395,8.452322917575472,-7.967307104762318,1.0705388537504859,1.118936709984877,0.20441482151069473
1776284625.4047852,128.05706667900085,8.453685143600246,-7.969386258220764,1.0687219167017032,1.1341531230068898,0.03677839488651641
1776284625.4103923,128.06267380714417,8.454958362339926,-7.971396414007467,1.0669504678686281,1.1492484073897384,0.529050325343468
1776284625.4580119,128.1102933883667,8.45613463888092,-7.973357242119355,1.065224400288098,1.1642018676107884,0.060162704738496595
1776284625.4600606,128.11234211921692,8.457208375536348,-7.975292213454811,1.063544469007313,1.1789929923088227,1.3561291742058674
1776284625.5275514,128.17983293533325,8.458179062515233,-7.977219359112958,1.0619097073711572,1.193605480665139,0.04011113184073606
1776284625.5353913,128.18767285346985,8.459055940975727,-7.979128125598668,1.0603203409978967,1.20804672696685,0.33598342340571424
1776284625.5607314,128.21301293373108,8.459856514370992,-7.980990457292598,1.058779713528392,1.2223564615868496,0.10047800053056342
1776284625.561471,128.21375250816345,8.46058861371589,-7.982773999199761,1.0572877991770369,1.2365462849681033,3.296200754713267
1776284625.616681,128.26896262168884,8.461250079057518,-7.984470206850139,1.0558450434634532,1.2506239180479914,0.042075124765789916
1776284625.6342242,128.28650569915771,8.461839840961682,-7.986080970852047,1.054446596373474,1.2645888206313998,0.12615518888855184
1776284625.6425629,128.2948443889618,8.462349887028068,-7.987623141753847,1.0530892316133176,1.2784325668941694,0.253853818876407
1776284625.6552022,128.3074836730957,8.462775384432055,-7.989120263555679,1.0517742284641067,1.2921403439542405,0.1612085798192958
1776284625.6802807,128.33256220817566,8.463118765880965,-7.990568949511331,1.0505015973213971,1.3057194324306567,0.07809945341528517
1776284625.7511203,128.40340185165405,8.46337553156778,-7.99198484406187,1.0492689557709791,1.3191219790443598,0.02674707977835187
1776284625.7516084,128.40388989448547,8.46354650198774,-7.993376297331517,1.0480757880391731,1.3323564062102355,3.772065944782864
1776284625.7686272,128.4209086894989,8.463643807175558,-7.994743726164742,1.046921991803878,1.3454252765665522,0.10528406569569507
1776284625.7812974,128.4335789680481,8.463673886255208,-7.996078608620919,1.0458069745405951,1.3583253181089323,0.13729477139492557
1776284625.8751326,128.52741408348083,8.463641891888633,-7.9973658770370495,1.0447303558113132,1.3710770507726122,0.0178872176848332
1776284625.898232,128.55051350593567,8.463541322684094,-7.998636329860283,1.0436982025468904,1.383648271580981,0.07099619091021678
1776284625.9098217,128.56210327148438,8.46337004726236,-7.999894292260795,1.0427080382875102,1.3960457298804678,0.13891914760501128
1776284625.9299483,128.5822298526764,8.463128641205063,-8.001114732799623,1.0417593161460146,1.4083086963418667,0.07773565012980588
1776284626.016327,128.66860842704773,8.46282248544134,-8.002266877974922,1.0408515922169848,1.420432966252881,0.017346623995637658
1776284626.029424,128.68170547485352,8.46245646797579,-8.003334320133067,1.0399845041248525,1.4324266738689433,0.10865887140995249
1776284626.0423114,128.69459295272827,8.462024537044059,-8.004325021572091,1.039156866309173,1.44428930545779,0.1056268267685158
1776284626.0712278,128.72350931167603,8.461526649237534,-8.005261042961003,1.0383689402587064,1.4560071446227365,0.04568105861908718
1776284626.1731408,128.8254222869873,8.461526649237534,-8.005261042961003,1.0383689402587064,1.4560071446227365,0.0
1776284626.1803799,128.83266139030457,8.460963417798066,-8.006169673205733,1.0376193347622968,1.4675766834463346,0.1803620610340526
1776284626.20221,128.85449147224426,8.460336460546728,-8.00709804956648,1.0369102518685573,1.478972844717813,0.06073289791963744
1776284626.2312076,128.8834891319275,8.459647798416421,-8.008057879276143,1.0362414178162977,1.490208249700475,0.04681490188907818
1776284626.2352748,128.88755631446838,8.458899695753026,-8.009025469695924,1.0356123246604683,1.5013078111726108,0.338163231541119
1776284626.2900183,128.94229984283447,8.458098940295303,-8.00999825022732,1.0350196460399441,1.5122823817007163,0.025434979497333282
1776284626.3370206,128.9893021583557,8.457251718325212,-8.010959693433717,1.0344620908094113,1.5231236060845676,0.029732727622099994
1776284626.3375442,128.98982572555542,8.456364733851114,-8.01188812615136,1.0339415993261394,1.5338102632640087,2.646290279479648
1776284626.3492265,129.00150799751282,8.455436921887793,-8.012770858318595,1.033456693089825,1.5443467362537924,0.11721812451689774
1776284626.4380274,129.09030890464783,8.454467819931942,-8.013598135008209,1.0330037301526902,1.5547494176002097,0.01522847074823959
1776284626.470534,129.12281560897827,8.453455940284236,-8.014382072413225,1.032577905499442,1.5650051950720238,0.04149894813209457
1776284626.4730783,129.12535977363586,8.45239974852971,-8.015142700494964,1.0321796303426327,1.575110555381832,0.5350071498529929
1776284626.5009708,129.15325236320496,8.451298708753777,-8.015903307591273,1.0318098792244865,1.5850656182427767,0.049775023069253875
1776284626.529525,129.18180656433105,8.450155525470759,-8.016660692213001,1.0314671806714262,1.5948633716157328,0.04950184664209393
1776284626.5494683,129.20174980163574,8.448973019397217,-8.017386417343001,1.0311522188356397,1.6045111584861171,0.07133963718244697
1776284626.5868332,129.23911476135254,8.447752539752234,-8.018070984441215,1.0308670178704455,1.6140136222056978,0.03822098160161826
1776284626.587929,129.2402105331421,8.446496874532697,-8.018728204373055,1.0306124560566532,1.6233650298067352,1.3140899282078016
1776284626.5944412,129.24672269821167,8.445208428537644,-8.019363055480422,1.0303862230137446,1.6325766371340211,0.22328470380167922
1776284626.6964262,129.34870767593384,8.445208428537644,-8.019363055480422,1.0303862230137446,1.6325766371340211,0.0
1776284626.6970093,129.34929084777832,8.443892369866658,-8.019958591105858,1.0301859348561344,1.6416679539207888,2.5007230591031617
1776284626.71939,129.37167143821716,8.442550942865136,-8.020482581362803,1.0300133634062583,1.650658516953821,0.06480789395785226
1776284626.7308216,129.38310313224792,8.441180978042096,-8.020927271038707,1.0298679305465255,1.6595479752694013,0.1266351591353216
1776284626.7565496,129.40883111953735,8.439786577509974,-8.021334725009558,1.0297528924934203,1.6683158809796381,0.05664102337271582
1776284626.8384407,129.49072217941284,8.438370505640528,-8.021738852103887,1.0296668259096164,1.676935982949969,0.01801322720624124
1776284626.8490906,129.50137209892273,8.436934822206284,-8.022149994552063,1.0296083296273923,1.685406635666019,0.14033336197227017
1776284626.870344,129.52262544631958,8.43548202283342,-8.022549723420058,1.029577059575736,1.69373832498523,0.07091175388164425
1776284626.8824348,129.53471636772156,8.43400683022276,-8.02291257051509,1.0295743328785525,1.701936136010212,0.12564499937839216
1776284626.983209,129.63549041748047,8.43400683022276,-8.02291257051509,1.0295743328785525,1.701936136010212,0.0
1776284626.9951837,129.64746522903442,8.432509385427581,-8.023233482313627,1.0296008398327372,1.7100047467190262,0.12790805649020665
1776284627.0251844,129.67746591567993,8.430987311034837,-8.023516635516195,1.02965509785147,1.717940386133103,0.05163676848950656
1776284627.0262408,129.67852234840393,8.429441073568471,-8.023741755552765,1.0297342564274024,1.7257616358763122,1.4809681306329456
1776284627.0577447,129.71002626419067,8.427873056956722,-8.023908771299823,1.0298343782161203,1.7334630753697915,0.05015445165554359
1776284627.1059983,129.75827980041504,8.426287227712763,-8.02401974594947,1.0299509426294196,1.7410475016045641,0.033033335012416794
1776284627.1130657,129.76534724235535,8.424682089529268,-8.024076591403409,1.030081739801481,1.7485234059260797,0.22801197791361044
1776284627.130706,129.7829875946045,8.423061694688036,-8.024096719569735,1.030229261570586,1.7559005027530745,0.09224423030287027
1776284627.1560981,129.80837965011597,8.42142889360715,-8.024095285427984,1.0303963899192556,1.7631789892929692,0.0646396186537622
1776284627.2414398,129.8937213420868,8.419790643504252,-8.024092303249727,1.0305831982934046,1.7703544807472071,0.01932079349365464
1776284627.2603345,129.9126160144806,8.418152827974321,-8.024092588429628,1.030788584564104,1.7774215236034172,0.08736024991330504
1776284627.270188,129.92246961593628,8.416521349554444,-8.024109630554287,1.031013057916963,1.7843819031165755,0.1671405856922366
1776284627.3179324,129.97021389007568,8.41489475719312,-8.024134096531085,1.0312556996209632,1.7912404608761903,0.03444962652830904
1776284627.3293574,129.98163890838623,8.4132672123249,-8.02414552423661,1.0315158283243802,1.7980075324492792,0.1442659776691682
1776284627.4020917,130.05437326431274,8.411631188818436,-8.024113843720967,1.0317941478314963,1.8046790151362848,0.022820451058543707
1776284627.4357102,130.08799171447754,8.409982269839722,-8.024013308121559,1.0320927679425285,1.8112662681344434,0.04993549810798022
1776284627.4469092,130.0991907119751,8.408323176722334,-8.023843555750148,1.0324094862781241,1.8177606371525397,0.15158159313459116
1776284627.4641912,130.11647272109985,8.406657602919655,-8.023632459389555,1.0327461239769138,1.8241540706444854,0.09908078402577032
1776284627.56546,130.2177414894104,8.406657602919655,-8.023632459389555,1.0327461239769138,1.8241540706444854,0.0
1776284627.5768602,130.22914171218872,8.404994599748656,-8.023429020036364,1.033105005690217,1.8304477395594572,0.15029591370741754
1776284627.6199563,130.27223777770996,8.403342058719607,-8.023268661777111,1.0334842050888517,1.8366465382990704,0.03951766143864931
1776284627.6424632,130.29474472999573,8.401708480827125,-8.023158146068866,1.0338790050083004,1.8427562338166548,0.0748318970856922
1776284627.6846693,130.33695077896118,8.40008694941251,-8.0230700915714,1.034289576339567,1.8487775104246844,0.03968668973890155
1776284627.7465372,130.39881873130798,8.3984756957693,-8.02298877398014,1.0347154857047798,1.854715060070388,0.02696997504059786
1776284627.8322625,130.48454403877258,8.39685845141001,-8.022865707405343,1.0351617266206081,1.8605782844840622,0.019623000583292045
1776284627.8330665,130.4853479862213,8.39522332818356,-8.0226802699743,1.0356267119545086,1.866355211292649,2.1270506570913152
1776284627.8333278,130.485609292984,8.393573632653203,-8.02244074596344,1.0361056325647262,1.8720411856797183,6.637507382351952
1776284627.9343626,130.58664417266846,8.393573632653203,-8.02244074596344,1.0361056325647262,1.8720411856797183,0.0
1776284627.9391344,130.5914158821106,8.391916086104631,-8.022164618473749,1.036595881273628,1.8776422378266662,0.366837720518784
1776284627.9525928,130.6048743724823,8.390260421978175,-8.02187816420567,1.0370967048771798,1.8831506484610494,0.13027555497108126
1776284627.9904482,130.6427297592163,8.388612721567789,-8.021594106275746,1.0376056717539381,1.8885721496493824,0.04616929490362063
1776284627.9909647,130.64324617385864,8.38697344978152,-8.02130250294021,1.0381236696461589,1.8939086838302308,3.376592814565797
1776284628.093413,130.74569463729858,8.38697344978152,-8.02130250294021,1.0381236696461589,1.8939086838302308,0.0
1776284628.1243608,130.77664232254028,8.38534144533024,-8.020993575579991,1.0386499506733007,1.899166669892591,0.05630043149887208
1776284628.156884,130.80916547775269,8.383717731540887,-8.020668425013481,1.0391866955603948,1.9043499311209007,0.053523880519622
1776284628.1831095,130.8353910446167,8.382110962767475,-8.020350995636775,1.0397340121012384,1.9094530846679738,0.06584618048437006
1776284628.191838,130.8441195487976,8.380531610859624,-8.020056276738293,1.0402896194063018,1.9144824578401123,0.19476119089821214
1776284628.2930875,130.94536900520325,8.378973716154526,-8.019757073316036,1.0408562752115071,1.9194328677104282,0.01663746979842544
1776284628.293229,130.94551062583923,8.378973716154526,-8.019757073316036,1.0408562752115071,1.9194328677104282,0.0
1776284628.3012514,130.95353293418884,8.37742921768247,-8.01944467199473,1.041431645661283,1.924304373770959,0.20910867667581143
1776284628.3346083,130.98688983917236,8.375887481710189,-8.019104355904371,1.0420141650823704,1.929097247017708,0.050450800672953836
1776284628.3583918,131.01067328453064,8.374346328407379,-8.018726961272128,1.0426044194653776,1.9338123707188275,0.07118063258445682
1776284628.358768,131.01104950904846,8.372808122822217,-8.018326509471253,1.0432009113109995,1.9384527789252914,4.512508371802321
1776284628.459109,131.11139059066772,8.372808122822217,-8.018326509471253,1.0432009113109995,1.9384527789252914,0.0
1776284628.4814425,131.1337239742279,8.371276601132132,-8.01791653999518,1.0438026246318148,1.9430262454626015,0.0759305776174187
1776284628.4956195,131.14790105819702,8.369757501791588,-8.017504344062708,1.0444084066759003,1.9475340013791873,0.1189649768883304
1776284628.5176153,131.1698968410492,8.368259588374162,-8.017109225637506,1.0450197164557196,1.9519803101774267,0.07571459089981343
1776284628.531456,131.1837375164032,8.366792312146318,-8.016745423179511,1.0456371548722632,1.956374803383234,0.1179809917569508
1776284628.6362364,131.28851795196533,8.366792312146318,-8.016745423179511,1.0456371548722632,1.956374803383234,0.0
1776284628.6589808,131.31126236915588,8.365345642990881,-8.016402371516326,1.0462601902862037,1.9607111048606307,0.07087678841428868
1776284628.6980817,131.35036325454712,8.363914130408062,-8.016066279720857,1.046886748386833,1.9649789298048943,0.0408778974003161
1776284628.7122939,131.36457538604736,8.362494625893342,-8.015723214551702,1.0475163792482605,1.9691761204454568,0.11189885824188728
1776284628.7486277,131.40090918540955,8.361075608921782,-8.015349366767332,1.0481511387280489,1.9732990280381544,0.044004219848306665
1776284628.8203814,131.47266292572021,8.359655377559914,-8.014938248808464,1.0487896588994938,1.9773490889108416,0.022445138220546414
1776284628.8353565,131.48763799667358,8.35823507967906,-8.014499198906947,1.0494320236826011,1.98133566409269,0.10814357768937623
1776284628.8470776,131.49935913085938,8.356824533647833,-8.014057827439164,1.050078744758511,1.9852587223245663,0.1376392096917165
1776284628.855787,131.50806856155396,8.355429518436381,-8.013623939615416,1.0507272388780085,1.9891178989252911,0.18352477311270501
1776284628.9571943,131.60947585105896,8.355429518436381,-8.013623939615416,1.0507272388780085,1.9891178989252911,0.0
1776284629.0014956,131.65377712249756,8.354055482734754,-8.013199644216702,1.0513774403882283,1.9929193129355733,0.03562459912220773
1776284629.0465214,131.69880294799805,8.352704105348366,-8.01279073854262,1.0520314263087251,1.9966605148253296,0.03455784702076375
1776284629.0693314,131.72161293029785,8.351374236948788,-8.012401543101676,1.0526905393377395,2.0003451893361777,0.06726978936045536
1776284629.0993745,131.75165605545044,8.35005837088288,-8.012021652604673,1.053351836198753,2.003971974184341,0.050623861967980154
1776284629.1664042,131.8186857700348,8.348739847508247,-8.01163875851928,1.0540174681134966,2.007538363652713,0.022763586317154087
1776284629.2094934,131.86177492141724,8.347407395235592,-8.011235031234499,1.0546921731311443,2.011041554750304,0.03590562839632174
1776284629.209905,131.86218643188477,8.346064798120542,-8.010819508661363,1.0553735291359456,2.0144865206843314,3.795482859782768
1776284629.2159173,131.86819887161255,8.34472102529737,-8.010402405998546,1.0560576168945492,2.017873580649714,0.26021135082200875
1776284629.3169122,131.9691936969757,8.34472102529737,-8.010402405998546,1.0560576168945492,2.017873580649714,0.0
1776284629.3598924,132.0121738910675,8.3433785916639,-8.009990477856421,1.0567413012039761,2.0212106461576176,0.03633780040765779
1776284629.3976731,132.04995465278625,8.342045970665442,-8.00960311032763,1.0574265991306628,2.0245005547014436,0.0409669207881479
1776284629.4006798,132.0529613494873,8.340720113592997,-8.0092205454511,1.0581158885760205,2.0277412615806742,0.51302865755925
1776284629.4265792,132.0788607597351,8.33939398421308,-8.008815409683061,1.058808985233155,2.030932694110388,0.059854857208596686
1776284629.454779,132.10706043243408,8.338067701446546,-8.008386210032816,1.059506277762733,2.0340818756621317,0.05527266168110074
1776284629.5592556,132.21153712272644,8.33675145916042,-8.007944586002093,1.060211002444817,2.037189084840757,0.014902579620698821
1776284629.559382,132.21166348457336,8.33675145916042,-8.007944586002093,1.060211002444817,2.037189084840757,0.0
1776284629.566259,132.21854043006897,8.335457851194489,-8.007508699626868,1.0609249006906543,2.0402523523660623,0.22400598381951187
1776284629.5970397,132.2493212223053,8.334183252777475,-8.00706647861426,1.061642554705674,2.0432603724777363,0.04964564027987467
1776284629.6272223,132.27950382232666,8.332920028955492,-8.006606626430292,1.0623613724144259,2.046218764934244,0.05050702896212178
1776284629.7672942,132.41957569122314,8.332920028955492,-8.006606626430292,1.0623613724144259,2.046218764934244,0.0
1776284629.7759583,132.4282398223877,8.331657513451406,-8.006117223922377,1.0630784858004716,2.0491262891972033,0.17684686891273663
1776284629.7763052,132.4285867214203,8.330393622828492,-8.005595603542178,1.0637917493779636,2.0519789898856313,4.445553797860407
1776284629.7765431,132.42882466316223,8.32914020728946,-8.005063720575261,1.0645020960157667,2.05478762033734,6.454330539181609
1776284629.781447,132.4337284564972,8.327905474418131,-8.004543893422248,1.065210040565394,2.0575557338866712,0.30899470818244656
1776284629.8846955,132.5369770526886,8.327905474418131,-8.004543893422248,1.065210040565394,2.0575557338866712,0.0
1776284629.8859248,132.53820633888245,8.326701122711182,-8.004058011986444,1.065915705843112,2.060291921082483,1.2023301697725473
1776284629.8984697,132.55075120925903,8.325536712644057,-8.003626285647806,1.0666217065416905,2.0629961664854557,0.11387300692252243
1776284629.9185822,132.57086372375488,8.324403438545309,-8.003222563946611,1.0673295242014742,2.065661822748969,0.06940046038309121
1776284629.9441152,132.5963966846466,8.32330122534072,-8.002848720333661,1.068036297214275,2.068290017940822,0.053330118800578794
1776284630.0097451,132.66202664375305,8.322219914036019,-8.002490406010773,1.0687413651294473,2.070875992779071,0.02041263773934666
1776284630.0591605,132.71144199371338,8.32114156511121,-8.002105078374568,1.0694479264010226,2.0734134408494795,0.027229677707682264
1776284630.0700884,132.7223699092865,8.320052912084865,-8.001664617039271,1.070154460313727,2.07590047928465,0.12541581049935263
1776284630.0704272,132.7227087020874,8.31895327617633,-8.00116956357341,1.0708555744624781,2.0783382662072682,4.117363210771431
1776284630.1685662,132.82084774971008,8.31784441885035,-8.000626044029444,1.071550256024826,2.0807297971868945,0.014437516246352894
1776284630.1735442,132.82582569122314,8.31672836828505,-8.000043429754603,1.0722392264026084,2.083077084743841,0.2883042044909071
1776284630.2062669,132.85854840278625,8.315611400809203,-7.99943914481145,1.0729233827920153,2.0853878086393776,0.044082960032565836
1776284630.2072523,132.85953378677368,8.314517177637649,-7.9988487932850925,1.0736066017256722,2.087667961849603,1.4397138685701065
1776284630.3064861,132.9587676525116,8.313458568538485,-7.998298946875188,1.0742887877991028,2.0899216867594848,0.013847862164238193
1776284630.3182745,132.9705560207367,8.312440945982235,-7.997793687858048,1.0749640581209094,2.0917327918173747,0.11211711650335329
1776284630.3365746,132.9888560771942,8.311482270610664,-7.997335005825819,1.0756202639355679,2.092957092646568,0.06825230938430485
1776284630.3580918,133.01037335395813,8.310581608990317,-7.996923710095537,1.076237366694626,2.093658275547266,0.054221196051608085
1776284630.374674,133.02695560455322,8.309730021619561,-7.996561498079407,1.076798512555046,2.093871108506607,0.06526607508714667
1776284630.4801614,133.1324429512024,8.309730021619561,-7.996561498079407,1.076798512555046,2.093871108506607,0.0
1776284630.5105042,133.1627857685089,8.308910876103715,-7.996241821210361,1.0772984767932607,2.0936255148907708,0.03333613298342768
1776284630.5332706,133.18555212020874,8.308103045283298,-7.995952438194883,1.0777405416530832,2.0929496938826517,0.042399165589846806
1776284630.5543377,133.2066192626953,8.307289137082353,-7.995679295987001,1.0781343054065022,2.0918793380948495,0.04483342279680682
1776284630.5899756,133.2422571182251,8.306449578229744,-7.995398788874269,1.0784879318763734,2.0904368296118907,0.026746909321928677
1776284630.6618712,133.31415271759033,8.305568422729563,-7.995086989309226,1.0788063001263501,2.088643529230565,0.013734180305190849
1776284630.6769583,133.32923984527588,8.304646937426424,-7.994748117886643,1.0790884810299892,2.0865310628998044,0.06771103354788376
1776284630.691314,133.34359550476074,8.303698459758278,-7.994395795806741,1.0793356242961407,2.0841255313420506,0.07255307089726219
1776284630.7042334,133.3565149307251,8.302750519298575,-7.9940679370393815,1.0795516573729107,2.081439362186381,0.07941818914491242
1776284630.7813735,133.43365502357483,8.301802174994199,-7.993768008334975,1.079733590181599,2.0784889673089477,0.013107901573683791
1776284630.80306,133.4553415775299,8.300855990370234,-7.993482396427588,1.0798801633995734,2.0752964409455097,0.046072845716785236
1776284630.8297462,133.48202776908875,8.29990590833023,-7.993182244830787,1.0799929578332519,2.071878003903484,0.0375749005869893
1776284630.8396084,133.49188995361328,8.298943284268425,-7.99284479620199,1.0800716954757525,2.068247516898918,0.10373883463452184
1776284630.9404619,133.59274339675903,8.298943284268425,-7.99284479620199,1.0800716954757525,2.068247516898918,0.0
1776284630.9542458,133.6065273284912,8.297965843774648,-7.992460173173031,1.0801159148992017,2.064414335682208,0.07627163774159836
1776284630.9875915,133.6398730278015,8.296984120955893,-7.992033787183752,1.0801290275783058,2.060401029379627,0.032100098353245995
1776284630.9894996,133.64178109169006,8.296022326110668,-7.991594574025068,1.0801134586840717,2.0562214963779444,0.5542003744526517
1776284631.001413,133.6536946296692,8.29508049991384,-7.991143679274836,1.080066210457718,2.051891552992628,0.08773742554468208
1776284631.1021721,133.75445365905762,8.29508049991384,-7.991143679274836,1.080066210457718,2.051891552992628,0.0
1776284631.1104712,133.76275277137756,8.29415302781597,-7.990675497002426,1.0799852486538362,2.0474262654493147,0.12556657879257402
1776284631.133448,133.78572940826416,8.293237179718657,-7.990181123652475,1.0798709660355712,2.0428341602078137,0.045568738700178045
1776284631.150076,133.80235743522644,8.29232932954578,-7.9896490394810025,1.079723945377517,2.0381201445950214,0.06389854574756097
1776284631.1768687,133.82915019989014,8.291426659319537,-7.989071501882559,1.0795433707452082,2.0332912009068855,0.040560376641184816
1776284631.2764506,133.92873215675354,8.290529732405322,-7.988440964792285,1.079328601260436,2.0283506767387087,0.011219102095350753
1776284631.2898686,133.9421501159668,8.289646766538155,-7.987765672976059,1.0790824491930588,2.023318406279374,0.08485081293466973
1776284631.3074143,133.95969581604004,8.288783957645911,-7.987047590030061,1.0788082834056596,2.0182027495611905,0.06585829132342566
1776284631.3269913,133.97927284240723,8.287950743160165,-7.9862891534257345,1.0785052635503962,2.0130087642222483,0.05959765321710859
1776284631.3456242,133.99790573120117,8.287157713873604,-7.985503808863807,1.0781752814676113,2.007753429135263,0.06246220064558443
1776284631.4460835,134.09836506843567,8.286417784420632,-7.984719068399493,1.0778228246904218,2.0024548876749626,0.011295094869125335
1776284631.4773316,134.12961316108704,8.285718741603588,-7.9839126038937716,1.0774497767508397,1.9971238486104852,0.03618076105079854
1776284631.4862907,134.13857221603394,8.285048800593179,-7.983066126039848,1.0770555619255724,1.9917607241420725,0.1282768483042185
1776284631.513202,134.16548347473145,8.28439531056662,-7.982159347167265,1.076637570140961,1.986354210555463,0.04434280477172297
1776284631.5970309,134.24931240081787,8.283757539380309,-7.981180022387305,1.0761978760297628,1.9809032349538056,0.014895375050630075
1776284631.6209774,134.27325892448425,8.283144951879313,-7.980139992119365,1.0757353231785522,1.975427466137901,0.05397968620634814
1776284631.6362152,134.2884967327118,8.282555255032648,-7.9790352700367375,1.075246134303375,1.9699242268409891,0.08822907468923256
1776284631.6510248,134.30330634117126,8.281995178486484,-7.977882666937698,1.0747306318216594,1.9644083637871514,0.0932688844693639
1776284631.7516305,134.40391206741333,8.281995178486484,-7.977882666937698,1.0747306318216594,1.9644083637871514,0.0
1776284631.7738855,134.426167011261,8.281481953741695,-7.976722708358879,1.0741946496393933,1.9588950072258615,0.06187473168461002
1776284631.7768981,134.4291796684265,8.281023009997769,-7.975577680159841,1.0736410864894943,1.9534031190102161,0.4488035992393638
1776284631.7779005,134.43018198013306,8.280610177715053,-7.9744410741059895,1.0730695221992257,1.9479263836858627,1.3344462927998095
1776284631.79126,134.44354152679443,8.280239259945994,-7.973295366614854,1.0724790553284758,1.9424580338553954,0.10039428379186374
1776284631.9083493,134.56063079833984,8.280239259945994,-7.973295366614854,1.0724790553284758,1.9424580338553954,0.0
1776284631.9513528,134.6036343574524,8.279899479455784,-7.972113473625341,1.071870177257127,1.9369978347478485,0.031910016158189926
1776284631.9814103,134.63369178771973,8.27958304077447,-7.9708879230181156,1.0712399969875537,1.9315385563975596,0.04704138114775309
1776284631.982329,134.634610414505,8.279288835033926,-7.969628697909262,1.0705878579809538,1.9260784305634495,1.576561306006947
1776284631.9983716,134.6506531238556,8.279021660972914,-7.968342385553101,1.069913483920157,1.9206281603678246,0.09205055327822223
1776284632.0922012,134.744482755661,8.278777229022547,-7.967015608627461,1.0692156650098459,1.9151881513934843,0.016187772797184734
1776284632.1055126,134.7577941417694,8.278546593918787,-7.965630826823185,1.068498606356188,1.9097455401071974,0.11842372550706354
1776284632.1183538,134.77063536643982,8.278334820361167,-7.964209351361033,1.0677658942741268,1.9043152947520283,0.12562407132629935
1776284632.1360133,134.7882947921753,8.278149128459452,-7.962785362366375,1.0670189182876915,1.898912145185851,0.09166226475458346
1776284632.2364767,134.88875818252563,8.278149128459452,-7.962785362366375,1.0670189182876915,1.898912145185851,0.0
1776284632.2480116,134.90029311180115,8.277995398634875,-7.961370148954735,1.066256035669413,1.893547885110203,0.14001561351100367
1776284632.268335,134.9206166267395,8.27787434867289,-7.959941341657883,1.0654788265469946,1.8882129076264274,0.08025241525299223
1776284632.3154554,134.9677369594574,8.277775388368292,-7.958469857337234,1.0646870167093283,1.8828919737044987,0.03552445527230755
1776284632.3349879,134.9872694015503,8.27769439002369,-7.956938070772181,1.0638796051654003,1.8775811763813095,0.08874715406228956
1776284632.3359177,134.9881992340088,8.27763374818972,-7.9553564884790635,1.0630546434737498,1.8722871387969506,1.9195249722263328
1776284632.4244816,135.07676315307617,8.277597522830519,-7.953743299787779,1.062212375405186,1.8670154708391749,0.0205523178702701
1776284632.4419713,135.09425282478333,8.277595086095767,-7.952130809726238,1.0613553038596337,1.8617955045360166,0.10441114118134776
1776284632.499087,135.15136861801147,8.277623895158886,-7.95051332820234,1.060486464834541,1.85663235905307,0.03215028638750508
1776284632.5264745,135.17875599861145,8.277678081216251,-7.948884528510801,1.0596046575211153,1.8515308975721623,0.06765791015875303
1776284632.6000993,135.2523808479309,8.277757925645064,-7.947251091910255,1.0587141327032705,1.8464940222160777,0.025292127557430412
1776284632.606765,135.25904655456543,8.277855208118918,-7.945570628388674,1.057816224906529,1.8415003352600803,0.28620960762845904
1776284632.6248772,135.27715873718262,8.277973871395506,-7.943842662475994,1.05690700872352,1.8365565564715156,0.10800328133219225
1776284632.6505854,135.30286693572998,8.278125734697277,-7.942104641036828,1.0559899603768663,1.8316738387639635,0.07666733657938751
1776284632.751987,135.4042685031891,8.278125734697277,-7.942104641036828,1.0559899603768663,1.8316738387639635,0.0
1776284632.755769,135.40805053710938,8.278320244330043,-7.940383895675012,1.0550644640259565,1.8268696795373984,0.5191657578632545
1776284632.7683375,135.4206190109253,8.27854938883352,-7.93866436990888,1.0541289507398566,1.8221336361249674,0.15681328317675083
1776284632.7970984,135.44937992095947,8.278802659331387,-7.936941740929009,1.0531814497689473,1.8174595741980553,0.06892201880609791
1776284632.81057,135.46285152435303,8.279075481084686,-7.935211289586905,1.0522218066044822,1.8128336810402175,0.14827117875801757
1776284632.9113996,135.56368112564087,8.279075481084686,-7.935211289586905,1.0522218066044822,1.8128336810402175,0.0
1776284632.9486635,135.60094499588013,8.279367344511723,-7.9334781643382755,1.0512494665670669,1.8082597088355439,0.053901265778585394
1776284632.9627838,135.61506533622742,8.279675222076012,-7.9317445520541385,1.0502651481203233,1.8037492989822794,0.14285752011533717
1776284632.9971256,135.6494071483612,8.279990074189561,-7.929984196850454,1.0492709331235957,1.799289179683971,0.059579866549815466
1776284633.0238,135.6760814189911,8.280302736893066,-7.928164863454314,1.0482694078146355,1.7948644298440255,0.07873455682507954
1776284633.0951877,135.74746918678284,8.280618980154392,-7.926292950698675,1.0472600869225819,1.7904784006755396,0.030118168177302545
1776284633.122198,135.77447962760925,8.280949302392342,-7.924391627279098,1.046243022587193,1.7861448700423601,0.08076184973517035
1776284633.1669939,135.8192753791809,8.28130580470174,-7.922499408196824,1.0452211320653089,1.7818658563829735,0.04866249875703069
1776284633.167373,135.81965446472168,8.2816907842918,-7.920630589936073,1.0441962645285034,1.7776521107317458,5.713438462368345
1776284633.2121305,135.86441206932068,8.282100809763303,-7.918771094776275,1.0431675643683944,1.773497326379919,0.04835537116629778
1776284633.2533586,135.90564012527466,8.28253435238721,-7.916930096836983,1.0421343313576261,1.769397058829419,0.052274609367957976
1776284633.2567394,135.90902090072632,8.282990937689155,-7.9151157290035,1.0410972412067936,1.7653495662107153,0.6327390374018307
1776284633.2721875,135.92446899414062,8.283468783486859,-7.913316020101483,1.0400541293503562,1.761347504560943,0.13816148527666036
1776284633.2871718,135.93945336341858,8.283959112427205,-7.911488970343647,1.0390082105219225,1.7573909244500723,0.14425644791768003
1776284633.3566842,136.00896573066711,8.284460323134244,-7.909623940045201,1.0379605301486585,1.753472858339524,0.03160711552418528
1776284633.3802297,136.03251123428345,8.284980056442972,-7.907743390186145,1.0369136466769786,1.7496002205048575,0.09403797637244123
1776284633.3952882,136.0475697517395,8.285518399795352,-7.905864927796068,1.03586840093585,1.7457763954511716,0.14716399341057282
1776284633.4034252,136.05570673942566,8.286070271358943,-7.903991999969611,1.034822140059151,1.74199827434307,0.2722375510437305
1776284633.5053082,136.15758967399597,8.286070271358943,-7.903991999969611,1.034822140059151,1.74199827434307,0.0
1776284633.5192633,136.17154479026794,8.286632693980383,-7.902118815351493,1.0337759210591242,1.7382665043394938,0.1589411933979886
1776284633.5509615,136.20324301719666,8.287201717932723,-7.900227324438584,1.0327321852632976,1.7345897778086035,0.07047821929314331
1776284633.56895,136.2212314605713,8.287780765788941,-7.898330463422387,1.0316892933022008,1.7309685944113922,0.12456659811621995
1776284633.6064136,136.25869512557983,8.288364164151007,-7.896393627992464,1.0306499583269106,1.7273936209574539,0.06070366263924777
1776284633.6634195,136.31570100784302,8.288945415146669,-7.894410461539661,1.029614196857942,1.7238655942132757,0.04055061547115383
1776284633.6841545,136.3364360332489,8.289524751164885,-7.892392604151729,1.0285788663422801,1.7203878421084664,0.1128905242312809
1776284633.7052152,136.35749673843384,8.290108122444758,-7.890387714491887,1.027547341946104,1.716966586008251,0.11058209588617492
1776284633.7117193,136.36400079727173,8.29070610850689,-7.88845353072585,1.0265228495444212,1.7135985209113564,0.34885494424018587
1776284633.8123143,136.46459579467773,8.29070610850689,-7.88845353072585,1.0265228495444212,1.7135985209113564,0.0
1776284633.8671372,136.51941871643066,8.29131964066959,-7.886612767412179,1.025503675319241,1.7102862238350633,0.0399777973953669
1776284633.8711758,136.52345728874207,8.291940192780483,-7.88481057883751,1.024494885998726,1.7070249134971929,0.5339834205320719
1776284633.9816182,136.6338996887207,8.29255446155691,-7.882979645207794,1.0234996461308477,1.7038086523390417,0.019671700452090858
1776284633.9823554,136.63463687896729,8.29316082814297,-7.881101286679108,1.0225106029576023,1.700636400329585,2.9948041132694967
1776284634.08691,136.739191532135,8.29316082814297,-7.881101286679108,1.0225106029576023,1.700636400329585,0.0
1776284634.1122391,136.7645206451416,8.293763598463032,-7.879159548032162,1.021528068741755,1.69750726046893,0.08915071816389954
1776284634.1189175,136.77119898796082,8.294363938832971,-7.877157914926015,1.0205523675120602,1.694422968786179,0.34533746407987087
1776284634.1290915,136.78137302398682,8.294967993024132,-7.875136362449794,1.019581662653466,1.691382108536756,0.22827329443995892
1776284634.138352,136.7906334400177,8.2955838981741,-7.873137496133153,1.0186158154471503,1.688384326438403,0.24878335287561387
1776284634.2455804,136.89786195755005,8.2955838981741,-7.873137496133153,1.0186158154471503,1.688384326438403,0.0
1776284634.270777,136.92305850982666,8.296212799467753,-7.871189485781674,1.0176530327563298,1.6854244687091142,0.0897791671161452
1776284634.2987053,136.95098686218262,8.296854039803272,-7.869304688817662,1.016691010400611,1.682509464815061,0.0791718392195342
1776284634.2990868,136.95136833190918,8.297512370399442,-7.86749544358482,1.015727871312816,1.6796383445895615,5.643348691911942
1776284634.313945,136.9662265777588,8.2981853280927,-7.865742171137449,1.0147643236788189,1.6768052386900423,0.14205908237367768
1776284634.326605,136.97888660430908,8.298864807433452,-7.864034423432348,1.0138011119610666,1.674003861953346,0.16390639617553254
1776284634.4286342,137.08091568946838,8.298864807433452,-7.864034423432348,1.0138011119610666,1.674003861953346,0.0
1776284634.4466016,137.09888315200806,8.299547625182228,-7.86232386322455,1.0128440053676306,1.6712401304554083,0.11552252979747393
1776284634.457349,137.1096305847168,8.300228250576268,-7.860579697537978,1.0118938162379731,1.668519053358785,0.195356157794198
1776284634.478435,137.13071656227112,8.300900193016439,-7.858803456262454,1.0109482042146458,1.6658462824606268,0.10061143542550466
1776284634.4878232,137.1401047706604,8.30156304832647,-7.8570031908736055,1.010012360194677,1.662790348171677,0.2273608321565875
1776284634.5592766,137.2115581035614,8.302248198283413,-7.85522292084072,1.009108409400705,1.6592022010854588,0.029542425396998757
1776284634.5745804,137.22686195373535,8.302976934412339,-7.853492391306064,1.008240566466974,1.6551321519802658,0.1351659813680764
1776284634.61457,137.2668514251709,8.303753758474908,-7.851820236264285,1.0074062085807967,1.6506078046603967,0.05060797948258887
1776284634.6295824,137.2818639278412,8.30456968167734,-7.850200175876077,1.0066058478310251,1.6456513535474266,0.1320666320310644
1776284634.7258167,137.37809824943542,8.305407410048776,-7.848613413401,1.005848003107464,1.6402823561039759,0.02024020079475427
1776284634.7457678,137.39804935455322,8.306245422407128,-7.8470351297707355,1.0051474242664216,1.634520650867416,0.09620465239362783
1776284634.7742112,137.42649269104004,8.307062122495063,-7.845445098421899,1.0045215049912488,1.6283875141009139,0.06658609635498218
1776284634.7928379,137.44511938095093,8.307839611783466,-7.843825809735813,1.00398833388116,1.6219076192330848,0.10059372210385513
1776284634.8960397,137.54832124710083,8.307839611783466,-7.843825809735813,1.00398833388116,1.6219076192330848,0.0
1776284634.901095,137.55337643623352,8.308566209039645,-7.842166003319612,1.0035662365172857,1.6151052204299503,0.3680167626088829
1776284634.9081118,137.56039333343506,8.309233305639943,-7.840464616175951,1.0032716925401362,1.6079978807527993,0.26380301955116997
1776284634.919963,137.57224440574646,8.30983150428365,-7.8387283657327576,1.0031158921079317,1.6006025949321285,0.1555140860916194
1776284634.9568055,137.60908699035645,8.310351071986386,-7.8369658998833955,1.0031063181703268,1.5929332527854747,0.04987377410376761
1776284635.0372334,137.689514875412,8.310781130925118,-7.835186856572021,1.0032496543158587,1.5849972080621104,0.022826532285379817
1776284635.0465608,137.6988422870636,8.311109176110946,-7.833403529195552,1.0035522027316,1.5767984020384316,0.19708747395820345
1776284635.076816,137.7290976047516,8.311323075952014,-7.831623547426356,1.0040239015300634,1.5683471219065228,0.06127199442087103
1776284635.1098702,137.76215171813965,8.311405597250879,-7.8298453470338,1.0046746961800723,1.5596467733532806,0.05734072888571138
1776284635.1478162,137.80009770393372,8.311338533453515,-7.8280640568497795,1.0055098950736356,1.5507003577061103,0.051876753001474186
1776284635.1578665,137.81014800071716,8.311111199781289,-7.826270963997174,1.0065387747168137,1.541526066738758,0.20693648003946677
1776284635.1871464,137.83942794799805,8.310713896199905,-7.824453268710269,1.0077740814869398,1.5321409598692661,0.07627572827691238
1776284635.1875257,137.8398072719574,8.310136757726555,-7.822601959869338,1.0092237012629939,1.5225574822398356,6.382728360348793
1776284635.2120683,137.86434984207153,8.309375029251845,-7.820706542396992,1.010895592421694,1.5127885098537464,0.10755629386906149
1776284635.2983963,137.9506778717041,8.308426103586115,-7.8187520420907335,1.0127982318114912,1.5028599808616387,0.033453840772364726
1776284635.3292341,137.98151564598083,8.307291176871157,-7.816728403989404,1.0149435281185977,1.4927824329093808,0.10247104017098688
1776284635.3599288,138.0122103691101,8.305979800407423,-7.8146265760978215,1.0173476938144352,1.482570307939117,0.11246750571318594
1776284635.376788,138.02906942367554,8.30450201329792,-7.812432086234366,1.020020453707369,1.472240064573592,0.2230703993146172
1776284635.4605458,138.1128273010254,8.302872977135268,-7.810128501202032,1.0229684146052471,1.4618364241129171,0.048718180317614906
1776284635.4714174,138.12369894981384,8.301112370445354,-7.807703236842408,1.0261950626386007,1.4513832728887441,0.40506616891321984
1776284635.4851258,138.13740730285645,8.299239368667449,-7.805146792404479,1.0296969466644859,1.4408941116441882,0.3445345096721081
1776284635.505538,138.15781950950623,8.297272538081424,-7.802454122858053,1.0334727754981916,1.4303972441470536,0.24678553636896122
1776284635.5634897,138.2157711982727,8.295230130028829,-7.799624896696031,1.0375208991194722,1.41989031303789,0.09222268479719296
1776284635.5920868,138.24436831474304,8.293133772137994,-7.796651932725884,1.0418349502260016,1.409378801362943,0.19733012536971628
1776284635.622119,138.274400472641,8.291001567361178,-7.793533212700825,1.046410012956297,1.3988674812665929,0.1975645034412253
1776284635.6451511,138.29743266105652,8.288850265528424,-7.790273707493565,1.0512436381347643,1.3883462126604487,0.2698054524855869
1776284635.7159858,138.36826729774475,8.286699033165753,-7.786869585711207,1.0563303914305835,1.3778323673250326,0.09159008466183433
1776284635.7298117,138.38209319114685,8.284566221978661,-7.7833152687580425,1.0616661258336002,1.3673277016419285,0.4886942659188174
1776284635.7596018,138.411883354187,8.282464184098794,-7.779617106757338,1.067246106035721,1.3568309551356939,0.23553046306365405
1776284635.7817645,138.43404603004456,8.280407751193854,-7.775778714569967,1.073067310548827,1.3463480133465235,0.3280156157014795
1776284635.8610356,138.5133171081543,8.278414546644948,-7.771792051208043,1.0791248409029033,1.3358774245147507,0.09487242999082665
1776284635.8613946,138.51367616653442,8.276494391637069,-7.767657126626341,1.0854129331711726,1.3254268894958807,21.631295067879623
1776284635.9467397,138.59902119636536,8.276494391637069,-7.767657126626341,1.0854129331711726,1.3254268894958807,0.0
1776284635.9473133,138.59959483146667,8.274652875357061,-7.763383096324237,1.0919274402273487,1.3150043894856034,13.95674730276565
1776284635.9479485,138.6002299785614,8.272893674576538,-7.758976786311041,1.098663914779945,1.3046061984924149,12.972689125304628
1776284636.008231,138.66051244735718,8.271221005246266,-7.754438260859336,1.105615368977636,1.2942301014117548,0.14048350368507279
1776284636.0106986,138.66298007965088,8.269635807008191,-7.749771553653145,1.112777150243686,1.2838912186927671,3.5231334265108227
1776284636.056547,138.70882844924927,8.26814048961132,-7.7449790171016115,1.1201470115265795,1.2735979375550974,0.1944966847617367
1776284636.085514,138.73779559135437,8.266739625388864,-7.740057302226064,1.1277190790366447,1.2633428848506778,0.3154964986686813
1776284636.1081147,138.76039624214172,8.265436685031105,-7.735002368905718,1.1354865504169214,1.2531239499051674,0.41408594627961853
1776284636.1809762,138.8332576751709,8.264232512927387,-7.729815085062637,1.1434432249140953,1.2429435087700857,0.1314037877950706
1776284636.1996615,138.85194301605225,8.263131493532404,-7.724492387492037,1.1515846626579496,1.2328185847151982,0.5238916474224391
1776284636.2143486,138.86663007736206,8.26214350758534,-7.71902455062606,1.1599066129370212,1.2227409818542347,0.6813077421697642
1776284636.2284594,138.8807408809662,8.26128077258456,-7.713403076477346,1.1684037285336355,1.2126970076051127,0.7246069521049152
1776284636.2922318,138.94451332092285,8.260543073618624,-7.7076353864043385,1.1770727369737606,1.2027027147526632,0.16368346505014078
1776284636.3294685,138.9817500114441,8.259925375714579,-7.701735926759164,1.1859122275651979,1.1927859118144803,0.2858812003035022
1776284636.3400953,138.9923768043518,8.25942127634907,-7.695717519625493,1.1949193745200866,1.1829490832516742,1.0204903388462734
1776284636.3605363,139.01281785964966,8.259026065103702,-7.689586563114136,1.2040899674371814,1.173205851419814,0.5400075348922443
1776284636.4499912,139.10227274894714,8.258744096118427,-7.683337268562614,1.213417907637706,1.1635508713261618,0.12555344296651272
1776284636.4549265,139.10720801353455,8.258580411217887,-7.676961711207758,1.2228967684919043,1.153979063834336,2.314907422793178
1776284636.4794035,139.13168501853943,8.258538427185464,-7.670453359712118,1.232520264084636,1.1444889895278556,0.4746392798880741
1776284636.5142717,139.16655325889587,8.258616789365632,-7.66381180061138,1.2422840402949844,1.1350757037921886,0.33866924663320275
1776284636.5799131,139.23219466209412,8.25880989367609,-7.657041983531188,1.2521855159792208,1.1257395377613515,0.18275236374566944
1776284636.5997639,139.2520453929901,8.259117087026032,-7.650144756863065,1.2622210300437693,1.1164866441183017,0.6136316285308063
1776284636.6165335,139.26881504058838,8.259535500720252,-7.6431235115789,1.2723866212343955,1.1073160716461765,0.7371486546056513
1776284636.6380804,139.2903618812561,8.260058889568462,-7.635983344669028,1.2826804309772804,1.0982288821404274,0.5819265056620858
1776284636.732655,139.38493657112122,8.260682777087679,-7.628726612302803,1.293099908929291,1.0892542559663734,0.1344205912806913
1776284636.7510638,139.4033453464508,8.261403905752022,-7.621353995736704,1.3036426380969812,1.0803905922371915,0.6999409071769904
1776284636.7519763,139.40425777435303,8.26222184380288,-7.613863382986645,1.3143037956055303,1.0716292661356128,14.308213038736831
1776284636.769198,139.42147946357727,8.263133721692073,-7.606253662956551,1.3250788491627639,1.0629601810917644,0.767796390523541
1776284636.8702767,139.52255821228027,8.263133721692073,-7.606253662956551,1.3250788491627639,1.0629601810917644,0.0
1776284636.909388,139.561669588089,8.264130009175865,-7.598529430447608,1.3359674164765372,1.054379093574757,0.34228417212455786
1776284636.9103684,139.56264996528625,8.26520410261306,-7.590692465435148,1.3469680576992011,1.0458995637135537,13.820582484376622
1776284636.9272459,139.57952737808228,8.266356861255979,-7.582736973131024,1.3580754485051312,1.0375230340579753,0.8123903998239925
1776284636.9315479,139.58382940292358,8.267594351937124,-7.5746537386121915,1.3692829890518123,1.0292382582726989,3.2249188833398983
1776284636.9812765,139.63355803489685,8.268917856849857,-7.5664388747325475,1.380586166342053,1.0210412206074067,0.28224341162680255
1776284637.0726318,139.72491335868835,8.270316531609806,-7.558099510037212,1.3919843115151815,1.0129241225418062,0.15535182701002812
1776284637.0976238,139.7499053478241,8.271787801351055,-7.5496369727482815,1.4034773174874982,1.0048834977308219,0.5741085004315795
1776284637.1358297,139.78811120986938,8.273338422705832,-7.5410450510738825,1.4150614288333068,0.9969152381838043,0.3796737703706199
1776284637.1850994,139.83738088607788,8.27496963209894,-7.532321770123246,1.4267351103920256,0.9890314736532699,0.2976261921493062
1776284637.2356613,139.8879427909851,8.27668643170159,-7.52346318202044,1.4384929253348353,0.9812431040965383,0.29312993012724986
1776284637.2841952,139.9364767074585,8.278496489629847,-7.514463519973895,1.4503295879503126,0.973567431072802,0.30863391284765923
1776284637.28458,139.93686151504517,8.280387921982888,-7.505336338543431,1.4622461218181946,0.9660012273939715,39.31576113553181
1776284637.2848158,139.9370973110199,8.282351037037886,-7.49609193742862,1.4742418542336038,0.9585544022798653,64.76457813463861
1776284637.3983152,140.05059671401978,8.282351037037886,-7.49609193742862,1.4742418542336038,0.9585544022798653,0.0
1776284637.4234629,140.07574439048767,8.284371389889248,-7.4867423242250934,1.4863178058516797,0.9512168432765663,0.6125965138892139
1776284637.4289267,140.08120822906494,8.28644287647687,-7.477290546061584,1.498470509851845,0.9439748005547619,2.8431164124889032
1776284637.4503727,140.1026542186737,8.2885709209013,-7.467728052115927,1.5106961627931106,0.9368231132484143,0.7305054192511888
1776284637.4978766,140.15015816688538,8.290758171048317,-7.458047528168208,1.5229907221090337,0.9297562254701196,0.33261245691287833
1776284637.596215,140.24849653244019,8.292999106128766,-7.44824853310507,1.5353514134510018,0.9227691416942879,0.16201209929082125
1776284637.6182132,140.27049469947815,8.295306343855955,-7.438317437025468,1.547774346613533,0.9158717876867706,0.7305640394843493
1776284637.6553292,140.30761075019836,8.297689842461317,-7.4282442139919045,1.5602558362191623,0.9090673485299708,0.4368831619696778
1776284637.6796672,140.33194875717163,8.300136215344468,-7.418038394478022,1.5727953709509797,0.9023494584869838,0.6718653263813069
1776284637.786877,140.43915843963623,8.300136215344468,-7.418038394478022,1.5727953709509797,0.9023494584869838,0.0
1776284637.7957613,140.44804286956787,8.3026395353949,-7.40770568077356,1.5853919847897215,0.8957130637100087,1.8553261202480151
1776284637.7962165,140.44849801063538,8.305207517780007,-7.397242236639433,1.5980429154320595,0.8891568265384239,36.509530253871276
1776284637.796457,140.4487385749817,8.307838474521905,-7.386650488517696,1.6107460177018564,0.8826769764455371,69.617189973786
1776284637.7967072,140.44898867607117,8.310518467611022,-7.375940593459973,1.6235016626026255,0.8762627923549001,67.45198926238969
1776284637.8897715,140.54205298423767,8.313238197643537,-7.365119386264744,1.6363084095051614,0.8699106454235154,0.18251389971107349
1776284637.9182746,140.57055616378784,8.315986301622251,-7.354194341735924,1.6491661376682838,0.863604050620424,0.5997482324844711
1776284637.9187005,140.57098197937012,8.31876610464421,-7.343160719998742,1.6620747065176074,0.8573465816728543,40.41076885677973
1776284637.9332197,140.58550119400024,8.321587350253798,-7.332007490554601,1.6750311349344433,0.8511795502677642,1.193380256520766
1776284637.9489007,140.60118222236633,8.324462382875103,-7.320721608218067,1.688030327632911,0.8451115422694124,1.1130169777693517
1776284638.049345,140.70162653923035,8.324462382875103,-7.320721608218067,1.688030327632911,0.8451115422694124,0.0
1776284638.0682726,140.72055411338806,8.327400174390545,-7.309296091345782,1.7010673722850658,0.8391465425808864,0.9289256406827989
1776284638.076124,140.72840547561646,8.33038457711325,-7.297744044600333,1.7141426491593972,0.83329087971227,2.2544913102300446
1776284638.1301534,140.78243494033813,8.33340847750898,-7.286072274322607,1.727252440877036,0.8275432769434087,0.32965819506328325
1776284638.1315398,140.7838213443756,8.336476689229523,-7.274278234913795,1.7403928136209081,0.8218993840423809,12.92665766056089
1776284638.2115195,140.86380100250244,8.339578383932352,-7.262368935406847,1.7535638023204112,0.8163437591393715,0.2253789072291933
1776284638.2313416,140.88362312316895,8.342708834793253,-7.250347013594654,1.7667662082321711,0.8108735562125291,0.914541437040079
1776284638.27493,140.92721152305603,8.345879864292108,-7.238203407965473,1.779996348073778,0.8054990421604908,0.41837290216611495
1776284638.2793782,140.93165969848633,8.349087428493087,-7.225939015033182,1.7932520107846148,0.8002114895791712,4.123411426247595
1776284638.3614051,141.0136866569519,8.35233394269118,-7.213552009140094,1.8065312279014565,0.7950160420052376,0.22489726704661214
1776284638.4071758,141.0594573020935,8.355607923340221,-7.201048520900339,1.819834767946748,0.7898973950564345,0.40524498912161994
1776284638.408764,141.0610454082489,8.35889420195092,-7.188436692651044,1.833162734471702,0.7848488511174249,11.737975747176238
1776284638.4128702,141.06515169143677,8.362194134143234,-7.175714378480618,1.8465121355143526,0.7798715130225464,4.562215462015066
1776284638.5156822,141.16796374320984,8.365521004948752,-7.1628710866666765,1.8598803030809148,0.774979583815664,0.18319033500706017
1776284638.5225937,141.1748752593994,8.368887500863817,-7.149897127612111,1.8732630818456535,0.7701872315549658,2.740476363587362
1776284638.577106,141.22938752174377,8.372274100841478,-7.136802700952598,1.8866640788998885,0.7654710496816224,0.349278339877924
1776284638.577538,141.2298195362091,8.375670628578165,-7.123594154519931,1.9000824558410048,0.760825317597947,44.286855676900124
1776284638.6357615,141.28804302215576,8.37907124759027,-7.110275130718303,1.9135150212422003,0.7562405745108066,0.3301010914599956
1776284638.6498358,141.30211734771729,8.382482902202097,-7.096839885027641,1.9269608620314962,0.7517263904464324,1.372111717918897
1776284638.6660986,141.31838011741638,8.385891072041256,-7.083294945920714,1.9404200844699755,0.7472633760425506,1.1927053320019045
1776284638.703222,141.35550355911255,8.389288369073581,-7.06964330308491,1.9538909887079559,0.7428416074892474,0.5246693406413085
1776284638.8084087,141.46069025993347,8.389288369073581,-7.06964330308491,1.9538909887079559,0.7428416074892474,0.0
1776284638.865063,141.51734447479248,8.392675463676113,-7.055881940742733,1.967373306166211,0.7384663996566943,0.34526442183153383
1776284638.868647,141.52092862129211,8.396060873370178,-7.042001470378827,1.9808644367752892,0.7341741025268493,5.48259436603681
1776284638.8938546,141.54613614082336,8.399443275199154,-7.028000807295281,1.9943590755730587,0.7299597217866406,0.7829960412748703
1776284638.9202113,141.57249283790588,8.402817546159447,-7.013882503230008,2.007854672782484,0.7258097004384506,0.7520015265878127
1776284638.965915,141.61819648742676,8.406187276480063,-6.9996443951294545,2.0213468743388847,0.7217314934206457,0.43547334442574487
1776284639.0421515,141.6944329738617,8.40955872239581,-6.98528164426728,2.0348351638765148,0.7177303697314541,0.26220683376634163
1776284639.059164,141.71144556999207,8.41294813219697,-6.970784100002272,2.0483196780488364,0.7138280199386633,1.180730128112838
1776284639.0848572,141.73713874816895,8.416337637545212,-6.956161994688044,2.0618013781226003,0.7100003819913571,0.7852474887701432
1776284639.1076775,141.75995898246765,8.419711291443152,-6.941426069832971,2.0752784396611452,0.7062206061558494,0.8874760958050637
1776284639.2085247,141.86080622673035,8.419711291443152,-6.941426069832971,2.0752784396611452,0.7062206061558494,0.0
1776284639.2281542,141.88043570518494,8.423066682268184,-6.9265790464161805,2.0887493446356107,0.7024830610756496,1.035498179428836
1776284639.2506168,141.902898311615,8.426412163162652,-6.911615534087094,2.1022114651565804,0.6988087604993881,0.9083588892956644
1776284639.2719605,141.92424201965332,8.429749584000941,-6.896533862664399,2.115661820315503,0.6951950865674157,0.9596212601628504
1776284639.2898943,141.94217586517334,8.433079850802232,-6.881333505168282,2.129099472544198,0.6916394667508843,1.146433546422672
1776284639.3755581,142.02783966064453,8.436385622256012,-6.8660233880950825,2.142526489448764,0.6881182656916505,0.24082963192115725
1776284639.4152567,142.06753826141357,8.439677661159667,-6.850596527630733,2.155944478896745,0.6846503040835128,0.5216588910640149
1776284639.4397793,142.09206080436707,8.442962637500143,-6.835048736084255,2.169350775716922,0.6812458178289729,0.8478203736996812
1776284639.4580672,142.11034870147705,8.44623399525606,-6.819383821113835,2.1827426439869564,0.6778971117434704,1.1410301988142524
1776284639.5329685,142.18525004386902,8.449484661046831,-6.803605887663973,2.1961204181498557,0.6745889190968792,0.27956496486679
1776284639.5702264,142.2225079536438,8.452716091890279,-6.787713542404224,2.2094808430329285,0.6713241629118253,0.5639643554441398
1776284639.5933688,142.24565029144287,8.45594609233904,-6.771696059169011,2.222826398954787,0.6681277646117091,0.9116326650593222
1776284639.6051075,142.25738906860352,8.459185154373687,-6.755547211441933,2.2361584294033334,0.6650252102184124,1.8051359181725795
1776284639.6831007,142.33538222312927,8.462421685320795,-6.739274801710027,2.2494739142117406,0.6619936003639028,0.2727631621956676
1776284639.7063332,142.35861468315125,8.4656376382648,-6.722889693002528,2.2627731048398965,0.6589993378129385,0.9188318268587772
1776284639.7348332,142.3871147632599,8.468810237609436,-6.706404895246252,2.2760563422497877,0.6560052817714286,0.751119622770438
1776284639.7544584,142.40673995018005,8.471950553137127,-6.689814497256093,2.2893220618156813,0.6530314929451714,1.0941462537911428
1776284639.8569672,142.5092487335205,8.471950553137127,-6.689814497256093,2.2893220618156813,0.6530314929451714,0.0
1776284639.860887,142.51316857337952,8.475074866209184,-6.673108632439499,2.3025672033968725,0.6501036581056321,5.496954516109499
1776284639.902549,142.55483055114746,8.478191738385119,-6.656281609621888,2.315789242493206,0.6472374195783702,0.5190835412606789
1776284639.9108365,142.56311798095703,8.481305955851203,-6.639330786151328,2.328986236480744,0.6444375386068605,2.619255717769751
1776284639.9161346,142.56841611862183,8.48442793138907,-6.622251179194808,2.342156223104548,0.6417201100799764,4.113216976956154
1776284639.9358847,142.58816623687744,8.487542417913033,-6.605051385008823,2.355300117977378,0.6390526771525085,1.1073328484130323
1776284640.0279067,142.6801881790161,8.490637381447945,-6.5877388949383215,2.3684193117008876,0.6364137365231838,0.23843396642524106
1776284640.0862472,142.7385287284851,8.493714787611577,-6.570314065417173,2.3815132898233857,0.6338041343000206,0.37730938497794236
1776284640.0927458,142.74502730369568,8.496777472232015,-6.552775796003361,2.3945831058247937,0.6312286085618435,3.398589814607822
1776284640.1274202,142.77970170974731,8.499836993285106,-6.535118427273094,2.407628720895,0.6287129817077836,0.6392610365488173
1776284640.2255638,142.877845287323,8.502880986122436,-6.5173488518539955,2.420650015801389,0.6262377006451773,0.22659766728438757
1776284640.2646885,142.91697001457214,8.505915403137466,-6.499464008183964,2.433644828894078,0.6238129797678634,0.570344682600634
1776284640.2876124,142.93989396095276,8.50892964819025,-6.481469029081928,2.4466130011340548,0.6214193807099259,0.9764802711938584
1776284640.3373013,142.98958277702332,8.511914849753303,-6.463368586608284,2.459554178984173,0.6190361726740939,0.4518159798101165
1776284640.3883762,143.04065775871277,8.514877894659843,-6.445158458436915,2.472467265303124,0.6166857966273972,0.4409142012200294
1776284640.4184592,143.07074069976807,8.517826547718167,-6.426834087280311,2.4853486120986075,0.6143787269723587,0.7509961142962456
1776284640.4578598,143.11014127731323,8.52077008962143,-6.408390392409808,2.4981976429515735,0.6121281080122718,0.5753739633232207
1776284640.4833403,143.13562178611755,8.523700256693857,-6.389831231837954,2.5110140687426608,0.6099175771363746,0.8926034552783527
1776284640.5492687,143.20155024528503,8.526598326544308,-6.371165690508626,2.523800322918081,0.6077094863953957,0.3459789056663815
1776284640.596461,143.24874258041382,8.529463640057028,-6.352394946983824,2.5365564244372196,0.6055011927829915,0.48472008924552895
1776284640.596865,143.24914646148682,8.532316299043842,-6.333509411233978,2.5492814507516015,0.6033257315130324,56.82500224913773
1776284640.6243649,143.27664637565613,8.535167074758371,-6.314503226912486,2.5619738120061615,0.6011997588130448,0.8375180255502119
1776284640.7078738,143.3601553440094,8.538010827553514,-6.295378585883648,2.5746338031228193,0.5991100539223442,0.27674765104154997
1776284640.72024,143.37252163887024,8.540841679946302,-6.276138634725053,2.587263068188365,0.5970457307198659,1.8751045447102934
1776284640.7550778,143.40735936164856,8.543667490099972,-6.25678090276821,2.59986030736326,0.5950172176874916,0.6678952175753232
1776284640.7922955,143.44457697868347,8.546490686691593,-6.237305280979454,2.6124250581082715,0.593025025195003,0.6273454529083061
1776284640.8829746,143.53525614738464,8.549318181568644,-6.217709873290267,2.6249591225156066,0.5910827376137856,0.2584099867941904
1776284640.883894,143.53617548942566,8.552142852447199,-6.197998888036957,2.637463074205047,0.5891845493094003,25.575653405979857
1776284640.9079337,143.56021523475647,8.554969766311839,-6.1781713725083245,2.649932472730695,0.587341457515969,0.9813970489459942
1776284640.91748,143.5697615146637,8.557800686865733,-6.158228939917307,2.6623647393073036,0.5855536162111248,2.4795155608662127
1776284640.9435787,143.59586024284363,8.560623651610895,-6.138178839758529,2.674761110003342,0.5837946744181666,0.9096697158222422
1776284641.047041,143.6993224620819,8.560623651610895,-6.138178839758529,2.674761110003342,0.5837946744181666,0.0
1776284641.0499,143.7021815776825,8.563415953348882,-6.118031540992972,2.687124689955161,0.5820251989369682,8.325198094217495
1776284641.0653965,143.71767807006836,8.56617793541386,-6.097786511406666,2.6994552779896224,0.5802516850352188,1.5400190881622449
1776284641.130009,143.7822904586792,8.56890783817106,-6.077443861113731,2.7117536789800485,0.578472064489435,0.37032410663490456
1776284641.130514,143.78279542922974,8.571600854615754,-6.057004667658519,2.7240181734901574,0.5766807298325023,47.50403473782385
1776284641.2033784,143.85565996170044,8.57428537711478,-6.036453656514128,2.736250066877048,0.5749234595215607,0.33028345759068045
1776284641.2318609,143.88414239883423,8.576965538962614,-6.0157878182644104,2.74844692873337,0.5732078056694184,0.8477463164974984
1776284641.245122,143.89740347862244,8.57963810360481,-5.99500814250815,2.760606900670887,0.5715276204210789,1.8266993272746461
1776284641.2526712,143.9049527645111,8.582301403418446,-5.974115353717923,2.7727306450623135,0.5698790581958354,3.219111779636434
1776284641.3315215,143.98380303382874,8.584945541478676,-5.953114669771274,2.784816698323582,0.5682432536890005,0.30911778386188
1776284641.3554301,144.00771164894104,8.587575742746585,-5.932004189861036,2.796866711237973,0.5666271983318382,1.0226188051847147
1776284641.3754933,144.02777481079102,8.590207292849751,-5.910777616186691,2.8088800716278324,0.5650593654614443,1.2227326779075285
1776284641.3957605,144.0480420589447,8.592827338790663,-5.889441313933325,2.820857226367883,0.5635163538556697,1.214176698232863
1776284641.4868982,144.1391797065735,8.595444301667708,-5.867992870630789,2.8327985168825585,0.5620082439439387,0.2708827988161329
1776284641.5001051,144.15238666534424,8.598068005162808,-5.846428407006097,2.8447050717877747,0.5605536849648737,1.8757144912920285
1776284641.511766,144.16404747962952,8.600687713333155,-5.824754081963623,2.856578319635286,0.5591271267798505,2.131225599575521
1776284641.5262687,144.17855024337769,8.603296172632891,-5.802974557299096,2.8684190532923464,0.5577230648108253,1.7187750127501487
1776284641.6299314,144.282212972641,8.603296172632891,-5.802974557299096,2.8684190532923464,0.5577230648108253,0.0
1776284641.6891391,144.34142065048218,8.605886844953861,-5.781093580514498,2.8802241102064494,0.5563320240822484,0.42219122019596383
1776284641.705879,144.35816049575806,8.608457874619933,-5.759112694678758,2.8919896312735496,0.5549530444988363,1.4972574991455148
1776284641.7217247,144.3740062713623,8.611007651047824,-5.737032860040471,2.903711612685093,0.5535831579416088,1.5857966281995097
1776284641.7350163,144.38729786872864,8.613532376391603,-5.714854820000099,2.915389368889083,0.5522132637606031,1.895292185235777
1776284641.7579858,144.41026735305786,8.616032062917087,-5.6925773880345245,2.9270249699089157,0.5508418659843546,1.0995924117142115
1776284641.7671745,144.41945600509644,8.618513293204053,-5.6701965854555105,2.938618706096134,0.5494802386293595,2.756366055583682
1776284641.7891376,144.44141912460327,8.62098497646529,-5.647707401121465,2.9501690101069977,0.548142130377928,1.1565936461298059
1776284641.8093457,144.46162724494934,8.623456336704429,-5.625105037604947,2.9616747644176917,0.5468391087885562,1.2610020431823736
1776284641.819078,144.47135949134827,8.625929781167489,-5.602388267529099,2.973137028713561,0.5455760186695837,2.626801978607626
1776284641.950213,144.6024944782257,8.625929781167489,-5.602388267529099,2.973137028713561,0.5455760186695837,0.0
1776284641.9551604,144.60744190216064,8.628411803527818,-5.5795545405821825,2.9845574497675913,0.5443647592995827,5.184685864302252
1776284641.9705584,144.62283992767334,8.630895783953966,-5.556608296897178,2.995933624730777,0.5431927122807112,1.6711003727303178
1776284641.9902096,144.64249110221863,8.633357749595937,-5.533561246237533,3.007270755084075,0.5420196852088194,1.3130153273435499
1776284642.0030947,144.6553761959076,8.635791479626523,-5.510417454280833,3.0185682431343976,0.5408400200523943,2.0076480888556354
1776284642.0501463,144.7024278640747,8.638206514178355,-5.487173561009334,3.0298238819953114,0.5396666134342522,0.5512747311483662
1776284642.0616736,144.7139551639557,8.64062203144372,-5.463821142649872,3.0410357648578885,0.5385324819745364,2.256976939466861
1776284642.0913856,144.7436671257019,8.643042838549723,-5.44035842592957,3.052201043523591,0.5374457528100026,0.8783133997125434
1776284642.0918033,144.7440848350525,8.64546798312669,-5.416786859482716,3.063320351534491,0.5364018645644151,62.66357576813205
1776284642.1628222,144.81510376930237,8.647888689512328,-5.3931107571152985,3.074396460985668,0.5353846322905402,0.3696292189428591
1776284642.1769416,144.82922315597534,8.650306455681335,-5.3693300552814724,3.0854298578525166,0.5343963258720252,1.8645890355532666
1776284642.1894963,144.84177780151367,8.65271135936213,-5.34544919150749,3.0964209521219166,0.5334199314017706,2.1026916725859426
1776284642.276916,144.92919754981995,8.655108303710119,-5.321466411346241,3.10737085104068,0.5324643466243641,0.3028262353223313
1776284642.330535,144.9828164577484,8.65748145301585,-5.29738795203306,3.118281286339781,0.5315064988897882,0.4949992547468932
1776284642.3576477,145.00992918014526,8.6598328542818,-5.273212695852481,3.129151652327734,0.5305546033135873,0.9814891488431717
1776284642.3581204,145.01040196418762,8.662177036590608,-5.248934436637296,3.139979786408884,0.5296293325586628,56.44576062856604
1776284642.381118,145.03339958190918,8.664506159477227,-5.224555048185001,3.150768544982107,0.5287169872826641,1.1636630520910856
1776284642.465244,145.11752557754517,8.666805055796832,-5.2000805007479745,3.161516942531593,0.5277971909939501,0.31891919958964365
1776284642.4656527,145.11793422698975,8.669075291816826,-5.175510067065735,3.172222973997186,0.5268726123580887,65.8206458924599
1776284642.4970882,145.1493697166443,8.671322148529491,-5.1508412160464445,3.182885528250224,0.5259521463467178,0.8578942743783027
1776284642.4974418,145.1497232913971,8.673560345621091,-5.1260672712402915,3.193503631526318,0.5250567034023192,76.49384790042151
1776284642.5789347,145.23121619224548,8.675807837306596,-5.1011804064748,3.2040766896437143,0.5242207428243045,0.33294859736683574
1776284642.6071737,145.25945520401,8.678069648771158,-5.076179294658247,3.2146033701972665,0.5234558030685948,0.9639498676954197
1776284642.6352143,145.28749585151672,8.680325675203175,-5.051073242945148,3.2250851211281213,0.5227276222130153,0.973573969896887
1776284642.6652756,145.31755709648132,8.68255033314787,-5.0258740896782035,3.235524310187749,0.5219914736382759,0.9103568188137469
1776284642.6857111,145.33799266815186,8.684712799459712,-5.000595099928089,3.245925001712657,0.5211923837355036,1.341797221056718
1776284642.7265065,145.37878799438477,8.686805375642829,-4.975238726734319,3.2562879714841273,0.5203179711798404,0.6734126584916139
1776284642.7562718,145.4085533618927,8.688827269757406,-4.949803267557428,3.266609496363287,0.5193668340583282,0.9247073200141428
1776284642.7878141,145.44009566307068,8.690806191420775,-4.924273975921188,3.276889515717925,0.5183884899700176,0.8747739724013662
1776284642.7907548,145.44303631782532,8.692777978067417,-4.898632933659918,3.287128445198236,0.5174452281914512,9.412895902407865
1776284642.8571298,145.50941133499146,8.694781282074242,-4.872862096288813,3.297325696092025,0.5166063521050039,0.41864072140439595
1776284642.8862858,145.5385673046112,8.696822513894633,-4.846959851953437,3.3074753675652127,0.5158775233685056,0.9567371813567854
1776284642.9262962,145.5785777568817,8.698887107000026,-4.820935379305184,3.3175769287865022,0.5152298015575015,0.6996284338840156
1776284642.950083,145.6023645401001,8.700942712754399,-4.794805713377965,3.327634676918917,0.5146021708512194,1.1802305897109242
1776284642.9816294,145.63391089439392,8.702961536417618,-4.768586095797756,3.337650165927694,0.5139480656475977,0.8920175213879621
1776284643.0230331,145.6753146648407,8.704940534577533,-4.742280505988919,3.347622112336151,0.5132586493292904,0.6811402997316198
1776284643.0395555,145.69183707237244,8.70689272677886,-4.715884169087851,3.3575489889668253,0.5125556866074698,1.710932262201781
1776284643.064378,145.71665954589844,8.708821162950825,-4.689394989290058,3.3674300512761923,0.5118448933065511,1.141618698832366
1776284643.1315732,145.78385472297668,8.710745694811349,-4.6628036152142025,3.3772679331606534,0.5111617204355904,0.4229188792616296
1776284643.1396577,145.79193925857544,8.71266260183153,-4.636110918320545,3.387062688587407,0.5105008164743343,3.524949031551755
1776284643.1552737,145.80755519866943,8.714571530577585,-4.6093172263348015,3.3968154771394814,0.5098588652263962,1.8300091395666345
1776284643.162959,145.81524062156677,8.716467705200554,-4.58242517018924,3.4065243424459815,0.5092310852637584,3.728330882015354
1776284643.2581367,145.91041827201843,8.718346999717806,-4.555436065333929,3.4161860634614944,0.508608791906275,0.30183454160247336
1776284643.2671695,145.91945099830627,8.720226731588877,-4.528343576848343,3.425801694459246,0.5080223913132147,3.1894759244342255
1776284643.2935188,145.94580030441284,8.722112576389463,-4.501145444008646,3.4353699292491844,0.5074815043513664,1.096564018983946
1776284643.3154235,145.9677050113678,8.723996874727204,-4.473846294834465,3.44489028189664,0.5069721038786833,1.3226810043633441
1776284643.3878431,146.0401246547699,8.725866500689634,-4.4464534445644786,3.4543633152281115,0.5064728739992996,0.40106285962217314
1776284643.4067461,146.05902767181396,8.727702202663778,-4.418976431424154,3.463791730948438,0.5059529032942695,1.539837665507678
1776284643.4446864,146.09696793556213,8.72947790236424,-4.391425471999156,3.4731779024806517,0.5053643567726279,0.7685780254186162
1776284643.4581363,146.110417842865,8.731198124368188,-4.363797395307883,3.482520995257523,0.5047192375691687,2.1721936618254687
1776284643.5090978,146.1613793373108,8.732888278531943,-4.336080236397992,3.4918202106793723,0.5040612461532658,0.5746367217055481
1776284643.5095055,146.16178703308105,8.734575995439538,-4.30826026431717,3.5010761317114483,0.5034390333076768,72.03376630969183
1776284643.5308068,146.1830883026123,8.736256365866009,-4.28033590363672,3.51029019895843,0.5028426489022051,1.382698213092389
1776284643.5501575,146.20243906974792,8.737946054605173,-4.25229884826378,3.5194621857694646,0.5023067373833571,1.5269438912387374
1776284643.5505056,146.2027871608734,8.739658237931055,-4.2241462702302845,3.5285878876027965,0.5018527030955675,85.16213717651843
1776284643.6616778,146.31395936012268,8.741376339382743,-4.195887360439943,3.53766581257104,0.501448736707768,0.26743109272056786
1776284643.6618044,146.31408596038818,8.741376339382743,-4.195887360439943,3.53766581257104,0.501448736707768,0.0
1776284643.7230313,146.37531280517578,8.743083640563933,-4.16752890761648,3.546696991122482,0.5010689354269382,0.48688966646232895
1776284643.7249079,146.3771893978119,8.744768560358047,-4.139076277968735,3.555679056180092,0.5006978158861584,15.924741731632594
1776284643.7425733,146.39485478401184,8.746411021766976,-4.110534581483374,3.5646091972875547,0.5003060254334909,1.6954730329567267
1776284643.805612,146.4578936100006,8.747992038715955,-4.081917767242457,3.5734862573090003,0.49985391238784693,0.4759563714267465
1776284643.8208296,146.47311115264893,8.749531457444878,-4.053212821076337,3.5823069722426006,0.4993858296271702,1.9759475712610215
1776284643.8294754,146.48175692558289,8.751072089768678,-4.02439515952026,3.591071275182115,0.4989790648638055,3.488445522721366
1776284643.8789008,146.53118228912354,8.752626814034786,-3.995460378497149,3.599773840964825,0.49865381488697386,0.612137893783151
1776284643.961223,146.61350440979004,8.754181713811086,-3.966415112168623,3.6084109967630478,0.49839014154981415,0.36857825349290696
1776284644.0227156,146.67499709129333,8.755709792698903,-3.937271436128553,3.616983452756808,0.4981428329843055,0.4946394143098675
1776284644.023766,146.67604756355286,8.757196472147104,-3.908038869348414,3.6254888906507934,0.4978871239409834,29.01654001871141
1776284644.024409,146.6766905784607,8.758638372265567,-3.878723332377103,3.6339259662737575,0.49761891451346263,47.49430881272324
1776284644.0847907,146.73707222938538,8.76005231511808,-3.8493188124148268,3.6422927629628252,0.4973686717289549,0.5068490751160366
1776284644.099403,146.75168442726135,8.761441139419016,-3.81983139503129,3.650588698858373,0.4971380129974282,2.098496474472412
1776284644.1534805,146.805762052536,8.76280288524081,-3.790265711439077,3.658812604167759,0.49692244822243126,0.5680416469243234
1776284644.1621516,146.81443309783936,8.764128131037834,-3.7606339770675814,3.666964997312734,0.4967058421531689,3.5475882330714383
1776284644.2229195,146.87520098686218,8.765390653885797,-3.7309657521372235,3.675052714596139,0.49644109501953443,0.5064641280239031
1776284644.2404861,146.89276766777039,8.766597035160547,-3.70127229259119,3.683078144832906,0.4961389578274381,1.7523250176389078
1776284644.2680988,146.9203803539276,8.767770791383718,-3.671543164602266,3.6910425677972167,0.4958340835474123,1.115423913330499
1776284644.302331,146.95461249351501,8.768927476389573,-3.6417783674668334,3.698947546355299,0.4955338933246589,0.9002748612357823
1776284644.306194,146.9584755897522,8.77005984752244,-3.611982756653369,3.7067932107784562,0.49523620889315373,7.981175039159813
1776284644.42927,147.08155155181885,8.771168981321031,-3.5821609579171376,3.7145764257560328,0.49493997753487445,0.25058258041772336
1776284644.4309187,147.08320021629333,8.772261197161884,-3.5523148809387552,3.7222913556842534,0.49465071502563684,18.709941678608693
1776284644.431323,147.0836045742035,8.773336408296043,-3.5224459834675486,3.72993588214177,0.4943681123437865,76.29473413390642
1776284644.4316335,147.08391499519348,8.774398782251794,-3.4925615542914796,3.7375113695660693,0.4940880845839543,99.3745484922728
1776284644.5535424,147.20582389831543,8.775456800606559,-3.4626687927581865,3.7450181866266683,0.4938044964894905,0.2529682401545517
1776284644.555891,147.20817255973816,8.775456800606559,-3.4626687927581865,3.7450181866266683,0.4938044964894905,0.0
1776284644.5565228,147.20880436897278,8.776496296375889,-3.4327837371294456,3.752457017946539,0.4935079466368555,48.771839235973786
1776284644.557327,147.2096085548401,8.777501964843577,-3.4029263754983523,3.7598308960575406,0.49318808398661307,38.263401932519045
1776284644.5772672,147.22954869270325,8.778452908745189,-3.373121904711095,3.767147077529264,0.49285112124888797,1.5398101749380932
1776284644.6313171,147.28359866142273,8.779326268889394,-3.343397952369871,3.774407563801042,0.4924958252643467,0.5663334420466708
1776284644.653089,147.30537056922913,8.780145742151122,-3.3137461005572675,3.7816082949002396,0.49213853342892533,1.402020084210013
1776284644.653693,147.30597448349,8.780945271618489,-3.28415422221062,3.7887445379917706,0.4917811375063201,50.42220600106864
1776284644.665846,147.3181276321411,8.781760739742536,-3.2546072345100336,3.7958156135046797,0.49141251666847047,2.5007726561938717
1776284644.766479,147.4187605381012,8.781760739742536,-3.2546072345100336,3.7958156135046797,0.49141251666847047,0.0
1776284644.786607,147.4388885498047,8.782603779158423,-3.2251051083220963,3.802819022566448,0.4910189728239206,1.5070395167409096
1776284644.8021748,147.4544563293457,8.783445784266783,-3.195667724769131,3.809755953820478,0.4906005334550729,1.9434631013775527
1776284644.8400993,147.49238085746765,8.784259564441413,-3.166318713213513,3.8166275455312957,0.49017140740229664,0.7950975075540668
1776284644.8522596,147.50454115867615,8.785012135762308,-3.137085466064302,3.8234307299661126,0.4897466629711461,2.469006620460754
1776284644.9678495,147.6201310157776,8.785693655245591,-3.107981838990573,3.8301604058916556,0.48934982116472875,0.25849435790053704
1776284644.9689755,147.62125706672668,8.786314422886688,-3.0790164729802516,3.8368200566541826,0.4889890999991279,26.399849181315954
1776284644.9737885,147.626070022583,8.786909640523934,-3.0501798005300933,3.8434127314749342,0.4886404099564572,6.147298176576564
1776284645.007393,147.65967440605164,8.787513912178893,-3.021462691455349,3.8499405996098526,0.4882742672716832,0.8765495958739951
1776284645.0565958,147.70887732505798,8.788128860846244,-2.992867555081149,3.8564003530368565,0.4878880816058734,0.5959432737983346
1776284645.069481,147.72176241874695,8.788760041333678,-2.9643990742305575,3.8627923418376247,0.48747763111095654,2.2649487105285844
1776284645.0870411,147.73932266235352,8.78939884391668,-2.936069991914541,3.8691128203340517,0.48704633054439245,1.6533157229626012
1776284645.1095304,147.76181197166443,8.790027843246088,-2.9078946311423866,3.8753620519245704,0.48661683988958776,1.2835844300678259
1776284645.1269474,147.77922892570496,8.790632942772454,-2.879882049990398,3.881541601452927,0.4862074040745809,1.647387209495294
1776284645.1916997,147.84398126602173,8.791212503577077,-2.8520359264709176,3.887649715254394,0.48582714033122554,0.44035564580848574
1776284645.2012527,147.85353422164917,8.791765613952714,-2.824360446798809,3.893683255881715,0.48548163114211446,2.9656719127991025
1776284645.256623,147.90890455245972,8.792299074659278,-2.796855108618346,3.8996410001095203,0.4851652609208975,0.5083630688645875
1776284645.2740982,147.92637968063354,8.792826800844797,-2.769513291885706,3.905519380003532,0.4848581089090042,1.6006504088475022
1776284645.3535357,148.0058171749115,8.79336638658308,-2.742328341291818,3.911315193667863,0.4845329952819595,0.3499752095964371
1776284645.3551266,148.00740814208984,8.793923312100137,-2.715298677036944,3.9170239035117294,0.4841762304298701,17.36776563475748
1776284645.3622134,148.01449489593506,8.794486006330462,-2.6884309606103045,3.922645276456988,0.4838051395825542,3.8741641988619393
1776284645.3803062,148.03258776664734,8.795043773473852,-2.661732541478039,3.928178767597664,0.4834384743558595,1.507307930314009
1776284645.4657154,148.11799693107605,8.795592933958373,-2.635208095859915,3.9336253197658606,0.4830824844878775,0.31710227113553696
1776284645.4661002,148.11838173866272,8.796121698004157,-2.608864260238288,3.9389844372503773,0.48275545521404284,69.87547031677262
1776284645.5308354,148.1831169128418,8.796621889182463,-2.5827064352966977,3.944258038754791,0.48247694425136495,0.4122768769964892
1776284645.5355573,148.1878387928009,8.797100925066989,-2.556733005542467,3.949445172298496,0.48223346323771854,5.61019270960183
1776284645.59584,148.24812150001526,8.797588082063449,-2.530933797781653,3.95454968925476,0.4819733464527046,0.4363415552355845
1776284645.6642432,148.3165247440338,8.79810499102371,-2.5053009936454305,3.9595715355236267,0.481658257692143,0.3819294525955139
1776284645.6647522,148.3170337677002,8.798631924761613,-2.4798431059326362,3.9645081772889808,0.481323475833727,50.95532413118991
1776284645.6650112,148.3172926902771,8.799152432368613,-2.454569126013472,3.9693589719860207,0.48100017032943415,99.41402715823389
1776284645.729906,148.38218760490417,8.799652349607156,-2.4294865314117606,3.9741241750492056,0.48071263539487197,0.393499616361687
1776284645.7372296,148.38951110839844,8.80012169255983,-2.404599453117156,3.9788017460381178,0.48048080255067604,3.458343581183102
1776284645.7722542,148.42453575134277,8.800561385017026,-2.379907790548279,3.9833925200192315,0.4802997827894299,0.7171708554151572
1776284645.7943466,148.44662809371948,8.800984992981432,-2.3554057398834702,3.987899085911682,0.4801455671137111,1.127840676096978
1776284645.8250008,148.4772822856903,8.801421065659577,-2.331081606626035,3.992324633307552,0.47996493300503806,0.806652950230276
1776284645.8366141,148.48889565467834,8.801880177071634,-2.30693078406543,3.9966677453873936,0.4797361943045174,2.1132995188309267
1776284645.884296,148.53657746315002,8.802340797911851,-2.282961976314143,4.000930347871998,0.47949913257641197,0.5106610896360071
1776284645.9111688,148.5634503364563,8.802792131591968,-2.2591806594106387,4.005113438314484,0.4792795191247732,0.8986992496675215
1776284645.918013,148.57029461860657,8.803232579270059,-2.2355879923940774,4.009216737724282,0.47907763336272924,3.4994009106462998
1776284645.9507184,148.6029999256134,8.803664989307347,-2.2121834202781443,4.013241053109938,0.4788888481344819,0.72624208057729
1776284645.9876132,148.6398947238922,8.804106856015112,-2.1889601293710252,4.017187004982014,0.4786787955983051,0.6385801241404694
1776284645.9977152,148.64999675750732,8.80456242813591,-2.1659159128035292,4.021051976662061,0.47843922848089887,2.3134476227754104
1776284646.0069642,148.6592457294464,8.805022240890667,-2.143055070211831,4.024833934636741,0.4781879171552061,2.5058054982896745
1776284646.104311,148.75659251213074,8.805022240890667,-2.143055070211831,4.024833934636741,0.4781879171552061,0.0
1776284646.1049573,148.75723886489868,8.805460902637986,-2.1203881640626596,4.028534472595212,0.4779780796811316,35.53969224836759
1776284646.1051998,148.75748133659363,8.805872707179882,-2.097917386062178,4.0321519193323025,0.4778181448634975,93.88236874422233
1776284646.1575506,148.80983209609985,8.806275620024506,-2.0756353167827277,4.035689793615673,0.4776706472598313,0.43103070184061243
1776284646.1579733,148.8102548122406,8.806682420327617,-2.0535359840538865,4.0391481885925415,0.47750738908051094,52.92441001957122
1776284646.195732,148.84801363945007,8.80710597707049,-2.031614250329538,4.042530224702843,0.4773009594943875,0.587548165553091
1776284646.2132878,148.86556935310364,8.807535765921692,-2.0098740920640554,4.0458364454322995,0.47707646456766667,1.252829967313685
1776284646.2289476,148.8812291622162,8.807957341252143,-1.9883217026349846,4.0490668385715765,0.47686075641204784,1.3919209703911846
1776284646.2451794,148.8974609375,8.808351674744227,-1.9669647285240093,4.052221221090624,0.4766906602390492,1.3302467591415652
1776284646.345493,148.99777460098267,8.808351674744227,-1.9669647285240093,4.052221221090624,0.4766906602390492,0.0
1776284646.413756,149.06603741645813,8.8087108803125,-1.9458059431744705,4.055302663770859,0.47658153245558554,0.3132746083476479
1776284646.4204364,149.07271790504456,8.809034884311473,-1.9248441469251005,4.058310365782597,0.47653276330485345,3.170270427004443
1776284646.4546866,149.10696816444397,8.809339899299749,-1.9040713361282036,4.061244798035591,0.4765137210469907,0.6125871187325925
1776284646.4550648,149.10734629631042,8.809638035143577,-1.883480315457383,4.06410768801453,0.47650246331994955,54.98406696953079
1776284646.5312543,149.18353581428528,8.809932796090179,-1.8630680758872415,4.066898502791089,0.4764931906949154,0.2704341624292365
1776284646.5456202,149.19790172576904,8.810244813593012,-1.8428268381565764,4.069620278509552,0.47644406502891595,1.4218238465876927
1776284646.5647573,149.2170388698578,8.810588120618613,-1.8227514951303736,4.072275131324186,0.4763337107973643,1.058310306657083
1776284646.588201,149.24048256874084,8.81095429771812,-1.8028464988923407,4.07486099817704,0.4761828035526391,0.8563323956556127
1776284646.6515124,149.30379390716553,8.811333097039912,-1.7831173931202022,4.077377620374416,0.4760109657645755,0.314202388616457
1776284646.6612089,149.3134903907776,8.811718741765423,-1.7635677037050745,4.079823208891936,0.4758321314642456,2.032266233017861
1776284646.7196906,149.3719720840454,8.812098674004366,-1.7442033336651988,4.082196573944935,0.47567151127088064,0.3336594737434801
1776284646.7243612,149.37664270401,8.81247335146839,-1.7250245668920974,4.084496385645685,0.47552848912645485,4.136452674919636
1776284646.756302,149.40858364105225,8.812834301674878,-1.7060343394443858,4.086722526226569,0.4754160571214865,0.5987197314001574
1776284646.8331287,149.48541021347046,8.81318882343948,-1.6872297339981117,4.08887640151452,0.4753181405136635,0.24641051903616173
1776284646.8338063,149.48608779907227,8.813546701724091,-1.6686063313442194,4.090960391694525,0.47521326399492275,27.661535045559905
1776284646.8605711,149.5128526687622,8.813899445639871,-1.6501663321620257,4.092976595963085,0.47512072921407855,0.6931941012495564
1776284646.8704693,149.5227508544922,8.81425569804227,-1.6319057976393305,4.0949281171003635,0.47502474763458613,1.8556909897362024
1776284646.971995,149.624276638031,8.81460869574055,-1.6138265942603602,4.096816631331608,0.47493655725791606,0.17907764278238303
1776284646.9835787,149.63586020469666,8.81460869574055,-1.6138265942603602,4.096816631331608,0.47493655725791606,0.0
1776284647.0202754,149.67255687713623,8.81496852729019,-1.5959244862170745,4.098643059905526,0.47483549344295356,0.4904704398468303
1776284647.034015,149.6862964630127,8.815331282975688,-1.5782009333020106,4.100407510757009,0.47473101014843,1.2966081588764418
1776284647.0566635,149.70894503593445,8.81569764587931,-1.5606559886875933,4.102111165980803,0.4746201180238979,0.7784716430663043
1776284647.0795984,149.7318799495697,8.816084697822419,-1.543283338194828,4.103754390451045,0.47446907421534495,0.7610442052787334
1776284647.1071038,149.75938534736633,8.816494410103715,-1.5260825446447015,4.105338381267335,0.47427495751758125,0.6281832924130393
1776284647.1079261,149.76020765304565,8.81691858124579,-1.5090575810944358,4.10686309934255,0.4740543409333478,20.79319768681463
1776284647.1254077,149.77768921852112,8.817344570951812,-1.4922137070818289,4.108328937225535,0.47382423896042275,0.9674706535071377
1776284647.2064748,149.85875630378723,8.817748885981871,-1.4755592844450378,4.109736625228296,0.47362618325106604,0.20623286932728546
1776284647.2205424,149.87282395362854,8.818110687688089,-1.4591013453300612,4.111086937527415,0.4735026643049586,1.174126698571841
1776284647.2665963,149.91887784004211,8.818429072273668,-1.4428381267133485,4.112379908931986,0.47345144752017154,0.35431627499590596
1776284647.2997377,149.95201921463013,8.818709596637134,-1.4267644518415954,4.113618293272581,0.473460018963309,0.4865142193213866
1776284647.3261042,149.9783856868744,8.818972541282882,-1.4108703212034348,4.114804142285245,0.4734890889350712,0.6045737018852605
1776284647.3593528,150.011634349823,8.819232801687598,-1.3951475967232625,4.115937653630301,0.4735103813070577,0.47417484049169434
1776284647.37988,150.0321614742279,8.81947914138669,-1.379598402103585,4.117017249927247,0.47354840698065304,0.7594134719763573
1776284647.3829663,150.03524780273438,8.819723314547462,-1.3642179380396215,4.118045255615178,0.473581660300136,4.995163227855984
1776284647.4108407,150.06312227249146,8.819998255866857,-1.348994629230773,4.119026142531577,0.4735475170397278,0.5473594483514445
1776284647.4234152,150.07569670677185,8.820302893008932,-1.333929005565637,4.119958162785964,0.47345371740192604,1.2006503719360742
1776284647.4331667,150.08544826507568,8.820637017933239,-1.319023142914786,4.120842755297658,0.47329942725131896,1.5316347480797357
1776284647.4609058,150.11318731307983,8.820984953015026,-1.3042854265224972,4.121682237704499,0.47311704087397305,0.5323075978819154
1776284647.4613836,150.11366510391235,8.821330256986416,-1.289723932065882,4.122476517108211,0.47293466766390646,30.53057428204628
1776284647.5369494,150.18923091888428,8.821655700138763,-1.2753466740123451,4.123226273749278,0.47278570042942025,0.1905686073749341
1776284647.5713837,150.22366523742676,8.821948904171215,-1.2611585651010786,4.1239300715755265,0.4726971403495918,0.4126284534998851
1776284647.5772493,150.22953081130981,8.822218812307593,-1.2471554153957392,4.124588995664673,0.47264897921983706,2.3904297322903987
1776284647.6342607,150.28654217720032,8.822487427064289,-1.2333268356880769,4.125204905882704,0.47259587735401415,0.24284447018459368
1776284647.702025,150.35430645942688,8.822753441677673,-1.219671140423845,4.12577736507516,0.4725402248081588,0.2017327865569256
1776284647.7034183,150.35569977760315,8.82301225315042,-1.2061880327134649,4.126306042158282,0.47248707611328317,9.686194150769243
1776284647.7211058,150.37338733673096,8.823261942671866,-1.1928766275106533,4.126791231564884,0.4724407566547245,0.7532178163354253
1776284647.7267623,150.37904381752014,8.823507518801964,-1.179734733442814,4.1272352153015905,0.4723941613602448,2.3250648469796125
1776284647.8413255,150.49360704421997,8.823741873466957,-1.1667646428432417,4.1276377793228916,0.47235926638069914,0.11328637385135171
1776284647.8414497,150.49373126029968,8.823741873466957,-1.1667646428432417,4.1276377793228916,0.47235926638069914,0.0
1776284647.88622,150.53850150108337,8.823976577822128,-1.1539622391360416,4.1280020436622795,0.4723114570964885,0.28612165030991255
1776284647.8881536,150.5404350757599,8.8242073593384,-1.1413284113749604,4.12832752039928,0.4722591102454276,6.537180435812979
1776284647.8884282,150.540709733963,8.82441776789175,-1.1288690500823018,4.1286139361900975,0.47223738708403457,45.381600948677
1776284647.9896822,150.64196372032166,8.82441776789175,-1.1288690500823018,4.1286139361900975,0.47223738708403457,0.0
1776284648.0066936,150.65897512435913,8.824607129452897,-1.1165837281518871,4.128860550928069,0.4722482655177684,0.7224127951536267
1776284648.026673,150.67895460128784,8.824777758482243,-1.1044703809398007,4.129068794138406,0.4722891387906413,0.6064392279411172
1776284648.0496716,150.70195317268372,8.8249358328635,-1.0925257897182772,4.1292390626833,0.4723490837042964,0.5194605506476923
1776284648.0531707,150.7054522037506,8.82509931358222,-1.0807427512435015,4.12937475654663,0.4723994218150092,3.3680620454078416
1776284648.1555307,150.8078122138977,8.82509931358222,-1.0807427512435015,4.12937475654663,0.4723994218150092,0.0
1776284648.187288,150.83956956863403,8.825282493452265,-1.069115186778846,4.129477104992784,0.47240970577472596,0.3661973031391919
1776284648.2197158,150.8719973564148,8.825282493452265,-1.069115186778846,4.129477104992784,0.47240970577472596,0.0
1776284648.2203228,150.8726043701172,8.825500687717431,-1.0576380951704736,4.129547820806471,0.47235351343540855,18.91124247759301
1776284648.2295482,150.88182973861694,8.825769429021944,-1.0463082869006284,4.129590502669409,0.47220568877658126,1.228468591380728
1776284648.2400458,150.89232730865479,8.826063380835059,-1.0351378862959961,4.12960534007508,0.47201350755547067,1.0644632474439453
1776284648.341022,150.99330353736877,8.826063380835059,-1.0351378862959961,4.12960534007508,0.47201350755547067,0.0
1776284648.4025717,151.05485320091248,8.826371477572247,-1.024133228577519,4.129590097397702,0.47179667651858487,0.17886337105615635
1776284648.4297638,151.08204531669617,8.826679716277138,-1.0133016671320412,4.129542716564728,0.47158116743826456,0.3984997002947239
1776284648.4589398,151.11122131347656,8.82695417955525,-1.002657168920206,4.129465795302734,0.4714310859888341,0.3649682988189662
1776284648.476789,151.129070520401,8.827178444075132,-0.9922051101345634,4.129358396162162,0.4713746185803897,0.5857412131171215
1776284648.4962134,151.14849495887756,8.827367954271098,-0.9819376008353708,4.129222875334682,0.47137858670257693,0.5287232504256143
1776284648.5597692,151.21205067634583,8.827527460439983,-0.9718493019062704,4.129061311829542,0.4714351948974488,0.15877176278133673
1776284648.6010077,151.25328922271729,8.827669378382952,-0.9619322636509834,4.12887429833234,0.4715160152578588,0.2405471950343768
1776284648.6414852,151.29376673698425,8.82782339602142,-0.9521730852317374,4.128665163058256,0.4715692258698403,0.24118659869257172
1776284648.650677,151.30295848846436,8.828002035833016,-0.9425646352976463,4.1284312513484425,0.47156908284842997,1.0458242638851423
1776284648.7487059,151.4009873867035,8.828002035833016,-0.9425646352976463,4.1284312513484425,0.47156908284842997,0.0
1776284648.7566671,151.40894865989685,8.828195108722007,-0.9331095944528545,4.128171364922242,0.4715326274328125,1.188325279814111
1776284648.7574244,151.40970587730408,8.82839383064523,-0.9238120237266897,4.127886716360908,0.47147852420508607,12.28715740708876
1776284648.7810812,151.43336272239685,8.828618749316142,-0.9146664281072882,4.127584376375045,0.4713715016420963,0.3869220716041662
1776284648.7977421,151.45002365112305,8.828867117148887,-0.9056753898309641,4.127264206340052,0.471219311595675,0.5401958590037
1776284648.8931112,151.54539275169373,8.829109166228514,-0.8968515500392444,4.126925429706901,0.471072632653854,0.09262599222855407
1776284648.9368486,151.58913016319275,8.82931600866509,-0.888205729173866,4.126564188660823,0.4708451043179009,0.19790462512878443
1776284648.9463377,151.598619222641,8.829585883083167,-0.8796955596508255,4.126122749339699,0.470102971249357,0.8984961422993144
1776284648.954293,151.60657453536987,8.829998909708928,-0.8712880994671259,4.125532159104856,0.46874636222093424,1.0607115579883373
1776284649.0397992,151.69208073616028,8.830556518609752,-0.862977740097563,4.124747121731508,0.466806624798928,0.09784038786501778
1776284649.0455112,151.6977927684784,8.831201999798987,-0.8547848457328735,4.123744369478423,0.4644171314913978,1.449437109749612
1776284649.0887284,151.74100995063782,8.831842538173552,-0.8467491678172258,4.122511595308989,0.4617684906263163,0.1886954236136391
1776284649.089439,151.74172043800354,8.832387298615325,-0.838920018128579,4.12103395310303,0.4590328028519623,11.240134650984594
1776284649.1596131,151.81189465522766,8.83278038966431,-0.8313260446786022,4.119293190553434,0.45631228120183476,0.11116399872703574
1776284649.1622756,151.8145570755005,8.833004207433428,-0.8239619020526445,4.117280635925253,0.45362568784358387,2.8686221621847245
1776284649.204967,151.857248544693,8.833072053184736,-0.8168048669637765,4.115000116456572,0.45093547336514367,0.17595768594965583
1776284649.2392905,151.8915719985962,8.833022311632787,-0.8098198564477432,4.112464601215289,0.44815660339715796,0.21650295998793717
1776284649.3022175,151.95449900627136,8.832885357694172,-0.8029852053338449,4.1096823970445,0.44524188718115465,0.1172867820543861
1776284649.3409877,151.99326920509338,8.832686472607394,-0.7962757681466334,4.106663743428343,0.44216040574663984,0.18983437845815126
1776284649.3424835,151.99476504325867,8.832438099938773,-0.7896760885539085,4.103418174179753,0.4389038590829122,4.919481711838825
1776284649.348786,152.00106763839722,8.832132857851587,-0.7831878120751534,4.099949758046161,0.43549431526152305,1.168324838794474
1776284649.3632064,152.01548790931702,8.831745473852623,-0.7768220939509208,4.096261134053041,0.43196573764898705,0.5109048448890233
1776284649.4563878,152.10866928100586,8.831745473852623,-0.7768220939509208,4.096261134053041,0.43196573764898705,0.0
1776284649.4573588,152.10964035987854,8.831249126965105,-0.7705839778912296,4.092354328961857,0.42835078713751623,7.596946021963583
1776284649.457944,152.11022543907166,8.830623063384806,-0.7644788952839008,4.088231188195435,0.42467876660236786,12.6368013509228
1776284649.473227,152.12550854682922,8.82985892935411,-0.7585037003082656,4.083897513707397,0.42095376480068625,0.4855526865522361
1776284649.473632,152.12591361999512,8.828952260768485,-0.7526542416306202,4.079358453881942,0.4171797183047862,18.414718202889844
1776284649.5489233,152.20120477676392,8.827904608139265,-0.7469232418853942,4.074619945176599,0.41335321364894223,0.09974195275885699
1776284649.5557406,152.20802211761475,8.826728198175626,-0.7412951816434905,4.0696884364994474,0.40946872795071115,1.1111191891141072
1776284649.5626957,152.2149772644043,8.825433545360733,-0.7357596094481119,4.064569688372465,0.40552227631252713,1.0998839185625864
1776284649.5801008,152.23238229751587,8.824031168316539,-0.730301628010201,4.059272854785337,0.40151093464674276,0.4443464722318114
1776284649.63083,152.28311157226562,8.822514434836885,-0.7249253445771122,4.053801062250205,0.3974448202808586,0.15414282142880847
1776284649.6506324,152.30291390419006,8.822514434836885,-0.7249253445771122,4.053801062250205,0.3974448202808586,0.0
1776284649.651308,152.30358958244324,8.820872967864307,-0.719636226757731,4.048156885969442,0.39334068165815317,11.702807434135384
1776284649.6728752,152.32515668869019,8.819101113228294,-0.714430653756522,4.042347794224596,0.38919952385424156,0.37088600177867775
1776284649.6741865,152.32646799087524,8.817196481211816,-0.7093008509928903,4.0363771009900375,0.3850219742961502,6.1762033016337385
1776284649.7405372,152.3928186893463,8.81515100543574,-0.704250120888141,4.030246414111608,0.38082012318370345,0.12362172658217079
1776284649.7632372,152.41551876068115,8.81515100543574,-0.704250120888141,4.030246414111608,0.38082012318370345,0.0
1776284649.7638757,152.416157245636,8.812959979708342,-0.6992797314131366,4.023958989647527,0.37660325295385033,13.013392018479106
1776284649.782731,152.43501257896423,8.810623282699723,-0.6943880106937924,4.017519649620136,0.3723752836499215,0.4464250311132459
1776284649.783126,152.4354076385498,8.808139912195262,-0.6895774684573712,4.010933248589737,0.3681283463646907,21.581027310304627
1776284649.8141966,152.46647810935974,8.80551040246108,-0.6848520138264816,4.004200976617787,0.3638656162986025,0.27792500594054276
1776284649.8281572,152.48043870925903,8.802733311923621,-0.6802196181115798,3.9973247727005545,0.3596010115047832,0.6263175938271107
1776284649.8613248,152.51360630989075,8.799819175134408,-0.6756693277424782,3.990310239596036,0.3553394587898533,0.2669603568842504
1776284649.8945286,152.54681015014648,8.796780377659708,-0.6711861647477335,3.9831640118886513,0.35107894021197716,0.27004992407623285
1776284649.9309294,152.5832109451294,8.793619424474462,-0.6667671232443223,3.9758902519920816,0.3468273463468934,0.24941595761280735
1776284649.951087,152.6033685207367,8.790335528104517,-0.6624091073819283,3.9684945881716427,0.34259205234339224,0.4559512408673654
1776284649.9803183,152.63259983062744,8.786920896344334,-0.6581160215311576,3.9609784410771414,0.3383705833375738,0.3183225785579824
1776284649.9941733,152.6464548110962,8.783367092363706,-0.6538905424366495,3.953343448636646,0.3341690607847965,0.6800566046263311
1776284650.0102715,152.6625530719757,8.7796739951518,-0.6497232936417464,3.9455949366438374,0.329986709890888,0.5927172691697212
1776284650.0630171,152.71529865264893,8.775841930230788,-0.6456094172291438,3.9377352440447386,0.32582107072830524,0.18320989356573839
1776284650.1062853,152.75856685638428,8.771870195133182,-0.6415469374936994,3.929766515019425,0.3216709376900569,0.22618636820210763
1776284650.1125395,152.76482105255127,8.76775747726929,-0.6375352186531146,3.92169047926084,0.3175441534790986,1.584718390737643
1776284650.113135,152.76541662216187,8.763504351495992,-0.6335708477308102,3.9135116219825004,0.31343823156751144,16.849231486416326
1776284650.1814897,152.83377122879028,8.759107178933201,-0.6296607337604827,3.90523199703709,0.3093518204035723,0.14860116057909703
1776284650.2111256,152.86340713500977,8.754569579216161,-0.6257997390481609,3.8968542656362986,0.305284638439967,0.3468848480265681
1776284650.2243066,152.8765881061554,8.74989664280758,-0.6219816260271789,3.888381107748604,0.30123367849810256,0.7891939245084638
1776284650.2371793,152.88946080207825,8.745089491504475,-0.6182035376003194,3.8798170898839057,0.2972042537045525,0.8174354110845911
1776284650.3284976,152.98077917099,8.740148247490605,-0.6144642339395827,3.8711648300058457,0.29319786371292644,0.11654131467803339
1776284650.3711038,153.02338528633118,8.735070390279038,-0.610765213647372,3.8624274008322472,0.28922090753875745,0.25258129901314674
1776284650.3789124,153.0311939716339,8.729851940755792,-0.6071101026996698,3.8536075154381133,0.2852832445638149,1.3933675887748374
1776284650.4007971,153.05307865142822,8.724490103673459,-0.6035015243155276,3.844705623584974,0.2813783947091261,0.50266549110703
1776284650.4464548,153.09873628616333,8.718986314347955,-0.5999383893129226,3.8357230894474523,0.277505885240141,0.24357067510717312
1776284650.4711409,153.12342238426208,8.713343034294764,-0.596419756912264,3.82666320323434,0.2736676189620552,0.4552653144098788
1776284650.4715075,153.12378907203674,8.707565743149857,-0.5929390169933882,3.8175293760271174,0.26986198752744905,30.964407841782087
1776284650.4948242,153.14710569381714,8.70166089298145,-0.5894872837900762,3.808326996443628,0.26609603965245265,0.491745374229584
1776284650.5301776,153.18245911598206,8.695627622426363,-0.5860658780876539,3.7990584488825405,0.2623685548728243,0.3274469451960055
1776284650.555752,153.20803356170654,8.689463437580706,-0.5826748613222951,3.789724731271365,0.25867957377947287,0.4570272498733975
1776284650.5561783,153.20845985412598,8.683168939274541,-0.5793082350394512,3.7803283169244093,0.25503604183425,27.6812736466579
1776284650.584301,153.2365825176239,8.676743875029368,-0.5759615901705192,3.7708706435142774,0.2514355263172043,0.42362270232588356
1776284650.6752307,153.3275122642517,8.6701838787423,-0.5726362272264819,3.761351017290674,0.24787794024973128,0.13229718505515536
1776284650.689731,153.3420124053955,8.663484802678568,-0.5693340298279634,3.751772096271332,0.244358423643489,0.8376826179800406
1776284650.7190518,153.371333360672,8.656643430463665,-0.5660594361816415,3.7421345498344536,0.24087126768382142,0.41827289132507217
1776284650.7400508,153.39233231544495,8.649662456946833,-0.5628067534870653,3.7324401205991333,0.2374153533035257,0.5896137234272975
1776284650.749669,153.40195059776306,8.64254661226788,-0.5595704578259856,3.722690395737626,0.2339901677525628,1.2992589252335283
1776284650.8102672,153.46254873275757,8.635301280019313,-0.5563445677500928,3.7128880065243677,0.23060131356746266,0.20807646932728016
1776284650.8144853,153.46676683425903,8.627927533691238,-0.5531284841819303,3.70303580172845,0.22725269171606083,3.0154150015113967
1776284650.8191762,153.47145771980286,8.620424023039615,-0.5499247591584819,3.6931358735365825,0.22394122772497402,2.734810465102659
1776284650.8265042,153.47878575325012,8.61278570871249,-0.5467406631629419,3.683190601289945,0.22067233915075712,1.7655429571085417
1776284650.9003863,153.55266785621643,8.605010330666255,-0.5435771015758951,3.673201293685035,0.21744198849087473,0.176605998100031
1776284650.9067717,153.55905318260193,8.597098373512214,-0.5404349953774086,3.6631687117050866,0.21424661706186524,2.060612303491793
1776284650.919398,153.57167959213257,8.58905263187706,-0.5373133769397577,3.653094967903405,0.21108783011257154,1.0505714460355908
1776284650.9457042,153.59798574447632,8.58087567655693,-0.5342125753737891,3.642981937275432,0.20796489073721916,0.5082376767768382
1776284651.0323591,153.68464064598083,8.572570813529639,-0.5311294800796243,3.632829709970662,0.2048766137374722,0.15548831320725862
1776284651.0451174,153.69739890098572,8.56414027194618,-0.5280616823550094,3.6226399749301232,0.2018304757377057,1.0641194343996565
1776284651.0681217,153.7204031944275,8.55558497442579,-0.5250057893903177,3.6124155411556202,0.1988260059739674,0.5945575813254163
1776284651.087231,153.73951244354248,8.546902534346765,-0.5219636565755849,3.6021577713788484,0.19585558905426845,0.7210650804192591
1776284651.1308773,153.7831587791443,8.538092452538224,-0.5189306377520737,3.591867116851821,0.19291862639871685,0.318060106792348
1776284651.1944327,153.84671425819397,8.529151732004093,-0.5159072639925337,3.581544078838686,0.19002197203575266,0.22007893675010698
1776284651.1997478,153.85202932357788,8.520077579765612,-0.5128954855701909,3.571190448862012,0.18715989081099801,2.651493244284862
1776284651.2243698,153.87665128707886,8.510870671206964,-0.5098945028005265,3.5608086010901716,0.1843307587922524,0.5766004735980735
1776284651.3480012,154.00028276443481,8.510870671206964,-0.5098945028005265,3.5608086010901716,0.1843307587922524,0.0
1776284651.3485343,154.00081586837769,8.501533329264642,-0.5069049546174078,3.550399630054546,0.18153763729147707,26.82272745147261
1776284651.3588045,154.01108598709106,8.492065555388416,-0.503931428804863,3.539964198372696,0.17877919950530108,1.4021896228178594
1776284651.3886178,154.0408992767334,8.482469047884429,-0.500974698960023,3.5295019539392802,0.17605281513010232,0.4864109018469449
1776284651.4126582,154.06493973731995,8.472747066409132,-0.4980305583549537,3.5190143562134883,0.173359315695257,0.6073302849338285
1776284651.4883666,154.14064812660217,8.462901385222652,-0.4950970898635876,3.508502478769131,0.1706993188391266,0.1941446074304644
1776284651.5051093,154.157390832901,8.452932533920581,-0.49217196082427506,3.4979701327407016,0.16807822340946904,0.8836131914942648
1776284651.5329175,154.1851990222931,8.442839435420096,-0.48925444124673073,3.4874185022200983,0.16549411010995688,0.5354626683458483
1776284651.5531304,154.20541191101074,8.43261779092056,-0.4863503972184684,3.4768489416899357,0.16294463829758107,0.7414921451697207
1776284651.6047232,154.257004737854,8.422265814517587,-0.4834610398814453,3.4662624664835664,0.16043347039574038,0.29240361657154135
1776284651.63497,154.28725147247314,8.411784630810994,-0.4805849341384975,3.455660484654658,0.15796101481996117,0.5019777754784627
1776284651.678556,154.33083748817444,8.401177472286786,-0.4777161692674569,3.4450458781258866,0.1555251243942072,0.3505209255155772
1776284651.6789548,154.33123636245728,8.39044549122591,-0.4748565018264468,3.434418223784944,0.15313056227567584,38.538602696446326
1776284651.7202508,154.3725323677063,8.379588043688944,-0.47200896333868936,3.423778523489113,0.15077517363744006,0.3745146331920084
1776284651.7483654,154.40064692497253,8.368604853369414,-0.4691778483714293,3.4131290582309557,0.14845850595468976,0.5533850058703443
1776284651.7931743,154.44545578956604,8.357499007003993,-0.46635910963182525,3.4024712250287705,0.1461814828230518,0.3492270371946565
1776284651.8118892,154.4641706943512,8.34627131982416,-0.4635542322813401,3.3918060010815334,0.1439430013941649,0.8409181483801595
1776284651.856507,154.50878858566284,8.334921071995907,-0.4607653187809889,3.3811341593185418,0.14173762331878625,0.354723486357429
1776284651.9606562,154.61293768882751,8.3234480429474,-0.45799204855313286,3.370455619851229,0.13956986825613513,0.15282949308074412
1776284651.9607928,154.61307430267334,8.3234480429474,-0.45799204855313286,3.370455619851229,0.13956986825613513,0.0
1776284651.9971664,154.64944791793823,8.311853254763733,-0.45522915524299873,3.359772734070984,0.13743720610949178,0.44004828392229933
1776284652.052729,154.70501041412354,8.300135632528571,-0.45247754674716983,3.349085741339769,0.13533869749045632,0.2896943901003459
1776284652.0658073,154.71808886528015,8.288295287561484,-0.4497353470632722,3.3383964687483485,0.13327200326445401,1.237578515706006
1776284652.094499,154.7467806339264,8.276330305951928,-0.4470074642802748,3.3277057384399575,0.1312401038304289,0.567255365541903
1776284652.1328297,154.78511118888855,8.264238772599976,-0.44429893540577026,3.3170133366759424,0.12924038507660074,0.42698825466166374
1776284652.181266,154.8335475921631,8.252021171164513,-0.4416126799144682,3.3063188447456913,0.1272732230250295,0.33978083239211737
1776284652.1816642,154.83394575119019,8.239680710361348,-0.4389472887469456,3.2956222937334836,0.1253360963365122,41.55909605284034
1776284652.268713,154.92099452018738,8.22721908857475,-0.4363032475671599,3.284924643518529,0.12342487598450622,0.1910995888187993
1776284652.2691507,154.9214322566986,8.214637555657392,-0.4336839070769457,3.274225997130145,0.12153659377015251,38.200493601562336
1776284652.314024,154.96630549430847,8.20193654063265,-0.43109252483554716,3.2635277457487915,0.11967298845121271,0.3745495119288497
1776284652.3144517,154.96673321723938,8.18911604842403,-0.42852522272616544,3.252830234711872,0.11783049570348743,39.49653294145802
1776284652.4123867,155.06466817855835,8.176175012272704,-0.42598495866154285,3.242134187187111,0.11601665769994585,0.1733828946231832
1776284652.4375875,155.08986902236938,8.163114035292628,-0.42346910098640594,3.2314409308186574,0.11422700278710592,0.6772181885402357
1776284652.4400816,155.09236311912537,8.149932740448222,-0.4209780420566691,3.220749600212284,0.11246080321343534,6.877802559158063
1776284652.5076957,155.1599771976471,8.136633108030836,-0.4185077059273455,3.2100600697282884,0.1107163817987518,0.2549898856947758
1776284652.5124178,155.16469931602478,8.123217741567096,-0.41605258361202635,3.1993738656600508,0.10899584468632258,3.669142651901448
1776284652.61462,155.2669014930725,8.109686860958982,-0.4136119120118019,3.1886907480777364,0.10729645647235007,0.1703661861143549
1776284652.6303573,155.28263878822327,8.096037285028567,-0.411189958404665,3.178013423056565,0.10562242475726125,1.1118847522522444
1776284652.6543705,155.3066520690918,8.082267472151667,-0.40878790813453053,3.1673448467701473,0.10397997496387468,0.732260337842457
1776284652.6700704,155.32235193252563,8.068377853651375,-0.4064031351000213,3.15668622508653,0.10236726021253158,1.1254621931199222
1776284652.730483,155.3827645778656,8.054370332490906,-0.40403096502641583,3.146037295660071,0.10078314398661206,0.2938942643395348
1776284652.7496183,155.4018998146057,8.040245277872442,-0.4016694794049243,3.135397758893161,0.09922700101104275,0.9323523337866448
1776284652.787317,155.43959856033325,8.026002229978902,-0.399321413208497,3.124768220682206,0.09769551353079259,0.47552387471572216
1776284652.8003976,155.45267915725708,8.011641488304363,-0.3969836420697067,3.114148774243266,0.09618714498346592,1.3770789929658085
1776284652.9042163,155.55649781227112,8.011641488304363,-0.3969836420697067,3.114148774243266,0.09618714498346592,0.0
1776284652.916961,155.569242477417,7.9971640405687685,-0.3946519603972486,3.1035405544451566,0.09470473840822084,1.4201100907190496
1776284652.9621944,155.61447596549988,7.982570236630085,-0.39231984982163187,3.092945871858616,0.09324541521568211,0.40200748145478793
1776284653.0188224,155.67110395431519,7.967860662182296,-0.3899854383561064,3.082363823412244,0.0918072814184112,0.3226357983793997
1776284653.0306876,155.68296909332275,7.9530361884898015,-0.38764521042049227,3.071794801312296,0.09039074024833914,1.5470603914926278
1776284653.121388,155.77366948127747,7.938095673623789,-0.385301184209286,3.0612381884217403,0.08899652262520605,0.20334318243841062
1776284653.121812,155.7740936279297,7.92303735766214,-0.38295850546529403,3.050693516498132,0.08762656918717499,43.692187175248826
1776284653.1880362,155.84031772613525,7.90786103385839,-0.38061744274287157,3.0401596757174083,0.08627318754975571,0.281190365144273
1776284653.1912446,155.84352612495422,7.892566729464077,-0.37828210842086535,3.0296369016436953,0.08494002165099991,5.83185420011915
1776284653.224895,155.87717652320862,7.877154657418672,-0.3759556191353011,3.0191242001124214,0.08362927678058586,0.5587027315538841
1776284653.292841,155.94512248039246,7.861623534950966,-0.3736462863235639,3.00862450075041,0.08234051386547067,0.27799963061360883
1776284653.3196826,155.97196412086487,7.845974440115191,-0.3713595753038207,2.9981385554640925,0.08107193182366827,0.7069511393185739
1776284653.3323686,155.98465013504028,7.8302108706836595,-0.36909248055770666,2.9876677309530555,0.07982458090650603,1.502409712691942
1776284653.3869264,156.03920793533325,7.814336994443699,-0.3668363834815681,2.9772144884345497,0.07859652032260901,0.3508208830356362
1776284653.3873048,156.0395863056183,7.798354031558375,-0.3645908471489787,2.966777602947725,0.07738642415836867,50.798018751608886
1776284653.4364223,156.08870387077332,7.782261383448897,-0.36235447874918153,2.9563554153370157,0.07619182750594658,0.39299104077499347
1776284653.4419231,156.09420466423035,7.7660554555123875,-0.360132079796365,2.9459480310403166,0.07501094021866982,3.5245367776000975
1776284653.4422843,156.09456586837769,7.749734225747315,-0.3579251236753019,2.935556146144537,0.07384844526909219,53.91466350925037
1776284653.5095475,156.16182899475098,7.733297073906107,-0.3557320006859482,2.9251794246121126,0.07270196128083886,0.29082580917313033
1776284653.582328,156.23460960388184,7.7167428962450835,-0.3535585890124689,2.914817344408023,0.07157321823724647,0.26999464347973345
1776284653.5831468,156.23542833328247,7.700070622313629,-0.35141673083479186,2.904470554240607,0.07046721753926104,24.10869689857798
1776284653.5916152,156.24389672279358,7.6832802669481115,-0.34931444926015076,2.8941401129919733,0.06938129646847721,2.3411275965393874
1776284653.6859367,156.33821821212769,7.6663752833379455,-0.3472470134650731,2.8838275965875932,0.0683166350370565,0.21108461831158
1776284653.7257953,156.3780767917633,7.649361241819265,-0.3452022904257174,2.873535425648989,0.06727158177927478,0.5015150969578177
1776284653.7298152,156.38209676742554,7.632241529425841,-0.34317267281202335,2.863262496941793,0.06624125337343652,4.992146506925552
1776284653.7336783,156.38595986366272,7.615017649594291,-0.3411546788046499,2.853007479414416,0.0652272968742165,5.215234594538565
1776284653.8324304,156.48471188545227,7.597688954304733,-0.3391452108292182,2.8427704168936674,0.06422717581564653,0.20482307269963207
1776284653.9048374,156.55711889266968,7.580251671550826,-0.3371475477149698,2.8325522425058716,0.06324303692469546,0.2804856353918959
1776284653.9070082,156.5592896938324,7.562701422307295,-0.3351639659597373,2.8223529196847514,0.062273534409519105,9.395329590298477
1776284653.9261284,156.57840991020203,7.545036489943607,-0.3331921686104649,2.812172118119233,0.061319693823150445,1.0713169390198523
1776284653.9524665,156.60474801063538,7.527257842575788,-0.3312305441024309,2.802009593550845,0.06038120423568292,0.7810719421320842
1776284654.0504313,156.70271277427673,7.509366465713428,-0.32927862331372465,2.791865121630116,0.05945583384048878,0.21088871280902904
1776284654.051031,156.70331263542175,7.491362818752733,-0.3273395781193666,2.781739377551086,0.058540745860615015,34.58569000920981
1776284654.0514605,156.70374202728271,7.473248688402899,-0.3254199812776373,2.771632779207063,0.05763841955218783,48.51387761990381
1776284654.078525,156.7308065891266,7.45502579430449,-0.32351850091748896,2.7615453209465324,0.056749685867183916,0.7727897954899474
1776284654.0865831,156.73886466026306,7.4366952693116,-0.3216343949559427,2.7514771753312233,0.05587311457332231,2.605862760342282
1776284654.1058054,156.75808691978455,7.418257022331293,-0.3197692294214286,2.741427060485971,0.05500979772623815,1.096751634766373
1776284654.1162183,156.7684998512268,7.399710134548185,-0.3179222725394855,2.73139569536161,0.054160190125047546,2.0327261873610323
1776284654.2172208,156.8695023059845,7.399710134548185,-0.3179222725394855,2.73139569536161,0.054160190125047546,0.0
1776284654.2269502,156.87923169136047,7.381054191806865,-0.3160961662273784,2.721385765394927,0.053323247875946916,2.1841415023056046
1776284654.2693603,156.92164182662964,7.362290329814904,-0.31428915407369773,2.7113978244300374,0.05249995762366596,0.5030220148616856
1776284654.290857,156.94313859939575,7.343418833313234,-0.31249565830928355,2.701432230229858,0.051691406847501946,0.9962621329150035
1776284654.2975945,156.94987607002258,7.324438614446453,-0.31071579907189184,2.6914900565386297,0.05089754607070735,3.1911548701598234
1776284654.3183255,156.97060704231262,7.305348801559144,-0.3089504961416389,2.6815703120013317,0.05011552682307794,1.0412251887452804
1776284654.3451834,156.9974648952484,7.286148379751216,-0.3072014980455071,2.6716720749445857,0.04934557651012635,0.8069274676047001
1776284654.382092,157.0343735218048,7.2668384204046275,-0.30547337511946665,2.661795606900619,0.048588809585514425,0.589506763968538
1776284654.391718,157.04399943351746,7.247420958637779,-0.30376275680736403,2.6519419293561057,0.04784488776270196,2.2690505518862043
1776284654.406205,157.0584864616394,7.227897416823051,-0.3020666808512301,2.6421107606485745,0.04711430744920353,1.5134096877206178
1776284654.5144196,157.16670107841492,7.208267030708799,-0.30039077850936313,2.6323030268591747,0.04640094429450637,0.20337369523134502
1776284654.5145977,157.1668791770935,7.208267030708799,-0.30039077850936313,2.6323030268591747,0.04640094429450637,0.0
1776284654.5312533,157.18353486061096,7.1885290852291455,-0.29873606925259844,2.6225189519728067,0.045701527585216936,1.3263889315149557
1776284654.553113,157.20539450645447,7.1686836613344385,-0.29709939707645966,2.612757526602628,0.04501442374858713,1.0145029994680086
1776284654.5914137,157.24369525909424,7.148732418298611,-0.29547822061011825,2.6030186500993255,0.044338673837838814,0.5812004301164276
1776284654.671129,157.32341051101685,7.12867678521356,-0.2938718205485603,2.5933020459861265,0.04367498867405353,0.28028841376436553
1776284654.7175348,157.36981630325317,7.108516768711414,-0.2922775118335703,2.583607699605089,0.04301960153547405,0.483269670669707
1776284654.7416573,157.39393877983093,7.088252034727491,-0.290693321806479,2.5739353638577,0.04237392418816623,0.9331758531969292
1776284654.755817,157.40809845924377,7.067881928406098,-0.28912161394485086,2.5642857844649893,0.041737965741164854,1.59571548851748
1776284654.7854826,157.43776416778564,7.047406645086494,-0.2875608479936543,2.5546579764334387,0.04110780773219293,0.764508301161432
1776284654.7964406,157.44872212409973,7.026825299216091,-0.28601156704696096,2.5450536791968794,0.040486232838411844,2.0774646172343254
1776284654.8055327,157.45781421661377,7.006138777803803,-0.28446985213127224,2.535472438172104,0.03987293125869599,2.5131409131303006
1776284654.82547,157.47775149345398,6.985348264894593,-0.28293565391592546,2.525913018863452,0.0392667243006486,1.1503221256150504
1776284654.886956,157.53923749923706,6.964454274051102,-0.281410534580748,2.516375442673205,0.038668466914623806,0.3743693371749047
1776284654.963691,157.6159725189209,6.943456869462761,-0.27989967508269253,2.506862388973783,0.03808255960342134,0.30105341201735797
1776284654.9701731,157.6224546432495,6.922356157369921,-0.2784034720900444,2.497374307520936,0.03750862966441054,3.5766202627438957
1776284655.0031705,157.65545201301575,6.901152104622168,-0.2769165103316317,2.4879108366688945,0.03694572396059885,0.7051343250875578
1776284655.0486064,157.7008879184723,6.879844229012855,-0.2754348334424616,2.4784724608545785,0.0363902175452586,0.5139490903269539
1776284655.0852206,157.7375020980835,6.858432481812699,-0.2739619252804362,2.4690584441437484,0.03584321568657398,0.6400857101860198
1776284655.089805,157.74208641052246,6.836917010677816,-0.2724986820524687,2.4596673857974616,0.03530449466653253,5.130810036437534
1776284655.0998743,157.75215578079224,6.8152981029857385,-0.2710440936099367,2.450299192731261,0.03477494693874812,2.3443641995350832
1776284655.1152382,157.76751971244812,6.793576531400627,-0.2695949099535175,2.4409542068545513,0.03425193096457701,1.541977242063562
1776284655.211248,157.86352944374084,6.771752171032101,-0.268153497297033,2.4316317043783804,0.03373478003781915,0.24763964777006886
1776284655.2435856,157.8958671092987,6.74982594325857,-0.26672061686091436,2.4223331182555192,0.0332251922086481,0.7378241943130052
1776284655.2667944,157.91907596588135,6.727797650074892,-0.26530064872482845,2.4130577824365718,0.03272165654555794,1.031655985335136
1776284655.274922,157.92720341682434,6.705666880583197,-0.26389421145074377,2.4038049620361788,0.032226730385378204,2.956448951377171
1776284655.3149364,157.9672179222107,6.683433175267594,-0.2625040831859938,2.394575014789593,0.03173844572325178,0.6026195667343626
1776284655.3462284,157.99850988388062,6.6610975732573285,-0.2611274332090694,2.3853678873056183,0.03125833512531541,0.773299138597558
1776284655.3898795,158.042160987854,6.63866094038111,-0.2597678191861856,2.376184419660299,0.030786533421518398,0.5562611931655056
1776284655.3902912,158.0425727367401,6.616122867815523,-0.25842702819420565,2.367024375449891,0.030322747887287085,59.1751948086411
1776284655.4489214,158.10120296478271,6.593482609353417,-0.257107555773538,2.3578872878082056,0.02986785181167348,0.41702253636607556
1776284655.4844494,158.13673090934753,6.570741433765556,-0.25580567998658843,2.348772658172969,0.029423668673748522,0.6905637632252571
1776284655.5125916,158.16487312316895,6.547900695861065,-0.25452050342625404,2.3396812877925943,0.028984948358653565,0.8747410099120272
1776284655.5129955,158.16527700424194,6.524960515220273,-0.2532492587323436,2.330612889272508,0.028551329831941242,61.15730856212882
1776284655.6144655,158.26674699783325,6.524960515220273,-0.2532492587323436,2.330612889272508,0.028551329831941242,0.0
1776284655.617485,158.26976656913757,6.501920784508693,-0.2519875393069791,2.3215659586576076,0.028123983964584334,8.207930771379846
1776284655.6283514,158.28063297271729,6.478779605423785,-0.25073482591913343,2.3125406461935665,0.027707531830852606,2.2887479474215136
1776284655.6764188,158.32870030403137,6.455536884039671,-0.24949444413401659,2.3035382171583856,0.027296321823567938,0.5191902319298839
1776284655.682209,158.33449053764343,6.4321928866417375,-0.2482649197854227,2.294559179305184,0.026897236400884254,4.324783511259507
1776284655.7387476,158.39102911949158,6.408748749783215,-0.2470412800074079,2.285603141603924,0.02650476131065007,0.44441138890799725
1776284655.7506878,158.40296936035156,6.385205541570165,-0.24581599290214345,2.2766713704999835,0.026116026167098436,2.111374962084353
1776284655.7549489,158.40723037719727,6.361564003555893,-0.2445918070310066,2.267763880072952,0.025731369024000975,5.936039226842287
1776284655.8205948,158.4728763103485,6.3378249618965485,-0.2433705597431278,2.2588802521962967,0.02535124051715726,0.3865619050476819
1776284655.880936,158.53321743011475,6.313988357178669,-0.24214879487719582,2.2500194316396067,0.024975355979923574,0.4219276537923261
1776284655.919768,158.57204961776733,6.290053799500554,-0.24092273577420767,2.241180503758646,0.02460305051080137,0.6578032934670239
1776284655.9436436,158.59592509269714,6.266020062363721,-0.23969055868783073,2.2323645902438773,0.024232114997899467,1.0734556228233942
1776284655.94502,158.5973014831543,6.24188612106419,-0.23845372360020262,2.2235724210249774,0.023865120736133436,18.683178073485767
1776284655.9718406,158.62412214279175,6.217652385713893,-0.2372150688953149,2.214803027661298,0.023499632038733124,0.9619959281169116
1776284656.038499,158.69078063964844,6.193319626458998,-0.23597718068500684,2.206056232123346,0.023141864382257453,0.3883483040612181
1776284656.0622642,158.71454572677612,6.168888150098242,-0.2347409267173944,2.1973329127445984,0.02279075636267397,1.0928449251565084
1776284656.1044345,158.7567160129547,6.144359808794822,-0.23350852820919746,2.1886336553789714,0.02244511236188909,0.6178395371550537
1776284656.104827,158.7571084499359,6.119736117660126,-0.23227922154402758,2.179958141385865,0.02210640402600704,66.59978410635888
1776284656.1792276,158.83150911331177,6.095016675563559,-0.2310534908039317,2.1713060024366575,0.0217753866711384,0.3523968203158454
1776284656.2039492,158.8562307357788,6.070200361705688,-0.22983464873151604,2.1626770386560343,0.02145230213184576,1.0639260279232081
1776284656.2047706,158.8570520877838,6.045285247598207,-0.22862632897865584,2.1540712493505736,0.02113778593946495,32.126501626055884
1776284656.2235465,158.87582802772522,6.020270709787249,-0.2274252684969789,2.1454886471508128,0.02082877528414079,1.4099537736678913
1776284656.2722855,158.92456698417664,5.995158099974162,-0.22622580179870944,2.1369297887283625,0.020520056651977914,0.5449062427588782
1776284656.2891848,158.94146633148193,5.969949936507315,-0.2250214687810825,2.128395403863248,0.0202140156831343,1.5764456054445946
1776284656.319915,158.9721965789795,5.944647811934321,-0.22380834921271478,2.1198859884925043,0.01991008047971099,0.8695752474410496
1776284656.3590505,159.0113320350647,5.919252805458515,-0.22258456241225644,2.11140305466263,0.0196063949017324,0.6848602077899401
1776284656.432876,159.08515763282776,5.893765023634917,-0.2213473680827604,2.1029452954545484,0.01930513660780507,0.36414089899910074
1776284656.4418867,159.09416818618774,5.868183422094579,-0.22009605713268007,2.0945126883852,0.019007891398750917,2.9925644500298088
1776284656.471694,159.1239755153656,5.842506586278771,-0.21883638292114813,2.086105068565557,0.018714574143132948,0.9074157004973421
1776284656.4745276,159.12680912017822,5.816733088530475,-0.21757411068731486,2.0777221627365132,0.01842380716507113,9.57504485410264
1776284656.5425613,159.19484281539917,5.790862467549884,-0.21631088378660143,2.069361832354152,0.01813780156564583,0.4000557654834982
1776284656.5515914,159.20387291908264,5.764894111253773,-0.2150484145408548,2.0610231557499126,0.017857290872404914,3.0236122881510474
1776284656.6162455,159.26852703094482,5.738828434998329,-0.21378714711332197,2.052706432066055,0.017581405611484417,0.4236293680775991
1776284656.6178539,159.27013540267944,5.7126672082674075,-0.2125272874437026,2.0444106203626413,0.017308367250327177,17.081836253282592
1776284656.665008,159.31728959083557,5.686411792552486,-0.21127459760408485,2.036139066890804,0.01704343366605744,0.5843813486830817
1776284656.685752,159.33803343772888,5.660063696906275,-0.2100243545430097,2.0278921313560803,0.016784224296958517,1.332292956764466
1776284656.687485,159.33976650238037,5.6336239300723445,-0.20877274201406779,2.019669700525861,0.016527012620044662,15.993098496187653
1776284656.710182,159.36246347427368,5.607092131447089,-0.20752316869846815,2.0114712738587235,0.01627377112210056,1.2247315353714632
1776284656.716446,159.36872744560242,5.580466353277222,-0.20627860334926462,2.003296347801216,0.016025164142056184,4.450896384391276
1776284656.7862408,159.4385223388672,5.553743150900883,-0.205043799798542,1.9951457774468424,0.015783008113659003,0.4006855043907596
1776284656.8196142,159.47189569473267,5.526923322489669,-0.20381454469108717,1.98701959993123,0.01554490789194054,0.8405156923974543
1776284656.8413827,159.49366426467896,5.500009852218751,-0.2025887826621272,1.9789172145279161,0.015309895600668297,1.292384454827894
1776284656.869738,159.52201962471008,5.473005401263986,-0.20136905656187995,1.9708381929843541,0.01508128812861971,0.9949952584625184
1776284656.9293907,159.58167219161987,5.445911262584206,-0.20015744153553758,1.9627837123984437,0.014856669451151322,0.47427900918630045
1776284656.9354496,159.58773112297058,5.4187267314529395,-0.19895021595898757,1.9547544619788835,0.01463602390208932,4.682541911287108
1776284656.9383438,159.5906252861023,5.3914514763063615,-0.19774888613418382,1.94674973542651,0.014417273225580637,9.830469406695343
1776284656.9922895,159.6445710659027,5.364084646699154,-0.19655348003434697,1.9387679492479317,0.014203561473845898,0.5289034572402846
1776284657.0647423,159.7170238494873,5.336619000878933,-0.19536798794388122,1.9308082715534762,0.013994833387632428,0.39502049924518656
1776284657.1058497,159.75813126564026,5.309052246727751,-0.1941904449127734,1.9228712744106162,0.013789211600498424,0.6984329186392357
1776284657.1125717,159.76485323905945,5.2813884755842135,-0.19301768474550254,1.9149587065434168,0.013583815581305487,4.284012696491893
1776284657.1283755,159.78065705299377,5.253630768375738,-0.19184815788798046,1.9070721259869816,0.013384047515206863,1.8274090192931691
1776284657.1517084,159.80398988723755,5.225789243877585,-0.19068263672349528,1.899212545559928,0.01318642163602501,1.2408736334067314
1776284657.2167575,159.8690390586853,5.225789243877585,-0.19068263672349528,1.899212545559928,0.01318642163602501,0.0
1776284657.2173345,159.86961603164673,5.197869512115458,-0.18952503609341095,1.8913795013069035,0.01299307075376462,50.2984070246791
1776284657.240268,159.8925495147705,5.169871108132699,-0.18837536503693816,1.8835703786577465,0.012801124216744538,1.2684410235951575
1776284657.2406297,159.892911195755,5.1417905299285005,-0.18723422113959534,1.8757853430824747,0.012614125722628808,80.62933233858165
1776284657.3020873,159.95436882972717,5.1136212693304,-0.186107896273577,1.8680247972720159,0.012430466869420922,0.47578167273284633
1776284657.3099594,159.96224093437195,5.085357563850188,-0.18499261594335933,1.8602867743236025,0.012249972091320149,3.7251840592516756
1776284657.3438752,159.99615669250488,5.056997835668052,-0.18388562411890377,1.852569979459649,0.012073960908206609,0.867198880149555
1776284657.359201,160.0114824771881,5.02854425564893,-0.18278276095223867,1.8448736193017856,0.011900670605085564,1.9246466314057975
1776284657.4190753,160.07135677337646,4.99999844416207,-0.18168448427600037,1.837197231042414,0.011729299202614108,0.4940407097591998
1776284657.4429772,160.09525871276855,4.971361451895274,-0.18058781051333406,1.8295407224822247,0.01156395618883815,1.2410350487685686
1776284657.4768016,160.1290831565857,4.942629038253443,-0.17949444106403073,1.8219064276112555,0.011402637253566134,0.879525046401423
1776284657.499764,160.15204548835754,4.913807934540521,-0.1784007608190384,1.814295465191381,0.011244222673700403,1.299047600232821
1776284657.5353725,160.1876540184021,4.88489778326881,-0.17730942088829932,1.8067080475059016,0.01108823464151915,0.8399431817385857
1776284657.5810616,160.23334312438965,4.85590438770836,-0.17622010902732332,1.799145155145106,0.010932226897419137,0.6562471188024512
1776284657.6261628,160.27844429016113,4.85590438770836,-0.17622010902732332,1.799145155145106,0.010932226897419137,0.0
1776284657.626819,160.27910041809082,4.8268292374729045,-0.1751307720630326,1.7916081027267363,0.010777840304425497,45.80801413447932
1776284657.6270418,160.27932333946228,4.797656977351837,-0.17403660101194257,1.7840953893487894,0.01062165390411233,135.222425019437
1776284657.6272302,160.27951169013977,4.7683868758181776,-0.17293639273215342,1.7766051970485208,0.010466294590593525,160.51600124776442
1776284657.7278838,160.38016533851624,4.7683868758181776,-0.17293639273215342,1.7766051970485208,0.010466294590593525,0.0
1776284657.74812,160.40040159225464,4.7390313253686775,-0.17182956492318208,1.7691373979894172,0.010310886383655805,1.4978438302593535
1776284657.7974095,160.4496910572052,4.709599781482238,-0.17071526728147757,1.7616937626095215,0.01015540129342779,0.6163324265344671
1776284657.7977953,160.4500768184662,4.68008867605216,-0.16959190808616456,1.754274765797307,0.009998053256745715,78.93509902992113
1776284657.8222754,160.4745569229126,4.650504447393993,-0.1684623358122683,1.7468812220558638,0.009841602069741644,1.2465236527039865
1776284657.9022932,160.55457472801208,4.620840549896312,-0.16732763839114517,1.7395129386984365,0.009688630818817281,0.3822445354602038
1776284657.9197476,160.57202911376953,4.591096604895652,-0.16619009431485665,1.7321698331321447,0.009539437220116992,1.7564681974779053
1776284658.0020285,160.65430998802185,4.561275475480101,-0.16504982912566435,1.7248505569115375,0.009394732070457554,0.373444964474166
1776284658.0153844,160.66766595840454,4.531374821625933,-0.16390829573623342,1.7175539464998633,0.009255010212565617,2.3060273138020753
1776284658.0806198,160.73290133476257,4.501395382368801,-0.16276094069892982,1.7102809408621744,0.009117936362888867,0.4732151914825727
1776284658.1309152,160.78319668769836,4.471337400289909,-0.1616069284946247,1.7030312582807734,0.008984191609854,0.6151945572422735
1776284658.131508,160.7837896347046,4.441199580889207,-0.16044655234663477,1.6958036105867351,0.008852544036331905,52.30498770092421
1776284658.14029,160.79257154464722,4.41096950638859,-0.1592795222412108,1.688596706539142,0.008721679858713355,3.541277184113983
1776284658.24048,160.89276146888733,4.380647259191751,-0.1581046117406802,1.6814115153658662,0.008590693349244137,0.3112495360588575
1776284658.2902367,160.94251823425293,4.350249129977324,-0.1569239349052716,1.6742496203320159,0.00846249152763232,0.6281101196861472
1776284658.2906017,160.94288325309753,4.319785056141057,-0.15572999347066008,1.667111299915135,0.008337497526133709,85.7818535130668
1776284658.290819,160.9431004524231,4.289255772519754,-0.1545179497054496,1.6599983512858307,0.008210358472040404,144.43125932967655
1776284658.3620925,161.01437401771545,4.258644506631026,-0.15328896738685976,1.6529105981170775,0.008084261747126365,0.44118924772118884
1776284658.3729212,161.02520275115967,4.227953573078319,-0.1520462152500444,1.6458465624261225,0.007956727521297795,2.9105810708719635
1776284658.3993275,161.05160903930664,4.19717792462803,-0.15078999457463108,1.6388054122585225,0.007829193610356599,1.1965267150119963
1776284658.4259977,161.07827925682068,4.1663219507901985,-0.14951675878082932,1.6317868045148218,0.007698140947246505,1.1874575309402404
1776284658.4362187,161.08850026130676,4.135400743206431,-0.14823204941155935,1.6247921676758457,0.007571317118722954,3.1042429300578736
1776284658.5382776,161.19055914878845,4.135400743206431,-0.14823204941155935,1.6247921676758457,0.007571317118722954,0.0
1776284658.571132,161.22341346740723,4.104419703309186,-0.14694490439446195,1.6178215252090047,0.007449827547953054,0.9673498739682496
1776284658.5969477,161.24922919273376,4.073380472911858,-0.1456558604127818,1.6108749896197567,0.00733541044720291,1.2330916718488423
1776284658.6322699,161.28455138206482,4.042283974283116,-0.14436631264777908,1.6039525929990777,0.00722063527177109,0.9026555192777997
1776284658.6380117,161.29029321670532,4.011132845817399,-0.14308145546212808,1.5970540298927764,0.007113274244702566,5.561237444838893
1776284658.7055304,161.3578119277954,3.979935102680639,-0.14180220534039453,1.5901805756884326,0.007012582599386622,0.47352133671103736
1776284658.7393966,161.3916780948639,3.948705415168271,-0.14053479364647695,1.5833341905530305,0.006916627373372108,0.944790954267912
1776284658.7544587,161.40674018859863,3.9174276066127547,-0.13928061451975002,1.5765129849382222,0.006822679535265192,2.1270300995443776
1776284658.7872276,161.4395091533661,3.8860815207254995,-0.13803986810061458,1.569714913566349,0.006729316208454209,0.9795475439527547
1776284658.82052,161.47280144691467,3.8546471956568276,-0.13680976460783975,1.5629383003252668,0.006636398913246634,0.9665900753750086
1776284658.8779392,161.53022074699402,3.8231361321236474,-0.13558570957815685,1.5561830789910172,0.006544911976832613,0.5616621459429272
1776284658.8785446,161.53082609176636,3.7915505572101336,-0.13437002964311878,1.5494473051810478,0.0064563170890358035,53.388880776869144
1776284658.878775,161.53105640411377,3.7599194448359925,-0.13316561910255914,1.5427347753593859,0.00637036484901103,140.49587423587235
1776284658.9530199,161.60530138015747,3.728249553174705,-0.13196810427493083,1.5360485642134416,0.0062847389240454415,0.43626042889486943
1776284658.9828885,161.63516998291016,3.6965366551833214,-0.1307806958886618,1.5293862611598057,0.00620397440358642,1.0856518641025574
1776284658.98338,161.63566160202026,3.6647984474754196,-0.12960724482416042,1.5227498253314717,0.006121233831517814,65.99794029687102
1776284658.9963915,161.64867305755615,3.633041541141788,-0.12844982926714962,1.516138723281403,0.006035953383886911,2.494601355343205
1776284659.0978928,161.75017428398132,3.633041541141788,-0.12844982926714962,1.516138723281403,0.006035953383886911,0.0
1776284659.163125,161.81540656089783,3.6012704748282314,-0.1273103700723777,1.5095519374180333,0.005951881011007662,0.49770869904482307
1776284659.1635103,161.81579184532166,3.5694628247172466,-0.1261906579434635,1.5029892557985445,0.005875377540570542,84.34524693119904
1776284659.1637254,161.81600689888,3.537594297660088,-0.12509046993357434,1.4964480892385266,0.005803225778191226,151.36462922109348
1776284659.2034369,161.85571837425232,3.505647809061421,-0.12400329189531642,1.4899268662419058,0.005732844829150644,0.821510733068636
1776284659.302156,161.95443749427795,3.4736435890036788,-0.12292647270079396,1.483425744457953,0.005665279936807305,0.3309955625613525
1776284659.3382747,161.9905562400818,3.4415957147287424,-0.12185816613940387,1.476942596795936,0.005599627924342152,0.9057485967705188
1776284659.3565497,162.0088312625885,3.409528920755755,-0.12079602795250831,1.470480320774159,0.005531805516530511,1.7908984502714607
1776284659.3855913,162.03787279129028,3.3774457844759738,-0.11973891345132007,1.464038688834979,0.0054622864785864025,1.1273680277322522
1776284659.4413998,162.09368133544922,3.345333357915065,-0.11868122499153821,1.4576158251102802,0.005390477201866759,0.5871059433721285
1776284659.4997902,162.15207171440125,3.3131840291909738,-0.11761712853436242,1.4512122740322395,0.005314462160921898,0.5617042933632749
1776284659.5450158,162.19729733467102,3.280989436776369,-0.11654715908571205,1.4448276242182483,0.0052341719421521785,0.7261151227853697
1776284659.5478444,162.20012593269348,3.248764327668414,-0.11546862775815168,1.4384651786410698,0.005152534088673029,11.618794525196728
1776284659.565681,162.21796250343323,3.216522564860483,-0.11438162118625747,1.4321252090659582,0.005070789391001443,1.8432448040840996
1776284659.6252477,162.27752923965454,3.184283607123246,-0.11328837323871284,1.4258082108413963,0.004989792044016718,0.551821405202807
1776284659.6256452,162.2779266834259,3.1520460028711117,-0.11219355338749956,1.4195141723874865,0.0049136639024887855,82.68973480933943
1776284659.6871197,162.3394012451172,3.119783196536285,-0.11110488860038228,1.4132417255679126,0.004841712918412639,0.5349352859222689
1776284659.687492,162.33977341651917,3.0874767433456363,-0.1100248677444117,1.40698928092917,0.004773456921933663,88.46366279163739
1776284659.7692668,162.42154836654663,3.055118601192589,-0.10894486939891686,1.400756101237183,0.004707490056662428,0.4031884904977791
1776284659.7801654,162.43244695663452,3.022720407784153,-0.10786826063376027,1.394545346285617,0.004644050164625056,3.0284365804967175
1776284659.8383355,162.49061703681946,3.022720407784153,-0.10786826063376027,1.394545346285617,0.004644050164625056,0.0
1776284659.8401368,162.49241828918457,2.990294795631309,-0.10679993724381709,1.3883572521585616,0.004582522987493757,18.33617644728537
1776284659.8407145,162.49299597740173,2.957853351288254,-0.10573766658698919,1.3821913917143651,0.004520704056403599,57.19222253273825
1776284659.9390023,162.59128379821777,2.925396823772041,-0.104680508287768,1.3760448333026134,0.004451948688273668,0.3362606283992139
1776284659.9505026,162.60278415679932,2.8929253353209754,-0.10363036964062251,1.3699191318950017,0.004387848610475494,2.874773154358077
1776284659.987138,162.63941955566406,2.8929253353209754,-0.10363036964062251,1.3699191318950017,0.004387848610475494,0.0
1776284659.987773,162.6400544643402,2.8604258668938836,-0.10258880318318185,1.3638133262776715,0.004327715730055278,52.108998299513864
1776284659.9961152,162.64839673042297,2.82787910047424,-0.10155675158514929,1.3577276889406147,0.004271648716847401,3.9709725061047387
1776284660.052279,162.70456051826477,2.7952716994780293,-0.10053313894902889,1.3516608717221017,0.004219921998573551,0.5908215549021282
1776284660.0755665,162.72784805297852,2.7626303705578743,-0.0995211114471181,1.3456149065820018,0.004167879994582843,1.4261689705535
1776284660.087383,162.73966455459595,2.7299651694836533,-0.09852281470999247,1.3395893966852392,0.004120744335641742,2.812278325753789
1776284660.1247742,162.77705574035645,2.6972911156561215,-0.09753299460693907,1.3335835834501568,0.004072718569180839,0.8888772673089502
1776284660.2255292,162.87781071662903,2.6646000012808555,-0.09655080322390651,1.3275945080209137,0.0040277348039769656,0.330005556413726
1776284660.2607267,162.9130082130432,2.6646000012808555,-0.09655080322390651,1.3275945080209137,0.0040277348039769656,0.0
1776284660.2724838,162.92476534843445,2.6318783437948574,-0.09557870650240596,1.3216249404102869,0.003983595453454001,2.830275386449718
1776284660.2816436,162.93392515182495,2.5991048444809097,-0.09461406871336664,1.3156784283747511,0.003937574944871024,3.637913428912306
1776284660.3161135,162.96839499473572,2.56626381727045,-0.09365554152888793,1.3097576770008064,0.0038940445771979255,0.9685055710889392
1776284660.3165197,162.9688012599945,2.533371787860791,-0.09270242529645978,1.3038627048046396,0.0038520551023036444,82.28539740211383
1776284660.4177198,163.07000136375427,2.533371787860791,-0.09270242529645978,1.3038627048046396,0.0038520551023036444,0.0
1776284660.4192379,163.0715193748474,2.5004517916431435,-0.09175023672425077,1.2979935425192033,0.0038110797552338305,22.037158664937195
1776284660.4528017,163.1050832271576,2.5004517916431435,-0.09175023672425077,1.2979935425192033,0.0038110797552338305,0.0
1776284660.4756794,163.12796092033386,2.467538318290139,-0.0907930363952077,1.2921561928499397,0.0037700794589789212,1.4617211326835693
1776284660.4772644,163.12954592704773,2.434659399219278,-0.08983259275495072,1.2863533070543425,0.003727153468325828,21.073025586622105
1776284660.5033262,163.1556077003479,2.4018394529712896,-0.08887127587760132,1.280587774990677,0.003683282330037281,1.2791294579554486
1776284660.586955,163.23923659324646,2.3690654708979384,-0.08790958072035546,1.2748641854268175,0.0036427095909623347,0.3979952669913771
1776284660.5874515,163.23973298072815,2.3363279541997004,-0.08694713569869097,1.2691790512657957,0.003605694806683684,66.96667810960356
1776284660.6117191,163.26400065422058,2.3036256059075746,-0.08597766340785318,1.2635310921609686,0.0035642663269708583,1.3681017310715309
1776284660.6201496,163.2724311351776,2.2709500397652675,-0.0850011649950812,1.2579195429701877,0.00352376504833148,3.9343298565747427
1776284660.7326217,163.38490319252014,2.238306586711276,-0.08402434687579531,1.2523455129288195,0.0034850087229280546,0.2945650190295501
1776284660.7329068,163.38518834114075,2.238306586711276,-0.08402434687579531,1.2523455129288195,0.0034850087229280546,0.0
1776284660.7891161,163.44139766693115,2.2057045271297904,-0.0830531884650728,1.2468077349209647,0.0034531635411480196,0.5885730661021054
1776284660.8144586,163.46674013137817,2.173135574901073,-0.08209094895469725,1.2413098152662458,0.003427004744887941,1.3038887363390925
1776284660.8300676,163.48234915733337,2.1406251823306857,-0.0811384803623971,1.2358563880381483,0.0034047915918022785,2.112775460515042
1776284660.9151208,163.5674023628235,2.108204610960929,-0.08019685687877719,1.2304477023749307,0.003385782372514752,0.38660650541688835
1776284660.9299154,163.58219695091248,2.0758990068000163,-0.0792661212754389,1.2250846279775,0.003365773283702885,2.2143885212764203
1776284660.9844072,163.63668870925903,2.0436924740198608,-0.07834903306517929,1.2197662887036345,0.0033512743635932198,0.5992754749764775
1776284660.9868956,163.63917708396912,2.0115887262075267,-0.07744588501950003,1.2144905868549418,0.0033350539299828843,13.079573115474465
1776284661.048595,163.7008764743805,1.9795934068895584,-0.07655970635933936,1.2092587349854829,0.0033188062384501248,0.5256512399581589
1776284661.100496,163.75277757644653,1.9477096672400216,-0.07569070688869434,1.2040726302486338,0.003304093177736249,0.6226158787940869
1776284661.1009395,163.75322103500366,1.9159535629777191,-0.074844139778725,1.198930255156,0.0032904982373555777,72.56801729558087
1776284661.108366,163.7606475353241,1.8843126946666502,-0.07402125473741235,1.1938336677024088,0.0032787298891028393,4.3168747250091934
1776284661.2291722,163.8814537525177,1.8527708652873416,-0.07321526974898902,1.188783785840947,0.0032719701822917684,0.2645036382364995
1776284661.2293153,163.88159680366516,1.8527708652873416,-0.07321526974898902,1.188783785840947,0.0032719701822917684,0.0
1776284661.2595854,163.91186690330505,1.8213409671623755,-0.07241843564829804,1.1837760684696983,0.003261444330496855,1.051741190165197
1776284661.2820985,163.93438005447388,1.7900259676702723,-0.0716267319625759,1.178807805084949,0.003247711648199201,1.4088010649120113
1776284661.3011043,163.95338582992554,1.7588203662046222,-0.07084012662405359,1.1738775268690809,0.003236145591945795,1.6627823269745485
1776284661.3238118,163.97609329223633,1.7277271838454706,-0.07006022791049657,1.16898418822414,0.003227543026313044,1.3865722131681708
1776284661.419418,164.0716996192932,1.696764521225065,-0.06928907026192944,1.1641274819619691,0.0032198700363453674,0.3279148849007706
1776284661.4662552,164.11853671073914,1.665942723629234,-0.06853143046591474,1.1593069213486076,0.0032119664066529914,0.66626018176844
1776284661.4862783,164.13855981826782,1.6352752580679226,-0.06779141384196535,1.1545214390518082,0.0032046100305547455,1.5505791919338383
1776284661.504064,164.15634560585022,1.6047730428272706,-0.06706788739114884,1.1497708555603992,0.003197202310343323,1.7361287701355408
1776284661.61529,164.26757144927979,1.6047730428272706,-0.06706788739114884,1.1497708555603992,0.003197202310343323,0.0
1776284661.6407542,164.29303574562073,1.5744422973850938,-0.0663603867198321,1.1450563199651804,0.0031859189672061882,1.2057320840062251
1776284661.6733246,164.3256061077118,1.5442835714844234,-0.06566790770920759,1.140379558603303,0.003169122499446541,0.9372644738685603
1776284661.6900687,164.3423502445221,1.5142949716990932,-0.06498773489077149,1.1357416241756484,0.0031497121756572416,1.8127387702095414
1776284661.6904361,164.3427176475525,1.4844753734655316,-0.06431850849046263,1.131141726752747,0.003127251833006234,82.14335533624788
1776284661.7909162,164.44319772720337,1.4844753734655316,-0.06431850849046263,1.131141726752747,0.003127251833006234,0.0
1776284661.7919397,164.44422125816345,1.4548237268484014,-0.06365970980792753,1.1265776455783314,0.003101729001275535,29.31819691950329
1776284661.807873,164.46015453338623,1.425339256058627,-0.06301168762017123,1.1220470049559141,0.0030747730071607406,1.8726577417503132
1776284661.8614347,164.5137162208557,1.396026076325799,-0.06237682745650183,1.1175500777683427,0.0030509699417970468,0.5538082531140158
1776284661.9134157,164.56569719314575,1.3668860122744235,-0.06175493219444348,1.113088776702101,0.0030259345293648207,0.5672489946695466
1776284661.9760907,164.6283721923828,1.337921516200654,-0.0611412732639925,1.1086644578685791,0.0030002600405365652,0.46760080125249565
1776284662.011742,164.6640236377716,1.3091342112022555,-0.0605392379590912,1.104277648653292,0.0029763805595779784,0.8169614272146581
1776284662.07459,164.72687149047852,1.2805258226227019,-0.05994368170509036,1.0999291452332518,0.0029505689857981738,0.46052675668948334
1776284662.1259048,164.77818632125854,1.252098698807724,-0.05934465448834502,1.0956189525885103,0.0029210666943513333,0.5604279949757797
1776284662.1320338,164.7843153476715,1.2238541572462012,-0.0587374148018722,1.091345811064511,0.002889334792259588,4.661818689980546
1776284662.1519783,164.8042597770691,1.1957932830110154,-0.058121747622483726,1.0871082471014413,0.0028536949286238292,1.4232401256981073
1776284662.171878,164.82415962219238,1.1679162817866107,-0.05749818464932312,1.0829058102140927,0.0028172299965474523,1.417039880680601
1776284662.1831293,164.83541083335876,1.1402231779494938,-0.05686827787528819,1.0787375949816396,0.0027797910573386406,2.4896980785288174
1776284662.2539942,164.90627574920654,1.11271516767362,-0.05623211802596992,1.0746033547408171,0.0027395992363522426,0.3926374653760432
1776284662.3134518,164.96573328971863,1.0853931157932046,-0.055598591023838115,1.0705045259571897,0.0027034298821309835,0.46478638211510703
1776284662.3147202,164.96700167655945,1.0582562414359005,-0.05497172541175101,1.0664420049913625,0.0026728082692278076,21.638854668318174
1776284662.3405998,164.99288129806519,1.0313040498759585,-0.054348744297411225,1.0624160276733798,0.002641864623230021,1.053274382825721
1776284662.3643427,165.01662421226501,1.0045355057195653,-0.05372680482419466,1.0584262441754733,0.0026099429346343266,1.1401881596058316
1776284662.445994,165.09827542304993,0.9779515033476635,-0.05310735804482551,1.0544729262435868,0.002579028332928903,0.3292478092364392
1776284662.4522948,165.10457634925842,0.9515534880770171,-0.05249538778455748,1.0505559913281395,0.0025514668760936022,4.236527331446761
1776284662.478384,165.1306655406952,0.9253428670764875,-0.05189221592492501,1.0466743603927595,0.002525553379866122,1.0158746943952612
1776284662.493327,165.14560842514038,0.8993204834366421,-0.051294603796534756,1.0428286429884372,0.002500801084469886,1.7608250975323978
1776284662.593852,165.2461335659027,0.8993204834366421,-0.051294603796534756,1.0428286429884372,0.002500801084469886,0.0
1776284662.6268694,165.2791509628296,0.8734866412059556,-0.05070293398077812,1.0390187939483555,0.0024782290251290015,0.7910969570122778
1776284662.6381352,165.2904167175293,0.8478408551970966,-0.05011371248715018,1.035244980923185,0.0024560764436353548,2.3015462698522637
1776284662.649592,165.30187344551086,0.8223826115164289,-0.049523716532184146,1.0315079745622946,0.002428014556226817,2.2465246688034264
1776284662.7297628,165.38204431533813,0.7971116262911413,-0.04893332377122085,1.0278081677529278,0.002401075919284357,0.31865948183676807
1776284662.7820742,165.4343557357788,0.7720271656805103,-0.048341831473405615,1.0241457024967155,0.0023712427454170523,0.48473774588204527
1776284662.80423,165.45651149749756,0.7471287274093775,-0.04774399646140092,1.0205213426511224,0.0023401971632916094,1.1359549977938628
1776284662.8301833,165.48246479034424,0.7224171780874041,-0.04714272725071536,1.0169375495564237,0.0023058853581582298,0.9623944520786428
1776284662.8344119,165.48669338226318,0.6978932268701705,-0.04654703460999347,1.0133962148164892,0.002272998375984806,5.86140299306592
1776284662.9362495,165.58853101730347,0.6978932268701705,-0.04654703460999347,1.0133962148164892,0.002272998375984806,0.0
1776284662.9648762,165.6171576976776,0.6735560768339734,-0.04596328144440583,1.0098974661035756,0.0022456682410716476,0.8591385811555635
1776284662.985462,165.63774347305298,0.6735560768339734,-0.04596328144440583,1.0098974661035756,0.0022456682410716476,0.0
1776284663.012335,165.66461658477783,0.6494065210855243,-0.045387077523342936,1.0064407876611439,0.0022211479412234075,0.9080635528228682
1776284663.0244815,165.67676305770874,0.6254453878043421,-0.044811963259698974,1.0030273012108997,0.002197036579776719,1.993161768341598
1776284663.0455186,165.69780015945435,0.601673143096476,-0.04423497238861491,0.9996564872875372,0.0021706805244065684,1.1416483059789482
1776284663.2054427,165.8577241897583,0.601673143096476,-0.04423497238861491,0.9996564872875372,0.0021706805244065684,0.0
1776284663.2360983,165.8883798122406,0.5780888652759171,-0.043655522649917095,0.9963263353420373,0.0021443817068959405,0.7771911083258235
1776284663.236615,165.8888964653015,0.5546915588019877,-0.04307527340229032,0.993036794633434,0.002116537568298764,45.74548529957578
1776284663.2652423,165.9175238609314,0.5314793843241673,-0.04249285066550753,0.9897868042495727,0.0020882237297598872,0.8189995710019093
1776284663.3375175,165.98979902267456,0.5084506343624539,-0.041906376995412685,0.9865756024168286,0.002061648012266039,0.3218112102542138
1776284663.3379085,165.9901900291443,0.4856054270588821,-0.04131502655703084,0.9834029455932423,0.0020341344401074647,59.006793786981966
1776284663.338108,165.990389585495,0.4629453012985889,-0.040717510842259746,0.9802688077481737,0.0020044426054501288,114.67259008030354
1776284663.3505633,166.00284481048584,0.4404705920285532,-0.04011339539796716,0.9771723526455204,0.001972273897284698,1.8221313197710274
1776284663.366236,166.01851749420166,0.41818180406792976,-0.03950398859989481,0.9741129644473232,0.0019384953882059402,1.4360034646153839
1776284663.3850398,166.03732132911682,0.39607897491826094,-0.038891361443283146,0.9710908467287434,0.001904437468745561,1.1868265041450567
1776284663.4770663,166.1293478012085,0.37416211681393413,-0.038277231205464876,0.9681069908286406,0.0018706858203623147,0.2404478460676229
1776284663.4832487,166.13553023338318,0.3524306471307231,-0.03765896034345096,0.9651622468831123,0.0018381856930487904,3.5485696204813304
1776284663.509277,166.16155862808228,0.33088435622537177,-0.037041399575676065,0.9622578009724814,0.001807720059413306,0.835623521230476
1776284663.5487058,166.20098733901978,0.3095221508728741,-0.036424534403126284,0.9593939396851103,0.0017778576330628386,0.5468640288633098
1776284663.6490612,166.30134272575378,0.2883424069573116,-0.03581399683780692,0.9565700496832571,0.00175053652741815,0.2130019170805545
1776284663.6579971,166.3102786540985,0.2673449145804964,-0.035211803854509546,0.9537878892613124,0.0017236618349991716,2.371277603632693
1776284663.68177,166.3340516090393,0.24653033599222454,-0.034611157537851156,0.9510473338118435,0.0016983995264599166,0.8834750167109013
1776284663.708776,166.36105751991272,0.22589955754500932,-0.03400887083838136,0.9483484504828393,0.0016747343692979663,0.7707674329171519
1776284663.812181,166.46446251869202,0.22589955754500932,-0.03400887083838136,0.9483484504828393,0.0016747343692979663,0.0
1776284663.827056,166.47933745384216,0.20545257591921662,-0.033410341007759865,0.9456909911821465,0.0016495083879495467,1.3867379078581152
1776284663.8434167,166.49569821357727,0.18518920843525455,-0.03281788057433301,0.9430739386541251,0.0016229234014438854,1.2493463378741692
1776284663.8677518,166.5200333595276,0.16510967495871795,-0.03222996501377528,0.9404979374219805,0.0015952252848988474,0.8322379394768952
1776284663.8690655,166.52134704589844,0.14521302182481524,-0.03164162449959026,0.9379645115016823,0.0015700543210732565,15.274514328122834
1776284663.9715168,166.62379837036133,0.14521302182481524,-0.03164162449959026,0.9379645115016823,0.0015700543210732565,0.0
1776284664.0361307,166.68841218948364,0.12549753439988992,-0.03106237545533181,0.9354760004616718,0.0015464993798727348,0.30767967201488505
1776284664.0543444,166.70662593841553,0.10596115013710825,-0.030497413314434334,0.9330299625494547,0.0015264827977395862,1.08143688563195
1776284664.0893507,166.74163222312927,0.08660370381273866,-0.029941443305903093,0.9306254639496819,0.0015077191722489489,0.5574466024054731
1776284664.0993693,166.7516508102417,0.06742496258446362,-0.02938972793905446,0.9282612815379447,0.0014880571979708408,1.9295918221925077
1776284664.2023752,166.85465669631958,0.06742496258446362,-0.02938972793905446,0.9282612815379447,0.0014880571979708408,0.0
1776284664.2265258,166.87880730628967,0.048424874542474405,-0.028841672459758175,0.9259372324363998,0.0014686901241967969,0.7929216226993785
1776284664.2588062,166.91108775138855,0.029604486263124258,-0.02830153421395934,0.9236533507547295,0.0014510050568832208,0.5875430415800431
1776284664.2598596,166.91214108467102,0.010965054285410811,-0.02776975906922103,0.9214072908522959,0.0014355877184579597,17.830823218731528
1776284664.3202288,166.9725103378296,-0.007493151389590672,-0.027246422595998014,0.919197383434695,0.0014193901910072122,0.3080606334788474
1776284664.3710604,167.02334189414978,-0.025770275217626003,-0.026736729018658385,0.9170250772310057,0.001404734560384443,0.36223208161882586
1776284664.400082,167.0523636341095,-0.043867615854525595,-0.026241049858169965,0.9148903061442003,0.001391432878709013,0.6281344690630231
1776284664.4627557,167.11503720283508,-0.06178574712297618,-0.025761648173544073,0.9127948136764817,0.0013799203573921037,0.2879461979597152
1776284664.4633248,167.1156063079834,-0.07952542822892966,-0.025290481169634525,0.9107413419586133,0.0013718988057319656,31.390246375086942
1776284664.4682486,167.120530128479,-0.0970877095648174,-0.024826182579221964,0.9087293316152188,0.0013640502350831007,3.5913686067744255
1776284664.5694222,167.2217037677765,-0.0970877095648174,-0.024826182579221964,0.9087293316152188,0.0013640502350831007,0.0
1776284664.5717573,167.2240388393402,-0.11447347004258941,-0.024373409034900165,0.9067573137223721,0.0013589119477873228,7.495744771015549
1776284664.584501,167.23678255081177,-0.13168320777330986,-0.023933990517223863,0.9048237421633281,0.0013544332278875154,1.359383616994616
1776284664.5850801,167.2373616695404,-0.14871805921951134,-0.02350231222258027,0.9029275198369797,0.0013480943455036294,29.606191472150375
1776284664.6130452,167.26532673835754,-0.16557814017985514,-0.023076379132936375,0.9010670277496844,0.0013411058499562991,0.6067486893133764
1776284664.714369,167.36665058135986,-0.16557814017985514,-0.023076379132936375,0.9010670277496844,0.0013411058499562991,0.0
1776284664.7190456,167.37132716178894,-0.182263156768436,-0.02265731187179763,0.8992410661450613,0.001331455462024661,3.59020104799873
1776284664.7230828,167.37536430358887,-0.19877252917555238,-0.022245617059656102,0.8974492848045074,0.001322236677179759,4.114649201423631
1776284664.7382228,167.39050436019897,-0.21510554155281303,-0.021838162037922017,0.8956931596650651,0.0013147974520390472,1.0853461918699738
1776284664.7418716,167.39415311813354,-0.23126163252443602,-0.02143178639204881,0.8939719865988078,0.0013047539801369073,4.454281586390304
1776284664.8428724,167.49515390396118,-0.23126163252443602,-0.02143178639204881,0.8939719865988078,0.0013047539801369073,0.0
1776284664.8837447,167.53602623939514,-0.24724177544631032,-0.021029485885292545,0.8922849183384586,0.0012967602863790295,0.3932729906788019
1776284664.941977,167.59425854682922,-0.2630478979509355,-0.020636886467592923,0.8906315491325807,0.0012857561104979817,0.27299638787919994
1776284664.9424613,167.59474277496338,-0.2786816300968682,-0.02026070926333301,0.8890115403788061,0.001276023284134674,32.468051197982696
1776284664.9473002,167.59958171844482,-0.2941437944474636,-0.01990091344266758,0.887425464837377,0.001267707748815956,3.21298716537536
1776284665.0515695,167.70385098457336,-0.2941437944474636,-0.01990091344266758,0.887425464837377,0.001267707748815956,0.0
1776284665.054845,167.70712661743164,-0.3094341670315708,-0.019554360293493014,0.8858725596297838,0.0012583068545066066,4.693118830562416
1776284665.0565755,167.70885705947876,-0.3245525740362856,-0.019215556339091566,0.8843530164087016,0.0012511893708254502,8.782932770884306
1776284665.0586002,167.7108817100525,-0.33949853137782615,-0.018883955818274723,0.8828681177060214,0.0012431394730085907,7.4201443539213665
1776284665.1299908,167.7822723388672,-0.3542724167315743,-0.018562000918158492,0.8814153160712084,0.0012310160901563148,0.20799138121039795
1776284665.2063735,167.8586549758911,-0.36887420748669975,-0.018248199619027274,0.8799950697351494,0.001217794496130095,0.19211243139326867
1776284665.2841105,167.93639206886292,-0.3833028573215185,-0.01793814614972314,0.878606978049347,0.001204247671815862,0.18650789504072096
1776284665.2880013,167.94028282165527,-0.3975587688624437,-0.01763275011250768,0.8772507199442767,0.001189753047326818,3.6814307976081047
1776284665.288391,167.9406726360321,-0.4116428029378635,-0.017332989842654495,0.8759254350257617,0.001176319547547113,36.297855341271905
1776284665.3699143,168.02219581604004,-0.42555680616323316,-0.0170324503990876,0.874630990305533,0.00116116393048095,0.17145206093537455
1776284665.4016197,168.05390119552612,-0.43930270153224965,-0.01672720733946802,0.8733678088301312,0.001144017448814578,0.435484079242605
1776284665.4371274,168.08940887451172,-0.45288146801508,-0.016419037126010408,0.872135944183293,0.0011278562724488736,0.38408625747923486
1776284665.44727,168.09955143928528,-0.4662927359127159,-0.0161085411018428,0.8709357948578946,0.0011131983128242861,1.327912631655651
1776284665.471867,168.12414860725403,-0.479535165001571,-0.015797018535392126,0.8697657665388139,0.0010977838903215805,0.54061779623271
1776284665.593049,168.2453305721283,-0.4926076436026549,-0.01548848917270799,0.868626197846867,0.0010829649777874633,0.1083138163231941
1776284665.5931804,168.24546194076538,-0.4926076436026549,-0.01548848917270799,0.868626197846867,0.0010829649777874633,0.0
1776284665.606907,168.25918841362,-0.5055095511811456,-0.015187511127782261,0.8675165324236078,0.0010712927271692109,0.9436536984213449
1776284665.6081262,168.26040768623352,-0.5182412074329342,-0.014890465061277782,0.8664362714526892,0.0010601590440456857,10.482360961979047
1776284665.631162,168.28344345092773,-0.5308034099723059,-0.01459697858618217,0.8653847620050518,0.0010492678392507286,0.5473900991041474
1776284665.7404885,168.39277005195618,-0.5308034099723059,-0.01459697858618217,0.8653847620050518,0.0010492678392507286,0.0
1776284665.7849092,168.4371907711029,-0.5431972620389368,-0.014308587327976656,0.8643612877371025,0.0010397422466823707,0.2800355956792384
1776284665.7877855,168.4400670528412,-0.5554241701121597,-0.014031511780418218,0.8633661098331129,0.0010335359957450109,4.266087605947321
1776284665.8082974,168.46057891845703,-0.5674862141341859,-0.0137749689268246,0.8624014925485556,0.0010289150258708417,0.5900620055497507
1776284665.8217745,168.4740560054779,-0.5793842152274727,-0.013539446195908814,0.8614703243574067,0.001026623308851675,0.8857037897342409
1776284665.922243,168.574524641037,-0.5793842152274727,-0.013539446195908814,0.8614703243574067,0.001026623308851675,0.0
1776284665.934563,168.5868444442749,-0.5911164085456091,-0.013321665123343651,0.8605718100553106,0.0010248899715318714,0.955255902758595
1776284665.9811006,168.63338208198547,-0.6026820242973188,-0.013115552178585628,0.8597041296232921,0.0010228919194660844,0.24925951747863126
1776284666.004403,168.6566846370697,-0.614081090829335,-0.012919901776701036,0.8588644834920345,0.0010212805827227375,0.4905737965325053
1776284666.0082965,168.66057801246643,-0.6253140945583375,-0.012728334278602748,0.8580524944818694,0.001016897212303519,2.8931046179832944
1776284666.1087284,168.76100993156433,-0.6253140945583375,-0.012728334278602748,0.8580524944818694,0.001016897212303519,0.0
1776284666.1192167,168.7714982032776,-0.6363808055190481,-0.012535008265870624,0.8572687578701972,0.0010120305547325573,1.0579543192266891
1776284666.1200423,168.77232384681702,-0.6472817244217787,-0.01233701752690368,0.8565123049032987,0.0010045796981472635,13.236859357289807
1776284666.1592553,168.81153678894043,-0.6580179919403898,-0.012137845604024252,0.855784183857012,0.0009971692263688065,0.2744699027142016
1776284666.1773515,168.82963299751282,-0.6685906271328814,-0.011941213866771846,0.855083951220291,0.0009849925810299098,0.5856266827478621
1776284666.2798643,168.93214583396912,-0.6685906271328814,-0.011941213866771846,0.855083951220291,0.0009849925810299098,0.0
1776284666.3123314,168.96461296081543,-0.6789991250492564,-0.01174116822434636,0.8544103527101368,0.0009716170866079266,0.3213154572188371
1776284666.3332713,168.98555278778076,-0.6892426675762494,-0.011534206530711275,0.8537626080217416,0.0009591248797171304,0.4902661496701409
1776284666.3810217,169.03330326080322,-0.69932152441878,-0.011322602790329987,0.8531407083517223,0.0009458889778849856,0.2115212995062433
1776284666.3813818,169.03366327285767,-0.7092366208576496,-0.0111079442990341,0.8525427730288332,0.000932594386469133,27.597488805945243
1776284666.473924,169.12620544433594,-0.7189883298134337,-0.010891363736842831,0.8519687653729894,0.0009178591192706858,0.10558417323362157
1776284666.5259597,169.17824125289917,-0.7285770122650908,-0.010675488590268118,0.851418263319668,0.0009037184427588398,0.18462090023251243
1776284666.5267076,169.1789891719818,-0.7380042037297782,-0.0104610021114313,0.8508918260957491,0.0008917677021329147,12.627455142256457
1776284666.5269988,169.1792802810669,-0.747269849162192,-0.010249574890469485,0.8503892203378052,0.0008789193546721089,31.883839883507875
1776284666.5477724,169.2000539302826,-0.7563741636855789,-0.010045209065289372,0.8499098740210236,0.0008641095313787481,0.4389799235963184
1776284666.661922,169.31420350074768,-0.7563741636855789,-0.010045209065289372,0.8499098740210236,0.0008641095313787481,0.0
1776284666.6917267,169.34400820732117,-0.7653179429742477,-0.00984862618315563,0.849452806616467,0.0008502141040985153,0.30054340939980634
1776284666.757556,169.40983748435974,-0.7741015563087525,-0.009666424949596911,0.8490174389137276,0.0008371737918981964,0.1336226678529078
1776284666.8410184,169.4932999610901,-0.7827253069021827,-0.00949610925992694,0.8486049804815967,0.0008214710045402719,0.1034631204218539
1776284666.85278,169.50506162643433,-0.7911876382883442,-0.00933142308116305,0.8482173284918247,0.000808156668962731,0.7203747207743089
1776284666.931457,169.58373856544495,-0.7994885434259941,-0.009169145388212311,0.8478524407682376,0.0007955924163243637,0.10562822724309448
1776284666.93238,169.58466148376465,-0.8076281879768763,-0.009001428223864629,0.8475126954666472,0.0007811098314862299,8.829013273885488
1776284666.9325926,169.5848741531372,-0.8156066718390504,-0.008836217527967887,0.847200078027315,0.0007685136136816648,37.55272802177476
1776284666.9327867,169.5850682258606,-0.823424398164847,-0.008679767215174505,0.8469124251486941,0.0007558130754859803,40.31777744403452
1776284667.020531,169.67281246185303,-0.8310814732966326,-0.008537847691030546,0.846648043494966,0.0007434800563712677,0.08733282866400145
1776284667.0523179,169.70459938049316,-0.8385795680293628,-0.008410788655030388,0.8464057290632512,0.0007321299463164592,0.2360431695402932
1776284667.0971556,169.74943709373474,-0.8459211244812375,-0.00829743646820508,0.8461855744919063,0.0007211658765087082,0.16382930213955743
1776284667.0977628,169.7500443458557,-0.8531062630593335,-0.008195705757075287,0.8459860271971105,0.0007083922615896852,11.837964158624649
1776284667.166904,169.8191854953766,-0.8601348132374185,-0.008104424052368595,0.8458074551312412,0.0006966407931400153,0.10169646955284863
1776284667.2131393,169.86542081832886,-0.8601348132374185,-0.008104424052368595,0.8458074551312412,0.0006966407931400153,0.0
1776284667.213712,169.86599349975586,-0.867006136702894,-0.008022349475228478,0.8456504447035291,0.0006854729819576043,12.00249699763826
1776284667.2197366,169.87201809883118,-0.8737201938233553,-0.00794969110589221,0.845514273252457,0.0006749933481137709,1.114734911662833
1776284667.2374508,169.88973236083984,-0.880276833710447,-0.007886588600508306,0.8453976318946387,0.0006650123107854203,0.3702090957200902
1776284667.3296478,169.98192930221558,-0.886675794274292,-0.007830754985830468,0.8452992722314295,0.0006562328331083106,0.06941618592624325
1776284667.3753145,170.0275959968567,-0.8929179217122973,-0.007784064084557144,0.8452187269494884,0.0006474674701048543,0.13670404064931665
1776284667.3917348,170.04401636123657,-0.8990030013642503,-0.007751022210716414,0.8451556930960153,0.0006408778858319677,0.3706066248879212
1776284667.467343,170.11962461471558,-0.9049314531943045,-0.0077331967101603675,0.8451101181680875,0.0006349283614446917,0.07841278605011967
1776284667.5571566,170.20943808555603,-0.910704583967501,-0.007729987478533384,0.8450822842331711,0.0006280849334440067,0.06427987593055738
1776284667.574311,170.22659254074097,-0.9163233069036246,-0.007744251447466332,0.8450722204258813,0.0006214159406692424,0.3275388226462204
1776284667.6031954,170.25547695159912,-0.9217871251409232,-0.007768641688450517,0.8450790075774416,0.0006153312692786069,0.18916352207381296
1776284667.6565146,170.30879616737366,-0.9270965186071687,-0.007795193311170084,0.8451014610075229,0.0006067102217624103,0.09957962165014012
1776284667.6569462,170.30922770500183,-0.9322516966847114,-0.007814116530643636,0.8451397038726274,0.0006008210229694813,11.94647770706759
1776284667.7465112,170.39879274368286,-0.937252563478859,-0.007823126743033159,0.8451833764994574,0.000596421159151617,0.055837251650905334
1776284667.7567062,170.40898776054382,-0.9420966825002208,-0.007824278554371625,0.8451816901731403,0.0005906568415544491,0.475145800922329
1776284667.773878,170.42615962028503,-0.9467806338032284,-0.007817500764926953,0.8450963677934092,0.0005805403649581476,0.27281455381295333
1776284667.794755,170.44703650474548,-0.9513122777389361,-0.007805916375811589,0.8449062331454059,0.0005708106626624483,0.21725682936872712
1776284667.8804822,170.53276371955872,-0.9556799960552125,-0.007789364115242781,0.8445971442608982,0.0005634577793327502,0.0510768085585597
1776284667.911918,170.56419944763184,-0.9598896918767593,-0.007764339108630454,0.8441646356275826,0.0005531138453712737,0.13462165334682233
1776284667.9230852,170.57536673545837,-0.9639313835273675,-0.007739387622057496,0.8436079793361788,0.0005442935609215363,0.36534578995429706
1776284667.9317048,170.58398628234863,-0.9678349569707573,-0.007727674565228411,0.8429332142314192,0.0005328686783989327,0.45959270613638503
1776284668.005477,170.65775847434998,-0.9716216346674674,-0.007726293259709912,0.8421417338470898,0.0005178034299702402,0.05243859623063009
1776284668.0283623,170.68064379692078,-0.975307923843415,-0.007729440237638963,0.8412339474453422,0.0005064942080396325,0.16588890937871412
1776284668.0522902,170.704571723938,-0.9789037440323801,-0.0077400240413033165,0.8402125447145764,0.0005007062048571058,0.15622279054702723
1776284668.0587785,170.71106004714966,-0.9823999806962946,-0.007754602015206758,0.839080093036278,0.0004963301919567764,0.5664169023427253
1776284668.162689,170.81497049331665,-0.9823999806962946,-0.007754602015206758,0.839080093036278,0.0004963301919567764,0.0
1776284668.1705794,170.82286095619202,-0.9857742931202178,-0.007768364083207869,0.8378380754650546,0.0004994386786342494,0.4556971526898198
1776284668.1860118,170.8382933139801,-0.988989496330746,-0.007778580969310408,0.8364866094817485,0.0005013935171603406,0.2259995854905036
1776284668.23002,170.88230156898499,-0.9920450565366692,-0.007791488691180231,0.8350280282193753,0.0005030973911070345,0.07693701692761476
1776284668.2306883,170.8829698562622,-0.9949586116840938,-0.007807097611498032,0.8334633509041725,0.0005009047403704495,4.948699937837661
1776284668.277229,170.9295105934143,-0.9977559765242631,-0.007824737184567294,0.8317958196837034,0.0004975384353635816,0.0699756739814842
1776284668.289609,170.94189047813416,-1.0004954984254881,-0.007839149386457604,0.8300391157740755,0.0004939480705916107,0.26287901206868497
1776284668.3392577,170.99153923988342,-1.0031811099379206,-0.007848152103155478,0.8281960173291721,0.000489076328001675,0.06560563254458535
1776284668.339645,170.99192643165588,-1.005799000217173,-0.007855317094806519,0.8262656924328174,0.0004832856400208731,8.40054729443583
1776284668.4400342,171.09231567382812,-1.005799000217173,-0.007855317094806519,0.8262656924328174,0.0004832856400208731,0.0
1776284668.471104,171.12338542938232,-1.0083225470135542,-0.007863056428204847,0.8242472331809296,0.0004734449281210498,0.104007569561628
1776284668.5099018,171.16218328475952,-1.0107392854608772,-0.007874118969383434,0.8221410253854807,0.000460911988052409,0.08262709156538246
1776284668.5381377,171.19041919708252,-1.0130478108297012,-0.007890476145635076,0.8199510753498044,0.0004518851974118442,0.1126951138713101
1776284668.561654,171.2139356136322,-1.0152733535492,-0.007911181779178026,0.8176794691877721,0.0004425497834029427,0.13523313290974665
1776284668.5943732,171.24665474891663,-1.0174336928125511,-0.007936083491457245,0.8153270489056849,0.00043467350451854007,0.09761838668821704
1776284668.6522038,171.30448532104492,-1.0195278532082739,-0.007966481195206621,0.8128928638963616,0.00042782700219472447,0.05552740816407563
1776284668.6659927,171.31827425956726,-1.0215542549816947,-0.00799858723562757,0.8103767751323678,0.00042088891565077207,0.23430340146053846
1776284668.6865897,171.33887124061584,-1.0234997005168969,-0.008030456822490505,0.8077801975915798,0.0004154380866953637,0.15753212824845583
1776284668.7200925,171.37237405776978,-1.025347345360587,-0.008056659911176298,0.8051040656553887,0.00041371681948439105,0.09706947558517434
1776284668.8109639,171.4632453918457,-1.0270851092895794,-0.008077230461244778,0.8023502042713303,0.0004151690982309248,0.03583504366837532
1776284668.828255,171.48053646087646,-1.0287214842871024,-0.008095138529748946,0.7995218443320495,0.0004149705387360029,0.18898018775375494
1776284668.8543847,171.50666618347168,-1.0302697895195534,-0.00810824047513364,0.7966209913698876,0.0004159189882162727,0.12584200335636314
1776284668.872503,171.52478456497192,-1.0317515500986651,-0.00811563723159279,0.7936498118814868,0.0004164850280531089,0.18324910565465005
1776284668.9381526,171.59043407440186,-1.0331757732911107,-0.008115226579210426,0.790610058608007,0.00041831410568932663,0.05113306165449407
1776284668.9385629,171.5908443927765,-1.034560877868873,-0.008110152088487928,0.7875042088185589,0.0004197944987711381,8.287984145827336
1776284668.9778903,171.63017177581787,-1.0359086325213829,-0.008103430460273236,0.7843339033414973,0.0004199397565468213,0.08759541260414173
1776284669.0241237,171.6764051914215,-1.0371905630866913,-0.0080958994372754,0.7810989794917751,0.00042267963263953144,0.07526319457263839
1776284669.0878131,171.74009466171265,-1.038407897833689,-0.00808565801124286,0.7778007853605866,0.00042270496894262046,0.055200528741894066
1776284669.1048152,171.75709676742554,-1.0395763288071362,-0.008074737729602592,0.774443101049893,0.000419616852026953,0.2091030733348923
1776284669.1275551,171.7798366546631,-1.0406834919444303,-0.008065137357110693,0.7710273750530191,0.00041260662560143186,0.15790291258367262
1776284669.1441746,171.79645609855652,-1.0417353968032683,-0.008056810257996051,0.7675550340202388,0.00040463382702171354,0.2183096431555371
1776284669.2043169,171.85659837722778,-1.0427266186398048,-0.008055776216112307,0.7640251157094076,0.00039305339034615945,0.0609629140428184
1776284669.2065518,171.85883331298828,-1.0436445137427124,-0.008064210610716724,0.7604366511751378,0.00038094015527063974,1.657322211033141
1776284669.25271,171.9049916267395,-1.0444951920110903,-0.008081462078886064,0.7567903626075683,0.00036589730405603524,0.08111745872414126
1776284669.2684464,171.92072796821594,-1.0452987131678477,-0.008104639007041047,0.7530893906105256,0.0003533388982811059,0.24066998880762022
1776284669.341886,171.99416756629944,-1.0460768442095612,-0.008130808165353736,0.749335809059379,0.00033957003027129776,0.052199048863033934
1776284669.3540971,172.00637865066528,-1.0468217838502458,-0.008157683759758469,0.7455306534125097,0.0003306673723680359,0.31753789507400526
1776284669.3713074,172.02358889579773,-1.0475319747327494,-0.008182720348028902,0.7416748578497913,0.0003228180967631319,0.22781397103171588
1776284669.3783774,172.0306589603424,-1.048221148220446,-0.008206988628470515,0.7377696996685789,0.00032172240380950047,0.5608970115556504
1776284669.4106061,172.06288766860962,-1.0488860349354212,-0.008228282874151201,0.733815527858242,0.000321917896984672,0.12441511536393311
1776284669.467068,172.1193494796753,-1.0495327028179133,-0.008248116101855983,0.729815324281346,0.0003248154998818638,0.07176859345791096
1776284669.4916782,172.1439597606659,-1.0501524841502474,-0.008258600008064037,0.7257708344324862,0.00032974037498845616,0.16626041979171344
1776284669.502871,172.1551525592804,-1.050735146386679,-0.008255601352149516,0.7216852427396712,0.00033820806944531126,0.36871310385531086
1776284669.5312026,172.1834840774536,-1.0512614653214047,-0.00824198729601209,0.7175596730857347,0.0003465341532368623,0.14679866217312987
1776284669.6322942,172.2845757007599,-1.051744577979418,-0.008220773771429154,0.7133938860453533,0.0003565065129991784,0.04148475064102479
1776284669.655928,172.3082094192505,-1.0521918353492543,-0.008197015477752468,0.7091879958723871,0.0003716689928223319,0.17896764245167834
1776284669.6563292,172.30861067771912,-1.0525939403678837,-0.008170298098968968,0.7049431776852344,0.000392995134521889,10.626329615718797
1776284669.6685755,172.32085704803467,-1.05296405400983,-0.008143125299783087,0.7006580960583633,0.00041388242896565403,0.3512160329277409
1776284669.778101,172.43038249015808,-1.05296405400983,-0.008143125299783087,0.7006580960583633,0.00041388242896565403,0.0
1776284669.7856956,172.43797707557678,-1.0532960651076237,-0.00811132923243952,0.6963355044538785,0.00043522621731502474,0.5708593456757832
1776284669.8237352,172.47601675987244,-1.0536004926368572,-0.008074338059849135,0.6919764129988584,0.0004544733771593986,0.11487648716191089
1776284669.8542542,172.5065357685089,-1.0538944184319423,-0.008033140362533376,0.6875795701033148,0.0004703401844199055,0.14439685557239135
1776284669.8547482,172.5070297718048,-1.0541892332833636,-0.00798401735989435,0.6831456604607125,0.0004860440242592736,8.995833908908708
1776284669.9003384,172.55261993408203,-1.054478421421291,-0.007930105039888835,0.6786784710202486,0.0005047899544429453,0.0981980433231173
1776284669.94914,172.60142159461975,-1.0547648203375741,-0.007879078147894965,0.674180233680387,0.0005203144960467512,0.09236641294279958
1776284669.949503,172.60178446769714,-1.055051850940492,-0.007832899529507888,0.6696539414797485,0.0005342307846545499,12.499188634080793
1776284669.9664536,172.61873507499695,-1.0553059667742408,-0.007794728751041044,0.6651004726743314,0.0005439698828751657,0.26905901849090047
1776284670.011248,172.6635296344757,-1.0555033943241325,-0.0077667826324301125,0.6605173939220546,0.0005537110986383113,0.10241007614028659
1776284670.0469928,172.69927430152893,-1.0556425750427227,-0.007748579614571362,0.6559009927004226,0.0005676384419788373,0.12920905662549426
1776284670.0473518,172.69963335990906,-1.0557176998754498,-0.007737991906540818,0.6512500466366624,0.0005780330264935602,12.954898316527208
1776284670.0643373,172.7166187763214,-1.055762317342898,-0.007731210209905947,0.646568590474948,0.0005846279062036958,0.27562902036210574
1776284670.164959,172.81724047660828,-1.055762317342898,-0.007731210209905947,0.646568590474948,0.0005846279062036958,0.0
1776284670.2185156,172.8707971572876,-1.0558081756543256,-0.007726825435910717,0.6418584920683019,0.0005905061271052831,0.08795025428376212
1776284670.2214146,172.8736960887909,-1.0558618453971735,-0.007725524667659705,0.6371186728724729,0.0005957531367715225,1.635127706462199
1776284670.2509193,172.90320086479187,-1.0559312864031154,-0.0077252580476734325,0.6323471552461792,0.0005997827694856522,0.16173730322128446
1776284670.251697,172.9039785861969,-1.0560236681424318,-0.007725021346115272,0.6275440354307288,0.0006031684067685654,6.1770296267318745
1776284670.2570236,172.9093050956726,-1.0561399948417443,-0.007729359905593005,0.6227132170769651,0.0006045696029218752,0.9072021182159385
1776284670.378946,173.03122758865356,-1.0561399948417443,-0.007729359905593005,0.6227132170769651,0.0006045696029218752,0.0
1776284670.4738054,173.12608695030212,-1.0562442986819265,-0.007739879390510161,0.617860628849461,0.0006034966860466391,0.05116754310127967
1776284670.4958034,173.1480848789215,-1.0562996109129081,-0.007754776954271307,0.6129869533137625,0.0006003287475169984,0.22156686893985392
1776284670.520064,173.17234563827515,-1.05629937819611,-0.007773184493148933,0.6080888903242327,0.0005994311692152554,0.20189382832028777
1776284670.526145,173.17842650413513,-1.0562786851307908,-0.007795812661375345,0.6031685909671869,0.0005990233168794072,0.809160243974205
1776284670.6329982,173.28527975082397,-1.0562786851307908,-0.007795812661375345,0.6031685909671869,0.0005990233168794072,0.0
1776284670.673441,173.3257224559784,-1.0562786851307908,-0.007795812661375345,0.6031685909671869,0.0005990233168794072,0.0
1776284670.6806133,173.3328948020935,-1.0562785880210301,-0.007817024504045188,0.5982272465136375,0.0005985619939720502,0.6889502965015841
1776284670.6834123,173.33569383621216,-1.0562983182259913,-0.007836774435777084,0.5932619987276232,0.0005989593437749234,1.7739427439817856
1776284670.6995296,173.351811170578,-1.056331591318036,-0.007852876089727288,0.5882708510506911,0.0006019595173451477,0.30968424680464585
1776284670.7181551,173.370436668396,-1.0563681148118877,-0.007860165226873904,0.5832544769944933,0.0006014963708868376,0.26933574394953086
1776284670.786915,173.4391965866089,-1.056416452278247,-0.007864336253555503,0.5782158845049777,0.0006013098191108814,0.07328144365100392
1776284670.8150437,173.4673252105713,-1.0564700855486766,-0.007865467352474304,0.5731569913529968,0.0006000932418565817,0.17985869416343034
1776284670.8372166,173.48949813842773,-1.0565101793478768,-0.00786039518591533,0.5680791623358413,0.0005960968052526522,0.22901755997870263
1776284670.8466105,173.49889206886292,-1.0565330895409801,-0.007854495247065933,0.5629849401724724,0.0005898454799101923,0.5422945306713963
1776284671.0739417,173.72622323036194,-1.0565330895409801,-0.007854495247065933,0.5629849401724724,0.0005898454799101923,0.0
1776284671.1863344,173.83861589431763,-1.0565330895409801,-0.007854495247065933,0.5629849401724724,0.0005898454799101923,0.0
1776284671.2870064,173.93928790092468,-1.0565330895409801,-0.007854495247065933,0.5629849401724724,0.0005898454799101923,0.0
1776284671.308867,173.9611485004425,-1.056556036687766,-0.00784426405863681,0.5578720754863841,0.0005839489140017247,0.2338877491883996
1776284671.3382847,173.9905662536621,-1.0565797984433276,-0.007824332679376194,0.5527376580690556,0.0005807089160950904,0.17453783938092532
1776284671.3630357,174.01531720161438,-1.0565955114256784,-0.007787804372667019,0.5475799523168171,0.0005782044104382521,0.20839036333355598
1776284671.4000955,174.05237698554993,-1.0566060143351497,-0.007735416464017079,0.5423996818678979,0.0005789893495446906,0.13978888804247183
1776284671.4910886,174.14337015151978,-1.0566183188717906,-0.007669189929226405,0.537201691698892,0.0005790147739731288,0.0571298574805485
1776284671.491495,174.14377641677856,-1.056635318257758,-0.007589346627621056,0.5319869693524377,0.000576426402336972,12.83733016336778
1776284671.5499709,174.2022523880005,-1.0566394258446907,-0.007498892263331123,0.5267551240428324,0.0005710419929948044,0.08948340139330146
1776284671.5632024,174.2154839038849,-1.0566289411314014,-0.007403485431776394,0.5215081483072964,0.0005616026666941152,0.3966177106534627
1776284671.6261826,174.2784640789032,-1.056600519813423,-0.007304653631363836,0.5162444228784745,0.0005509319476065393,0.08359344659260798
1776284671.6399481,174.29222965240479,-1.0565792209622242,-0.007198143728474096,0.5109647031228469,0.0005394625046005475,0.38362636551384044
1776284671.648881,174.30116248130798,-1.0565916269129079,-0.007090937368411595,0.50567219343873,0.0005322015259786485,0.5926017352706434
1776284671.6651654,174.31744694709778,-1.056617127897933,-0.006983827542056735,0.5003678013597086,0.0005248875755314697,0.3258034214503276
1776284671.6821632,174.33444476127625,-1.0566269870711396,-0.0068743295329139805,0.4950511424627566,0.0005181054011036413,0.3128517250148211
1776284671.783816,174.43609762191772,-1.0566269870711396,-0.0068743295329139805,0.4950511424627566,0.0005181054011036413,0.0
1776284671.8467004,174.49898195266724,-1.0566150679485364,-0.006763267233407401,0.48972033777280555,0.000513609284508287,0.08479019752906022
1776284671.8533807,174.50566220283508,-1.0565924988229798,-0.006649721546340607,0.48437434819050273,0.0005115902773302074,0.8004554863862413
1776284671.8941271,174.54640865325928,-1.0565642849496055,-0.006531729133289646,0.4790119282163762,0.0005114206724102754,0.13163826769072917
1776284671.9154963,174.56777787208557,-1.0565513649676033,-0.006416443248312054,0.4736355687793321,0.0005084622223937314,0.2516521967103032
1776284672.032813,174.68509459495544,-1.056540757374159,-0.006300255371774454,0.4682487829542915,0.0005061373995945699,0.045927375233321154
1776284672.0329726,174.68525409698486,-1.056540757374159,-0.006300255371774454,0.4682487829542915,0.0005061373995945699,0.0
1776284672.0609612,174.71324276924133,-1.05651011895393,-0.006183786962177061,0.4628508872343064,0.0005021380263097544,0.19290800767940752
1776284672.1311164,174.78339791297913,-1.0564726823362554,-0.006069195203011112,0.45744020415409586,0.0004977221686010016,0.0771436789289558
1776284672.1570656,174.80934715270996,-1.056437348367937,-0.0059553031391521806,0.45201559665252306,0.0004937747969615277,0.20909737947851129
1776284672.2361383,174.8884198665619,-1.056400718724009,-0.0058396805264483995,0.446577046627046,0.0004891481150278966,0.06879620041165485
1776284672.2611954,174.91347694396973,-1.056354244022497,-0.0057216653551413225,0.4411238778586403,0.0004904397815265613,0.21768874071010277
1776284672.3033757,174.95565724372864,-1.0563127093764217,-0.0056015535063291015,0.43565623973588324,0.00049364045255542,0.1296604103717667
1776284672.3301306,174.98241209983826,-1.0562887492599866,-0.005476957595209149,0.4301763137397304,0.0004937204258097287,0.20487475668626146
1776284672.4305756,175.082857131958,-1.0562887492599866,-0.005476957595209149,0.4301763137397304,0.0004937204258097287,0.0
1776284672.4342966,175.08657813072205,-1.056277507028693,-0.005352849816065022,0.4246856118028619,0.0004945390702528381,1.4759789596065
1776284672.4530003,175.10528182983398,-1.056272695265891,-0.005236008802384584,0.4191820466825484,0.0004934909063882497,0.29431650506437096
1776284672.4751852,175.12746667861938,-1.0562733861068978,-0.005122271218947275,0.4136660803968528,0.0004908905118081294,0.24868949413472108
1776284672.4755652,175.12784671783447,-1.0562835678227984,-0.00500987894248896,0.4081371005802011,0.0004901020187630449,14.55147573931023
1776284672.5774279,175.22970938682556,-1.0562835678227984,-0.00500987894248896,0.4081371005802011,0.0004901020187630449,0.0
1776284672.6089811,175.26126265525818,-1.056295263926081,-0.004902948677780966,0.4025944561153121,0.0004902889954738739,0.1756929930568064
1776284672.6093636,175.26164507865906,-1.0562932192968304,-0.004799965355029639,0.397040277968658,0.0004900657891627176,14.526132986784743
1776284672.6280732,175.28035473823547,-1.0562868476790412,-0.0046976873243998974,0.3914741906097812,0.0004867915010679093,0.29754847186198685
1776284672.6730971,175.32537865638733,-1.056260550808343,-0.004595924605772996,0.3858971915305802,0.00048468540227680334,0.12388947126853203
1776284672.7737207,175.42600226402283,-1.056260550808343,-0.004595924605772996,0.3858971915305802,0.00048468540227680334,0.0
1776284672.785841,175.43812251091003,-1.0562115638907543,-0.0044976248185600864,0.380309541000199,0.0004799490693371509,0.4611069290377688
1776284672.8283803,175.48066186904907,-1.0561559281755988,-0.004397960516849193,0.3747110109250561,0.00047068714621379564,0.13163558986863882
1776284672.828985,175.48126649856567,-1.0561189895245486,-0.004296150514456863,0.3691035269575669,0.0004623930721947717,9.275977464658848
1776284672.8446283,175.49690985679626,-1.0561172365765805,-0.004189459655959003,0.3634884355442688,0.00045553440962559994,0.35900892346332347
1776284672.8720942,175.52437567710876,-1.0561361638285656,-0.004082304158939119,0.35786566897719063,0.0004498038677044981,0.20475701490651696
1776284672.9283535,175.58063507080078,-1.0561671144033842,-0.003978071953416569,0.35223497455589187,0.0004454790362707993,0.10010317853418743
1776284672.953459,175.60574054718018,-1.0561893076552356,-0.003877638905621289,0.3465968827299968,0.00044206919077695013,0.22461354106900505
1776284672.970485,175.62276649475098,-1.0561899431452537,-0.003780363838523989,0.34094943589695514,0.00044064778754622665,0.33174568086169054
1776284673.005226,175.65750741958618,-1.0561433287608646,-0.0036860023834061543,0.3352937092707197,0.0004327501951510736,0.1628254239032064
1776284673.0982525,175.7505340576172,-1.0560529363185527,-0.0035982169086886777,0.3296295592946783,0.0004223834232930415,0.06090246260815899
1776284673.1080575,175.76033902168274,-1.0559374350224016,-0.0035160002325732914,0.3239575640812253,0.00040786818126878317,0.5786626828707317
1776284673.1674054,175.81968688964844,-1.0558266424618044,-0.00343651200210284,0.3182784993466817,0.0003923720261016948,0.09571871245395945
1776284673.172428,175.8247094154358,-1.0557415159683514,-0.0033619165620536666,0.31259149989769064,0.0003836226603291025,1.1325229414739106
1776284673.2736647,175.92594623565674,-1.0557415159683514,-0.0033619165620536666,0.31259149989769064,0.0003836226603291025,0.0
1776284673.2843306,175.93661212921143,-1.0556880859125677,-0.0032922358300626546,0.30689537492380764,0.00037608805242968517,0.534113873885784
1776284673.3249846,175.97726607322693,-1.0556521560999919,-0.0032267558229017437,0.3011916163979673,0.00037035452923183103,0.14031227891711828
1776284673.3564062,176.00868773460388,-1.0556315290349065,-0.0031697273269999373,0.2954793793441036,0.0003657772116802406,0.1818032118870311
1776284673.3822768,176.0345582962036,-1.0556057271801498,-0.0031239865391913873,0.2897611246899385,0.00036365059224419886,0.22104258466265986
1776284673.438709,176.09099054336548,-1.0555484078955766,-0.0030915988316296997,0.28403603982575926,0.00036076713866333473,0.10145729950178414
1776284673.4593759,176.11165738105774,-1.0554689871434941,-0.0030744967361877127,0.27830341371172185,0.00035827337134202114,0.2774106921874242
1776284673.4754634,176.1277449131012,-1.0553578134352444,-0.003072521412752782,0.2725668839327011,0.00035323318555874117,0.35664931534164185
1776284673.4845388,176.1368203163147,-1.0552073921135225,-0.003077985307687002,0.2668273963899838,0.0003437001787543048,0.6326397627816058
1776284673.585157,176.23743844032288,-1.0552073921135225,-0.003077985307687002,0.2668273963899838,0.0003437001787543048,0.0
1776284673.6878514,176.34013295173645,-1.0552073921135225,-0.003077985307687002,0.2668273963899838,0.0003437001787543048,0.0
1776284673.7209911,176.3732726573944,-1.055031927286875,-0.003091678207634352,0.2610872495845289,0.0003379108419670356,0.17329195278759713
1776284673.7452476,176.39752912521362,-1.0548222015212507,-0.003108076595950392,0.25534504726704826,0.00033357129993820606,0.2368875159708645
1776284673.7658381,176.41811966896057,-1.0545971188501868,-0.003126071268041288,0.2496003944302014,0.0003296336228679623,0.2792101504592906
1776284673.8051372,176.45741868019104,-1.054381451018741,-0.0031516147723200474,0.2438543469016035,0.0003230072885139792,0.14631793566040444
1776284673.906113,176.55839443206787,-1.054381451018741,-0.0031516147723200474,0.2438543469016035,0.0003230072885139792,0.0
1776284673.9271076,176.5793890953064,-1.054183358131959,-0.003185943989636223,0.2381054549394883,0.00031888675001406734,0.27399373929600745
1776284673.9351873,176.58746886253357,-1.0540344717333718,-0.003227603430585769,0.2323553606703247,0.0003152852147799089,0.711923028322441
1776284673.9954975,176.64777898788452,-1.0539604199675323,-0.0032723410769914148,0.22660187169821872,0.00031385147650345174,0.09540917693743564
1776284674.0310488,176.6833302974701,-1.0539507395063923,-0.003314334765773069,0.22084455515615542,0.00031886551540314225,0.1619484034683718
1776284674.0502195,176.7025010585785,-1.0539729270236116,-0.003352832650587956,0.21508419715939886,0.00032346086004303486,0.3004851678832045
1776284674.1452017,176.7974832057953,-1.0539816031072176,-0.0033903153927413924,0.2093239128318643,0.00032590678874619053,0.06064732142591083
1776284674.1637173,176.81599879264832,-1.053937256615671,-0.0034291730925863277,0.20356390911316827,0.00032548409479602115,0.31110574774781524
1776284674.1934404,176.84572196006775,-1.053836031000611,-0.00347203418222956,0.19779977407903832,0.0003219050306441974,0.1939626096083662
1776284674.2096586,176.86194014549255,-1.0536989685359928,-0.0035211416159711697,0.1920311367225086,0.0003156900486272817,0.3558027135794764
1776284674.3229048,176.97518634796143,-1.0536989685359928,-0.0035211416159711697,0.1920311367225086,0.0003156900486272817,0.0
1776284674.363801,177.0160825252533,-1.0535543816151958,-0.0035796675021001357,0.18625923616829365,0.0003138607817573609,0.14118698209636163
1776284674.4193356,177.07161712646484,-1.0534197990042447,-0.0036522937996418692,0.18048276325542148,0.00030904334966628264,0.104052190336207
1776284674.4242885,177.0765700340271,-1.053308903262682,-0.0037329324362804163,0.1747022360451194,0.0003049525946578168,1.1674260214981145
1776284674.4377346,177.0900161266327,-1.053223621690967,-0.0038140251018493774,0.16891854627872882,0.00030229928679517454,0.430228100863177
1776284674.6180954,177.27037692070007,-1.0531632426334776,-0.0038957250804277795,0.16313051500345943,0.00030129883216509966,0.03209634763506421
1776284674.6182637,177.27054524421692,-1.0531632426334776,-0.0038957250804277795,0.16313051500345943,0.00030129883216509966,0.0
1776284674.6580307,177.31031227111816,-1.0531034155183325,-0.003981971829037009,0.15733947469786486,0.00030059440001432874,0.14564808982205943
1776284674.7862923,177.43857383728027,-1.0530314768365254,-0.004073548738361631,0.15154349612551174,0.0003016498039266459,0.04519786038888227
1776284674.7926815,177.44496297836304,-1.0529446608477973,-0.004167357993904428,0.1457417591665329,0.0003037548359407303,0.9082824545595085
1776284674.867498,177.51977944374084,-1.0528583829781022,-0.0042633744385308465,0.1399351256260913,0.00030562224421712544,0.07763088192979069
1776284674.868545,177.52082657814026,-1.0527716442492012,-0.004360162458745542,0.134124723989317,0.00030772603728220367,5.55024743496811
1776284674.8938954,177.5461769104004,-1.0526851784500983,-0.004457616223605778,0.12831309197941015,0.00031453183155125147,0.22931029372739478
1776284674.9128127,177.5650942325592,-1.0526096191322378,-0.004559254211561833,0.12250254263919966,0.0003234997516630438,0.3072279116408991
1776284675.0421617,177.6944432258606,-1.0526096191322378,-0.004559254211561833,0.12250254263919966,0.0003234997516630438,0.0
1776284675.0944958,177.74677729606628,-1.0525434214135232,-0.004669809382279012,0.11669058380498344,0.00033590741693445276,0.1110822666792082
1776284675.1231217,177.7754032611847,-1.0524795410303334,-0.004781224698213748,0.11087786261246305,0.00034708455004089765,0.2031072065733056
1776284675.1543148,177.8065962791443,-1.052424776507542,-0.004893319011064404,0.10506515715093384,0.0003561743940725775,0.18638927887859186
1776284675.1678877,177.82016921043396,-1.05236675623148,-0.005006516618295763,0.09924738623397084,0.00037135293386326545,0.42873283581402444
1776284675.2699642,177.9222457408905,-1.05236675623148,-0.005006516618295763,0.09924738623397084,0.00037135293386326545,0.0
1776284675.3431845,177.99546599388123,-1.0523014191400943,-0.005121823649440777,0.09342467331082158,0.0003915728700473856,0.07954385265242471
1776284675.3435583,177.99583983421326,-1.0522249168438156,-0.0052411006913281755,0.08759492661753275,0.0004120838251689056,15.598821496764748
1776284675.3613808,178.01366233825684,-1.0521420781465691,-0.005358066587802184,0.0817566750978942,0.00043632787522418135,0.32767621254363044
1776284675.4446957,178.09697723388672,-1.052066604355463,-0.0054765445571836316,0.07591203080938205,0.0004557829482369806,0.07017151200690915
1776284675.458459,178.11074042320251,-1.0520175702848116,-0.005598928604741552,0.07006168190976389,0.00047035251297430984,0.4251801051259945
1776284675.5088258,178.16110730171204,-1.0520023986434905,-0.005718642741206695,0.06420809804674438,0.00048634695270765476,0.11624360547841454
1776284675.5328593,178.1851408481598,-1.052002707905257,-0.005830799412165241,0.05835073953343373,0.0005031407228819921,0.24376062115859928
1776284675.5338042,178.18608570098877,-1.0520031338666542,-0.00593309459337962,0.052487570778508116,0.0005202799976719668,6.206322189875458
1776284675.5576823,178.20996379852295,-1.051997670977674,-0.0060280497375919655,0.046618577945162346,0.000535136909780234,0.2458220744834217
1776284675.6651113,178.31739282608032,-1.051997670977674,-0.0060280497375919655,0.046618577945162346,0.000535136909780234,0.0
1776284675.7790964,178.43137788772583,-1.051997670977674,-0.0060280497375919655,0.046618577945162346,0.000535136909780234,0.0
1776284675.7832003,178.4354817867279,-1.0519937648737885,-0.00611182023123916,0.04074713421749205,0.0005471991042378841,1.4308448109655276
1776284675.7912083,178.44348978996277,-1.051952001985795,-0.006184307433908892,0.03487643309183384,0.0005632430138171892,0.7331786687910121
1776284675.800077,178.4523584842682,-1.0518751408794536,-0.006247603677112601,0.02900344183214921,0.0005842502013074028,0.6623111625882006
1776284675.8795178,178.53179931640625,-1.0517781221731015,-0.006302476731944994,0.02312535993009153,0.0006047539818243807,0.07400650810272297
1776284675.9235568,178.57583832740784,-1.0516748778296166,-0.006345614070725693,0.017240533685900818,0.0006243220078686377,0.13365172800209846
1776284675.9449344,178.5972158908844,-1.051577961379408,-0.006378180972638028,0.011349217593943965,0.0006437743825354294,0.27562557439752156
1776284675.9645424,178.61682391166687,-1.0514953862378567,-0.006405283004316773,0.0054549229859232745,0.0006569850472502,0.3006389761458334
1776284675.972912,178.62519359588623,-1.0512140137654051,-0.0064221793934590545,-0.0002009318341626501,0.0006756882407625123,0.676593589070238
1776284676.0733535,178.7256350517273,-1.0512140137654051,-0.0064221793934590545,-0.0002009318341626501,0.0006756882407625123,0.0
1776284676.076745,178.72902655601501,-1.0512140165982118,-0.006422166173342521,-0.00017852078204332045,0.0006756330423701948,0.006607998780582141
1776284676.083883,178.73616456985474,-1.0512139194863481,-0.006422105578309585,-0.00012060971230441753,0.0006753357991006475,0.008113066766882249
1776284676.0990424,178.75132393836975,-1.051213855069079,-0.006422067727872254,-8.10944562652377e-05,0.0006751426713971624,0.0026066604709797502
1776284676.124853,178.77713441848755,-1.051213844998337,-0.006422077805547418,-6.909582760400435e-05,0.000675134569710704,0.00046487461933718353
1776284676.2337232,178.8860046863556,-1.051213844998337,-0.006422077805547418,-6.909582760400435e-05,0.000675134569710704,0.0
1776284676.279442,178.93172359466553,-1.0512138339250205,-0.006422088900285705,-5.7097871552967694e-05,0.0006751257246641405,0.00026242897598126286
1776284676.2830706,178.93535208702087,-1.0512138218741836,-0.0064221009690915015,-4.510020909184731e-05,0.0006751161723385121,0.0033065178064229533
1776284676.2896922,178.94197368621826,-1.0512138088978173,-0.006422113962044295,-3.310270847840108e-05,0.0006751059450457404,0.0018118756978252467
1776284676.344221,178.99650263786316,-1.0512137950246374,-0.006422127850496147,-2.1105267510909687e-05,0.0006750950818942169,0.00022001994656821528
1776284676.4497943,179.1020758152008,-1.0512137802513826,-0.006422142635671519,-9.107916816596118e-06,0.0006750836172386163,0.00011364031284245485
1776284676.4687243,179.1210057735443,-1.0512137716261503,-0.006422151281475883,2.889360306394806e-06,0.0006750769454675215,0.0006337723053084483
1776284676.486788,179.13906955718994,-1.0512137549826455,-0.006422167936083514,1.488671196644975e-05,0.0006750641685308289,0.0006641673195246024
1776284676.5150924,179.16737389564514,-1.051213737556459,-0.006422185372324323,2.688404979047515e-05,0.0006750508913931343,0.00042387011338242104
1776284676.540978,179.19325947761536,-1.051213719374555,-0.006422203564387792,3.888143897139151e-05,0.0006750371320200335,0.00046347873362687786
1776284676.6423461,179.2946276664734,-1.051213719374555,-0.006422203564387792,3.888143897139151e-05,0.0006750371320200335,0.0
1776284676.6917353,179.34401679039001,-1.0512137004547035,-0.006422222493838718,5.087897934354796e-05,0.0006750229383213859,0.00024291927598665011
1776284676.6921458,179.34442734718323,-1.0512136808008314,-0.0064222421554443595,6.28765036353382e-05,0.0006750083412839114,0.029222647631108063
1776284676.692373,179.3446545600891,-1.0512136646520471,-0.0064222583142679295,7.487389658075022e-05,0.0006749964608569082,0.05280252302967525
1776284676.732325,179.38460659980774,-1.051213659781157,-0.006422263203062811,8.687127382109305e-05,0.0006749928786940778,0.0003002945358906053
1776284676.8261745,179.47845602035522,-1.0512136598042394,-0.006422263207194736,9.886860511036655e-05,0.0006749928593051148,0.00012783596552123702
1776284676.8275814,179.4798629283905,-1.0512136598301225,-0.00642226320953025,0.00011086596844758073,0.0006749928456712926,0.008527468062167236
1776284676.8563097,179.50859117507935,-1.0512136598466992,-0.00642226321382382,0.00012286341906633802,0.0006749928230430213,0.000417618615877069
1776284676.8712835,179.52356505393982,-1.0512136499641476,-0.006422273109950124,0.00013486082824181594,0.0006749856051624049,0.0008012230791333029
1776284676.972382,179.6246635913849,-1.0512136499641476,-0.006422273109950124,0.00013486082824181594,0.0006749856051624049,0.0
1776284677.0072312,179.659512758255,-1.0512136227906916,-0.006422300280312298,0.00014685842041978897,0.0006749659767384757,0.00034427376014272896
1776284677.050531,179.7028124332428,-1.0512135951337342,-0.006422327933725992,0.00015885595644792028,0.0006749462543519744,0.0002770829060158333
1776284677.0685136,179.72079515457153,-1.0512135670305887,-0.00642235603410731,0.0001708535474967965,0.0006749264836315741,0.0006671769334394476
1776284677.0800173,179.73229885101318,-1.051213538476069,-0.006422384586094929,0.0001828511484387521,0.0006749066768584702,0.0010429403241727611
1776284677.1809673,179.83324885368347,-1.051213538476069,-0.006422384586094929,0.0001828511484387521,0.0006749066768584702,0.0
1776284677.2078907,179.86017227172852,-1.0512135191764582,-0.0064224038897556825,0.00019484856457291366,0.0006748934601640295,0.0004456138209060661
1776284677.2377374,179.89001893997192,-1.0512134991275468,-0.00642242394455739,0.0002068460365807212,0.0006748798654450099,0.0004019713498133567
1776284677.2813668,179.93364834785461,-1.0512134763327472,-0.006422446741563866,0.0002188434951333057,0.0006748645917604214,0.00027498658469927415
1776284677.30192,179.95420145988464,-1.0512134452923538,-0.0064224777740582405,0.00023084090062719387,0.0006748440916551496,0.0005837308610583325
1776284677.3242521,179.97653365135193,-1.051213413897348,-0.006422509161564153,0.0002428383426501743,0.0006748236943316313,0.0005372300419044485
1776284677.346548,179.9988296031952,-1.0512133823358896,-0.00642254071361971,0.00025483578985265737,0.0006748035334125515,0.0005381035216589633
1776284677.3574877,180.0097692012787,-1.0512133502418537,-0.006422572799180551,0.00026683326921455447,0.0006747833793114156,0.0010967098700500272
1776284677.4205766,180.07285809516907,-1.0512133378493613,-0.006422585205549027,0.0002788306038737712,0.0006747756859798106,0.00019016576031689943
1776284677.5048485,180.15713000297546,-1.0512133045107923,-0.006422618532135361,0.00029082815287720387,0.0006747552686852842,0.00014236822118648151
1776284677.5149822,180.1672637462616,-1.0512132840847077,-0.006422638961223642,0.00030282555059913535,0.0006747429537165019,0.0011839092588519225
1776284677.5560212,180.20830273628235,-1.0512132772257015,-0.006422645839143448,0.00031482281844258386,0.000674738839789181,0.0002923383779571422
1776284677.5662317,180.21851325035095,-1.0512132418527347,-0.006422681201718974,0.0003268204259037691,0.0006747179165410214,0.0011750350316200144
1776284677.576099,180.22838044166565,-1.0512132062203645,-0.0064227168210734915,0.00033881800363600584,0.0006746973035337724,0.0012159167829345877
1776284677.6467283,180.29900979995728,-1.051213170359307,-0.006422752668825652,0.00035081558606005203,0.0006746770034646085,0.0001698683077908714
1776284677.6880999,180.34038138389587,-1.0512131386330013,-0.006422784387018403,0.00036281310942680445,0.0006746594213823283,0.000289996323563596
1776284677.7032187,180.35550022125244,-1.051213102687681,-0.0064228203174634515,0.0003748105862096257,0.0006746399349898004,0.0007935520536163641
1776284677.7381816,180.3904631137848,-1.0512130677307292,-0.006422855259001765,0.00038680802315695095,0.0006746214188646022,0.00034315063449113695
1776284677.8333688,180.48565030097961,-1.0512130603281473,-0.006422862677358036,0.00039880531271813124,0.0006746175347685718,0.00012603896062100627
1776284677.8428113,180.49509286880493,-1.0512130603430314,-0.006422862683448611,0.0004108026269772011,0.0006746175085048391,0.0012705563233460155
1776284677.8937159,180.54599738121033,-1.0512130603582068,-0.006422862688784357,0.00042279999229041104,0.0006746174861937109,0.00023568372912946493
1776284677.8940778,180.5463593006134,-1.051213060373717,-0.006422862695211775,0.0004347972865151109,0.0006746174607871849,0.033149077177789726
1776284677.9944186,180.6467001438141,-1.051213060373717,-0.006422862695211775,0.0004347972865151109,0.0006746174607871849,0.0
1776284678.0061567,180.658438205719,-1.0512130603863439,-0.006422862701829355,0.0004467945025453529,0.0006746174377956153,0.0010220781017720574
1776284678.0144477,180.66672921180725,-1.0512130577785173,-0.006422865336246892,0.00045879164178871945,0.0006746160723916352,0.0014470065138456028
1776284678.045151,180.69743251800537,-1.0512130265219417,-0.006422896480923401,0.00047077532359730834,0.0006746001300684194,0.00039030855390516584
1776284678.0805507,180.73283219337463,-1.0512129315365746,-0.006422990218314549,0.00048261360273160053,0.0006745550683438646,0.00033443897894654514
1776284678.1511905,180.80347204208374,-1.0512129265493042,-0.006422992810225501,0.000494277976796853,0.0006745562046023289,0.00016512458099176506
1776284678.188403,180.8406844139099,-1.0512129232985672,-0.006422992810799432,0.0005057739455924734,0.0006745591283418713,0.00030892868933293
1776284678.2412398,180.89352130889893,-1.051212917982909,-0.006422992758919426,0.0005171069999781036,0.0006745615337722903,0.00021449132532738802
1776284678.2724748,180.92475628852844,-1.0512129119905047,-0.006422992332304117,0.0005282814284401013,0.0006745662689056824,0.00035775371744844596
1776284678.3093123,180.96159386634827,-1.051212902680932,-0.006422992265292778,0.0005393022988017387,0.000674568502795583,0.0002991747814621615
1776284678.3501284,181.00240993499756,-1.0512128919244814,-0.0064229922150807126,0.0005501738824255989,0.000674571076803737,0.0002663556120178134
1776284678.3731084,181.02538990974426,-1.051212722866897,-0.006423155186735409,0.0005609017572775973,0.00067450064085258,0.00046694761911616675
1776284678.3735962,181.0258777141571,-1.0512125624344402,-0.0064233076353531204,0.000571489668082785,0.0006744459479194286,0.021709978936636253
1776284678.4530158,181.10529732704163,-1.0512125241889216,-0.006423338858528233,0.0005819400413754824,0.0006744372607450158,0.00013158575747477817
1776284678.4880152,181.14029669761658,-1.0512125026420815,-0.006423352661675106,0.0005922579720596122,0.0006744353687467328,0.0002948042277738502
1776284678.5123143,181.16459584236145,-1.0512124944142023,-0.006423352630421594,0.0006024475551557745,0.0006744382893875854,0.0004193393028897249
1776284678.5432336,181.19551515579224,-1.051212433296704,-0.006423405183976532,0.0006125129906071683,0.0006744230393967767,0.0003255492143466656
1776284678.55152,181.2038016319275,-1.0512123942066303,-0.006423435219388003,0.0006224575272892607,0.0006744160131765916,0.0012001071027896177
1776284678.6030803,181.25536179542542,-1.0512123572548573,-0.006423462681953076,0.0006322848175236082,0.0006744100458338484,0.00019060059958926392
1776284678.6183436,181.27062511444092,-1.0512123272024385,-0.006423482716941129,0.0006419983207666471,0.0006744067694834442,0.0006363996182111268
1776284678.6274073,181.27968883514404,-1.0512122695178434,-0.006423530065789502,0.0006516017575393662,0.0006743953292956403,0.001059578847734145
1776284678.6577024,181.30998396873474,-1.0512122477573536,-0.006423531467841492,0.000661097993430719,0.0006744071788828976,0.0003134582951521942
1776284678.7588217,181.4111032485962,-1.0512122477573536,-0.006423531467841492,0.000661097993430719,0.0006744071788828976,0.0
1776284678.801394,181.45367550849915,-1.0512121960646272,-0.0064235719189645,0.000670490539663178,0.0006743985807911395,0.00022063135959460894
1776284678.831237,181.48351860046387,-1.0512121746978702,-0.0064235815192416525,0.0006797820273146057,0.0006743989746027751,0.000311345660482702
1776284678.8762786,181.52856016159058,-1.0512121221706507,-0.006423620696335339,0.0006889760128361913,0.0006743940002497226,0.00020412745047743275
1776284678.8796592,181.53194069862366,-1.0512120855878542,-0.006423637896510245,0.0006980749494998537,0.0006744063018376153,0.0026915920083020618
1776284678.9191973,181.57147884368896,-1.0512120479657956,-0.006423655749681475,0.0007070816989157916,0.0006744185907741876,0.00022780142240602015
1776284678.9230726,181.57535409927368,-1.0512120302139072,-0.006423660099673195,0.0007159989399154534,0.0006744206980669656,0.0023010765445999714
1776284678.9396994,181.59198093414307,-1.0512120026471334,-0.006423673988926799,0.0007248296283663483,0.0006744202926199759,0.0005311138572376189
1776284678.9771533,181.62943482398987,-1.0512119555696198,-0.006423707151096171,0.0007335763504797976,0.0006744153236406566,0.00023353813729742523
1776284679.056535,181.7088165283203,-1.0512119411320096,-0.006423707142031053,0.0007422412556120639,0.0006744183303172165,0.00010915509100544226
1776284679.0809643,181.73324584960938,-1.0512118637567684,-0.006423756438831764,0.0007508272820691136,0.0006744247218864692,0.0003514840426516224
1776284679.0865738,181.73885536193848,-1.051211831001915,-0.0064237737748876695,0.0007593362878469817,0.0006744247595352507,0.0015169030714494445
1776284679.109838,181.76211953163147,-1.0512118002753144,-0.00642378897769513,0.0007677706302347057,0.0006744248205757487,0.00036254945563154843
1776284679.16791,181.8201916217804,-1.0512117844362179,-0.006423788951354041,0.0007761326056556703,0.0006744277469026438,0.0001439932745766095
1776284679.183794,181.8360755443573,-1.0512117683358404,-0.0064237889200094616,0.0007844243984983998,0.0006744305191332129,0.000522025238657322
1776284679.224003,181.8762845993042,-1.0512117446221703,-0.006423788879152121,0.0007926481004080152,0.0006744333988353701,0.00020452448112974117
1776284679.2452803,181.89756178855896,-1.0512117166574273,-0.006423792708997347,0.0008008057290337448,0.0006744355408030854,0.00038340014553462753
1776284679.339041,181.99132251739502,-1.0512116238994587,-0.006423868298928983,0.000808899549231426,0.0006744249478265818,8.633363610032693e-05
1776284679.3599856,182.01226711273193,-1.051211581083302,-0.006423878639046321,0.0008169310443040395,0.0006744418196480105,0.00038346961236681475
1776284679.3932097,182.0454912185669,-1.0512115419639534,-0.006423884806197561,0.0008249020574441421,0.0006744749211034299,0.00023991951981725717
1776284679.4014902,182.05377173423767,-1.051211499149402,-0.0064238942948086145,0.0008328144217516001,0.0006744924045312592,0.0009555547199404738
1776284679.4579794,182.11026096343994,-1.051211460047235,-0.006423899512426906,0.0008406699547788277,0.0006745264521103918,0.00013906424620998802
1776284679.544199,182.19648051261902,-1.0512114215161907,-0.0064239037151346875,0.0008484703816430753,0.0006745286446299842,9.047278992063136e-05
1776284679.5553513,182.20763278007507,-1.0512113863236106,-0.006423904261078328,0.0008562172192342829,0.0006745315542754351,0.0006946495479547129
1776284679.5922828,182.24456429481506,-1.0512113436567048,-0.006423927551479968,0.0008639121223891211,0.00067453144949498,0.00020836017002483846
1776284679.6226218,182.27490329742432,-1.0512113123693896,-0.006423939278352499,0.0008715566327996763,0.0006745328530655749,0.00025197214059423454
1776284679.725799,182.37808060646057,-1.0512112786649817,-0.006423930748880473,0.0008791496773537591,0.000674583079495867,7.359296554386143e-05
1776284679.7432458,182.3955273628235,-1.0512112464734886,-0.0064239286837077915,0.0008866808878345081,0.0006746152223676147,0.0004316721920549279
1776284679.7799587,182.43224024772644,-1.051211213924256,-0.006423928753918326,0.0008941594558079802,0.0006746427989451699,0.00020370610552170417
1776284679.7981482,182.45042967796326,-1.0512111810430596,-0.006423928833858432,0.000901591097638911,0.0006746704718222917,0.0004085732469597591
1776284679.8302684,182.48254990577698,-1.0512111478469575,-0.006423928917378222,0.0009089787908935776,0.0006746982272749105,0.0002300035939916614
1776284679.8631392,182.5154206752777,-1.051211114348035,-0.00642392900214105,0.0009163244435111961,0.0006747260520396086,0.00022347298566749007
1776284679.8635,182.51578164100647,-1.0512110805563166,-0.00642392908726277,0.0009236295330068908,0.0006747539333984098,0.020237842737471527
1776284679.8879478,182.54022932052612,-1.0512110464808817,-0.006423929172412126,0.0009308953507763812,0.0006747818591309233,0.00029720193557313673
1776284679.9932098,182.64549136161804,-1.0512110464808817,-0.006423929172412126,0.0009308953507763812,0.0006747818591309233,0.0
1776284680.0019207,182.6542022228241,-1.0512110121302927,-0.006423929257467932,0.0009381230958163261,0.0006748098174602685,0.0008297488039740852
1776284680.0934258,182.74570727348328,-1.0512109775127645,-0.0064239293423884935,0.00094531391104416,0.0006748377970129001,7.858471748513138e-05
1776284680.0994842,182.75176572799683,-1.0512109426362326,-0.006423929427161974,0.0009524688977280427,0.0006748657867902025,0.001181006091505096
1776284680.1165872,182.76886868476868,-1.0512109075083835,-0.006423929511787571,0.0009595891215522789,0.0006748937761478505,0.00041632043928845086
1776284680.1532292,182.80551075935364,-1.0512108721366706,-0.006423929596268432,0.0009666756154989922,0.0006749217547797928,0.00019340013644386135
1776284680.171573,182.82385444641113,-1.051210836528325,-0.006423929680609012,0.0009737293815006084,0.0006749497127051299,0.0003845386076017668
1776284680.2269704,182.8792519569397,-1.0512108006903615,-0.00642392976481411,0.000980751391605958,0.0006749776402568532,0.00012675843175403116
1776284680.2316065,182.88388800621033,-1.0512107646295874,-0.006423929848888524,0.0009877425889597904,0.0006750055280717122,0.001508027621536834
1776284680.334704,182.98698544502258,-1.0512107646295874,-0.006423929848888524,0.0009877425889597904,0.0006750055280717122,0.0
1776284680.3407755,182.99305701255798,-1.0512107283526075,-0.006423929932836945,0.000994703888686596,0.0006750333670808733,0.0011465563398651171
1776284680.388971,183.04125261306763,-1.0512106918658304,-0.006423930016663922,0.001001636178727991,0.0006750611485011526,0.00014383856593759724
1776284680.4061599,183.05844140052795,-1.0512106551754752,-0.006423930100373864,0.001008540320662915,0.0006750888638265551,0.00040167111505620153
1776284680.4120579,183.06433939933777,-1.0512106182875762,-0.0064239301839710385,0.0010154171504800774,0.0006751165048202328,0.0011659766259067678
1776284680.4301484,183.08242988586426,-1.0512105812079888,-0.006423930267459584,0.0010222674793445713,0.0006751440635066344,0.0003786757866780799
1776284680.521118,183.17339944839478,-1.0512105439423938,-0.006423930350843515,0.0010290920943280824,0.0006751715321639637,7.502198028902553e-05
1776284680.5337796,183.18606114387512,-1.0512105064963044,-0.006423930434126727,0.0010358917591290207,0.0006751989033167354,0.0005370345480154132
1776284680.5527024,183.20498394966125,-1.0512104688750705,-0.006423930517312998,0.0010426672147589092,0.0006752261697286494,0.0003580631833120699
1776284680.5743182,183.22659969329834,-1.0512104310838823,-0.006423930600406002,0.0010494191802309996,0.0006752533243954608,0.0003123682138815515
1776284680.6230538,183.27533531188965,-1.0512103931277768,-0.006423930683409299,0.0010561483531910873,0.0006752803605383114,0.00013807724618139234
1776284680.6496902,183.30197167396545,-1.0512103550116412,-0.006423930766326351,0.0010628554105767268,0.0006753072715968877,0.000251804870086438
1776284680.6698382,183.3221197128296,-1.0512103167402178,-0.0064239308491605175,0.0010695410092117635,0.0006753340512230639,0.00033182922771288345
1776284680.6781034,183.3303849697113,-1.0512102783181085,-0.006423930931915064,0.0010762057864134242,0.0006753606932745068,0.0008063739636180836
1776284680.7675729,183.41985440254211,-1.0512102397497782,-0.006423931014593158,0.0010828503605719159,0.000675387191808499,7.426766754265455e-05
1776284680.7956133,183.44789481163025,-1.0512102010395599,-0.00642393109719788,0.00108947533171104,0.0006754135410759416,0.00023626917179592977
1776284680.8043106,183.4565920829773,-1.0512101621916579,-0.006423931179732221,0.0010960812820337285,0.0006754397355154911,0.0007595559901372317
1776284680.8471193,183.49940085411072,-1.0512101232101514,-0.006423931262199084,0.0011026687764529863,0.0006754657697478581,0.00015388457974627022
1776284680.948482,183.60076355934143,-1.0512101232101514,-0.006423931262199084,0.0011026687764529863,0.0006754657697478581,0.0
1776284680.9526289,183.60491037368774,-1.0512100840989993,-0.006423931344601295,0.0011092383630932345,0.0006754916385703264,0.0015842771131219227
1776284680.9729795,183.62526106834412,-1.0512100448620427,-0.006423931426941592,0.0011157905738109694,0.0006755173369512177,0.0003219707390940712
1776284681.0075624,183.65984392166138,-1.051210005503009,-0.006423931509222639,0.0011223259246619655,0.0006755428600247182,0.0001889800506054999
1776284681.0567236,183.70900511741638,-1.0512099660255145,-0.006423931591447022,0.0011288449163730924,0.0006755682030857716,0.0001326068486269127
1776284681.0845098,183.7367913722992,-1.0512099264330692,-0.0064239316736172565,0.0011353480347993175,0.000675593361585073,0.00023404517726133351
1776284681.1168683,183.76914978027344,-1.0512098867290782,-0.006423931755735783,0.001141835751368142,0.0006756183311242273,0.00020049929727785495
1776284681.1383853,183.79066681861877,-1.0512098469168463,-0.006423931837804975,0.001148308523504886,0.0006756431074510694,0.0003008264645550111
1776284681.1434045,183.79568600654602,-1.05120980699958,-0.006423931919827136,0.0011547667950486187,0.0006756676864550778,0.001286741002120821
1776284681.2466254,183.89890694618225,-1.05120980699958,-0.006423931919827136,0.0011547667950486187,0.0006756676864550778,0.0
1776284681.2520847,183.90436625480652,-1.0512097669803908,-0.006423932001804507,0.001161210996653561,0.0006756920641629616,0.0011804289351526299
1776284681.2659688,183.91825032234192,-1.0512097268622973,-0.006423932083739264,0.0011676415461847472,0.0006757162367343105,0.00046316935983785714
1776284681.2822697,183.93455123901367,-1.0512096866482297,-0.006423932165633522,0.0011740588490975201,0.0006757402004574037,0.0003936851553893455
1776284681.2936857,183.9459671974182,-1.0512096463410308,-0.006423932247489333,0.0011804632988026836,0.0006757639517451624,0.0005610196110264334
1776284681.340739,183.99302053451538,-1.051209605943459,-0.006423932329308699,0.0011868552770289836,0.0006757874871311656,0.00013584808808622093
1776284681.4431038,184.09538531303406,-1.051209605943459,-0.006423932329308699,0.0011868552770289836,0.0006757874871311656,0.0
1776284681.466351,184.11863255500793,-1.0512095654581912,-0.006423932411093556,0.0011932351541654035,0.0006758108032658309,0.00027444139816799385
1776284681.475835,184.12811660766602,-1.051209524887825,-0.006423932492845793,0.001199603289598672,0.0006758338969126938,0.0006714708253642117
1776284681.5019124,184.15419387817383,-1.051209484234881,-0.006423932574567243,0.0012059600320465033,0.000675856764944735,0.00024377062154384374
1776284681.507133,184.15941452980042,-1.0512094435018045,-0.006423932656259685,0.0012123057198644496,0.0006758794043409508,0.001215522314869432
1776284681.579929,184.23221063613892,-1.0512094026909693,-0.006423932737924852,0.0012186406813596146,0.0006759018121828801,8.702516203041118e-05
1776284681.6061547,184.25843620300293,-1.0512093618046783,-0.006423932819564426,0.0012249652350897824,0.0006759239856513178,0.0002411648877122663
1776284681.6237748,184.27605628967285,-1.051209320845166,-0.006423932901180046,0.0012312796901486206,0.0006759459220231301,0.00035837439513157807
1776284681.6261282,184.27840971946716,-1.051209279814601,-0.006423932982773298,0.0012375843464499728,0.0006759676186681075,0.0026789793469574595
1776284681.7056975,184.35797905921936,-1.051209238715088,-0.006423933064345731,0.0012438794950040619,0.0006759890730459435,7.91169404851025e-05
1776284681.722175,184.37445640563965,-1.0512091975486686,-0.0064239331458988466,0.0012501654181744232,0.0006760102827033464,0.00038149698429875534
