t_wall,t_rel,x,y,z,yaw,speed_est
1786995319.742195,2.4734373092651367,7.682757152055369e-18,8.9088991544013e-20,-0.005032275556659194,8.590977816333575e-18,0.0
1786995319.7462502,2.477492570877075,7.735731047861159e-18,8.714028246178912e-20,-0.005020290991408577,8.631316905169048e-18,0.002955312479800273
1786995319.7469182,2.4781606197357178,7.784606046120953e-18,8.93813582740446e-20,-0.00500830642615796,8.689689554982905e-18,0.017939653807609868
1786995319.7629902,2.494232654571533,7.81544589069896e-18,8.841476469772908e-20,-0.004996321860907343,8.700932271957431e-18,0.000745678152956088
1786995319.7772825,2.5085248947143555,7.88490826543136e-18,9.11019908432034e-20,-0.004984337295656727,8.760268700997049e-18,0.0008385365156794923
1786995319.7873511,2.5185935497283936,7.923315308123778e-18,8.488593832754415e-20,-0.00497235273040611,8.804744546851937e-18,0.001190284624302594
1786995319.7993217,2.530564069747925,7.932633039195435e-18,9.851174110627315e-20,-0.004960368165155493,8.835442023289264e-18,0.0010011733183740209
1786995319.8263845,2.557626962661743,7.950529986273161e-18,1.0842829703104815e-19,-0.004948383599904876,8.861131468246371e-18,0.0004428412471934001
1786995319.8342836,2.565526008605957,7.969787035606609e-18,1.0440501794812686e-19,-0.00493639903465426,8.877967490739264e-18,0.0015172168050744876
1786995319.852192,2.5834343433380127,7.991873594846495e-18,1.1303024180659913e-19,-0.004924414469403643,8.921251969351088e-18,0.0006692171790358906
1786995319.862835,2.5940773487091064,8.001192978712976e-18,1.2400374951098874e-19,-0.004912429904153026,8.966249526175017e-18,0.0011260508505583076
1786995319.8781283,2.609370708465576,8.067824880545565e-18,1.239406595105859e-19,-0.004900445338902409,9.017124654609692e-18,0.0007836450225102945
1786995319.8936408,2.6248831748962402,8.091569908303203e-18,1.2968414861051815e-19,-0.004888460773651793,9.056754937758894e-18,0.0007725763858496687
1786995319.8976445,2.6288869380950928,8.09253276927347e-18,1.3613351346607866e-19,-0.004876476208401176,9.096234356186853e-18,0.0029933251931711334
1786995319.9096942,2.6409366130828857,8.138781474145257e-18,1.32061254278393e-19,-0.004864491643150559,9.16214475590553e-18,0.0009945965565675277
1786995319.9286268,2.6598691940307617,8.158070118495316e-18,1.3306587270034209e-19,-0.004852507077899942,9.199044705501796e-18,0.0006330127563490643
1786995319.9391797,2.670422077178955,8.175890280279757e-18,1.3434899223496443e-19,-0.004840522512649326,9.257297181653447e-18,0.0011356673889323314
1786995319.9463537,2.677596092224121,8.178424852011114e-18,1.5038512060025972e-19,-0.004828537947398709,9.302575087399744e-18,0.0016705520096019556
1786995319.9602919,2.6915342807769775,2.448111385858235e-13,1.7269379686608117e-13,-0.004816552998889265,-3.321996547264767e-13,0.0008598641397334271
1786995319.9727173,2.7039597034454346,1.5719007394748144e-13,-1.4990102337591749e-13,-0.0048045627017709105,2.286050730994353e-12,0.0009649810262625924
1786995319.9932504,2.7244927883148193,1.528854967609045e-13,-4.0255439682842257e-13,-0.004792567134702566,2.073643099634344e-12,0.0005842067640907701
1786995320.0032644,2.734506845474243,8.742954756374604e-13,-3.8101096352531416e-13,-0.004780569021333225,2.671776392441696e-12,0.0011981271105537825
1786995320.0133226,2.744565010070801,1.482453059139619e-12,6.579061237557618e-15,-0.004768569849043801,1.1175283632577552e-12,0.0011929783186816353
1786995320.0268834,2.7581257820129395,2.1126229967936557e-12,5.025043923824191e-13,-0.004756570229265886,2.144260081707164e-12,0.0008848773380391134
1786995320.0503426,2.7815849781036377,2.220318706395592e-12,1.003349579391646e-12,-0.0047445704150641255,4.965083207432255e-12,0.0005115185599441001
1786995320.0604913,2.791733741760254,8.549913711361836e-09,-7.506975159740461e-13,-0.004731386865897892,9.90463365732312e-12,0.0012990303433297605
1786995320.079984,2.8112263679504395,8.963844358426275e-08,-1.158229246769851e-12,-0.004708193964681209,9.807425814530093e-12,0.00118983674869955
1786995320.092684,2.8239264488220215,2.1312563227829574e-06,1.9158847008953987e-06,-0.00467897846342985,-8.571952396831298e-06,0.0023109577119008627
1786995320.1089046,2.840147018432617,2.6605876178714837e-06,2.297600413255679e-06,-0.004646979028824529,-1.081857456191965e-05,0.0019731790845555226
1786995320.1221337,2.8533761501312256,2.4438513830915786e-06,1.621416923275084e-06,-0.004614457153754192,-8.201096982760442e-06,0.0024589388459906047
1786995320.1329336,2.864176034927368,3.2236345942878322e-06,5.593547516652444e-07,-0.004583725967199838,-1.215804390673196e-05,0.002848124744506605
1786995320.1483085,2.8795509338378906,3.0194334482944994e-06,2.07504501596159e-07,-0.004552288380406479,-1.123012461997368e-05,0.0020449057267473837
1786995320.256204,2.9874463081359863,3.0194334482944994e-06,2.07504501596159e-07,-0.004552288380406479,-1.123012461997368e-05,0.0
1786995320.2775238,3.0087661743164062,3.943493921148738e-06,-8.822619682219659e-07,-0.004518344141990899,-1.534621366893567e-05,0.0015935510984785024
1786995320.2786596,3.009902000427246,3.3365615175384326e-06,-1.6607487874901128e-06,-0.004485211680996283,-1.488147619110209e-05,0.029183307338997478
1786995320.2900524,3.0212948322296143,1.9970356312996344e-06,-3.144182018801462e-06,-0.004454780207883223,-9.072197009241134e-06,0.002676862145113978
1786995320.3006043,3.031846761703491,-1.586370179266658e-06,-6.852777824936501e-06,-0.004426901171953185,6.6014330280824535e-06,0.002686900658537226
1786995320.331763,3.0630054473876953,-3.638866159070789e-06,-9.058051624686466e-06,-0.004395704101059009,1.5985478494875816e-05,0.0010058895164141305
1786995320.347342,3.0785844326019287,-3.0317360771781747e-06,-9.289320156452177e-06,-0.004355414088257563,1.6710938271897878e-05,0.0025865131829391074
1786995320.3612766,3.0925190448760986,-1.5744720269070248e-06,-9.670795540157432e-06,-0.004309696938217193,1.6845987159441974e-05,0.0032826145136702956
1786995320.3703082,3.101550579071045,1.56745116390792e-06,-1.2613161827897744e-05,-0.004256460445303541,2.9195487794627157e-05,0.005913750143877752
1786995320.3951907,3.1264331340789795,7.520913012437317e-06,-1.8237554535718104e-05,-0.004199507524804066,5.396125627409832e-05,0.002312414966597627
1786995320.4056702,3.1369125843048096,1.6064747683251352e-05,-2.6288687884324246e-05,-0.004140997614539621,8.733655105045633e-05,0.00569457552749136
1786995320.4228508,3.1540932655334473,2.11951875153781e-05,-3.103691303383457e-05,-0.0040813411882202125,0.00010904170420327732,0.003496054661131544
1786995320.430389,3.1616313457489014,2.520607291638776e-05,-2.8406101303741006e-05,-0.004019696913087421,0.00012643331181279443,0.00820243534943695
1786995320.4452317,3.176474094390869,3.364155108110092e-05,-1.9555107624179756e-05,-0.003947873039995685,0.0001640424144633235,0.004908603133613337
1786995320.459331,3.1905734539031982,3.664418855671302e-05,-1.3192749589229512e-05,-0.0038707326039744833,0.00018391890482372694,0.005493908102756077
1786995320.4755404,3.206782817840576,3.209351093532836e-05,-3.4939673701000794e-06,-0.0037952916327453345,0.0002011550949648499,0.004700854945430888
1786995320.4871619,3.2184042930603027,1.2995765090741887e-05,3.598020911102918e-06,-0.003719556265611511,0.00021974787718016464,0.006748494113609274
1786995320.5008984,3.2321407794952393,6.175570585032739e-06,5.910120914935033e-06,-0.003640769323618044,0.0002348383965607482,0.005759506166598074
1786995320.5187576,3.25,1.0399395421079665e-05,9.557568837044496e-06,-0.003556519739253333,0.00025035853634147227,0.004727766097149398
1786995320.5308404,3.262082815170288,1.1733998237693621e-05,1.1553217659783537e-05,-0.003468166277188399,0.0002588554578874019,0.0073150232401648085
1786995320.546209,3.277451515197754,1.0873760402835224e-05,1.2001362368392155e-05,-0.00338089969372829,0.00026240864938434263,0.005678552757385226
1786995320.5535085,3.2847509384155273,7.059947377844747e-06,9.328790639433756e-06,-0.0032966773840376745,0.00025231707900458944,0.011555839723483698
1786995320.5730934,3.304335832595825,-8.846884977678721e-07,5.09426858440083e-06,-0.0032169121648227272,0.00023652066555866866,0.00409865145871765
1786995320.5834243,3.314666748046875,-2.352904205327798e-05,3.690887800146272e-06,-0.003142705700791129,0.00022213351968773217,0.007511170266572848
1786995320.6034904,3.3347327709198,-5.220460001727724e-05,3.5240102261603206e-06,-0.0030692143498248226,0.0002228440597402257,0.003931414735130071
1786995320.6245759,3.355818271636963,-7.217726539421882e-05,4.205746108591142e-06,-0.0029927360846389375,0.0002199428709652697,0.0037488401248063096
1786995320.6445103,3.3757526874542236,-8.314971240857896e-05,5.392403323738956e-06,-0.0029174728304211875,0.00021024285123208633,0.003815919627050593
1786995320.6502957,3.381538152694702,-8.287969366522737e-05,5.892176158096875e-06,-0.002843270699175421,0.00019806429329114906,0.012825987622581816
1786995320.6628108,3.3940532207489014,-7.647736680938894e-05,5.99441127689371e-06,-0.0027709885925828667,0.00018790218515603755,0.005798223765749723
1786995320.6902585,3.4215009212493896,-8.087529206188504e-05,4.255358740353222e-06,-0.002700704391000515,0.00017857867927400638,0.0025664493603909998
1786995320.7477725,3.4790148735046387,-8.657391095636203e-05,-1.5249994777530914e-06,-0.0026332537795053235,0.00016879748432599827,0.0011812310051015882
1786995320.7687964,3.5000388622283936,-8.806810725219204e-05,-6.384695310428122e-06,-0.002566099409806344,0.0001663433727424855,0.0032033196513417284
1786995320.7700791,3.50132155418396,-8.704694896096885e-05,-6.325495464281593e-06,-0.002497957746228144,0.00016855388912747195,0.0531299350633724
1786995320.7798078,3.511050224304199,-8.672163011127515e-05,-5.463753978509332e-06,-0.002428032938765881,0.00017017309262158537,0.0071881226386713145
1786995320.8517907,3.5830330848693848,-8.675722277253943e-05,-4.928338464143788e-06,-0.0023539932848461592,0.00017015479470738177,0.0010286003888773493
1786995320.8595278,3.5907702445983887,-8.787959802936858e-05,-3.258869957572616e-06,-0.002276240209701283,0.00016536053432888493,0.01005266754901339
1786995320.877714,3.6089563369750977,-9.471996693651917e-05,4.375043898010401e-06,-0.002190893848943498,0.00013679174461039928,0.00472667188926843
1786995320.8920858,3.62332820892334,-0.00010282455942252369,1.4995974760819466e-05,-0.002102391039343031,9.814582074915292e-05,0.006227825294307103
1786995320.9156294,3.64687180519104,-0.00010309407712722987,2.7617103880406816e-05,-0.0020148478004001283,6.342265729846794e-05,0.00375680780007326
1786995320.9771392,3.7083816528320312,-9.253184410648435e-05,4.0890309327431504e-05,-0.0019225099556552522,0.00010592391088127595,0.0015263083281260913
1786995321.002968,3.73421049118042,-7.649484561066209e-05,5.957857968271862e-05,-0.0018234140035928992,0.00017917224459270935,0.003953331595225446
1786995321.0033758,3.7346181869506836,-6.634853261668891e-05,7.997169761915604e-05,-0.001722143221789943,0.00024425141674768515,0.2546034800530872
1786995321.024484,3.7557263374328613,-8.341222706744474e-05,0.00010352441573464077,-0.0016204642273273187,0.0002910859932003335,0.005010239158585677
1786995321.0754418,3.8066842555999756,-0.00010252250467286534,0.00012452862488179252,-0.0015155268521797813,0.000273349916400564,0.0021333621349166926
1786995321.107262,3.8385043144226074,-0.00011454593650660701,0.00014813105941097725,-0.0014114772058548414,0.0002528655217296236,0.003374235412709577
1786995321.1182685,3.849510908126831,-0.00010687981522291774,0.00017257842811362672,-0.0013097129064147742,0.0002323000422444429,0.009534290207252903
1786995321.1209903,3.8522326946258545,-9.185752113482844e-05,0.0001912824583795391,-0.00120439216380782,0.0002922208239285763,0.03968657092390013
1786995321.166789,3.89803147315979,-7.440204012921131e-05,0.00020984984256755134,-0.0010958643887156658,0.00037003484821565726,0.0024341191129888555
1786995321.1811528,3.9123952388763428,-5.304958132855162e-05,0.0002329158562343666,-0.000985235075088478,0.00046583951881773114,0.008006805934840005
1786995321.192086,3.923328399658203,-3.112254148923285e-05,0.0002569802689531917,-0.0008739347300081926,0.0005651741657371439,0.01060663418369833
1786995321.2978995,4.029141902923584,-3.112254148923285e-05,0.0002569802689531917,-0.0008739347300081926,0.0005651741657371439,0.0
1786995321.2985542,4.029796600341797,-1.4688699336184603e-05,0.0002800165703665703,-0.0007614506070108343,0.0006557792259421391,0.17716410168350175
1786995321.2988813,4.030123710632324,-2.0900125146019747e-05,0.00030824273641318344,-0.0006519539076911551,0.0007335538120263407,0.3462035558832251
1786995321.299118,4.030360460281372,-3.941330629516578e-05,0.00033939490725635524,-0.0005465844938676509,0.0008042744348871252,0.47065200856382927
1786995321.2998416,4.031084060668945,-6.51806049768153e-05,0.00037045451824299294,-0.0004399756801677854,0.0007777233642066085,0.1575339571859996
1786995321.3000693,4.031311750411987,-8.678515638356826e-05,0.000399850185875609,-0.0003316480014654566,0.000675022727915111,0.5020230640244152
1786995321.3063858,4.037628173828125,-0.0001034976254813569,0.0004336547113173964,-0.00022630555599958274,0.0005778086136824992,0.017713934362418828
1786995321.3230784,4.054320812225342,-0.00012518905342562506,0.00047410998979084673,-0.00012495129870509353,0.00048855801478708,0.006665495027923492
1786995321.336172,4.0674145221710205,-0.00014828477415098897,0.0005115292747261325,-2.291615399541841e-05,0.00039199758787255955,0.008485531812564614
1786995321.3433185,4.074560880661011,-0.00015810648405734294,0.0005565733377566636,7.911320335125122e-05,0.00029993380665085034,0.015666958919013565
1786995321.3855762,4.11681866645813,-0.0001497911023073834,0.0006058373933750299,0.0001843509031565077,0.00025224036963932277,0.0027567681800551073
1786995321.3962188,4.127461194992065,-0.00014543601797968893,0.0006478169160973787,0.0002941264214816053,0.00023220777284628204,0.011050865106933361
1786995321.4061952,4.137437582015991,-0.0001469456112645212,0.0006884063951806416,0.0004045048029819656,0.00023330384896216402,0.011789288518934644
1786995321.4172647,4.148507118225098,-0.00015515909075753661,0.0007359233478825653,0.0005110606603294723,0.00023156314096766916,0.010565869794834565
1786995321.4283595,4.159601926803589,-0.0001710938109792561,0.0007888681780604035,0.0006112912450821698,0.0002285286063049011,0.01031738274713118
1786995321.4478815,4.179123878479004,-0.00019215677004283564,0.0008435313315800632,0.0007048900688614787,0.00022371403916713651,0.005656167081804495
1786995321.4591,4.190342426300049,-0.000219592054172876,0.0008894605118887581,0.0007973365106073368,0.00021835423860061613,0.009520903909130176
1786995321.4702506,4.20149302482605,-0.00024834930043693626,0.0009195639624078641,0.0008953597848185765,0.0001303834680685327,0.00955085017687974
1786995321.4822776,4.213520050048828,-0.00027496276996553655,0.000946966359458629,0.0010046561539992366,1.3851511876929313e-05,0.009626601437994747
1786995321.508265,4.239507436752319,-0.00030034804169348084,0.0009732553421905587,0.001118230371702958,-9.755017245856384e-05,0.004591033004052531
1786995321.5203319,4.251574277877808,-0.00032406007767380926,0.0009978842811002341,0.0012313165999881942,-0.00020152140081614592,0.00979056463947283
1786995321.5333278,4.264570236206055,-0.00035080840175339025,0.001025809153342172,0.0013467478688177353,-0.000319398752408368,0.009367218505301929
1786995321.5445747,4.275817155838013,-0.0003761852653825968,0.0010522937240751025,0.0014688692062696032,-0.0004321246835638887,0.01133740970862316
1786995321.555499,4.286741495132446,-0.0003984479112951373,0.0010758098932549319,0.0015996898621543007,-0.0005322184452353912,0.012336580043506528
1786995321.570994,4.302236318588257,-0.0004162794743015563,0.0010966482237627498,0.0017348111791415793,-0.0006181330686535869,0.008898239573410165
1786995321.5795941,4.310836553573608,-0.00041356479800632503,0.001118614514402918,0.0018688992568730925,-0.0007005290075396936,0.01580218898337653
1786995321.5942788,4.325521230697632,-0.0003798689768851379,0.0011376369335906731,0.0019989129035710776,-0.0007759442119717044,0.00923749163442708
1786995321.6152904,4.346532821655273,-0.0003307326013427293,0.0011569113759133433,0.002124592772010145,-0.0008478885295582771,0.006487528922390266
1786995321.6419697,4.373212099075317,-0.0003307326013427293,0.0011569113759133433,0.002124592772010145,-0.0008478885295582771,0.0
1786995321.642553,4.373795509338379,-0.0002984994102514166,0.0011784367905863975,0.0022479228959490297,-0.0009142951262593926,0.221589146459219
1786995321.6428044,4.374046802520752,-0.0002842148293991319,0.0012001972027434616,0.002370897375234056,-0.0009784399817164531,0.5002093279881814
1786995321.652772,4.384014368057251,-0.0002716298351734352,0.0012254445287594395,0.0024939282748022637,-0.0010376015322482632,0.012663438969170009
1786995321.6670032,4.398245573043823,-0.0002531041662535813,0.0012570947169737578,0.002616457794504444,-0.0010905830805654402,0.00898729457404884
1786995321.681606,4.412848472595215,-0.0002044425822379688,0.0012986046839897265,0.0027392721494728586,-0.0011406941518817659,0.00948247515162293
1786995321.6942954,4.425537824630737,-0.00013500234575602297,0.0013464754043888754,0.0028590676150634722,-0.001184842585274972,0.01154571948762808
1786995321.7089365,4.440178871154785,-5.2087281329065815e-05,0.0013932584183958092,0.002974029915958694,-0.0012265615259124053,0.010194933331631868
1786995321.722692,4.45393443107605,2.7450852510878476e-05,0.0014365000043688057,0.0030826269688385075,-0.0012689048275899048,0.010278325331933319
1786995321.754681,4.485923528671265,2.7450852510878476e-05,0.0014365000043688057,0.0030826269688385075,-0.0012689048275899048,0.0
1786995321.75665,4.487892389297485,0.00010026996476790617,0.0014782582805336955,0.0031840032259086784,-0.0013084041441944587,0.06685026373934867
1786995321.7586956,4.489938020706177,0.0001673043136385061,0.001520981904434793,0.0032786597836608755,-0.0013408765486021474,0.060425033123266976
1786995321.7592797,4.490522146224976,0.0002319382427433689,0.0015605706476401532,0.003369047137472818,-0.0013708224961043068,0.20194380865350958
1786995321.7689815,4.500223875045776,0.00029816053712905825,0.0016054802033910326,0.0034569292793847003,-0.001396727458135212,0.012250484503538701
1786995321.7867973,4.518039703369141,0.0003489193030418381,0.0016526002725111464,0.0035426494641274398,-0.0014228722484639134,0.006185679806817701
1786995321.8059626,4.53720498085022,0.0003835773630483997,0.001703588267581722,0.0036233563053582607,-0.0014491423102199138,0.00529919684252429
1786995321.8129473,4.544189691543579,0.0003979933515584487,0.001762666614775117,0.0036976420427944634,-0.0014714761041842712,0.013744635889795874
1786995321.824348,4.555590391159058,0.00037817532318186714,0.0018313732322858289,0.0037668014237151673,-0.0014954039085117554,0.008725825746480537
1786995321.8470747,4.578317165374756,0.00033387099679079796,0.0019089369932285207,0.00383321406269832,-0.0015180894158813008,0.0048976946300715455
1786995321.8553889,4.5866312980651855,0.00030333649009132936,0.0019913846157766928,0.0038988345815641062,-0.0015414454069420432,0.013195458403655108
1786995321.872274,4.603516340255737,0.0003116255469280882,0.0020796276918617533,0.003964325507732576,-0.0015596857483734634,0.006526639763383344
1786995321.8791728,4.61041522026062,0.00034597975121207426,0.0021759427991886876,0.004029620567914824,-0.0015752555544593745,0.017586486876405277
1786995321.8985205,4.629762887954712,0.0003844496437909224,0.0022799378656908217,0.00409512156394784,-0.0015891473227905145,0.006656299820131514
1786995321.9191546,4.650397062301636,0.00043612087033675104,0.002390170147639018,0.004158201342627864,-0.0016003230959810166,0.006644974699784168
1786995321.921244,4.652486324310303,0.0005058332338917607,0.0025019659898756407,0.004216220372473108,-0.0016083430158891207,0.06890446440490676
1786995321.9344332,4.665675640106201,0.0006016124210266955,0.0026150350058848806,0.0042690704818953845,-0.0016163660579776996,0.011928271682967067
1786995321.9633691,4.694611549377441,0.0007313451783478556,0.002732756701859631,0.004316253045252051,-0.0016252504376642288,0.006269905356190715
1786995321.9792106,4.710453033447266,0.0008947008990197177,0.002851320996146075,0.004357943729097959,-0.0016352607191806746,0.01301067861641013
1786995321.99417,4.725412368774414,0.0010578947054438507,0.002968246116335844,0.004398460896796207,-0.0016456740697097817,0.01369082370044331
1786995322.003415,4.734657526016235,0.001177370158789843,0.0030822596856175666,0.004441371416093985,-0.0016579448492441235,0.01845621043919717
1786995322.0185692,4.74981164932251,0.0012515931803603981,0.0031972370134987563,0.004485146179744208,-0.0016727722770057266,0.009481507491422026
1786995322.0302732,4.7615156173706055,0.001285282344992787,0.003307134483497254,0.004527548403721757,-0.0016842405635890813,0.010467969781054437
1786995322.039385,4.770627498626709,0.00129415464244477,0.003404742253630587,0.004569555696088121,-0.0016941659603550493,0.011702638089006116
1786995322.051375,4.7826173305511475,0.0013042547944663997,0.0034931287814154153,0.004611191636387325,-0.0017023875084556037,0.00819218526816817
1786995322.0718796,4.803122043609619,0.0013267455221480531,0.0035783318739356076,0.004650424200574842,-0.0017088727448204503,0.004704300062769697
1786995322.0944514,4.825693845748901,0.0013815685461820379,0.003657309926583068,0.00468974662259513,-0.0017163226976689963,0.0046018387718806345
1786995322.094928,4.826170444488525,0.0014885099073300484,0.003725874118336251,0.004730085211975252,-0.0017274447280135562,0.2796572671629391
1786995322.1093822,4.840624570846558,0.0016570803258421966,0.0037858405246230524,0.004772021169835425,-0.0017416687682247013,0.012713859730340156
1786995322.1196368,4.850879192352295,0.0018393654655081673,0.003837038428472349,0.004819394085505163,-0.001757162045423195,0.019032884397434325
1786995322.1385982,4.869840621948242,0.0019832524386421383,0.003878641286685824,0.004873750427026202,-0.0017731830367807414,0.008403314433324288
1786995322.16055,4.89179253578186,0.0020612302387678183,0.003915745497298765,0.004937558518200283,-0.0017836211172306507,0.004891233403527274
1786995322.1788123,4.910054683685303,0.002100072518192019,0.003947473835388611,0.005007248392295903,-0.00178882797822034,0.004701575548077986
1786995322.1943636,4.92560601234436,0.0021330101098521524,0.003972421295457135,0.00508120177288026,-0.0017914431542692057,0.005447342794207586
1786995322.2231765,4.954418897628784,0.0021740992466805333,0.003989807200713933,0.005156766809684077,-0.0017914282097034452,0.0030456309061241034
1786995322.235121,4.966363430023193,0.0022361479540714464,0.003994726203730873,0.005233067947414606,-0.0017895315106741545,0.0082438378663278
1786995322.2592266,4.990468978881836,0.0022980195870352603,0.003990052648362898,0.005308432367079868,-0.0017899161102090872,0.004049705384691163
1786995322.264113,4.9953553676605225,0.002361133441007996,0.003981174231094273,0.005381115373659519,-0.0017894824173457107,0.019783436565589275
1786995322.2991507,5.030393123626709,0.0024221604356376224,0.003967334250188769,0.005454064291617239,-0.0017861119114648155,0.0027430783351843784
1786995322.3093143,5.0405566692352295,0.0024822813227395805,0.003952629131799944,0.005526932198036558,-0.0017882877934667688,0.009406749485563958
1786995322.3213542,5.052596569061279,0.0025284962132605623,0.003937546683776666,0.00560075075417929,-0.0017900935761886263,0.007341274492139744
1786995322.3389037,5.070146083831787,0.002561200010561043,0.00391836926833691,0.005681923288718721,-0.0017894365148603045,0.005104960243673924
1786995322.372579,5.103821516036987,0.0025868153817192466,0.0038990931048528007,0.005865702043367775,-0.0017834377542212464,0.0055397618695479265
1786995322.4043684,5.135610818862915,0.002604716578902253,0.003877745381472491,0.006235361605549002,-0.0017789109030714554,0.011661404874958625
1786995322.4131768,5.144419193267822,0.0026201083915414485,0.0038540549021823943,0.006824307059370142,-0.0017730707889934815,0.06693887475733169
1786995322.4305708,5.161813259124756,0.0026507530504596435,0.0038324686663885857,0.00764505680824612,-0.0017686118933455776,0.047234802458123594
1786995322.4459262,5.177168607711792,0.002700440445365381,0.003813914818936523,0.008699047585831857,-0.0017668216917431237,0.06872682953936818
1786995322.4623923,5.193634748458862,0.0027597031768627485,0.0037977785718763604,0.009988252345327207,-0.0017670903074446425,0.07838309181496923
1786995322.4679585,5.199200868606567,0.002827710606186999,0.003781380115729942,0.011510867669795373,-0.0017675886200918254,0.27383913995657083
1786995322.4811609,5.212403297424316,0.002894733959833587,0.003761590777361749,0.013263293411217618,-0.001769455293011095,0.13284060358412325
1786995322.5053358,5.2365782260894775,0.002978742300459534,0.0037355039031560303,0.015239780366890457,-0.001772042212465063,0.08183864819620217
1786995322.5199296,5.251172065734863,0.0030931389280249542,0.0037060564175544377,0.017435230889431573,-0.0017791631652775588,0.15065439638800115
1786995322.5355766,5.266819000244141,0.003227985026106769,0.003672951536927891,0.01984437503591068,-0.001784438496077997,0.15422459427345292
1786995322.5452926,5.2765350341796875,0.0033747047724406154,0.0036332897655783317,0.022462230250076175,-0.0017852518240703157,0.2698903152319433
1786995322.5548677,5.286110162734985,0.003518692338800193,0.0035927811699360893,0.025284974606310635,-0.0017858591194623947,0.2952132301773475
1786995322.5730362,5.304278612136841,0.0036604540436712255,0.0035532151184345783,0.028305877011393504,-0.0017869775328873364,0.16646911034292597
1786995322.5836482,5.314890623092651,0.0037913948613609665,0.003512864073151492,0.03151976936438083,-0.0017886796504856146,0.30312932694200295
1786995322.5956395,5.3268818855285645,0.003894434234922869,0.0034730099782229002,0.03492283777196139,-0.0017931755581800074,0.2839451855805081
1786995322.6029646,5.334207057952881,0.003976840007636237,0.0034346170130224135,0.0385107138579379,-0.0017974550212932349,0.4899581131252988
1786995322.6409104,5.372152805328369,0.004074922973457479,0.0033970290664791392,0.04228206237106668,-0.0018003046069344664,0.09942645081619798
1786995322.6790338,5.410276174545288,0.004074922973457479,0.0033970290664791392,0.04228206237106668,-0.0018003046069344664,0.0
1786995322.6795976,5.410840034484863,0.004210196148032929,0.003362511762829956,0.04623221145422482,-0.0017996947348048532,7.009924036577981
1786995322.6799686,5.411211013793945,0.004367904948838752,0.003330388870556654,0.050358105911986965,-0.0017950474647019496,11.130088268833893
1786995322.6801786,5.411421060562134,0.0045502873174809505,0.003300537188193992,0.05465304952147371,-0.0017918832910756967,20.466479590002713
1786995322.7069645,5.438206911087036,0.004734644294907715,0.0032727857243631344,0.05911410005311412,-0.0017902394778317459,0.16669041390606812
1786995322.720074,5.4513163566589355,0.004898717539727702,0.0032488280019755933,0.06373739160952366,-0.0017879581363331374,0.35289547512930675
1786995322.738438,5.469680309295654,0.005020300745637895,0.0032331156033252287,0.06851810703265032,-0.0017835432777022094,0.26041708625865345
1786995322.7454665,5.476708889007568,0.005089653949196644,0.003225720602872376,0.07345071906681724,-0.0017781328063395901,0.7018637210962984
1786995322.7762911,5.507533550262451,0.005141061051736882,0.003221143895359901,0.07853334430261845,-0.001776009264335202,0.1648967760114403
1786995322.7893355,5.520577907562256,0.0051981130650906445,0.0032140921939717623,0.08375999265421658,-0.0017739608665028855,0.40070693844516736
1786995322.7984831,5.529725551605225,0.005277774339589923,0.0032014462432560886,0.08912321457106452,-0.0017721384307988366,0.5863617321266633
1786995322.8089957,5.54023814201355,0.005381307203149917,0.003180340330374056,0.09461584141200714,-0.0017710129560882272,0.5225774858303756
1786995322.8299785,5.56122088432312,0.005501795748871431,0.003147814320794496,0.1002334521879138,-0.0017691120249595745,0.2677913509039398
1786995322.8443723,5.57561469078064,0.005611669049745652,0.0031014742322633395,0.10597356682477467,-0.001764177424386428,0.39887663710622934
1786995322.8533683,5.5846107006073,0.005693520909916938,0.0030458977123842016,0.11183244030747541,-0.0017608871092695533,0.651367538597593
1786995322.8653045,5.59654688835144,0.005751626126977489,0.0029793755136922726,0.11780505290107629,-0.0017555222490238769,0.5004332861813031
1786995322.8903697,5.621612071990967,0.005811908532950181,0.0029074787461351222,0.12388908882597655,-0.0017472580830876102,0.24275742118756014
1786995322.921003,5.65224552154541,0.005811908532950181,0.0029074787461351222,0.12388908882597655,-0.0017472580830876102,0.0
1786995322.9215584,5.652800798416138,0.005896410592683374,0.002832515203318567,0.13008173376427304,-0.0017405540472158264,11.15421052835802
1786995322.9217849,5.653027296066284,0.0059923642203944345,0.0027516095325827014,0.13637949592801607,-0.001733023833550881,27.810499155578785
1786995322.9271495,5.658391952514648,0.006080290586183172,0.002664651198186956,0.14277926753283823,-0.0017244304986877962,1.193173569898457
1786995322.9416602,5.672902584075928,0.006148418348337543,0.002568647638024169,0.1492768668454854,-0.0017147223211825117,0.4478554635874053
1786995322.9694765,5.700718879699707,0.006177683635529967,0.0024702784346715225,0.1558697876630294,-0.0017022176433586272,0.2370452078323546
1786995322.982244,5.713486433029175,0.006163570222227761,0.0023670690438028297,0.16255549824091536,-0.0016925232486205376,0.5237120919242815
1786995322.9917405,5.722982883453369,0.0061111325606206775,0.0022550176301074903,0.16933390723998964,-0.0016790244640593757,0.7139023078381598
1786995323.0081432,5.739385604858398,0.00605610970888265,0.002134249861082613,0.17620416758034763,-0.0016655257441328434,0.41892694720030577
1786995323.0209072,5.75214958190918,0.006024743329091915,0.0020047632013878106,0.18315975991886044,-0.0016517585435475368,0.545039229692091
1786995323.030406,5.761648416519165,0.00602414986582139,0.0018715671237268345,0.1901945112643001,-0.0016407216513448244,0.7407237323883502
1786995323.0429802,5.7742226123809814,0.00605155652236208,0.0017331735511982198,0.1973039070536312,-0.0016309772293571754,0.5655069764082821
1786995323.0523984,5.7836408615112305,0.0060800865490096435,0.0015888125454381439,0.204482500678165,-0.0016215272986745668,0.7623605624906868
1786995323.078748,5.809990406036377,0.006081418176687188,0.0014386142509223115,0.2117289284247482,-0.0016138399177130182,0.2750705725220736
1786995323.089795,5.821037530899048,0.006053056419839679,0.0012855154307293841,0.21903967501240273,-0.0016075235948206138,0.6619282910984666
1786995323.1123462,5.843588590621948,0.006013880659585907,0.001129271367748388,0.22641067016211097,-0.0016037456947620222,0.3269360775531272
1786995323.1139326,5.84517502784729,0.00599041945309143,0.0009680917872771996,0.2338385242939912,-0.0015979071853844111,4.683223260266921
1786995323.1414213,5.872663736343384,0.005993041122066831,0.0008109891656474541,0.24132078189853615,-0.0015894097472964695,0.27225386745096797
1786995323.1523132,5.88355565071106,0.006007298098693141,0.0006627104817801946,0.24885519843368825,-0.0015779327615525354,0.6918791960206213
1786995323.1653206,5.8965630531311035,0.006026503709274093,0.0005243512376094066,0.25643735555516745,-0.0015626416658851704,0.5830098494273203
1786995323.1760802,5.907322645187378,0.006040360316989654,0.00039455420710243365,0.26406397695259,-0.001545040732759225,0.7089244989657959
1786995323.1990001,5.930242538452148,0.006027631563573004,0.0002680934020573241,0.271731332099823,-0.0015250323400054367,0.33457435585182743
1786995323.2242486,5.955491065979004,0.00598322604309735,0.00014733821399765912,0.2794357697913087,-0.001506422982468344,0.30518658573720214
1786995323.2394128,5.970655202865601,0.005912633188706977,3.3679942622788446e-05,0.2871742590226927,-0.0014887154894558368,0.5103914492280913
1786995323.2525048,5.983747243881226,0.005837543376769061,-7.049581093765067e-05,0.29494476042832785,-0.0014666309985744326,0.5936096943703609
1786995323.2684767,5.999719142913818,0.005768409156314899,-0.0001643406308328808,0.3027434267040536,-0.0014471569709232674,0.4883287380286429
1786995323.2803197,6.01156210899353,0.005710743684773806,-0.0002454745345547875,0.31056547513037996,-0.0014287180238150422,0.6605339985822806
1786995323.291656,6.022898435592651,0.005650772638862801,-0.00031547201769356847,0.31840793401721756,-0.0014107135158441687,0.6918467351393164
1786995323.3057246,6.036967039108276,0.00557270922156115,-0.0003762474329896371,0.3262686858680824,-0.001396917978473798,0.5587885375761376
1786995323.3212376,6.052479982376099,0.005466283041460902,-0.00043091661000339604,0.3341498507941133,-0.0013837779459021486,0.5080965572721807
1786995323.3380485,6.06929087638855,0.005380084649695323,-0.0004776288013360033,0.3420537415067298,-0.0013688780868649274,0.4702009750616497
1786995323.3527708,6.084013223648071,0.005330658449695074,-0.0005158205919000597,0.3499758868411623,-0.0013520227278859046,0.5381201404225746
1786995323.3624535,6.093695878982544,0.0053294586662314,-0.000542094043854691,0.3579125430212638,-0.0013264310437518755,0.8196821516653577
1786995323.377197,6.1084394454956055,0.005349732018630675,-0.0005617596829426729,0.3658617205900591,-0.001296269707001699,0.5391658619033028
1786995323.4028451,6.134087562561035,0.005362618023551174,-0.0005809091061905187,0.3738195471563218,-0.0012683135871827621,0.3102707313444401
1786995323.415722,6.1469643115997314,0.00532734588690312,-0.0005950242964613912,0.38178558238447124,-0.0012461699772601921,0.6186441778481999
1786995323.4284277,6.159670114517212,0.00523908446908248,-0.0006005021284604458,0.38975346844896197,-0.0012303481652973936,0.627144685487725
1786995323.4402647,6.171507120132446,0.005088830523980323,-0.0005960189543069499,0.3977195864221986,-0.0012228340807290375,0.673104025159737
1786995323.4736376,6.204879999160767,0.00488172130216613,-0.000582755885404473,0.40568469800021245,-0.0012213020400467611,0.23875119635559378
1786995323.4885116,6.219753980636597,0.004661854193840611,-0.000566537885571569,0.4136511056815736,-0.0012178754193581472,0.5357985490013013
1786995323.4990675,6.230309963226318,0.004462173572594913,-0.0005498636724053467,0.42161513384750543,-0.0012145901178125165,0.7546951155506428
1786995323.5057702,6.237012624740601,0.004318371944513202,-0.0005370041889125651,0.4295765847546307,-0.0012123053915685498,1.1879997009649306
1786995323.5331094,6.264351844787598,0.004230688058671447,-0.000524864173464102,0.4375281090220176,-0.0012097425188915723,0.2908648075675241
1786995323.5467994,6.278041839599609,0.004187439589301945,-0.000507850387327202,0.44546711163821745,-0.0012073227475484993,0.5799226920778962
1786995323.5555215,6.286763906478882,0.004159051692677251,-0.0004843758169436052,0.4533961968233104,-0.001207487574744622,0.9090930923694439
1786995323.566691,6.297933340072632,0.004116472260792438,-0.00045770930788270066,0.4613167077718177,-0.0012062505116566713,0.7091380436230584
1786995323.5984683,6.3297107219696045,0.004033139066874161,-0.00042985078646927123,0.46922664184696555,-0.0012097046478402225,0.24893246751618087
1786995323.60794,6.339182376861572,0.003915233454634595,-0.00040413331548894377,0.47712403879795395,-0.0012148635238800856,0.8338900654245096
1786995323.6278598,6.359102249145508,0.0038092620441300983,-0.0003814763878739614,0.4850111640897848,-0.0012191145732460956,0.39597993415060373
1786995323.6354656,6.366708040237427,0.003741320651814953,-0.00036152686437794344,0.492884941710061,-0.0012196737074861885,1.0352763990411975
1786995323.661382,6.392624378204346,0.003712787230966938,-0.00034702197916962503,0.5007412626944815,-0.0012203424355387248,0.30314414789216115
1786995323.6715057,6.402748107910156,0.0037300056156647984,-0.0003389580528597272,0.5085805136581443,-0.0012243768391622843,0.7743464363888389
1786995323.6842027,6.41544508934021,0.0037734019489961855,-0.00033498951683970607,0.5163982406306541,-0.0012266708659104735,0.6157249633545141
1786995323.6977165,6.428958892822266,0.003826016987013565,-0.00033343971757896065,0.5241889274025974,-0.0012303337620331646,0.5765116093617274
1786995323.7083979,6.439640283584595,0.0038668142276625217,-0.00033701526937844026,0.5319533684708107,-0.0012334946759269341,0.7269230426441229
1786995323.7307267,6.4619691371917725,0.0038809750789254205,-0.0003477057202730119,0.5396902700806365,-0.0012410058274802324,0.3464988436473807
1786995323.7458463,6.477088689804077,0.0038658548175895878,-0.00036232125107512654,0.5473978377184078,-0.0012492539927790964,0.5097767456344005
1786995323.7609677,6.492210149765015,0.003828934170245656,-0.00038117578266460867,0.5550725595735051,-0.001253269908342792,0.5075458216912866
1786995323.7703276,6.501569986343384,0.0037970681682344826,-0.00040168190799421284,0.5627148716753966,-0.0012594002177955508,0.8165106286031599
1786995323.7906525,6.521894931793213,0.0037751751861621087,-0.00042379426742141825,0.5703204208197274,-0.0012649789858759299,0.3742008960180346
1786995323.8063257,6.537568092346191,0.0037294061936561746,-0.0004505384732638462,0.5778896862454007,-0.0012735975887977519,0.4829562627394405
1786995323.8213098,6.552552223205566,0.0036493198352661534,-0.0004799044078822556,0.5854206267630604,-0.0012814281477698936,0.5026266560793914
1786995323.8265784,6.557820796966553,0.0035423094034473775,-0.0005072181369004889,0.5929108100266142,-0.0012878605232984528,1.4218264327984775
1786995323.8532476,6.584490060806274,0.0034197308259475163,-0.0005243435663497777,0.6003598346075288,-0.0012942447807492417,0.27934977117980153
1786995323.8698606,6.601103067398071,0.003324900270581203,-0.0005302351357933987,0.6077689129760991,-0.001300672532621957,0.4460172530739484
1786995323.8777823,6.6090247631073,0.003277837624510067,-0.0005260030554400504,0.6151353289642136,-0.001308254836192055,0.9299230631715171
1786995323.8866882,6.61793065071106,0.0032462141894116824,-0.0005148205712018153,0.6224594957953787,-0.00131436662196268,0.8224046791620815
1786995323.9157922,6.647034645080566,0.003208632718607077,-0.0004940392260232474,0.6297400924277943,-0.0013185837698881976,0.25016233829390805
1786995323.9396672,6.670909643173218,0.00317214504682233,-0.0004719080926215173,0.6369755296029488,-0.001319455609652839,0.3030602555209237
1786995323.9474432,6.678685665130615,0.0031244730778094824,-0.00045608111876944615,0.6441626663866707,-0.0013192560500701128,0.9242916687353695
1786995323.962495,6.693737506866455,0.0030775741572718262,-0.00044585564033107386,0.6512983449207758,-0.0013210224433305151,0.47408417551878157
1786995323.9739826,6.705224990844727,0.003048338682655857,-0.0004450710780465844,0.6583809312714544,-0.0013257096906057224,0.6165533502650463
1786995323.9892452,6.720487594604492,0.0030506729226526274,-0.00045535982635696703,0.6654100489633553,-0.0013314028182577033,0.46054563953190547
1786995324.0093174,6.740559816360474,0.0030933675129252323,-0.00047109630078046483,0.6723847046434068,-0.0013406119854929678,0.347485405003908
1786995324.0178728,6.749115228652954,0.003146461955080382,-0.0004901004489569014,0.6793074875068963,-0.0013561206860370075,0.809196834967445
1786995324.0320022,6.76324462890625,0.0031861829248019066,-0.0005126129192264755,0.6861786971318282,-0.001371525579378691,0.48631655898767284
1786995324.045537,6.776779413223267,0.003190730053977649,-0.0005371600589072385,0.692996130637737,-0.001388823787903311,0.5037006172572699
1786995324.0565696,6.787811994552612,0.003146212192704119,-0.0005604593478378814,0.6997573523975109,-0.0014008092834428918,0.6128582477247989
1786995324.0713496,6.802592039108276,0.003055934532156818,-0.000584398072511993,0.7064621808020721,-0.0014073700822381289,0.4536846190113789
1786995324.0833597,6.8146021366119385,0.00295280900207431,-0.0006110278262037884,0.7131114648167698,-0.0014163548534892412,0.5537121562537333
1786995324.105566,6.836808443069458,0.0028692170922683287,-0.0006488874274030261,0.719706699047153,-0.0014262630019708257,0.2970270010623234
1786995324.1165943,6.84783673286438,0.0028145501797711865,-0.0006996531005015139,0.7262443284970982,-0.0014380079792531422,0.5928439693231702
1786995324.129402,6.860644340515137,0.0027857233699325845,-0.0007672224656205622,0.732720968013706,-0.0014508903070918045,0.50571943648801
1786995324.1411498,6.872392177581787,0.0027780787987271957,-0.0008527625869292593,0.7391330910616077,-0.0014647519550866023,0.5458620264562583
1786995324.16022,6.891462326049805,0.002771509246618474,-0.0009545097947162146,0.7454817290418907,-0.0014774011488508233,0.3329526599719523
1786995324.1745005,6.905742883682251,0.002742760143713056,-0.0010712067920273015,0.7517688142091056,-0.001492363962812198,0.44033531349604293
1786995324.1843061,6.91554856300354,0.0026640449292474108,-0.001198266064778126,0.7579962191679704,-0.001503091534293277,0.6352643394300937
1786995324.1953375,6.92657995223999,0.0025470865280916985,-0.0013336528103739206,0.7641624048592095,-0.001511683772879176,0.5592025198869032
1786995324.2152596,6.946501970291138,0.002402516486416121,-0.0014741720366955675,0.7702656789807538,-0.0015160538464781103,0.306525326016366
1786995324.2282758,6.959518194198608,0.0022590394878907057,-0.001612825855612961,0.7763075219405732,-0.0015235173631758198,0.4644309035784322
1786995324.2482636,6.979506015777588,0.0021539623389506698,-0.0017458392933201894,0.7822900077516186,-0.0015358516565230564,0.2994266682558023
1786995324.2623897,6.993632078170776,0.002126551803751843,-0.0018787458990004067,0.7882135977118669,-0.0015524512198627697,0.41944768558023504
1786995324.2926078,7.023850202560425,0.002126551803751843,-0.0018787458990004067,0.7882135977118669,-0.0015524512198627697,0.0
1786995324.2931957,7.024438142776489,0.002168172091048938,-0.0020065843777301606,0.7940757939941918,-0.0015659191312566857,9.973357104585837
1786995324.2981896,7.029432058334351,0.0022423482675205985,-0.0021240724753889195,0.7998771881802695,-0.0015729627780902006,1.162025619498782
1786995324.303073,7.034315347671509,0.0023047908440568723,-0.0022375005212111913,0.8056196120725603,-0.0015807580659586609,1.1762324653297012
1786995324.3134906,7.044733047485352,0.002337663090583492,-0.002351018246381415,0.8113052467014024,-0.0015861012753315455,0.5458846824497494
1786995324.338983,7.070225477218628,0.002360065755059607,-0.0024577432495830496,0.8169321079084204,-0.0015900087204691602,0.2207682003286404
1786995324.3576372,7.088879585266113,0.0023780683896436074,-0.002556141589543175,0.8224960695369823,-0.0015938072694116063,0.2983182444689028
1786995324.3662355,7.097477912902832,0.0024027075815337973,-0.0026446463723782537,0.8279933736599384,-0.0015949198113842202,0.6394350119705055
1786995324.373093,7.104335308074951,0.0024453520348812915,-0.002721110704683389,0.8334213392117554,-0.0015969823550474782,0.7916521458843513
1786995324.3966362,7.127878665924072,0.002500086716186496,-0.0027796635245333863,0.8387815621713947,-0.0016040602857445106,0.2276999831108721
1786995324.4094954,7.140737771987915,0.0025497778605488327,-0.0028122907091280742,0.8440764809548067,-0.0016095555675579218,0.4117900916678476
1786995324.4207194,7.151961803436279,0.002592394963549523,-0.002822536642310638,0.849308496661109,-0.0016127810090590673,0.4661604279348545
1786995324.4356236,7.166866064071655,0.0026161067928113,-0.0028210470891629424,0.8544789886961999,-0.0016166227397979294,0.346917351150392
1786995324.4443135,7.175555944442749,0.0025952595645589356,-0.002814731733788782,0.8595899160192648,-0.0016251112630753964,0.5881523707837386
1786995324.4652848,7.1965272426605225,0.0025768545735690472,-0.0028046079320670847,0.8646437349394853,-0.001631686479004592,0.24098949531774821
1786995324.4795814,7.2108237743377686,0.002601402001971291,-0.0027917219618826456,0.8696401803356278,-0.0016360011081651663,0.3494919205216503
1786995324.5016925,7.232934951782227,0.0026877129572276223,-0.0027849698748431437,0.874575599356121,-0.0016367019994316708,0.22324357439781606
1786995324.5022154,7.233457803726196,0.002814238255824162,-0.0027865798586091885,0.8794491412715791,-0.0016375090252656744,9.324215707806275
1786995324.5503247,7.281567096710205,0.002814238255824162,-0.0027865798586091885,0.8794491412715791,-0.0016375090252656744,0.0
1786995324.5511422,7.282384634017944,0.002937613185631117,-0.00279534592778948,0.8842632058102873,-0.0016436933579688443,5.890438441905662
1786995324.551878,7.283120393753052,0.003032540860724789,-0.002805367781686033,0.8890187425139014,-0.0016512322918234947,6.4647389493156
1786995324.5642574,7.295499801635742,0.003089979719806266,-0.0028138628203239007,0.8937133176228207,-0.0016555294511191498,0.3792535323540663
1786995324.5754788,7.306721210479736,0.0031170276078375816,-0.002816032825899128,0.8983446985688346,-0.0016582025105592048,0.4127343099022034
1786995324.6034973,7.334739685058594,0.003134625650155526,-0.0028059163525033445,0.9029123766793888,-0.0016605063128325623,0.1630254067084125
1786995324.6203399,7.351582288742065,0.003171569175007359,-0.002788526505818117,0.9074159483957529,-0.0016648033388671375,0.26740264736674413
1786995324.6302106,7.361453056335449,0.0032560259811960173,-0.0027681472549568585,0.9118544040231007,-0.0016665128902151954,0.44974272057709974
1786995324.6474357,7.3786780834198,0.003378687878413355,-0.0027518345754852236,0.916229370629804,-0.0016647862240454746,0.25409052750558175
1786995324.6577868,7.389029264450073,0.0035192833531427995,-0.002743053267390262,0.9205397998292056,-0.0016655985937306882,0.4166413914022949
1786995324.6705196,7.401762008666992,0.0035192833531427995,-0.002743053267390262,0.9205397998292056,-0.0016655985937306882,0.0
1786995324.6711507,7.402393102645874,0.00365003757113786,-0.0027383931632983436,0.9247856067998933,-0.001669977829588291,6.730887238155966
1786995324.6796746,7.410917043685913,0.003745771836544792,-0.002741407575799432,0.928966935004933,-0.0016749782941497,0.4906679994210505
1786995324.6928124,7.424054861068726,0.0038229014458860933,-0.002753283382339494,0.9330845542593387,-0.001674217874343983,0.3134735835024911
1786995324.7194073,7.450649738311768,0.003916584280708293,-0.002767255030881396,0.9371440599254894,-0.0016717675607530633,0.15268393608258163
1786995324.738406,7.469648361206055,0.004007717861320741,-0.0027808920947972825,0.9411435684342816,-0.0016704592642638196,0.21057157316224404
1786995324.759419,7.490661382675171,0.004100814110346064,-0.0027877630405884913,0.9450819159020515,-0.0016672522837925473,0.1874767812526267
1786995324.7725346,7.503777027130127,0.004203254342040204,-0.002790819216282473,0.9489595476723609,-0.0016649488882354677,0.29575259509424623
1786995324.7804034,7.511645793914795,0.004334033119373751,-0.002795122705811037,0.9527773894313951,-0.001662702067529291,0.48547421986152034
1786995324.7949526,7.526195049285889,0.004462856104561606,-0.002800924137857704,0.9565392704345421,-0.0016557493887005646,0.2587136219799162
1786995324.806519,7.537761449813843,0.004546589617786364,-0.002806533171204315,0.96024568355439,-0.0016476951684664622,0.3205286784825379
1786995324.8215308,7.5527732372283936,0.0045794284325302165,-0.002808051720026147,0.9638941883736137,-0.0016411315355178955,0.24305253041274594
1786995324.8315823,7.562824726104736,0.004597504118150317,-0.002804594429885753,0.9674851653322222,-0.0016327247993252812,0.35726290502979985
1786995324.8630126,7.594254970550537,0.004597504118150317,-0.002804594429885753,0.9674851653322222,-0.0016327247993252812,0.0
1786995324.8635383,7.594780683517456,0.004606476062114793,-0.00279371802417738,0.9710156272487527,-0.0016232739358301592,6.715622958531137
1786995324.8772984,7.608540773391724,0.00460279677282819,-0.0027760357749066836,0.9744835533981802,-0.0016145626602156913,0.25203128843333084
1786995324.8922617,7.623504161834717,0.004594228490240225,-0.0027547381307539355,0.9778853886288251,-0.0016065530519817546,0.22734908618226307
1786995324.9030519,7.634294271469116,0.004591277233193818,-0.0027329893516107673,0.9812200370727217,-0.001595011486833076,0.30905345594293065
1786995324.915619,7.64686131477356,0.004600489894596514,-0.00271186804829013,0.9844874240403237,-0.0015842574885643298,0.2600029412140448
1786995324.9285936,7.659836053848267,0.004615925196346163,-0.002689812056583723,0.9876893443110091,-0.00157901160170177,0.2467898135835246
1786995324.9403353,7.67157769203186,0.004629772512054879,-0.0026612785248534315,0.9908311180770714,-0.0015779567504077547,0.2675890535263718
1786995324.9519396,7.683182001113892,0.004626745738221378,-0.0026231415785710186,0.993915954280756,-0.0015791871428435817,0.26585584680042046
1786995324.980406,7.711648464202881,0.004619516506685936,-0.002573881066607359,0.9969439030592386,-0.0015783276466004475,0.10638336316082629
1786995324.986107,7.717349529266357,0.004612976670334425,-0.0025115205371600384,0.9999145844405618,-0.0015743016277895646,0.5211908668147044
1786995325.0038886,7.735131025314331,0.004593990236664002,-0.0024393567269019923,1.0028306223226395,-0.0015695580368328152,0.1640465152790309
1786995325.0056336,7.736876010894775,0.0045618119250929205,-0.0023615347945240245,1.0056904015305446,-0.0015651369809376702,1.6395658933600534
1786995325.0336542,7.764896631240845,0.004509867850235518,-0.0022788624235620582,1.0084936631911825,-0.001558138543532803,0.10010347504582624
1786995325.0439684,7.775210857391357,0.0044437258310726525,-0.002190324529668029,1.0112387572782309,-0.0015457852061332154,0.266361992871508
1786995325.0563672,7.787609577178955,0.004369195551180422,-0.0020988558757658827,1.013928891478228,-0.0015360862203847858,0.21717729506602035
1786995325.0702865,7.8015289306640625,0.004281352530192636,-0.002000542380942715,1.016567464615872,-0.0015313031214323005,0.18979796018519593
1786995325.09387,7.825112342834473,0.004161958656064242,-0.0018964466896537486,1.019153394727965,-0.0015275667900724224,0.10985590042051557
1786995325.1074739,7.838716268539429,0.0040184897122634055,-0.001785115808665541,1.021686707766693,-0.0015182865908854727,0.1866971051144503
1786995325.1275883,7.858830690383911,0.003858550384054019,-0.001669183712556904,1.0241678665651313,-0.001507658843980864,0.12374254785524094
1786995325.132421,7.8636634349823,0.0036926256601479118,-0.001545947483701014,1.0265956419154036,-0.001498656608951899,0.5041767097586564
1786995325.1610608,7.892303228378296,0.0035350287187362094,-0.0014155456861390573,1.0289679398302214,-0.0014916934601645017,0.08313957804966324
1786995325.169915,7.901157379150391,0.003413663339450999,-0.0012775285565429684,1.0312863275072286,-0.0014794675852158009,0.26266337592204214
1786995325.1820347,7.9132771492004395,0.003324441820038549,-0.001132958244070993,1.033553587841585,-0.001465579880611095,0.18759565226233788
1786995325.1967943,7.928036689758301,0.003217333425542419,-0.0009822376648984576,1.03577417269233,-0.0014550802487956547,0.15097148310400074
1786995325.2023323,7.933574676513672,0.0030718740536917967,-0.0008225143338468318,1.0379467982290334,-0.0014559036324550954,0.3942478864870452
1786995325.2313032,7.96254563331604,0.0029177600802595283,-0.000661153137487313,1.0400714320208944,-0.0014584033007070136,0.07374000961191855
1786995325.2424862,7.973728656768799,0.0027831416612100835,-0.0005041750924099045,1.0421468535583724,-0.001464399242507889,0.18650579074890766
1786995325.2551074,7.986349821090698,0.002667842322457264,-0.0003553784486805565,1.0441716643404901,-0.001467314150701682,0.16112158531077414
1786995325.264632,7.995874404907227,0.0025603848823887924,-0.00021470892319265023,1.0461494516280756,-0.0014685843867565632,0.20848083866091507
1786995325.305817,8.037059307098389,0.0024396829752592955,-8.147303184279133e-05,1.0480795370171736,-0.0014669531301553828,0.04706676682083282
1786995325.3152957,8.04653811454773,0.0023119674158230165,4.7625851443610826e-05,1.0499595232623378,-0.0014646830666645053,0.19925888808465622
1786995325.3272088,8.058451175689697,0.002198020749881465,0.00017115815362513,1.0517916092230328,-0.0014588843660298387,0.154433689595816
1786995325.3421612,8.073403596878052,0.0021009267318788396,0.00029243882651037664,1.0535762240957323,-0.0014517512347845556,0.11980430458887462
1786995325.3657413,8.096983671188354,0.002022970179386471,0.00041470738166323904,1.0553136599795025,-0.001446000134193343,0.07393854946455417
1786995325.3768098,8.108052253723145,0.0019766221214749086,0.0005355400665699249,1.057002892635437,-0.0014426331893713756,0.15306231662112377
1786995325.3879828,8.119225263595581,0.001964512518873562,0.0006551377875560725,1.05864400447827,-0.0014392678319048889,0.14727531377532704
1786995325.397231,8.12847352027893,0.0019724909446299965,0.0007732502170924618,1.0601974379773924,-0.0006352408562083433,0.16845744453620345
1786995325.4234898,8.15473222732544,0.0019866475112507954,0.0009058426256681308,1.0614990126773485,0.0012790420916886714,0.049826805997738206
1786995325.4440944,8.175336837768555,0.002000157687922875,0.0010628871942224751,1.0624674111398733,0.004189020331727192,0.04761763182310615
1786995325.45222,8.183462381362915,0.0020106061666223807,0.0012471108723534816,1.0630731063254448,0.00798431986895862,0.0779243683244698
1786995325.4594321,8.190674543380737,0.002015000732877574,0.00145751807977171,1.0633104967996572,0.012473102826014482,0.043987580225127845
1786995325.4781847,8.209427118301392,0.002010822803696612,0.0016923004577485315,1.0631925704515741,0.017543925165472023,0.014012350950323351
1786995325.493117,8.224359512329102,0.00200907251819026,0.0019410971361657095,1.0627419085781298,0.023154380225027867,0.034474077659352606
1786995325.5036273,8.234869718551636,0.0019917006369694606,0.0022065389779505227,1.0619856773471439,0.029297786572785547,0.076273723264241
1786995325.515602,8.24684453010559,0.0019468681291605063,0.002487939809412516,1.060951461186727,0.035967279355636664,0.08958414122149498
1786995325.5399292,8.271171569824219,0.0018784068313555673,0.0027764480256553406,1.0596676601513357,0.04314997177679928,0.05416194249228543
1786995325.5533137,8.284556150436401,0.0017915063413375416,0.003058962852671496,1.0581611643385778,0.05083008969658294,0.11470053351198582
1786995325.5744145,8.305656909942627,0.0016887910718076347,0.003324382203691337,1.0564582053010525,0.058985374685804094,0.08182533757995061
1786995325.586183,8.31742548942566,0.0015531341636938834,0.0035730673086016157,1.054583493533226,0.06760360944383656,0.16110640086320177
1786995325.594903,8.32614541053772,0.0013867294631225724,0.003787427033563686,1.0525583693073894,0.07665463522520312,0.23431692308802965
1786995325.6096318,8.340874195098877,0.0011654678129737485,0.003954422697688446,1.0503979139016126,0.08612796815078654,0.14788505265502866
1786995325.629545,8.360787391662598,0.0008577167183593532,0.004060902598505941,1.0481085331354036,0.09604064282990733,0.11612529283304623
1786995325.6366682,8.367910623550415,0.0004539925038872356,0.004084288406456391,1.0456984420614739,0.1063951390056083,0.3430723314947774
1786995325.649287,8.380529403686523,-4.84509479583054e-05,0.003997753118461836,1.0431743934158435,0.11719208492728099,0.20406299644524606
1786995325.6722596,8.403501987457275,-0.0006443833908166561,0.0037805222441711483,1.0405464703984342,0.12843596227599013,0.11767886245504688
1786995325.6811619,8.412404298782349,-0.0013083997215018906,0.003409819736560606,1.0378293163987617,0.14009622864422067,0.3169481578182962
1786995325.6935477,8.424790143966675,-0.0020153061343589703,0.0028642518985867757,1.0350386485464214,0.15214151823045902,0.2365643283523171
1786995325.7073014,8.438543796539307,-0.002754829944286003,0.002138503000178733,1.0321937202948568,0.16455966632808303,0.2201409643983817
1786995325.7254982,8.456740617752075,-0.003506121256713444,0.0012230766066863392,1.0293112556291621,0.1772980031471306,0.17125272567817068
1786995325.7403948,8.47163724899292,-0.004274147717801117,0.00010759185601952152,1.0264000366475852,0.1903515883730519,0.21554002527094837
1786995325.758993,8.490235328674316,-0.005065470038836616,-0.0012095568488866594,1.0234694703795932,0.20374584315107724,0.1779200462063181
1786995325.7702703,8.5015127658844,-0.005869463625510705,-0.00272983576722121,1.0205322233212364,0.21745204271054105,0.3018137264831098
1786995325.7795367,8.51077914237976,-0.006673077401949115,-0.004450131415548543,1.0176022684341097,0.23144421863819237,0.37678117913518155
1786995325.794315,8.525557518005371,-0.007450865149025904,-0.006357850008722315,1.0146927648794173,0.24567519997941334,0.24123397358497786
1786995325.8064258,8.537668228149414,-0.008171534479926397,-0.00843502098131419,1.011813950574189,0.26007389745052995,0.29910479768316944
1786995325.814614,8.545856475830078,-0.00883699112622661,-0.010666995904218815,1.0089678629826102,0.2746356707834679,0.44913179379691726
1786995325.834685,8.565927505493164,-0.009442931446019173,-0.013034556421743603,1.0061569356838642,0.2893377347149521,0.185578797177978
1786995325.8554332,8.586675643920898,-0.010019947301500189,-0.01552647829418841,1.0033866091939516,0.3042116342874123,0.1817313685027827
1786995325.8621914,8.593433856964111,-0.010592965687029682,-0.018138030481552034,1.000657390128485,0.31928172801294347,0.565330968037693
1786995325.8816202,8.612862586975098,-0.011158966132950674,-0.020852971416184987,0.9979700666923768,0.33453154993398804,0.1987639552433398
1786995325.8953097,8.626552104949951,-0.011683976448956905,-0.02364535301859042,0.9953258530877657,0.34990686162342743,0.28352732393126884
1786995325.911452,8.642694473266602,-0.012135116351190816,-0.026495040899239257,0.9927247908862371,0.3653688338561558,0.2406434793467457
1786995325.9263365,8.657578945159912,-0.012507600896740974,-0.02938588611002228,0.9901717407576528,0.38090846731796435,0.26032256875119203
1786995325.9394252,8.67066764831543,-0.012832745393853384,-0.03231550341138724,0.9876684218831369,0.3965576273038137,0.2954583900874282
1786995325.949244,8.68048644065857,-0.013127467500012332,-0.03527875687632683,0.9852153978947443,0.41232422633337135,0.3929318233701168
1786995325.9702842,8.701526641845703,-0.01339094073759365,-0.0382586941156557,0.9828113329458129,0.42819514318436397,0.182404830636297
1786995325.9753985,8.70664095878601,-0.013617689846716135,-0.04123585874848222,0.9804564176772647,0.44415969285086887,0.7435407453241382
1786995325.9844089,8.715651273727417,-0.013814099254780223,-0.04419873897639139,0.978149330723623,0.46021566172282424,0.4173332471110027
1786995325.9994783,8.73072075843811,-0.013956949998906037,-0.04713057422133737,0.9758896326109314,0.4763489709972292,0.24581877464944024
1786995326.0341418,8.765384197235107,-0.014042061830692341,-0.05002429929043419,0.9736758078150671,0.49256326919268334,0.10513773235686294
1786995326.0344994,8.76574182510376,-0.014076396078353181,-0.05287767241302763,0.9715058100635315,0.5088623098202316,10.024223645345556
1786995326.0414064,8.772648811340332,-0.014084664574760347,-0.05569816283065573,0.9693806912474352,0.5252414093559399,0.5112912923761115
1786995326.056895,8.788137435913086,-0.014080830789668165,-0.05848749960150252,0.9673038954493662,0.5416955664463872,0.2245241513459
1786995326.0668952,8.798137664794922,-0.014068420109468727,-0.0612439161039593,0.9652760765575629,0.558219779637785,0.34219145800963047
1786995326.0814428,8.812685251235962,-0.01404904229878265,-0.06396241439514319,0.963294145356653,0.5748079094881691,0.23126321339256836
1786995326.0882123,8.819454669952393,-0.014007576557700326,-0.06663386433407964,0.9613553510679904,0.5914569629838367,0.48764954819683054
1786995326.1001894,8.831431865692139,-0.013939203897257856,-0.0692500454812969,0.9594585603115773,0.6081626929713762,0.26985995433216586
1786995326.1319668,8.863209247589111,-0.013852170335761972,-0.0718093358707469,0.9576060179207841,0.6249226842648088,0.0994609936911028
1786995326.1435866,8.874829053878784,-0.013742622080251522,-0.07430415800326169,0.9557943587933743,0.6417389751243797,0.2655092152960935
1786995326.1583242,8.889566659927368,-0.01361850396699328,-0.07673093683263144,0.9540234640995228,0.6586120549261985,0.20402095581362845
1786995326.171393,8.902635335922241,-0.013490978005589774,-0.07910638234481253,0.9522956494163552,0.6755328024315038,0.2249751375455143
1786995326.190417,8.921659469604492,-0.013353222619164343,-0.08142961416787155,0.9506120796975753,0.6924930229258028,0.15098815157926762
1786995326.2042875,8.935529947280884,-0.013207372312176297,-0.08369377829235851,0.9489705288597062,0.7094906064093964,0.20189850123854536
1786995326.21726,8.9485023021698,-0.013062021484592052,-0.08589653087403111,0.9473721619808095,0.7265240752124783,0.21009599969974022
1786995326.2243135,8.95555591583252,-0.012912593335364007,-0.08802940586264246,0.94581644226291,0.7435941629667551,0.37487046477405306
1786995326.248231,8.979473352432251,-0.012777371452130848,-0.09010542668551795,0.944304844807204,0.7606897785346891,0.10751945865628867
1786995326.2663126,8.997555017471313,-0.012647598805878934,-0.09211862302237267,0.942836017389041,0.7778093844059947,0.13800978677156675
1786995326.2800198,9.01126217842102,-0.01252587786634329,-0.09407046329810358,0.9414098001603795,0.7949514015527127,0.17658309155112314
1786995326.2976513,9.02889370918274,-0.012398166732407437,-0.09595129304818242,0.940024485070742,0.8121203122762778,0.13268440192500058
1786995326.312252,9.043494462966919,-0.012256080511171417,-0.09775786188684439,0.9386792462823984,0.8293177139452076,0.15457344122096225
1786995326.327554,9.058796405792236,-0.012090794546504422,-0.09948638956023276,0.9373722113952985,0.846551241205853,0.14203124494437064
1786995326.3369863,9.068228721618652,-0.011916004081386256,-0.10116106078844476,0.936103723091,0.8638062854076782,0.22349892289495019
1786995326.3465676,9.077810049057007,-0.011737207683017564,-0.10278518028869338,0.9348743351652199,0.8810819110637289,0.21341306154127274
1786995326.3579123,9.089154720306396,-0.011531253825916719,-0.1043212677897931,0.9336848167512082,0.8983891479348626,0.17221283482340205
1786995326.3864956,9.117738008499146,-0.01129864352974853,-0.10576708925426628,0.9325329837363191,0.9157272028963445,0.06518224155880034
1786995326.398753,9.129995346069336,-0.011059613289264398,-0.1071359327988691,0.9314195809018818,0.9330869011289229,0.14526803400029203
1786995326.4092472,9.14048957824707,-0.010836303519034614,-0.10845114239606392,0.9303452052349265,0.9504559331828776,0.16322021843810708
1786995326.4267888,9.158031225204468,-0.010636258572575386,-0.10972384699242829,0.9293064083529078,0.9678236547215238,0.09434464198566718
1786995326.4443476,9.17559003829956,-0.010440993234092203,-0.11094129096607454,0.9283026657553854,0.9851976223164682,0.09054740141061851
1786995326.4544148,9.185657262802124,-0.01024495148721574,-0.11210558637765017,0.9273307782562545,1.002582178920555,0.15190305198628848
1786995326.462485,9.193727493286133,-0.010048932631087594,-0.11321293354019053,0.9263886129689982,1.0199785446121346,0.18178880517874757
1786995326.4822497,9.213492155075073,-0.009841080676940457,-0.11423344507984572,0.9254774144679621,1.0373865419029455,0.07001433122851718
1786995326.498498,9.229740381240845,-0.00962138595094176,-0.11516864121047907,0.9245977598914484,1.0547969185097217,0.08016598683907948
1786995326.517996,9.24923849105835,-0.009398891689385139,-0.11602660554918004,0.9237525252336577,1.0721833640771343,0.06281410694051835
1786995326.5212266,9.252469062805176,-0.009186179365400272,-0.11681638253931007,0.9229391152670158,1.0895426586680974,0.3570666301487983
1786995326.5363033,9.267545700073242,-0.008993897123891637,-0.11755643553521769,0.9221568340570351,1.1068562763833303,0.0725558938504743
1786995326.5543814,9.285623788833618,-0.008820606445928617,-0.118251307921824,0.9214070712650752,1.1241070555585428,0.0573529905397835
1786995326.5673127,9.298555135726929,-0.00866012289800309,-0.11889698172012798,0.9206907610925987,1.1412933549323634,0.07560114365515705
1786995326.5771763,9.30841875076294,-0.008502096529422692,-0.11948165723621329,0.9200047540400619,1.1584058218388207,0.09277617211475972
1786995326.5861323,9.31737470626831,-0.008349550788873405,-0.12000745246044248,0.919347790242583,1.1754248442660946,0.0954872609775178
1786995326.6118715,9.343113899230957,-0.008207912491552128,-0.12047125554825876,0.918721263718514,1.192351175072704,0.03078113758400088
1786995326.624292,9.355534315109253,-0.00807368525682093,-0.12086900928563081,0.9181223220137417,1.209185328222016,0.05888747804361788
1786995326.6311147,9.362357139587402,-0.007944964330697878,-0.12120910963474882,0.9175484658217293,1.2259247901703132,0.09957363394610165
1786995326.6440825,9.375324964523315,-0.007827847104570499,-0.12150378625142598,0.9169992516880608,1.2425511128471787,0.0489042756770714
1786995326.6572902,9.388532638549805,-0.007732307818812126,-0.12176996096609381,0.9164750476700774,1.2590605603313498,0.04509672593225494
1786995326.6834276,9.41466999053955,-0.007653600668797507,-0.12200571210783588,0.9159741864745308,1.275440202818497,0.021392298857942225
1786995326.6988738,9.430116176605225,-0.007585802460189024,-0.12220097795569028,0.9154981293356272,1.2916898101187333,0.03360019994391047
1786995326.7056477,9.436890125274658,-0.007535355860238592,-0.12236724331951149,0.9150525777878962,1.3078071049989233,0.0705986066645931
1786995326.7188013,9.450043678283691,-0.0074927707478774615,-0.12247272875933815,0.9146386904681293,1.3237945469721404,0.03263268964940566
1786995326.7371647,9.468407154083252,-0.007456618352806384,-0.12250844732739959,0.9142572910742253,1.3396536134950223,0.02095303021718763
1786995326.7547503,9.485992670059204,-0.007423360239876647,-0.12247348651759635,0.9139043715241661,1.3553872699591347,0.020255475535715516
1786995326.7601123,9.491354703903198,-0.007392043707952862,-0.12236889126212788,0.913576581279205,1.3709773075567326,0.0644337195314753
1786995326.7768638,9.508106231689453,-0.00737325878169146,-0.12221804314573302,0.9132750356998255,1.386421293532271,0.020159043630710385
1786995326.7941566,9.525398969650269,-0.007370098347814112,-0.12204551408247719,0.9130023014628114,1.4017109919782444,0.018663247034530484
1786995326.8073409,9.538583278656006,-0.007384232309842054,-0.12187597657905297,0.9127588275309566,1.4168479790449187,0.02252847470636251
1786995326.8174882,9.548730611801147,-0.00741146699369351,-0.12170432565646226,0.9125430640144947,1.4318235331509752,0.02730326653917076
1786995326.8321064,9.563348770141602,-0.007441188513205895,-0.12150054539088151,0.9123546541530755,1.4466478483408751,0.01909406870803276
1786995326.849731,9.580973386764526,-0.007464117264057212,-0.12123778277129217,0.9121904190772188,1.461326557415871,0.017629536755316158
1786995326.8584676,9.589709997177124,-0.007473723777265534,-0.12088962851572851,0.9120490284516224,1.4758510996320378,0.04302495214271847
1786995326.879118,9.610360383987427,-0.007472326797773088,-0.12046842619775519,0.9119312674124197,1.490228088149365,0.021179111328471053
1786995326.8939583,9.625200748443604,-0.007470340355994324,-0.12001750978719988,0.9118399321692499,1.5044660349894856,0.031001793107845364
1786995326.9179711,9.649213552474976,-0.0074732959553323475,-0.11956554084170369,0.9117768783941597,1.518573084822756,0.019004678018716088
1786995326.9302456,9.661488056182861,-0.007479070897161929,-0.11913161391355567,0.9117426963503383,1.532558225621128,0.0354645277462976
1786995326.9743304,9.705572843551636,-0.007484913602485569,-0.11869781341162981,0.9117340671865648,1.5463729584800343,0.0098429794525494
1786995326.979882,9.711124420166016,-0.007478611818821895,-0.11826219814350629,0.9117568082908174,1.5596129604675446,0.07858199695854803
1786995327.0162284,9.74747085571289,-0.007434819542716958,-0.11784482646665592,0.9118195140948377,1.5722758292774945,0.011674368756955275
1786995327.0295386,9.760781049728394,-0.007344429663355507,-0.11744674771950307,0.9119168632531236,1.5843793007586762,0.03152916025588595
1786995327.0416076,9.772850036621094,-0.007211199506138347,-0.1170525270995999,0.9120356207181012,1.5959388797521836,0.035855498186157096
1786995327.058559,9.789801359176636,-0.00704811285671922,-0.11663922700008172,0.9121716619601417,1.6069791917600635,0.027412225965422334
1786995327.0785396,9.809782028198242,-0.006873837276190947,-0.11617834945762186,0.9123311019525095,1.6175147983542477,0.025919124699706655
1786995327.0906343,9.821876764297485,-0.006709101924704648,-0.11564089760412657,0.9125209348214867,1.6275603983882305,0.04905606057200295
1786995327.1046028,9.835845232009888,-0.006572995186712677,-0.11500604893091275,0.9127498775224058,1.6371317662352411,0.04928648758995279
1786995327.1275177,9.858760118484497,-0.0064781274446770246,-0.11426309201265847,0.9130254307452661,1.6462552347338422,0.03482754330136585
1786995327.1281123,9.859354734420776,-0.006432185017172781,-0.11340817295578969,0.913360597941556,1.6549462904486063,1.5462428835760573
1786995327.1599462,9.891188621520996,-0.006440379545306392,-0.11244480344011562,0.9137665240513453,1.663224708983815,0.03284016314105134
1786995327.1733897,9.904632091522217,-0.006506829458835657,-0.11138003530910554,0.9142594057019082,1.6711062306190025,0.08741740129508407
1786995327.192183,9.923425436019897,-0.006635046477714005,-0.11021867390509638,0.9148563748336762,1.6786000777917194,0.06981657309520645
1786995327.203636,9.9348783493042,-0.006830564633836897,-0.1089624872631735,0.9155728940198545,1.6857215779678285,0.1274196203399766
1786995327.2308187,9.962061166763306,-0.007100537816088825,-0.1076158868624271,0.9164253479395815,1.6924787356829498,0.05946570612965584
1786995327.2402642,9.971506595611572,-0.0074522707401614464,-0.10618354490307315,0.9174263354294376,1.6988675356422573,0.18871530465275502
1786995327.251389,9.98263144493103,-0.007895251203915744,-0.10466426179020946,0.918583054002749,1.7049031164103403,0.17620166832582798
1786995327.2634668,9.994709253311157,-0.008440850403203111,-0.10305666619806968,0.9199055009161099,1.7106001988293735,0.17817424920916536
1786995327.3099504,10.041192770004272,-0.008440850403203111,-0.10305666619806968,0.9199055009161099,1.7106001988293735,0.0
1786995327.3106227,10.041865110397339,-0.00909932430667076,-0.10136363980211284,0.9214037655086842,1.715972016061418,3.502278883131009
1786995327.3108613,10.04210376739502,-0.009881168890537476,-0.09958924607046021,0.9230869835418936,1.721028234229385,10.758868712800156
1786995327.3141239,10.045366287231445,-0.010800364811695752,-0.09773954300264487,0.9249612266019488,1.7257853896122415,0.8548930473021307
1786995327.3250253,10.056267738342285,-0.011871224642779385,-0.09582527688277527,0.9270319171529321,1.7302518851393498,0.276700848210258
1786995327.3571026,10.088345050811768,-0.013107390522031257,-0.09385759963268661,0.9293043003103257,1.7344295097557265,0.10132291882084012
1786995327.3760684,10.107310771942139,-0.014524329196960466,-0.09184601257050862,0.9317817861088852,1.7383106153949617,0.18410708254906882
1786995327.386113,10.117355346679688,-0.016137866270207968,-0.08979790405465395,0.9344646140671032,1.7418895385230575,0.3724496420552784
1786995327.3979118,10.129154205322266,-0.0179623696385581,-0.08771557922276983,0.9373543658623809,1.7451733714588689,0.3391805923368567
1786995327.424183,10.155425310134888,-0.0200119087919369,-0.08559654911469981,0.9404541249455541,1.7481793982134977,0.16283214947918281
1786995327.4444494,10.175691843032837,-0.022299215454926632,-0.08344290747293558,0.9437686414811568,1.7509106158323298,0.2253386435935195
1786995327.4513354,10.182577848434448,-0.02483437036866805,-0.08125636472811401,0.9473024724475175,1.75337145228828,0.7069189440359142
1786995327.4681203,10.199362754821777,-0.027626932598283048,-0.07903378236435768,0.9510618934401648,1.75557734583945,0.30883549752556355
1786995327.4792147,10.21045708656311,-0.030684466646234004,-0.07677335087837678,0.9550538465562668,1.757539702827149,0.49692520852894595
1786995327.4930685,10.224310874938965,-0.03401137995908991,-0.07447534173052214,0.9592861192219144,1.7592594494964184,0.42250666147530624
1786995327.5051682,10.23641061782837,-0.03401137995908991,-0.07447534173052214,0.9592861192219144,1.7592594494964184,0.0
1786995327.5057256,10.236968040466309,-0.03761050272511451,-0.072136970004086,0.9637663680646104,1.760741977078884,11.13047228324577
1786995327.5147686,10.246011018753052,-0.041483821865544834,-0.0697540970512282,0.9685024557101867,1.7619984257527699,0.7260785759893893
1786995327.528192,10.259434461593628,-0.04563192161666491,-0.0673210153020377,0.9735034797541038,1.763040756717713,0.5168624241788099
1786995327.5582592,10.289501667022705,-0.05005260253897644,-0.06482614775362222,0.9787762655355854,1.7638994781287767,0.24342429610559627
1786995327.5755038,10.306746244430542,-0.05474052275067623,-0.06225868638482698,0.9843255209760526,1.7645989682538057,0.4467908076038715
1786995327.5818653,10.31310772895813,-0.059686834273365116,-0.05960971901235006,0.9901545501549521,1.7651562587385576,1.2718372446898276
1786995327.595458,10.326700448989868,-0.06488244070321703,-0.05686795324225883,0.9962656621408681,1.7655968479709678,0.6236329620140522
1786995327.6231682,10.354410648345947,-0.07031735666877173,-0.05402587496655561,1.0026609290325965,1.765939322315401,0.31976955110853383
1786995327.6381955,10.36943793296814,-0.07597917197101847,-0.05108106781722108,1.00934270425679,1.766179967688226,0.6148691650684773
1786995327.6422336,10.373476028442383,-0.08185599794427888,-0.0480314545889506,1.0163123160236425,1.766320713053648,2.3806156051253917
1786995327.656858,10.388100385665894,-0.08793900495116813,-0.04487468077895228,1.0235706614114795,1.7663639762033165,0.6825991261252037
1786995327.688735,10.41997742652893,-0.09421911395728325,-0.0416091889815428,1.0311187094708343,1.7663119949752213,0.3246149727041421
1786995327.6974974,10.428739786148071,-0.10068696113581448,-0.03823275227200944,1.0389571993659215,1.7661669664167405,1.2221200279114266
1786995327.7127411,10.443983554840088,-0.1073360431546573,-0.03474296545867813,1.0470863207017005,1.7659305983959486,0.7259809070911392
1786995327.7272832,10.458525657653809,-0.1141608436196179,-0.03113831164692825,1.0555062617497006,1.7656105148331613,0.7854578007209708
1786995327.752872,10.484114408493042,-0.12115529015136944,-0.02741573509112902,1.0642180368100327,1.7652141998820663,0.4602033956705977
1786995327.7623024,10.493544816970825,-0.1283141151173774,-0.023572143129455173,1.0732220675928137,1.764747846498678,1.286079388835449
1786995327.772721,10.503963470458984,-0.13563351112615699,-0.019606970089824583,1.0825183194466288,1.7642121290238864,1.1977209830337234
1786995327.787333,10.518575429916382,-0.1431102253633227,-0.015518732567937642,1.0921067915068656,1.7636141629765383,0.877900745658133
1786995327.8137403,10.544982671737671,-0.15074036066555968,-0.01130513186456422,1.1019877963943632,1.762960311655195,0.49895501346031523
1786995327.825858,10.557100534439087,-0.15074036066555968,-0.01130513186456422,1.1019877963943632,1.762960311655195,0.0
1786995327.8322005,10.563442945480347,-0.15852063018819038,-0.006966111709923946,1.1121613922872886,1.762250112127611,2.132097412854208
1786995327.8376048,10.568847179412842,-0.16644869980263508,-0.0025026217894563757,1.1226277460506333,1.7614858106297235,2.566137254754279
1786995327.8602526,10.591495037078857,-0.1745219827462958,0.002085814723444957,1.1333868237161246,1.7606742408770413,0.627533856760144
1786995327.860813,10.592055320739746,-0.1827386882178346,0.006800931673220947,1.1444390262950903,1.759817374668748,25.980961758945547
1786995327.8885531,10.619795560836792,-0.1910973417250786,0.011643370684985475,1.1557838106878238,1.7589210935053765,0.5371384738245571
1786995327.901335,10.632577419281006,-0.19959649718511482,0.01661331810533065,1.1674215114463755,1.7579881061094869,1.1926087399659189
1786995327.9115832,10.642825603485107,-0.20823459697293809,0.021711462060490013,1.1793516809537967,1.7570200151382465,1.5208966952906897
1786995327.9233468,10.654589176177979,-0.21701054484469817,0.02693842329802046,1.1915741655364858,1.7560207186055756,1.3540806804720469
1786995327.955916,10.687158346176147,-0.2259233559241561,0.03229343756681147,1.2040889674154893,1.7549896451659188,0.49957270168835616
1786995327.9687312,10.699973583221436,-0.23497206700439527,0.03777720868115391,1.2168957103665516,1.753929363809834,1.2962812629949063
1786995327.9833457,10.714588165283203,-0.2441556633444252,0.04339087128678655,1.2299943008938123,1.7528460716424215,1.160047201803882
1786995327.991482,10.722724437713623,-0.25347308983241945,0.0491342127712203,1.2433850658015413,1.7517414049658266,2.1256519579313817
1786995328.0143356,10.745578050613403,-0.2629239158513896,0.05500730322973266,1.257068076292041,1.7506196794662316,0.7717035854423325
1786995328.0282643,10.759506702423096,-0.27250714777209584,0.06100984204007482,1.271043530951301,1.7494811500721659,1.290668151788877
1786995328.0372872,10.768529653549194,-0.28222182165226345,0.0671414949600043,1.2853110776382322,1.748325257522969,2.0301132861182887
1786995328.047659,10.77890133857727,-0.29206733061041656,0.07340179558423071,1.299870650696906,1.7471533621302437,1.7988990634248703
1786995328.0759523,10.807194709777832,-0.30204327591732755,0.0797899659112757,1.3147226556205422,1.7459648707357944,0.671451910478866
1786995328.1080253,10.83926773071289,-0.30204327591732755,0.0797899659112757,1.3147226556205422,1.7459648707357944,0.0
1786995328.108595,10.839837312698364,-0.3121492497745236,0.0863069976519151,1.329867220184084,1.7447664611996956,33.951305097161665
1786995328.1088464,10.840088844299316,-0.3223846495456083,0.09295319842361201,1.3453045649191344,1.74356204345684,78.23507065577489
1786995328.1161983,10.847440719604492,-0.33274924621194196,0.09972909777655348,1.3610343546340158,1.7423494734412037,2.722990947572209
1786995328.1432757,10.874518156051636,-0.34324258935386814,0.10663580737375593,1.377055954194666,1.7411306564423548,0.7518948336871971
1786995328.1567104,10.88795280456543,-0.3538641209299599,0.11367350115285277,1.3933691448352856,1.7399054403747165,1.540749386575497
1786995328.1899025,10.921144962310791,-0.3646134018515845,0.12084223714152177,1.4099741079814887,1.7386790218075863,0.6338710800872185
1786995328.1904156,10.921658039093018,-0.3754898711456294,0.12814147071193618,1.4268711893264139,1.737451169529808,41.669417569742905
1786995328.20955,10.940792322158813,-0.386492834816588,0.13557060025231046,1.4440605652323208,1.7362253350483248,1.1351033128485597
1786995328.219381,10.950623512268066,-0.3976217499841424,0.14312792152045806,1.4615425766298238,1.734995453255505,2.2437474338240584
1786995328.2310572,10.962299585342407,-0.40887628682349075,0.1508131606373893,1.4793172076192067,1.7337589004376575,1.9182716113347078
1786995328.2424104,10.973652839660645,-0.42025612318668343,0.15862646526170276,1.4973843584354563,1.732517396935033,2.002684094597773
1786995328.2566328,10.98787522315979,-0.43176116882987625,0.16656836933862043,1.5157446439898794,1.7312791196272215,1.622571085472088
1786995328.2923098,11.023552179336548,-0.44339119292121487,0.17463951995455146,1.5343977488036475,1.7300436485021629,0.6563520902440709
1786995328.3056219,11.036864280700684,-0.45514593843127843,0.18284011029886452,1.5533433783543995,1.7288152672985038,1.7845623598739133
1786995328.3237863,11.055028676986694,-0.4670249644157415,0.1911700012758841,1.5725814843390444,1.7275902915813302,1.3265349400077886
1786995328.3379278,11.069170236587524,-0.4790280859157962,0.19962885773837313,1.5921118657596378,1.7263699163355217,1.7278767573412277
1786995328.3707106,11.101953029632568,-0.4911550040369305,0.20821569567061135,1.6119345812171,1.7251544811777395,0.7556920249973793
1786995328.3938706,11.125113010406494,-0.5034051542348864,0.21692998387523993,1.632049947252094,1.723947231692063,1.084301689704273
1786995328.4040687,11.135311126708984,-0.5157784062062687,0.2257717766747177,1.652457956426113,1.7227486041371505,2.495672573968629
1786995328.4210663,11.152308702468872,-0.5282746928802711,0.23474132704772005,1.6731585364035828,1.721559835024878,1.5172751060749352
1786995328.4298334,11.161075830459595,-0.5408936589460135,0.2438386527963684,1.694151466129686,1.7203787603028406,2.9802896579336813
1786995328.445742,11.176984310150146,-0.5536351324638533,0.253064292030003,1.7154363623663373,1.7192063690342707,1.6637066326152208
1786995328.454047,11.18528938293457,-0.5664988288747973,0.262418095668987,1.7370133057971546,1.7180402398884913,3.2276011443048773
1786995328.4671931,11.198435544967651,-0.5794844248484683,0.2718993955850707,1.7588823450313285,1.7168822903811647,2.0647555622816403
1786995328.5112839,11.242526292800903,-0.5925917666949626,0.2815085286982042,1.7810436139449835,1.7157371284399894,0.623305110562468
1786995328.5244408,11.255683183670044,-0.6058204499082167,0.2912451406467864,1.8034959302486104,1.7146057814297333,2.1144181822610535
1786995328.5326557,11.263898134231567,-0.6191696830212771,0.3011077719655608,1.8262356740199608,1.7134849946517126,3.4269969262263005
1786995328.5449526,11.276195049285889,-0.6326386016875493,0.31109463198859316,1.8492588682813578,1.7123748426687846,2.3161796743840704
1786995328.5905755,11.321817874908447,-0.6462264318879575,0.32120419783295395,1.8725604246833973,1.7112709222591298,0.6313980299865751
1786995328.6051335,11.336375951766968,-0.6599324146265184,0.3314354149560078,1.89613530421248,1.7101740695246135,2.0006561046116365
1786995328.610351,11.341593503952026,-0.6737561769343713,0.3417886078590495,1.9199786699286983,1.70908462291183,5.642744930968965
1786995328.6234043,11.354646682739258,-0.6876974227133966,0.3522646636903536,1.9440855430114294,1.7080044825559533,2.2793763913763376
1786995328.6613376,11.392580032348633,-0.7017555410233329,0.3628634646848917,1.9684498141829365,1.7069333367766464,0.7924335016831671
1786995328.6828427,11.414085149765015,-0.7159300121060624,0.37358497870479646,1.993065270605913,1.7058704805555307,1.4118010992771979
1786995328.6914618,11.422704219818115,-0.7302205366214171,0.38442932523155054,2.0179262454479496,1.7048168281585905,3.556947161137483
1786995328.7042713,11.435513734817505,-0.7446267200974258,0.3953962326263659,2.043027028806565,1.7037725299412125,2.416119702191061
1786995328.715293,11.446535348892212,-0.7591478052484946,0.4064843026859874,2.0683597706053076,1.7027390380366834,2.833874959428081
1786995328.7481515,11.47939395904541,-0.7737830397157179,0.4176922611019069,2.093915738177873,1.7017145768343303,0.9589744634709632
1786995328.757322,11.488564491271973,-0.7885318249771958,0.4290191170026799,2.1196858765866686,1.700698482753861,3.465372172053075
1786995328.7716067,11.502849102020264,-0.803393142484714,0.4404630852515111,2.145659570657053,1.6996906158636307,2.2428578431295367
1786995328.7832625,11.51450490951538,-0.8183660920749063,0.4520234053963785,2.171827639220788,1.6986885571813979,2.7702316363095987
1786995328.815176,11.54641842842102,-0.8334506069818983,0.463700611663175,2.198182543197201,1.697696281148605,1.0194519900536456
1786995328.835256,11.566498517990112,-0.8486464998134748,0.47549487803078877,2.2247151619592547,1.6967130878139403,1.6320612058498327
1786995328.8503573,11.581599712371826,-0.8639532549567419,0.4874075564925925,2.2514164721881387,1.695739339238381,2.185426798244826
1786995328.8614795,11.592721939086914,-0.8793706675979255,0.4994431625216541,2.278276887542381,1.6947801662143838,2.9874424452547563
1786995328.8812745,11.6125168800354,-0.8948984036043979,0.5116005549376967,2.3052879628683915,1.693838461529158,1.689530019335137
1786995328.8952448,11.626487255096436,-0.9105353008783833,0.5238747573325498,2.3324365515272794,1.6929091866266146,2.4085534260093784
1786995328.909299,11.640541315078735,-0.9262804603927419,0.5362617666173386,2.3597104668788416,1.691986282384596,2.40791757957419
1786995328.9202445,11.651486873626709,-0.942133327946194,0.548758678136671,2.387100144371498,1.691068979145774,3.1085399775168714
1786995328.9538867,11.685129165649414,-0.9580943769463056,0.5613683919409531,2.4145990403119817,1.690156832691824,1.0167119650778407
1786995328.9652631,11.696505546569824,-0.9741636789564453,0.5740927920824966,2.442198752016915,1.6892553031535427,3.0219132933556567
1786995328.9781282,11.709370613098145,-0.9903404122598939,0.5869285691048115,2.4698876641888643,1.6883621232261243,2.6849115133982946
1786995328.992812,11.724054336547852,-1.0066245232559043,0.5998793570879328,2.49765300726643,1.6874838787021558,2.362885508585109
1786995329.0219254,11.753167867660522,-1.0230157785913954,0.6129441327881177,2.5254842178557686,1.6866202424765202,1.1967497676161623
1786995329.042808,11.77405047416687,-1.0395147475360893,0.6261225946487389,2.553371808627082,1.6857662951813472,1.6750817784813163
1786995329.0460224,11.777264833450317,-1.0561232073599949,0.639419769782266,2.5813076671317834,1.6849321267365756,10.924437755123881
1786995329.0582678,11.789510250091553,-1.072840936129917,0.6528359996531085,2.609282336635582,1.6841207644539562,2.8780457210603885
1786995329.0948825,11.826124906539917,-1.0896667793646786,0.6663708526171543,2.6372908117396117,1.683330310436745,0.9659058419615136
1786995329.1050422,11.836284637451172,-1.106600152765333,0.6800263080313511,2.6653298848194003,1.6825674143118488,3.4930087725302594
1786995329.130318,11.861560344696045,-1.123641053031946,0.6938018227277586,2.6933913547715655,1.681832633693416,1.4086021404563829
1786995329.1392012,11.87044358253479,-1.1407924610907554,0.7077086151343657,2.7214676371378568,1.6811432947673985,4.0209443294312965
1786995329.151223,11.882465362548828,-1.1580540949789724,0.7217362474790698,2.749560291310018,1.680488861196216,2.9805942507996006
1786995329.1745005,11.905742883682251,-1.1754305769838638,0.7358865773484653,2.777661371348974,1.67987963489085,1.5440750939841723
1786995329.1954281,11.926670551300049,-1.192922460650711,0.750155721695933,2.805762889835384,1.679310475073913,1.7223794910450574
1786995329.2001739,11.931416273117065,-1.2105296253254176,0.7645271233336499,2.833856665769413,1.6787602111056665,7.614434661537342
1786995329.2124634,11.943705797195435,-1.2282493173910338,0.7789957190120883,2.8619349860458523,1.6782304016613738,2.947036231054938
1786995329.2620494,11.993291854858398,-1.2460811868379036,0.7935626125292694,2.889985119218103,1.677728293370353,0.7318633453543858
1786995329.2722752,12.003517627716064,-1.264021643640417,0.8082406184621994,2.9179954934688292,1.677274191269434,3.5554999879386275
1786995329.288313,12.01955533027649,-1.2820699831479112,0.8230268284346154,2.9459599597910286,1.6768683305207337,2.270872757331919
1786995329.3022523,12.033494710922241,-1.300225628673822,0.8378946598449282,2.97387352914707,1.6764833908380885,2.6161184207715373
1786995329.3334346,12.064677000045776,-1.3184876366029328,0.8528192489907541,3.001733266305396,1.676092125504103,1.1706062145578684
1786995329.3425074,12.073749780654907,-1.3368542493297435,0.867794775921289,3.0295289957347964,1.675688063290046,4.025967771839456
1786995329.3603346,12.091577053070068,-1.3553193332032065,0.8828207956973518,3.0572539079023464,1.6752716231806528,2.049852586438947
1786995329.3682787,12.099521160125732,-1.373878128446917,0.8979091018904638,3.084899192104378,1.674870365727176,4.601661105646195
1786995329.4044278,12.135670185089111,-1.3925266522309683,0.9130417055526857,3.1124612463302204,1.6744627133695116,1.0112918675686804
1786995329.4094248,12.140667200088501,-1.4112607867988136,0.9281995737306009,3.1399341227196347,1.6740308631078227,7.313231035688724
1786995329.4214528,12.152695178985596,-1.4300761014264207,0.9433863095741406,3.167310873707705,1.6735848067924155,3.036742479227824
1786995329.4347298,12.165972232818604,-1.4489727538130641,0.9586432918742033,3.1945904883593417,1.6731757992553555,2.750946323658009
1786995329.4646823,12.195924758911133,-1.4679447115448407,0.973961437364113,3.22176746913765,1.672794458181896,1.219015297179803
1786995329.483322,12.214564323425293,-1.4869810466662772,0.9893122830538178,3.248842602640094,1.6724103068626066,1.9573500399364339
1786995329.4950857,12.226328134536743,-1.5060733913309803,1.0046821489126267,3.2758150947628786,1.6720111054369318,3.098092937915284
1786995329.5097566,12.240998983383179,-1.5252177647612402,1.0200615210694841,3.3026765212345257,1.6715982872416864,2.480743972726582
1786995329.5315726,12.262814998626709,-1.5444167607983221,1.0354725807252005,3.329423312864566,1.6711934235577837,1.66631466609229
1786995329.5467749,12.278017282485962,-1.5636694167013387,1.0509207874502782,3.3560543050612908,1.670801571281789,2.388552471198108
1786995329.5562906,12.287533044815063,-1.582967327920582,1.0663991374094837,3.382561120490266,1.6704163711754636,3.8102477990466275
1786995329.5666735,12.297915935516357,-1.602298127797014,1.081899606210927,3.4089378459089437,1.6700354659201073,3.4854884854964867
1786995329.5796623,12.310904741287231,-1.6216561280454946,1.0973980789722184,3.435178967291324,1.669640139848107,2.779658905146729
1786995329.6208344,12.352076768875122,-1.6410371251790778,1.1128611509098603,3.4612823662739967,1.6692115409074242,0.8744195564949997
1786995329.630673,12.361915349960327,-1.6604327519073656,1.1282803424842445,3.487246510123259,1.6687535500287036,3.6478645861062424
1786995329.6402526,12.371495008468628,-1.6798344805701906,1.1436446534991282,3.5130640020949646,1.6682696286436638,3.7332810053297583
1786995329.65248,12.383722305297852,-1.699243298085717,1.158974079637259,3.538728535583064,1.6677768019795616,2.9149643969527665
1786995329.6915586,12.42280101776123,-1.7186647337232537,1.1742828912565635,3.564233788677997,1.6672812127161845,0.9090786173131077
1786995329.7013087,12.432551145553589,-1.738095318555693,1.1895932985544035,3.5895785003995084,1.6667885201399513,3.632388066140717
1786995329.7116995,12.442941904067993,-1.7575249409859584,1.2048871655385782,3.6147624686629536,1.6662886496321452,3.3966427170825777
1786995329.7218509,12.45309329032898,-1.7769507179200263,1.2201548022580733,3.639780929487853,1.6657780395154471,3.4637895457691283
1786995329.768376,12.499618530273438,-1.796368358273654,1.2353881804903561,3.664631242479288,1.6652595116471558,0.7527828152626466
1786995329.7842975,12.51553988456726,-1.8157678128434782,1.250573188693027,3.689318227987485,1.6647292328759575,2.190548859284516
1786995329.7904255,12.521667957305908,-1.8351380911155448,1.2656647261665497,3.7138423543026975,1.6641829088095554,5.663182434136774
1786995329.8154783,12.546720743179321,-1.8544749936604354,1.2806525727306681,3.7381982504106537,1.663630352919172,1.3779661897712063
1786995329.8465095,12.577751874923706,-1.8737752202532116,1.2955630721441433,3.762377712383268,1.6630768542355983,1.1067396987202085
1786995329.8564,12.587642431259155,-1.8930276850956975,1.3104142996099768,3.786377469851913,1.6625249850247894,3.454242284872598
1786995329.8716202,12.60286259651184,-1.912227207806586,1.3252011067619027,3.81019561737239,1.6619750157026123,2.232501703673588
1786995329.885224,12.616466522216797,-1.9313756248249114,1.3399491774779766,3.833831862859758,1.6614167351236595,2.4850113812538197
1786995329.9107285,12.641970872879028,-1.9504726272637416,1.354673882021991,3.8572868863244105,1.6608343257189275,1.3189912024082104
1786995329.9305065,12.661748886108398,-1.9504726272637416,1.354673882021991,3.8572868863244105,1.6608343257189275,0.0
1786995329.9352782,12.666520595550537,-1.969507091293025,1.369361432262638,3.880560788437451,1.6602268817771055,7.012593830610255
1786995329.9455407,12.676783084869385,-1.9884700139812905,1.3839852988428811,3.903647964762394,1.659600166720535,3.2412806511600865
1786995329.9572277,12.688470125198364,-2.007353334169327,1.3985267118542104,3.926539468917193,1.6589650610733704,2.8275962835306054
1786995329.9864628,12.717705249786377,-2.02615504434235,1.412966245524268,3.949231055444873,1.6583370055949944,1.1224972029977072
1786995329.9994993,12.730741739273071,-2.0448746089534264,1.4273033085530487,3.971718220852709,1.6577205574571137,2.4993623434271472
1786995330.0174055,12.748647928237915,-2.063506874350881,1.441547531264046,3.993998731969527,1.657103423444601,1.8066015554419614
1786995330.0230825,12.754324913024902,-2.082045049001095,1.4556776755352456,4.016071720780699,1.6565057914723884,5.654771508500457
1786995330.036886,12.768128395080566,-2.1004854819831498,1.4696835592166837,4.037936234147228,1.6559405795187443,2.307216832371688
1786995330.0662434,12.797485828399658,-2.118822862637397,1.4835631659192214,4.059594200029689,1.6554079472033503,1.0760706057178144
1786995330.0802524,12.811494827270508,-2.137049507632217,1.4973265016582142,4.081048846923253,1.6548995658721188,2.2368444764535473
1786995330.0932844,12.8245267868042,-2.1551549764973648,1.5109809664655356,4.1022990999202325,1.6544093291645634,2.3847323767040995
1786995330.1035268,12.834769248962402,-2.173138695528822,1.5245420986035298,4.123342263867444,1.6539216114443296,3.0094551795090037
1786995330.1350763,12.866318702697754,-2.190999446919793,1.5380490928026653,4.144177885264384,1.6533820656077067,0.9694958183334633
1786995330.1522083,12.883450746536255,-2.208738868041656,1.5515254156507288,4.164802462826189,1.6527555068163595,1.7720619944578597
1786995330.1631434,12.894385814666748,-2.226356410096096,1.5649418660031789,4.185210802446958,1.6520720737655823,2.753932176464345
1786995330.1752572,12.90649962425232,-2.2438481810866033,1.57827214258559,4.205398545644804,1.6513564288041045,2.464379858170535
1786995330.2042747,12.935517072677612,-2.2612084595901916,1.5914661311563267,4.2253655270575505,1.6506750167254813,1.0188998817469646
1786995330.2161381,12.947380542755127,-2.278432833528548,1.6044858018591148,4.2451101665434505,1.650089275951154,2.4662421385193736
1786995330.2246127,12.955855131149292,-2.2955203643368405,1.617354692333932,4.264631942598071,1.6495622274285129,3.417295874533752
1786995330.2452445,12.976486921310425,-2.312466858773007,1.6300819915206797,4.283928842692624,1.6490800130452028,1.3892389831070924
1786995330.2697456,13.000988006591797,-2.3292687372852123,1.6426636491931728,4.303000409676063,1.6486483750952663,1.1575258657758263
1786995330.2849975,13.016239881515503,-2.345923817806215,1.6551048679749234,4.321847338424489,1.648260510970193,1.8397957192968097
1786995330.3012547,13.03249716758728,-2.3624292379989242,1.6674260849218667,4.3404673866111265,1.64788196112296,1.707907508982142
1786995330.3104084,13.041650772094727,-2.37878461280235,1.679628997300206,4.358858034949275,1.6475155085924342,3.001052113095401
1786995330.3453424,13.076584815979004,-2.3949885420905614,1.6917179943038694,4.377016784094646,1.6471499924422808,0.7778790604897201
1786995330.3625908,13.093833208084106,-2.4110413231135346,1.703725292625832,4.394950584105777,1.6467264875512502,1.5594343707221356
1786995330.3725219,13.103764295578003,-2.4269437569326198,1.7156503017125568,4.4126606223756015,1.6462383057781629,2.680687969538805
1786995330.3854988,13.116741180419922,-2.4426950020785383,1.7274851908304547,4.430144915293052,1.6456964835267243,2.029867127397068
1786995330.407911,13.139153480529785,-2.458291635078451,1.7391999406479905,4.447404702460742,1.645153359002965,1.1621266867037823
1786995330.4223812,13.153623580932617,-2.4737312176551085,1.7507743976023364,4.464437997956187,1.6446428920749514,1.7787522825841966
1786995330.432318,13.163560390472412,-2.489012768024026,1.7622105485335602,4.481240839139428,1.6441575367532273,2.5590961368367564
1786995330.4452066,13.176449060440063,-2.5041330737468384,1.7734871760276187,4.497813803950174,1.6437330183384435,1.948125466515407
1786995330.456208,13.187450408935547,-2.5190894782247235,1.7845862401215167,4.5141584072943255,1.6434053981804593,2.2524161434996244
1786995330.4793022,13.21054458618164,-2.5338820307110006,1.7955297753359818,4.530280140067298,1.643129703485116,1.0593177736995907
1786995330.4942033,13.225445747375488,-2.548512332631554,1.8063519505534908,4.546182525224373,1.6428433127679043,1.6218298788830132
1786995330.5052445,13.236486911773682,-2.562982297912129,1.8170642668901706,4.56186208674012,1.6425207145095966,2.1622992383503803
1786995330.5130835,13.244325876235962,-2.5772921869533616,1.8276682616502011,4.577314172531547,1.6421568570627483,3.007964314153981
1786995330.5422885,13.273530960083008,-2.5914393406895684,1.8381614652228715,4.59253565438613,1.6417576325203593,0.7971100117738379
1786995330.5598917,13.291134119033813,-2.605423477674262,1.8485339993991055,4.607525758005882,1.6413378017889444,1.305161161940446
1786995330.5722177,13.303460121154785,-2.6192433218738427,1.858768838830784,4.622285345663706,1.6409307817265941,1.8385867321068856
1786995330.5883808,13.319623231887817,-2.6328966488167698,1.8688348356586082,4.636814984060334,1.64059767132032,1.38184451305679
1786995330.6017191,13.332961559295654,-2.646381036758116,1.8787246059755838,4.651114398312765,1.6403517120270505,1.6495688212169581
1786995330.6136804,13.3449227809906,-2.6596984522981937,1.888458599813362,4.665185595901491,1.6401530564281677,1.812678887270641
1786995330.6284647,13.359707117080688,-2.672851540090572,1.8980565317154556,4.679030290138916,1.6399563069108891,1.4456428689789123
1786995330.6393619,13.370604276657104,-2.6858402258379943,1.9075143402112233,4.692647028423112,1.6397699236485062,1.93271841699959
1786995330.6652465,13.396488904953003,-2.69866375033768,1.9168300353263374,4.706036712095522,1.6395998850701923,0.8015838807326761
1786995330.67739,13.408632516860962,-2.7113224042673045,1.9259965652504052,4.719200344380482,1.6394618694576424,1.6826947014208844
1786995330.6860454,13.417287826538086,-2.7238184052291348,1.9350342229429225,4.732141008681741,1.6393143735698184,2.32595003316558
1786995330.6981661,13.429408550262451,-2.7361527534060257,1.9439514228022667,4.744860571471302,1.6391366571754045,1.6364797474469417
1786995330.7214365,13.452678918838501,-2.7483251242661044,1.9527435456431868,4.757358341381924,1.6389401020068555,0.8395302771544413
1786995330.7339356,13.4651780128479,-2.760334413730468,1.961404798292685,4.769635241043112,1.638739095378389,1.538864477444735
1786995330.7444482,13.475690603256226,-2.772176941747271,1.9698994068624198,4.7816938732255405,1.6386061113016466,1.799364701860051
1786995330.7561965,13.487438917160034,-2.7838533296094807,1.978245954313214,4.79353744103924,1.638502737990149,1.5839219026317093
1786995330.780712,13.511954307556152,-2.7953627896750954,1.9864466687061018,4.805165880463896,1.6384240956449225,0.7465255714010622
1786995330.795036,13.526278495788574,-2.8067052391873597,1.9945114602340481,4.816585232860837,1.638350915783765,1.2567972734367732
1786995330.8063152,13.537557601928711,-2.8178824811117757,2.0024463235709176,4.827797676015656,1.6382713331895515,1.5700787194413042
1786995330.81827,13.549512386322021,-2.8288966356347722,2.010277497544415,4.8388068761362195,1.6381303635210815,1.45808118863592
1786995330.8313959,13.562638282775879,-2.839746014719301,2.017988050672249,4.8496108232368265,1.6379680370095149,1.3060540836678745
1786995330.8591874,13.590429782867432,-2.850430296407424,2.0255623441566293,4.860207912320128,1.6378164951419723,0.6061932704264138
1786995330.8699434,13.60118579864502,-2.860948681207501,2.032980233435426,4.87059644319611,1.6377189263363552,1.5377763655201642
1786995330.879926,13.611168384552002,-2.8713030067706597,2.040243887100162,4.88077452804391,1.6376759346958807,1.626304061388719
1786995330.8967478,13.627990245819092,-2.8814957593967274,2.047370835493961,4.890746397886365,1.6376455114980357,0.9476514095919821
1786995330.9151752,13.646417617797852,-2.8915285383767104,2.0543771696393063,4.900517274377092,1.6375974711430359,0.8497877525432281
1786995330.932328,13.663570404052734,-2.901402456398779,2.0612717425730733,4.9100870753549595,1.6375147899003826,0.8967725703253927
1786995330.9422607,13.673503160476685,-2.911116913163192,2.068054163409554,4.919459000577681,1.637396915973651,1.520872064406511
1786995330.9541159,13.68535828590393,-2.9206717023422604,2.074731963008584,4.928636905152997,1.637231601834134,1.2514817545720354
1786995330.973947,13.70518946647644,-2.930065639010225,2.08130297042553,4.937620944075904,1.6370231741024084,0.7344458576041266
1786995330.9943538,13.725596189498901,-2.939296127009013,2.0877481556352033,4.94640923380903,1.6368107094460231,0.6998688209225078
1786995331.0071964,13.738438844680786,-2.948361075019984,2.094048502373053,4.955001847051279,1.636630610851863,1.08928448055842
1786995331.0177567,13.748999118804932,-2.957258465162429,2.1001843582964783,4.9633966978980135,1.6365221418954579,1.2959171384655408
1786995331.0281684,13.759410858154297,-2.9659903112125927,2.1061502982609492,4.971596795510228,1.636495983366063,1.2852844590509502
1786995331.0418158,13.77305817604065,-2.9745592128794445,2.11197889238151,4.97960939778808,1.6364846035273881,0.9598686676738301
1786995331.0565424,13.787784814834595,-2.9829651148781475,2.117666483256869,4.987432565994884,1.6364995778118216,0.8701536635923487
1786995331.0642653,13.795507669448853,-2.9912089155905277,2.1232097102816843,4.995064554096261,1.636554861396349,1.6221157861805178
1786995331.0902429,13.8214852809906,-2.99929145524615,2.128618412207496,5.0025093936563545,1.636628780801993,0.47147291332953595
1786995331.1037304,13.834972858428955,-3.0072134589926907,2.133918086695342,5.009778195225004,1.6366720488924682,0.8887189984307005
1786995331.120422,13.851664304733276,-3.0149781601108816,2.139130589024051,5.016876283241406,1.636641293931975,0.7033951367170768
1786995331.1260598,13.857302188873291,-3.022585757667205,2.1442267954841174,5.023802431943982,1.6365968958115196,2.036441157558465
1786995331.146304,13.877546310424805,-3.030036105825897,2.1492112140049078,5.030560751010744,1.6365363403097684,0.5545399635777382
1786995331.1609244,13.89216685295105,-3.0373287000538367,2.154080119750275,5.037148880742857,1.6364702786634382,0.7501605325584938
1786995331.172401,13.903643369674683,-3.044461983233134,2.158811030986666,5.043565557454394,1.6364465181710073,0.932130920046134
1786995331.1847196,13.915961980819702,-3.0514353126653595,2.163391845837259,5.049809252445449,1.6364880025382191,0.8459466968382959
1786995331.1981714,13.929413795471191,-3.058247261419629,2.1678191958607202,5.055880555001361,1.6366015516073658,0.7539672722157905
1786995331.2225802,13.953822612762451,-3.0648961330927373,2.1720945078538296,5.061783708315511,1.6367858958922397,0.40418792227417855
1786995331.235162,13.966404438018799,-3.071384265283609,2.1762641278840866,5.067529139448252,1.6369559455151315,0.7643766735053654
1786995331.2457356,13.976978063583374,-3.07771966186371,2.1803587535167974,5.073120203097236,1.6370545723140968,0.8880138708223078
1786995331.254747,13.985989332199097,-3.0839021305168193,2.1843971292605384,5.07855870282075,1.6370521864491783,1.0177344229516485
1786995331.2751048,14.006347179412842,-3.089931807590735,2.188364190678418,5.08384568409071,1.6369776776221636,0.4394809037778743
1786995331.284938,14.016180515289307,-3.0958105296534333,2.1922307551267846,5.088979583450551,1.6368915768005854,0.8857771727343386
1786995331.2976565,14.02889895439148,-3.1015414624842763,2.1959855776001587,5.093961019429993,1.6368127582806222,0.6660368889867919
1786995331.3074205,14.038662910461426,-3.1071265481910673,2.199627011170747,5.098792223127076,1.6367417042772072,0.8432745856014272
1786995331.3256886,14.056931018829346,-3.1125659506461147,2.2031613208378626,5.103474545131211,1.636670310312521,0.4379304791627991
1786995331.3399189,14.071161270141602,-3.1178569925538246,2.206575360650473,5.10800891613861,1.6366292369020896,0.5452886749821284
1786995331.3487852,14.08002758026123,-3.1229918128515797,2.2098488132306797,5.1123910970960695,1.6366616503560336,0.8461646701479062
1786995331.3603208,14.09156322479248,-3.127969933048603,2.2129888814048675,5.11662191801037,1.6367537207279816,0.6283615376051924
1786995331.3737612,14.105003595352173,-3.1327981006967063,2.2160131182816105,5.120707273857759,1.63687191300252,0.5216014420801104
1786995331.3925521,14.123794555664062,-3.1374782474101077,2.218938663585972,5.124650433784865,1.6369874140104026,0.36097932385590326
1786995331.4121232,14.143365621566772,-3.1420151927327833,2.2217880411936526,5.128454481707345,1.637062076000246,0.3357335043585149
1786995331.4147432,14.14598560333252,-3.146409154428924,2.2245633424835853,5.132119706332105,1.6370968420989458,2.4273018061038676
1786995331.4265277,14.157770156860352,-3.150661892977935,2.2272540616854433,5.135647906803347,1.6371147296371102,0.5215345539159423
1786995331.4423878,14.173630237579346,-3.1547767449051323,2.2298450955038516,5.139042568659026,1.6371414001389806,0.3739175078146561
1786995331.452294,14.183536529541016,-3.158758676841032,2.232318452231755,5.142306145309566,1.6372117353543953,0.5765790591718191
1786995331.463339,14.194581508636475,-3.162609099684611,2.2346812969569205,5.14544015454455,1.6373172899129982,0.4978058074739376
1786995331.482304,14.213546514511108,-3.166328613948275,2.2369494308814506,5.1484495061031215,1.6374361092889087,0.2791904189495557
1786995331.4866428,14.217885255813599,-3.169917877641705,2.2391473803240136,5.151337215279741,1.637527200940687,1.1764196742693356
1786995331.4985552,14.229797601699829,-3.1733719032549645,2.241304889795701,5.15410648350664,1.6375401128745855,0.41342265462680566
1786995331.5125065,14.243748903274536,-3.17668808459697,2.2434040049299515,5.156758668178551,1.6375119684457256,0.3395250295774926
1786995331.5229983,14.25424075126648,-3.179864316260471,2.2454072659799142,5.159291998701356,1.6375120891201835,0.4317465942532008
1786995331.5364578,14.2677001953125,-3.18290102953089,2.2473064770258193,5.161704348400372,1.6375613703156329,0.3208408963753725
1786995331.548604,14.279846429824829,-3.1858010970466046,2.2491147484492005,5.163998763045912,1.6376375477439065,0.3389016530943458
1786995331.5610936,14.292335987091064,-3.1885674014087355,2.2508861516524648,5.166187453946278,1.6376487439562448,0.316042958360752
1786995331.5722272,14.30346965789795,-3.1912035209139,2.2526156346562387,5.168272920295627,1.637604676363262,0.33952263518496245
1786995331.5882635,14.3195059299469,-3.19370754249378,2.2542735170184174,5.170251173020046,1.6375572592947834,0.2242500177294191
1786995331.6062722,14.337514638900757,-3.1960755502075733,2.2558460437180696,5.172122941991113,1.6375291426036243,0.1889919551134167
1786995331.6119823,14.34322476387024,-3.198307431004159,2.257331337660723,5.173886822758504,1.637526093423887,0.5620110569334122
1786995331.6245596,14.355802059173584,-3.2004116407372014,2.2587304920211326,5.175542501591354,1.6375426427399493,0.2401968699947695
1786995331.6407006,14.37194299697876,-3.20239631451439,2.2600511428748584,5.177091185551669,1.6375705121360453,0.1761231470198338
1786995331.6503751,14.381617546081543,-3.204264727571918,2.2613005937899002,5.178532157095967,1.6376027680816847,0.27597399405920237
1786995331.6692464,14.40048885345459,-3.20602079837184,2.262498582031117,5.179868866248084,1.6376107153580535,0.1330657999506828
1786995331.6756854,14.406927824020386,-3.2076648370673393,2.2636359499949616,5.181103181957685,1.637605929285396,0.36488269899819514
1786995331.6904655,14.42170786857605,-3.20919474110841,2.2647119887891267,5.182239623450152,1.6375966479422006,0.14807796334307055
1786995331.6964006,14.427643060684204,-3.2106101177972115,2.265712891152935,5.183280007953126,1.637606986638712,0.34063865009342137
1786995331.7121174,14.443359851837158,-3.2119091142815535,2.2666308599069254,5.1842266396863526,1.6376491279492593,0.11777160142863154
1786995331.723481,14.454723358154297,-3.2130949479207276,2.2674791281112916,5.1850792933053285,1.6377075059008277,0.14863520048565018
1786995331.7397244,14.470966815948486,-3.2141746538869036,2.268284086390581,5.185840743493569,1.6377425424089351,0.09524471358359128
1786995331.7573328,14.488575220108032,-3.215151925238706,2.269060583173968,5.186516031727368,1.6377371662405842,0.08059571868113251
1786995331.7694464,14.500688791275024,-3.2160315550325227,2.2698211572032236,5.187108296748274,1.6376753078014665,0.10772959755372165
1786995331.7774796,14.508722066879272,-3.2168189895989143,2.270549948196304,5.187619860865202,1.637586507372129,0.1479657166891628
1786995331.790386,14.521628379821777,-3.2175131596755553,2.2712385458168463,5.188050279553175,1.6374834983741866,0.08277468407023371
1786995331.799715,14.530957460403442,-3.218110754263682,2.2718656916783035,5.18840175475409,1.637388076392058,0.10020939366551503
1786995331.8173606,14.548603057861328,-3.218616262580401,2.272394981721511,5.188676144157842,1.6373412805152445,0.04429714763544891
1786995331.8316886,14.562931060791016,-3.219034768602921,2.2728487093435064,5.188875971783198,1.637320763442774,0.04528226193670077
1786995331.8408897,14.572132110595703,-3.219373212905492,2.273250077347794,5.189005242921403,1.6372954367321584,0.05876456696348335
1786995331.8563452,14.587587594985962,-3.2196312079859175,2.2735896308131793,5.189062919231231,1.6372767813583549,0.027843240756615616
1786995331.8702595,14.601501941680908,-3.219807144285979,2.273872039328808,5.189048872510452,1.6372636454267013,0.02393390963418194
1786995331.8761039,14.607346296310425,-3.21990369180908,2.274110861387767,5.188964574500773,1.6372467583910673,0.04637665361752347
1786995331.8931506,14.624392986297607,-3.219917727239215,2.2742939183069564,5.188809846392985,1.6372403968913771,0.014084797712390462
1786995331.905494,14.636736392974854,-3.2198535265132935,2.2744431370760263,5.188585912380472,1.637219337821717,0.022412657218107156
1786995331.920007,14.651249408721924,-3.219715381252448,2.274542062114171,5.188294355283982,1.637204450431121,0.023251880699176355
1786995331.9294536,14.660696029663086,-3.2195120832664905,2.27458899126642,5.18793600775364,1.637201469349201,0.04389537389207613
1786995331.9412527,14.672495126724243,-3.2192423132547883,2.274592549727366,5.187510969762774,1.6371976479891963,0.042667165158003874
1786995331.9606645,14.691906929016113,-3.2188998239265563,2.2745763343050687,5.187021835890074,1.6371753346781408,0.03077194711017618
1786995331.9753006,14.70654296875,-3.2184885956741867,2.2745323579275194,5.186469934546564,1.6371400939776584,0.047121005691645644
1786995331.9845808,14.71582317352295,-3.2180119861679333,2.274476950878561,5.185858734596611,1.6370845011374415,0.0837309650760905
1786995331.9969168,14.728159189224243,-3.217468567155767,2.274405423443204,5.185189470633638,1.637017549517359,0.07012502249568961
1786995332.0065062,14.737748622894287,-3.216857884020446,2.2743176851718423,5.184464367500702,1.636936727639566,0.09928154661755804
1786995332.0196352,14.750877618789673,-3.2161817478077035,2.27419274635648,5.183683329485001,1.6368557831049861,0.07925755290406909
1786995332.0299764,14.761218786239624,-3.2154437820204467,2.2740059573137446,5.182847995672365,1.636791714705607,0.10928766425261584
1786995332.045288,14.776530504226685,-3.2146474702114944,2.273766400960904,5.1819609695524695,1.6367478244173683,0.0794071450563778
1786995332.0609627,14.792205095291138,-3.21378655870709,2.2734763157672804,5.181021730101469,1.6367157707546671,0.08336479960370553
1786995332.0773723,14.808614730834961,-3.212863084468644,2.2731496038047356,5.180030939732521,1.636689135888799,0.08490581372078083
1786995332.0862422,14.817484617233276,-3.2118847314748655,2.2727826657856776,5.178987695063086,1.63666649522869,0.16646689235122297
1786995332.0991423,14.830384731292725,-3.2108546726556293,2.2723876268258163,5.1778936505989535,1.6366412654620077,0.12044145788664744
1786995332.109285,14.840527534484863,-3.2097740853714805,2.271976478559977,5.176749510868954,1.6366079475824271,0.16036804681272387
1786995332.1254106,14.856652975082397,-3.2086433263991188,2.271560643375748,5.175556132296502,1.6365573396132957,0.10516209520922518
1786995332.1352983,14.866540670394897,-3.2074602425457623,2.271143290652377,5.174313499914412,1.6364925928095275,0.1785843484499886
1786995332.145503,14.876745462417603,-3.2062261115995696,2.2707138994694507,5.173023611305763,1.6364217163493413,0.17992541783595756
1786995332.1575453,14.888787746429443,-3.204943231558454,2.27026877685875,5.1716901100856685,1.6363463665850748,0.15804246726962173
1786995332.1792076,14.910449981689453,-3.2036143686509546,2.2698088714007385,5.170315942136422,1.6362660393651904,0.09076372974224338
1786995332.1872673,14.918509721755981,-3.2022402481366754,2.26934290671742,5.168902225372485,1.636177757987988,0.2513498851944363
1786995332.196205,14.927447319030762,-3.2008259063333275,2.26885824252567,5.167449899257152,1.6360919642475158,0.2332114031646858
1786995332.2149816,14.946223974227905,-3.199367441498541,2.2683341628618767,5.1659578188489945,1.6360203964252178,0.11457301547588278
1786995332.2307463,14.961988687515259,-3.197866536826273,2.2677698603871987,5.164432836439507,1.6359583448082582,0.14036754774715882
1786995332.2394383,14.970680713653564,-3.196326091719561,2.2671814779136956,5.162874888780043,1.6359006767971225,0.26099327062034744
1786995332.249365,14.980607509613037,-3.1947523289933466,2.2665973948251446,5.161286583579489,1.635829737807405,0.2328014874542341
1786995332.262332,14.993574380874634,-3.193145876693914,2.2659961668447393,5.159666852639194,1.6357589509386872,0.18193841247126896
1786995332.2758646,15.007107019424438,-3.1915054338347932,2.2653462816948986,5.158019973062966,1.6356959607709436,0.1783562934245712
1786995332.2903636,15.021605968475342,-3.1898352137894523,2.264632222431874,5.156345823404372,1.6356491548277798,0.170376618361054
1786995332.2983098,15.029552221298218,-3.1881403674858295,2.263867027108152,5.154642201200643,1.6356125450273444,0.31737911899202836
1786995332.3106625,15.041904926300049,-3.1864216278852604,2.263089294786519,5.152912762696843,1.635572725666944,0.2071834037029281
1786995332.3385673,15.069809675216675,-3.1846777479870867,2.2623130561557394,5.151159333582438,1.63552814568406,0.09288543241769459
1786995332.3459384,15.077180862426758,-3.182911492694739,2.261564191832483,5.149382278666849,1.635473633067446,0.3547636907987122
1786995332.3583038,15.089546203613281,-3.1811259970979835,2.2608411428092,5.147581758377172,1.6354095660593047,0.21324047114757805
1786995332.3698556,15.10109806060791,-3.1793224544190273,2.2601379474514447,5.145755269830503,1.635336234820642,0.23039143527732003
1786995332.3865485,15.117790937423706,-3.1775056935551524,2.2594497580541426,5.1439052850111535,1.6352589822505192,0.16070691380389607
1786995332.4014661,15.132708549499512,-3.1756746236256093,2.2587414564394197,5.142033624646633,1.6351804004731785,0.18183161277911894
1786995332.406397,15.13763952255249,-3.1738260189628473,2.257993358499546,5.140143600505871,1.6351046493664971,0.5572079310115129
1786995332.4171536,15.148396015167236,-3.1719620293855173,2.257194583712237,5.138234348499105,1.6350375984981886,0.2589387037259804
1786995332.4411201,15.172362565994263,-3.170081634011834,2.2563563018384034,5.136305720380822,1.6349758955447935,0.11770696239944464
1786995332.45555,15.186792373657227,-3.168180729472598,2.2554860330608286,5.134358696716148,1.634916891786869,0.19798393719877597
1786995332.4696681,15.200910568237305,-3.1662582735837326,2.2545943184182775,5.1323948284628065,1.6348579614504086,0.20464732796207497
1786995332.4786947,15.20993709564209,-3.1643196017963464,2.2536837086225825,5.130414879615998,1.6348015598086199,0.3231389865933852
1786995332.4886382,15.2198805809021,-3.1623679735693333,2.252760313217794,5.128419417965599,1.6347461810048527,0.2956671970899638
1786995332.5055175,15.236759901046753,-3.160403790947771,2.251823981156422,5.1264093659835,1.634692632860325,0.17549696236944798
1786995332.526802,15.258044481277466,-3.160403790947771,2.251823981156422,5.1264093659835,1.634692632860325,0.0
1786995332.5275252,15.25876760482788,-3.158425427519189,2.2508745608162686,5.124384911809491,1.634640094364332,4.128738402468458
1786995332.5363426,15.267585039138794,-3.1564317168663725,2.249894886944099,5.122346581302111,1.6345908330186345,0.3419213306852928
1786995332.5509605,15.282202959060669,-3.1544264261830883,2.2488863015789966,5.1202943105709195,1.634544199699188,0.20806123121695647
1786995332.5681512,15.299393653869629,-3.1524136278077997,2.247880787636572,5.118229983068984,1.634498432954035,0.17762517796947838
1786995332.582346,15.313588380813599,-3.1503951715516476,2.246884370333383,5.116153478893203,1.6344503625044713,0.21574885983386297
1786995332.5989006,15.330142974853516,-3.148363484931234,2.2458967910619867,5.114065932459343,1.6343980212816922,0.1858009796956256
1786995332.605744,15.336986303329468,-3.1463243582543767,2.2448953914829963,5.111968398098174,1.6343460675857093,0.45182750945407474
1786995332.6260765,15.357318878173828,-3.1442825495144358,2.2438812801693393,5.1098600663326215,1.6342946350992122,0.1527220386516179
1786995332.6354108,15.366653203964233,-3.142240813070844,2.2428333204561866,5.10774273283652,1.6342447924289705,0.33451803743081265
1786995332.6613321,15.392574548721313,-3.1402005754908733,2.241741057279923,5.105616626893604,1.63419416411643,0.12123599378844371
1786995332.672599,15.403841495513916,-3.138158303599242,2.240617287478326,5.103482296479495,1.6341380616721461,0.280515538623002
1786995332.6857104,15.416952848434448,-3.1361128510507994,2.2394974008317345,5.1013425623804185,1.634082222862314,0.24138492754617094
1786995332.6982367,15.429479122161865,-3.134071061330856,2.238415312439334,5.099199782561799,1.6340266674959603,0.25158324764239315
1786995332.7107198,15.441962242126465,-3.1320334799875136,2.237366668696178,5.09705298235387,1.6339724526362236,0.2515466007847192
1786995332.72526,15.456502437591553,-3.129998376588463,2.2363403897394276,5.09490231774705,1.6339182272583934,0.21552173994386342
1786995332.7496517,15.480894088745117,-3.1279650476936576,2.2352967150971392,5.092751429021261,1.633865108793252,0.1286699213614033
1786995332.7640288,15.4952712059021,-3.125933771019752,2.2342256519186385,5.090603807137007,1.6338109938155068,0.21868974059538082
1786995332.7790642,15.510306596755981,-3.1239082316400673,2.2331307150469626,5.088459295374254,1.6337546794355888,0.20927465386493824
1786995332.7893476,15.52059006690979,-3.121891867542486,2.2320195362717525,5.086314689119391,1.6336973874661584,0.3059659130554646
1786995332.8234918,15.554734230041504,-3.1198891344300055,2.230923454110803,5.084170343779255,1.6336382932658726,0.0917339872352089
1786995332.8334196,15.564661979675293,-3.1179060055855157,2.229869359117315,5.082024610516792,1.6335834580393744,0.31287423488784616
1786995332.8439074,15.575149774551392,-3.1159436546747035,2.228860874269481,5.079876779663036,1.6335365101327315,0.2935917235070906
1786995332.8547306,15.585973024368286,-3.1139962946324027,2.227885989489303,5.077726793784958,1.6334939399288206,0.2827465957464496
1786995332.87326,15.604502439498901,-3.1120661631159914,2.226905253663096,5.075577381766839,1.6334504350394594,0.16464492015703633
1786995332.9102702,15.641512632369995,-3.110152513841346,2.2258999127547296,5.07342719586874,1.6334036715208424,0.08238121397546076
1786995332.9211736,15.652415990829468,-3.1082559606991507,2.224880219199747,5.071280730265625,1.6333501442728158,0.27884942734493506
1786995332.9362066,15.667448997497559,-3.106376403538848,2.2238676885198996,5.069136231166983,1.63329658206605,0.20129209632514253
1786995332.9492185,15.680460929870605,-3.1045187764390403,2.222865116693196,5.066993236854455,1.6332470987727299,0.23117612413896044
1786995332.9853928,15.71663522720337,-3.102686311295091,2.2218653845025473,5.064851096697903,1.6331992787800835,0.08268336894833479
1786995332.9859834,15.717225790023804,-3.100879234264107,2.2208586974493607,5.062709162299405,1.6331453309353128,5.042176791782885
1786995333.0046551,15.735897541046143,-3.0990953829017567,2.219835535285165,5.060572774894596,1.6330877798059302,0.15881330654384604
1786995333.0164108,15.747653245925903,-3.0973323277406863,2.2188026657213675,5.0584444702200075,1.633027106089434,0.2509760708714296
1786995333.0523298,15.78357219696045,-3.095594440981988,2.2178021211200916,5.056326641530728,1.6329738593010485,0.08119939327802188
1786995333.0639834,15.795225858688354,-3.0938845530934906,2.2168512171018913,5.0542192193664945,1.6329328008350117,0.24675637101448641
1786995333.0850377,15.816280126571655,-3.092205104057317,2.215952508323501,5.05212465202689,1.632906389487553,0.13446941294764722
1786995333.096181,15.827423334121704,-3.090551251206574,2.2150721565168996,5.050043627596467,1.632887507215182,0.2512887517608966
1786995333.1103656,15.841608047485352,-3.0889159286759136,2.2141744002612738,5.047974351438605,1.6328708241395233,0.19641309910797386
1786995333.1259418,15.857184171676636,-3.0872928149137557,2.2132297936145466,5.045915135576992,1.6328471068966393,0.17892517226740762
1786995333.1351676,15.86641001701355,-3.0856837326904825,2.2122459311933436,5.0438639255889175,1.6328176677954078,0.30203215829848684
1786995333.1476169,15.878859281539917,-3.0840897222220436,2.211224917528441,5.041819255147837,1.6327787353112866,0.22382031442736483
1786995333.172317,15.903559446334839,-3.0825093860493062,2.2102030364607628,5.039783368934212,1.6327372281491737,0.11224460662913642
1786995333.1871834,15.918425798416138,-3.080948470523199,2.2092428734789964,5.037762082068485,1.6327089668552224,0.18352613437886306
1786995333.1943963,15.925638675689697,-3.0794036262035034,2.2083244694056208,5.0357548382540696,1.6326883289014518,0.3735347276437251
1786995333.2119248,15.943167209625244,-3.0778778533982343,2.207430432862893,5.0337586090672914,1.6326674613028367,0.15214470531042057
1786995333.2394028,15.970645189285278,-3.076375656141,2.2065476683138194,5.0317731635859175,1.6326457550565021,0.09613387324553312
1786995333.2601287,15.991371154785156,-3.074900173761915,2.2056474766930907,5.029798333088645,1.6326164497265463,0.1266226110570885
1786995333.2732215,16.00446391105652,-3.073452841505613,2.2047308220852173,5.027831652221367,1.6325822204925442,0.19921162690555957
1786995333.274081,16.00532341003418,-3.072030941508633,2.2037938857253208,5.025874470473705,1.6325410229186779,3.018345390997786
1786995333.2952056,16.026448011398315,-3.0706292785680884,2.20285596380953,5.023928732679712,1.63249449680598,0.12189236347386694
1786995333.361157,16.09239935874939,-3.0706292785680884,2.20285596380953,5.023928732679712,1.63249449680598,0.0
1786995333.3615587,16.092801094055176,-3.0692429901747964,2.20194282214881,5.021994033169479,1.6324523017671524,6.345600927145548
1786995333.3617857,16.09302806854248,-3.067872609509854,2.2010639971594452,5.020067393290344,1.632415853026226,11.112895252133622
1786995333.3620245,16.09326696395874,-3.066518204495893,2.20021564220246,5.018147226284885,1.6323818631205538,10.457427330799788
1786995333.3622298,16.093472242355347,-3.0651824694381142,2.199373184878483,5.016234356129012,1.6323509301153827,12.083702498573428
1786995333.38894,16.120182514190674,-3.0638667517405933,2.198509352736013,5.014330973691064,1.6323141295445869,0.0924683589167948
1786995333.4003356,16.131577968597412,-3.06257446948419,2.197616020397143,5.012441628534111,1.632270054062632,0.21562679237438884
1786995333.4153435,16.146585941314697,-3.0613081294150093,2.196699626534023,5.010565939774518,1.6322216066759498,0.16268949154251686
1786995333.4255874,16.156829833984375,-3.060066561323687,2.1957782646992388,5.008702595978018,1.6321719720876193,0.23636029400981132
1786995333.4547327,16.185975074768066,-3.058848518182033,2.1948748357774384,5.00685094695547,1.6321273387152817,0.08212013703285086
1786995333.470668,16.201910495758057,-3.057659203529257,2.1939912399497388,5.0050089466319525,1.6320879911508785,0.14834451781339578
1786995333.4810915,16.212333917617798,-3.05649538406709,2.193123346484255,5.003176413378707,1.6320502221440867,0.22429533713559263
1786995333.492467,16.22370934486389,-3.0553520869500996,2.1922724103288096,5.001352369102421,1.6320152275624036,0.20349238054400057
1786995333.526561,16.257803440093994,-3.054232674319869,2.191438061599623,4.9995368185977815,1.6319819693006412,0.0671756756763552
1786995333.5433102,16.274552583694458,-3.053139445318483,2.190616105857436,4.997730545851105,1.6319502551268423,0.1352723986597166
1786995333.5589046,16.290147066116333,-3.052064481970354,2.189785568595705,4.9959347975081485,1.6319189064490367,0.14438935468588965
1786995333.5673306,16.29857301712036,-3.051008740471693,2.1889499319775836,4.994149721814501,1.6318851514477442,0.2653620905447768
1786995333.5895536,16.320796012878418,-3.0499689069145077,2.1881412093263757,4.992380014299731,1.6318522335326098,0.09927383508810804
1786995333.609265,16.34050750732422,-3.0489410970447017,2.1873757333058057,4.990626087246221,1.631825063545104,0.11020145828044907
1786995333.6095915,16.34083390235901,-3.047920533954308,2.1866432103774978,4.988887339955768,1.631802902492177,6.5720453864462005
1786995333.6260548,16.35729718208313,-3.046907135232019,2.1859234880384815,4.987163186290997,1.6317808291722666,0.129104542562523
1786995333.6554217,16.386664152145386,-3.0459030391954576,2.1852114818655473,4.985452641082931,1.6317615992907433,0.071760826792114
1786995333.6744936,16.405735969543457,-3.0449164153875032,2.184504862114297,4.98375633108726,1.631743571944218,0.10936108548103139
1786995333.6897569,16.42099928855896,-3.0439563053806786,2.1838245955054743,4.982077487579211,1.631728547928788,0.13431834525125458
1786995333.6992438,16.43048620223999,-3.0430229768051977,2.183146055006714,4.980418604581687,1.6317109361641737,0.21300346285299554
1786995333.712314,16.443556308746338,-3.0421086887409667,2.1824572635649346,4.978779649065698,1.6316894467703063,0.15295458269482406
1786995333.735738,16.466980457305908,-3.0412081923134693,2.1817555380681886,4.977157065300941,1.6316617804724103,0.08469713644303696
1786995333.7475705,16.47881293296814,-3.0403187931958735,2.181046853358148,4.975551170384359,1.6316343211613509,0.16630343202380177
1786995333.7593956,16.49063801765442,-3.0394445829275956,2.1803691722902894,4.973963845860489,1.6316085260615552,0.16361048364842912
1786995333.7793827,16.51062512397766,-3.0385878705808076,2.1797409849730034,4.972394884823289,1.6315926937882084,0.09480041763222463
1786995333.809526,16.54076838493347,-3.0377439609853347,2.1791444712886148,4.9708434093741305,1.6315822247920375,0.06184330247988903
1786995333.8353884,16.566630840301514,-3.0369076837243427,2.178584785104258,4.969307127143765,1.6315754204764636,0.07101068423296752
1786995333.859377,16.590619325637817,-3.0360786877685917,2.178052375490371,4.96778299536342,1.6315686294692084,0.07565494943958326
1786995333.8621466,16.59338903427124,-3.0352638263997296,2.177517602096766,4.966271914774772,1.6315558932532748,0.6492201903857278
1786995333.8816414,16.612883806228638,-3.034463836784206,2.176965759584037,4.964776032185569,1.631539899221656,0.09150484572937387
1786995333.8911393,16.622381687164307,-3.033679488524005,2.1764036985448927,4.963293417589803,1.631523765045867,0.18624909106265541
1786995333.8930612,16.624303579330444,-3.032912236558028,2.175846673937866,4.961826305583421,1.6315092236615374,0.9089047922416323
1786995333.9115038,16.642746210098267,-3.032160706766174,2.1752991044880075,4.960375075736668,1.631494016019837,0.09345581656058564
1786995333.9411335,16.672375917434692,-3.031424570337557,2.1747529352363575,4.958939651190963,1.6314762896009354,0.05748038293809903
1786995333.9620326,16.693274974822998,-3.0307049173730403,2.1742299595363948,4.957518689238507,1.631460851553354,0.08021728201884294
1786995333.9801645,16.71140694618225,-3.03000436803564,2.173738263753688,4.956111357269675,1.631448816427259,0.0908425398166936
1786995333.985952,16.717194318771362,-3.0293202198010976,2.1732697651396693,4.954718584841446,1.6314374744521225,0.28007783790246293
1786995334.0160067,16.747249126434326,-3.0286482857125923,2.1727987415684273,4.953343908616725,1.6314218730912293,0.05326822906271767
1786995334.0239546,16.755197048187256,-3.0279846593585398,2.1723101485517518,4.951987619785637,1.63140477699568,0.19967775170556104
1786995334.044181,16.775423526763916,-3.0273282528927803,2.171772235272232,4.950649648763922,1.6313831774329715,0.07833394976789158
1786995334.058348,16.78959035873413,-3.0266807962394604,2.171179450768231,4.949327892994327,1.6313561436417527,0.11200137994516214
1786995334.0790443,16.8102867603302,-3.0260500300696336,2.170557081492643,4.948022465996173,1.631324315909611,0.0762338865988906
1786995334.1043823,16.83562469482422,-3.0254402287555107,2.169928108789232,4.946733749327354,1.6312905917972294,0.061500115717787684
1786995334.1104035,16.84164595603943,-3.0248521364699767,2.169317481756202,4.945461865799094,1.631259883274812,0.25385554418372397
1786995334.1221478,16.853390216827393,-3.0242782294200836,2.1687454431406765,4.944207349210096,1.6312352189909871,0.12716470913304453
1786995334.1331675,16.864409923553467,-3.0237159802972515,2.168220650191739,4.9429703093938935,1.6312171524728807,0.1321849790095259
1786995334.1624835,16.893725872039795,-3.023168166233858,2.1677574699286204,4.9417536969463125,1.6312117032889302,0.04817744631079117
1786995334.177702,16.908944368362427,-3.0226309265386253,2.167325664336852,4.940559158020055,1.6312104628989794,0.09062211115973456
1786995334.1868958,16.91813826560974,-3.0220999779477005,2.1668900564318796,4.939385053044136,1.6312063337144775,0.14794752856151394
1786995334.1993623,16.930604696273804,-3.02157444068711,2.1664432889876406,4.938229073894402,1.6312000946096343,0.10798075522530283
1786995334.2352703,16.96651268005371,-3.0210553124268706,2.1659975177858053,4.937093476118357,1.6311874458910252,0.03692260036551075
1786995334.243117,16.9743595123291,-3.020550613383735,2.1655428107695487,4.9359766596203265,1.6311709435269035,0.16658887591636823
1786995334.2591467,16.990389108657837,-3.0200606182965877,2.1650765200411763,4.934877946927661,1.631149305616496,0.08049044634688295
1786995334.2701776,17.00142002105713,-3.0195852274648294,2.164618290582784,4.9338017191394865,1.6311263411985488,0.11446296647758002
1786995334.2976882,17.0289306640625,-3.019125589382174,2.1641853879772777,4.9327448823997315,1.6311030267483186,0.04474948889104762
1786995334.3067443,17.037986755371094,-3.0186817186664836,2.1637710185901358,4.931704823670783,1.6310821198797945,0.13298721586332723
1786995334.3277664,17.059008836746216,-3.0182552955552255,2.1633905433044367,4.930682718217662,1.6310661593296174,0.055704484069961424
1786995334.3362412,17.06748366355896,-3.017846800779834,2.1630300095730663,4.9296800649013415,1.6310515512657495,0.13464876719290494
1786995334.3753436,17.10658597946167,-3.017455090824213,2.162695034520374,4.928696446610027,1.6310374428510677,0.028399157692115585
1786995334.3902874,17.121529817581177,-3.017080390527077,2.1623635427819434,4.927730846683752,1.631022327368799,0.0727729016071615
1786995334.3984962,17.129738569259644,-3.016724979574779,2.162035237896197,4.926781200495229,1.6310062895002182,0.12983699677757463
1786995334.4076269,17.138869285583496,-3.016388765034343,2.161714530785276,4.925843624656555,1.6309920137913314,0.1146015923368158
1786995334.4456208,17.176863193511963,-3.016071929524605,2.1614160213011386,4.924918350243173,1.6309789787502853,0.026913742608767218
1786995334.457536,17.188778400421143,-3.015775839165565,2.1611312880532525,4.924009808630768,1.6309629450076348,0.08368221959263884
1786995334.4704058,17.201648235321045,-3.0155067629298458,2.160851996664859,4.923116498355112,1.6309437767661863,0.07567019375260546
1786995334.4824204,17.21366286277771,-3.015266219997947,2.1605968674971305,4.92224083340692,1.6309268957901673,0.07850936549325856
1786995334.516141,17.24738335609436,-3.015046732366399,2.1603737977903217,4.921383161263127,1.6309193308768561,0.027074994110484196
1786995334.5337052,17.264947652816772,-3.0148458971172287,2.16017417539411,4.920540858281846,1.6309149914778809,0.05059281128330986
1786995334.548133,17.279375314712524,-3.0146643531058555,2.160002427672712,4.919714256825122,1.63091251929413,0.05985404884716576
1786995334.5484602,17.27970266342163,-3.014498032043121,2.1598376951874925,4.918905977940562,1.6309059772717085,2.57063864586967
1786995334.56442,17.29566240310669,-3.014345668180527,2.1596606174014403,4.918114814665843,1.6308956898492872,0.051688228620989166
1786995334.5832908,17.314533233642578,-3.0142043527523987,2.1594697208294313,4.917338795686452,1.6308831551293204,0.043005644065404254
1786995334.5985367,17.329779148101807,-3.0140699590273448,2.15926429391187,4.916575213499423,1.630868099113515,0.05260898575432485
1786995334.6131065,17.344348907470703,-3.013941382890424,2.1590551304424097,4.915824411956445,1.6308555848471176,0.0542168642259646
1786995334.6211336,17.352375984191895,-3.0138238550454535,2.1588430755207026,4.915084281038336,1.6308372733049892,0.09702517427319088
1786995334.6583698,17.389612197875977,-3.0137197304723613,2.1586107334849842,4.914354178762379,1.6308145294489576,0.020765354492914657
1786995334.6737607,17.4050030708313,-3.013625804673556,2.158358288869183,4.913634535495367,1.6307868258214662,0.049925617503096514
1786995334.6862218,17.41746425628662,-3.0135444517439076,2.1581170549867705,4.912928187625317,1.6307612735851253,0.060253160813338126
1786995334.6947427,17.425985097885132,-3.013476747408525,2.1579310967570597,4.912237312962913,1.6307450750476482,0.08434142949101588
1786995334.7223344,17.453576803207397,-3.0134170230922304,2.1578028756994194,4.911560733476961,1.6307344461604643,0.02505126890953018
1786995334.7402756,17.47151803970337,-3.0133617706941433,2.1577147864723174,4.9108988384551076,1.6307259644152339,0.03734486773177551
1786995334.7481792,17.479421615600586,-3.0133111309450746,2.157645210719652,4.910251703439332,1.63071867742912,0.08259950375451174
1786995334.7652128,17.496455192565918,-3.013264662900388,2.157552522377869,4.909621162010614,1.6307107471087223,0.03751468723234111
1786995334.8036807,17.53492307662964,-3.01322680770037,2.1574447131106993,4.909005253613038,1.630701040833938,0.01628417092194735
1786995334.816582,17.547824382781982,-3.013197189270512,2.157336181969802,4.908401490628136,1.6306930742899859,0.0476040718596352
1786995334.8351283,17.566370725631714,-3.0131797620658043,2.157236461536297,4.907811277616144,1.6306881622685878,0.03228839204242251
1786995334.8358872,17.567129611968994,-3.0131768218961144,2.157149119973102,4.907234543227676,1.6306832111212994,0.7686498629164125
1786995334.8684576,17.59969997406006,-3.013186492311086,2.1570796454519665,4.906668748486513,1.63067888630675,0.017504448546843954
1786995334.8757272,17.606969594955444,-3.0132050511654005,2.157017134923331,4.906115034483302,1.63067615236105,0.0766945506014652
1786995334.8971994,17.62844181060791,-3.0132329893552723,2.156958863510124,4.905571666593205,1.6306707397659208,0.025483964869431528
1786995334.9084854,17.63972783088684,-3.0132685570114384,2.156888092825112,4.905039138798069,1.6306624368412552,0.047703788255572234
1786995334.9330368,17.664279222488403,-3.0133120213897966,2.15681057810593,4.904516790980887,1.6306556896632687,0.021581411439615783
1786995334.951403,17.682645320892334,-3.0133617459284108,2.156737300727533,4.904004517709053,1.6306503459945099,0.028306019877710628
1786995334.9592874,17.690529823303223,-3.013416287786994,2.156672710232351,4.903501532180166,1.6306452450707205,0.06468897501397589
1786995334.970149,17.701391458511353,-3.0134765485235335,2.156606926303437,4.9030089287418495,1.630639063416397,0.04609035741528437
1786995334.98851,17.719752311706543,-3.013550673422947,2.1565567902588483,4.902527491373161,1.6306362416765765,0.026669982657337155
1786995335.0086164,17.739858865737915,-3.013638622671303,2.1565369027164496,4.902056511604753,1.6306338224035402,0.023849619128077742
1786995335.0254068,17.756649255752563,-3.0137358606202476,2.156531389062502,4.901596285874969,1.6306347830983248,0.028017113469750103
1786995335.0350966,17.76633906364441,-3.0138431802434256,2.156540564360476,4.9011479077696265,1.6306308732987373,0.04758959683360691
1786995335.04608,17.77732253074646,-3.0139576802801913,2.1565753509278096,4.900710482549942,1.6306292464190815,0.04128922345195523
1786995335.1116424,17.84288477897644,-3.0139576802801913,2.1565753509278096,4.900710482549942,1.6306292464190815,0.0
1786995335.1131952,17.84443759918213,-3.0140805550871113,2.1566266265182525,4.900283674553142,1.630631074490264,0.287923454398821
1786995335.1228716,17.854114055633545,-3.0142102605428356,2.156683463844797,4.899868543441115,1.630634944430824,0.045328614877527526
1786995335.1235664,17.854808807373047,-3.014343720687098,2.156751485499254,4.899465862719823,1.6306413948212823,0.618407598492113
1786995335.1304662,17.861708641052246,-3.0144762583062517,2.1568173516619713,4.899075219728356,1.630644388629089,0.0605434555790209
1786995335.1522276,17.883470058441162,-3.0146076217246454,2.156860871507271,4.898695545616426,1.630646828003988,0.018569900557184552
1786995335.1594696,17.890712022781372,-3.0147406245699284,2.1568754987014818,4.898324184658748,1.630643616866753,0.05450608716537222
1786995335.1815107,17.912753105163574,-3.0148734425401145,2.1568752622830414,4.8979596235456455,1.6306374385437439,0.017603577406900064
1786995335.1818523,17.913094758987427,-3.015006729644915,2.156841180419128,4.897605599428726,1.630629541541815,1.1116980153476397
1786995335.2150369,17.946279287338257,-3.0151398482640444,2.156758443469026,4.897264536607628,1.630619670014758,0.011311082083171088
1786995335.2261758,17.957418203353882,-3.0152749494975613,2.1566722638076703,4.896940657470717,1.6306092631395632,0.03244071131673464
1786995335.2453816,17.976624011993408,-3.015412836756016,2.1565930433894436,4.896631846895911,1.6305994769319805,0.01808572822721793
1786995335.252956,17.984198331832886,-3.0155516776037237,2.1565275551260314,4.8963343769660055,1.6305872269973665,0.0441946559030633
1786995335.2936993,18.02494168281555,-3.015695081489382,2.1564675647347893,4.896045080440626,1.6305776869861273,0.008060563652591408
1786995335.3047106,18.035953044891357,-3.0158453453965715,2.1564058907731978,4.895762557872487,1.6305727757083077,0.029595463269827954
1786995335.344013,18.075255393981934,-3.016002777064278,2.1563390887855585,4.895488395789308,1.630571218777502,0.008221610004489
1786995335.353765,18.085007429122925,-3.0161643086801533,2.1562675403061053,4.895219896330586,1.6305700084219792,0.03295812417677945
1786995335.3713953,18.102637767791748,-3.0163250441297835,2.156198175337141,4.894954577295239,1.630567021943015,0.018029737218521906
1786995335.4234295,18.154671907424927,-3.0163250441297835,2.156198175337141,4.894954577295239,1.630567021943015,0.0
1786995335.423939,18.155181407928467,-3.016481776524299,2.1561404541827494,4.894691187759068,1.6305615153550421,0.6121342468225804
1786995335.4241765,18.155418872833252,-3.016634773267584,2.1560797620156227,4.8944315544424555,1.6305555585717266,1.294549830511551
1786995335.424388,18.155630350112915,-3.0167829951952085,2.1560053278249462,4.894179244240791,1.6305522838622455,1.4277880875776408
1786995335.424669,18.155911445617676,-3.016924266993273,2.1559279070974875,4.893933857268765,1.6305465573170992,1.0442758028661978
1786995335.4455476,18.17678999900818,-3.01705784834245,2.155845655286308,4.893694548416084,1.6305426708051385,0.013705136925440713
1786995335.4585402,18.18978261947632,-3.0171885649988575,2.155761147229315,4.893461637289146,1.6305409684687318,0.02156114461860653
1786995335.469127,18.200369358062744,-3.0173163285326496,2.1556954518295397,4.893238311888421,1.630536456661424,0.025082705548383516
1786995335.4863591,18.217601537704468,-3.0174412175456222,2.1556556066958934,4.893021718249177,1.630529745550021,0.014692003594127215
1786995335.5162733,18.24751567840576,-3.0175639924353894,2.1556401504312834,4.892809207376701,1.63052120984499,0.008220643353327325
1786995335.5285888,18.259831190109253,-3.0176872367319296,2.155643562316649,4.892599493577506,1.6305128094733325,0.019753201615592613
1786995335.5383322,18.269574642181396,-3.0178142058085022,2.155672011279117,4.892393786575379,1.6305082708085206,0.024981364315966287
1786995335.552594,18.283836364746094,-3.017942011468746,2.155706408425333,4.892194667873346,1.6305038936758047,0.01676470089171853
1786995335.5808053,18.312047719955444,-3.0180650088069894,2.1557500666820317,4.892001383230492,1.630501602760276,0.008267018728218303
1786995335.5982416,18.32948398590088,-3.0181737497755385,2.1558024156498443,4.891813394016817,1.6304989929318767,0.012812042156365217
1786995335.6062183,18.33746075630188,-3.018271477754008,2.155863336111176,4.8916307572664035,1.6304990349146906,0.027067669114370373
1786995335.6164584,18.347700834274292,-3.0183616211522577,2.1559157388428836,4.891455537070101,1.6304966544683657,0.019911666973424978
1786995335.649358,18.380600452423096,-3.0184447017649747,2.1559522486444176,4.89128507271764,1.6304949841996577,0.005869828590788587
1786995335.6583083,18.38955068588257,-3.0185222684426005,2.1559757293644464,4.89111883633327,1.6304913509808296,0.020663047137535983
1786995335.672024,18.403266429901123,-3.018593934995878,2.1559720836374168,4.890958078526867,1.63048968607001,0.012835377407548176
1786995335.685334,18.416576385498047,-3.018664095006485,2.1559777900494335,4.8908073584871525,1.6304864240793084,0.012497982317506918
1786995335.7189367,18.45017910003662,-3.018733146212484,2.1560140180354836,4.890665502758163,1.6304805288346187,0.004817325416076819
1786995335.7334762,18.46471858024597,-3.018799127717183,2.1560665992267616,4.89053281710838,1.630475148352682,0.010814561782711993
1786995335.7512755,18.482517957687378,-3.018862696849112,2.1561088874096557,4.890408886169853,1.6304690916246996,0.008177908454723827
1786995335.7591584,18.490400791168213,-3.0189248747061916,2.1561303016156796,4.8902911412242585,1.6304605337095208,0.01710867609426663
1786995335.7993355,18.530577898025513,-3.0189840626819304,2.156121281080125,4.8901787805163925,1.6304522421356324,0.0031688840821095126
1786995335.8211129,18.55235528945923,-3.0189840626819304,2.156121281080125,4.8901787805163925,1.6304522421356324,0.0
1786995335.8223636,18.553606033325195,-3.0190432438075385,2.1560983495135715,4.890072351959777,1.6304468790357431,0.0990742450669578
1786995335.8326266,18.5638689994812,-3.0191103664825873,2.156084781834134,4.889974637648302,1.630443478773638,0.011626415352047394
1786995335.8330164,18.564258813858032,-3.0191855454542007,2.156074607075009,4.889884169328057,1.6304381924568383,0.30288118483768905
1786995335.8494515,18.58069396018982,-3.019273935357959,2.1560630723089655,4.889799157188903,1.6304304340076057,0.007494809099429889
1786995335.8946962,18.625938653945923,-3.0193776355070443,2.156054057066927,4.889720374194724,1.6304213628764639,0.0028852902912761026
1786995335.903658,18.634900331497192,-3.0194961896689025,2.156035306557684,4.889651422630204,1.630413672501617,0.015446128687727318
1786995336.04051,18.77175235748291,-3.0194961896689025,2.156035306557684,4.889651422630204,1.630413672501617,0.0
1786995336.0666285,18.797870874404907,-3.0196239733550043,2.1560002429845335,4.889595729324588,1.6304081454596826,0.005503199634444585
1786995336.0866346,18.817877054214478,-3.019756544649385,2.155931708873336,4.889549196916769,1.6304043705991085,0.007813808715382693
1786995336.1195686,18.850811004638672,-3.0198877905585517,2.1558461194247784,4.889510245979084,1.6304007505631204,0.004902434998411653
1786995336.1329055,18.864147901535034,-3.02001964723957,2.1558029275902535,4.889483548357177,1.6304009888663316,0.010594347855940534
1786995336.1443148,18.87555718421936,-3.020153437942944,2.155838206770649,4.889467919920958,1.6304002988036723,0.012204426010122197
1786995336.1772864,18.908528804779053,-3.020290483131066,2.155939014767657,4.889460919599019,1.630396005315644,0.005164206391339938
1786995336.208382,18.939624309539795,-3.020431930073969,2.1560776333537115,4.889464007532741,1.630392717916899,0.006369744008360102
1786995336.2087328,18.939975261688232,-3.020573597321615,2.1562125135256824,4.889478546971543,1.6303865909231896,0.5588996979428539
1786995336.2218719,18.95311427116394,-3.0207080019037162,2.1563314309465156,4.889501253712285,1.6303826055273685,0.013767473417114071
1786995336.2388115,18.970053911209106,-3.0208312497277596,2.1564178412663586,4.889529865682898,1.6303736052185882,0.009044872635348119
1786995336.2953634,19.02660584449768,-3.0209442459277907,2.156476850949465,4.889562768822125,1.630363634290429,0.002328027818406992
1786995336.3032336,19.034476041793823,-3.0210484978848644,2.1565040141164795,4.889598748085583,1.6303563703541226,0.014431881824809884
1786995336.3143818,19.045624256134033,-3.0211455001663996,2.15651780282459,4.8896404632877575,1.6303505889648837,0.009552037778343467
1786995336.3262784,19.057520866394043,-3.0212386686549806,2.1565392972323165,4.889686100733715,1.6303469178130916,0.008905799354482012
1786995336.3611276,19.09237003326416,-3.021331917019924,2.1565737497868223,4.889736916487358,1.6303443861975557,0.0032036467932783823
1786995336.3706045,19.101846933364868,-3.0214236858436783,2.1566135342590615,4.889792184880168,1.6303454960826393,0.0120583329062337
1786995336.3900237,19.12126612663269,-3.021516428133129,2.1566569641137394,4.889852558274977,1.6303457898368034,0.006121730194683926
1786995336.4026814,19.133923768997192,-3.0216142999846354,2.156714138422368,4.889916381761448,1.6303464833090622,0.01027692649334144
1786995336.437807,19.169049501419067,-3.0217243607550865,2.156801885872997,4.889985693649215,1.6303411050859324,0.0044667668690160575
1786995336.445981,19.177223443984985,-3.0218496656614033,2.156902082356491,4.890060504569136,1.6303364631518722,0.02165705522181942
1786995336.4672308,19.19847321510315,-3.021988766413533,2.156984196779495,4.890140255080161,1.630336115836679,0.00847746659320537
1786995336.4803438,19.211586236953735,-3.022135485403309,2.1570199744685583,4.890225005112542,1.6303369215743475,0.013206226320668257
1786995336.491147,19.222389459609985,-3.022282625929524,2.1570063153550283,4.890312705983813,1.6303394071230237,0.01590619319445029
1786995336.5241866,19.25542902946472,-3.022425450616036,2.1569511218464585,4.890402489031542,1.6303406387328845,0.005372342571546403
1786995336.5256484,19.256890773773193,-3.0225644557111138,2.156914415251183,4.890501163017811,1.6303412939154263,0.11929183144037332
1786995336.5452445,19.27648687362671,-3.0226978293470674,2.156899633506407,4.8906070125387675,1.6303377649344222,0.00872177075794566
1786995336.552559,19.283801317214966,-3.02282420933529,2.1569167295039677,4.890718973945592,1.6303336455944493,0.023201251624864135
1786995336.5844054,19.315647840499878,-3.0229413913041068,2.1569656548887393,4.890835250232459,1.6303271358287568,0.005406512741715749
1786995336.5963132,19.327555656433105,-3.023047989664922,2.1570232524776354,4.890957760748923,1.6303221385092692,0.01447003131648746
1786995336.607755,19.33899736404419,-3.0231414010158852,2.157073864798225,4.8910848481760185,1.6303137714454612,0.0144773592144872
1786995336.6181421,19.349384546279907,-3.0232249488376866,2.1570988307288363,4.8912136940217685,1.630303373060583,0.014977967785891432
1786995336.6482685,19.3795108795166,-3.0233010103548974,2.1570903890116044,4.891346901184327,1.6302920019214298,0.005099372833450213
1786995336.6678724,19.399114847183228,-3.0233647611386583,2.1570642912359648,4.891482368020685,1.6302860908442067,0.0077522772726765846
1786995336.6771917,19.40843415260315,-3.023416157811961,2.1570077084405224,4.891618211715653,1.6302829392072726,0.016725937136682
1786995336.6851313,19.41637372970581,-3.0234645832244635,2.1569386746790333,4.891757126578379,1.6302815655803842,0.020467770967543264
1786995336.7253063,19.4565486907959,-3.0235159514125085,2.1568991383620086,4.891900796142173,1.6302765150679737,0.0039232357904971085
1786995336.740928,19.47217035293579,-3.023569837382995,2.156892009225954,4.892046437373057,1.6302710644074208,0.009951170356947672
1786995336.759238,19.490480422973633,-3.0236202815738853,2.1568899518233247,4.892195572630821,1.6302662213827936,0.008599036365215066
1786995336.7670016,19.498244047164917,-3.0236646377167293,2.1568741454418108,4.892347565498601,1.6302655968455066,0.020495568951186195
1786995336.7887654,19.520007848739624,-3.0236995139582556,2.156860823060591,4.892502203485782,1.6302654427554515,0.007309427924391932
1786995336.8100085,19.541250944137573,-3.023728653441522,2.1568644629661238,4.8926563635750435,1.6302665547151123,0.007387441471268053
1786995336.823578,19.55482029914856,-3.0237578276837254,2.156879883770204,4.8928102067159545,1.6302686173348764,0.011595426572077907
1786995336.8323877,19.56363010406494,-3.0237864400923335,2.1569024879182135,4.892968019799028,1.6302672168253067,0.01838530424885845
1786995336.8540037,19.585246086120605,-3.0238110329823664,2.1569353728245835,4.893127452527526,1.6302609400345034,0.007616402952163016
1786995336.8660474,19.59728980064392,-3.023830069637246,2.156961361016819,4.8932892409453705,1.6302570615443606,0.01369714119460083
1786995336.8813832,19.61262559890747,-3.0238478525501504,2.156996119122885,4.893455045529922,1.6302559277118753,0.011107307073575002
1786995336.8891764,19.620418787002563,-3.0238648642956067,2.1570272327487414,4.893624995486231,1.6302552378286692,0.02227715212215731
1786995336.9032106,19.634453058242798,-3.023880860911489,2.1570303821029118,4.893802405825892,1.6302551070278641,0.012694489153354565
1786995336.9372551,19.668497562408447,-3.023890966182937,2.1570226400354424,4.893987293363239,1.6302567273610797,0.005443617982647129
1786995336.9452226,19.676465034484863,-3.0238958948384176,2.157020566121783,4.8941758078266115,1.630258144423696,0.023670027753986623
1786995336.9543378,19.685580253601074,-3.0238961646731832,2.1570455946164104,4.894365441059008,1.630259314661768,0.020984461912507642
1786995336.9702451,19.70148754119873,-3.023891566121339,2.1571093025005257,4.894553017984914,1.6302641483954328,0.012456796219460007
1786995337.0003808,19.73162317276001,-3.0238818569913852,2.157219774563189,4.894737524703123,1.6302677812064088,0.007143363406550148
1786995337.0166469,19.747889280319214,-3.023869625709998,2.1573651843241097,4.894918409914421,1.6302683531662927,0.014287813123875916
1786995337.0180333,19.74927568435669,-3.0238566613321334,2.157514397708605,4.895099480628935,1.6302664093782453,0.16949452904042597
1786995337.035767,19.767009496688843,-3.0238437682812855,2.1576448098840504,4.895282871888414,1.6302625696952302,0.012710278104256713
1786995337.0624998,19.793742179870605,-3.0238266447870723,2.157756846208416,4.8954661588400485,1.630261410434287,0.008061224625175934
1786995337.08054,19.811782360076904,-3.0238043876953733,2.1578540314748036,4.89564843005006,1.6302616446844047,0.011516371998720371
1786995337.0816834,19.812925815582275,-3.023778173786709,2.1579383418901017,4.895830872474086,1.6302603083983191,0.17725536974871972
1786995337.0993447,19.830587148666382,-3.0237488996569883,2.1580129064012294,4.896015141960433,1.6302579972539641,0.011376720957920172
1786995337.1311615,19.862403869628906,-3.0237204621450355,2.1580999573118813,4.896200323684571,1.6302550779003002,0.00649308074116046
1786995337.1462402,19.877482652664185,-3.023698073842098,2.1582172682143814,4.8963838418335754,1.6302512162088825,0.014520840621152666
1786995337.160511,19.891753435134888,-3.02368368281464,2.1583876126466626,4.896566678455553,1.6302500808367753,0.017539817969970645
1786995337.1726978,19.903940200805664,-3.0236716462650612,2.158592242070574,4.896749632410353,1.6302490061370056,0.022545346353330893
1786995337.2043033,19.935545682907104,-3.023658157754067,2.158789015950695,4.8969356378488955,1.6302471807717038,0.008577900863656306
1786995337.2199235,19.951165914535522,-3.0236386806638427,2.158945866768211,4.897125715153219,1.6302491231120109,0.015826028112633714
1786995337.2332268,19.96446919441223,-3.0236145746019027,2.159070909862695,4.897317781208249,1.6302488514723714,0.017322639937816277
1786995337.24536,19.97660231590271,-3.0235833722460836,2.159165943131372,4.897510167251826,1.630250301458548,0.01787130602682602
1786995337.2668767,19.998119115829468,-3.0235444831797555,2.159243146954461,4.89770032705513,1.6302515885105047,0.009708062098115663
1786995337.2842968,20.015539169311523,-3.023496391088915,2.1593190421559294,4.8978911855393035,1.630255699952463,0.012109605451447026
1786995337.304223,20.035465478897095,-3.0234428530540667,2.1594068476522668,4.898081696343752,1.6302599719278463,0.010864828795099899
1786995337.3172503,20.048492670059204,-3.023383826078366,2.1595271325477223,4.898270104795359,1.6302664504149398,0.017746986995851022
1786995337.3272753,20.058517694473267,-3.023322921538116,2.1596842229338935,4.898456647462264,1.6302730068460904,0.0250738646792013
1786995337.3513668,20.082609176635742,-3.0232574932133343,2.159833314022859,4.898645798574994,1.6302775978348836,0.010359427418272234
1786995337.3602486,20.091490983963013,-3.023187228018373,2.1599361096100833,4.898840147310181,1.630285299723955,0.025987390295526023
1786995337.3731813,20.104423761367798,-3.0231153662017767,2.159995680613524,4.899039047318217,1.63029259992134,0.016988890329063967
1786995337.3847194,20.11596179008484,-3.0230388367315904,2.1600213230458016,4.899238659672666,1.6303030170331039,0.01866109926445337
1786995337.4202845,20.151526927947998,-3.022962122796875,2.1600257612920983,4.899438546621131,1.6303153291807289,0.00602129973142491
1786995337.4289894,20.160231828689575,-3.0228890179985575,2.1600337067498923,4.899641986448415,1.6303252594994297,0.024850598598704785
1786995337.4472847,20.178527116775513,-3.0228186197614924,2.160064250798024,4.899846385588135,1.6303340802098476,0.011933657531622718
1786995337.457231,20.18847346305847,-3.0227492686180217,2.160118382213666,4.9000495454522905,1.6303450093469551,0.022258467765274414
1786995337.4843705,20.21561288833618,-3.0226824967893537,2.160196797863251,4.900249374565739,1.6303579397532384,0.008283490681199525
1786995337.5012205,20.232462882995605,-3.0226269478974146,2.1602902120748553,4.9004466572118055,1.630366945576189,0.013367268322434279
1786995337.5107336,20.241976022720337,-3.0225797070924165,2.1603724210089568,4.900644157597447,1.630374982651424,0.023029286268839547
1786995337.523263,20.254505395889282,-3.0225367991418493,2.1604603162870752,4.900842826608035,1.6303849418271121,0.01767373692003794
1786995337.5531855,20.284427881240845,-3.022492141381947,2.1605499957710967,4.901039752527551,1.630393771102488,0.007383900710055626
1786995337.5804176,20.311660051345825,-3.022492141381947,2.1605499957710967,4.901039752527551,1.630393771102488,0.0
1786995337.5809734,20.31221580505371,-3.0224466165489767,2.160644680193664,4.901235847183747,1.630398931018166,0.40029458230452003
1786995337.5811992,20.31244158744812,-3.0223972095087266,2.160743470872842,4.901432567477073,1.6304004354415376,0.9992330774089768
1786995337.597199,20.328441381454468,-3.0223448271734306,2.160833040993537,4.901630608709008,1.6304029497055714,0.013973794149401968
1786995337.6203003,20.351542711257935,-3.0222905366518713,2.1609172258018376,4.9018264066116215,1.6304027470940772,0.009520443385474822
1786995337.6382403,20.36948275566101,-3.0222361420779884,2.1610046825347027,4.90201966205265,1.6304002477572999,0.012206578714660719
1786995337.6522884,20.383530855178833,-3.0221893652198366,2.1611105348667246,4.902210032012005,1.63039712734255,0.01585878562163773
1786995337.6682646,20.39950704574585,-3.022153769986414,2.161244449573216,4.902398998272569,1.6303988911227205,0.014667166732203096
1786995337.6922626,20.423505067825317,-3.022124717779197,2.161386835586056,4.902586863879372,1.6304041631973847,0.009897091398416085
1786995337.7035275,20.434769868850708,-3.0221026914313804,2.1615231519220797,4.902772892147523,1.6304104563520503,0.02056637393168004
1786995337.7161872,20.447429656982422,-3.022088880019434,2.1616314095579194,4.902957143630994,1.6304148473301632,0.016915554208608692
1786995337.725146,20.456388473510742,-3.022083073609279,2.161716276360389,4.9031411106957234,1.630418922437185,0.022623740646501106
1786995337.7412868,20.47252917289734,-3.0220840525344674,2.1617866330432256,4.90332576643511,1.6304265731509306,0.012242815154270266
1786995337.7743294,20.505571842193604,-3.022089801209208,2.16183592026591,4.903508504524099,1.630428344621004,0.00573063420225508
1786995337.7811532,20.51239562034607,-3.0220962972379084,2.1618875077603943,4.903689309845253,1.6304278532830883,0.027570212999953984
1786995337.801269,20.532511472702026,-3.022108125006784,2.161963868140051,4.903869581050134,1.6304306512047573,0.009750216268951688
1786995337.8015895,20.53283190727234,-3.0221275248813066,2.1620696860745205,4.904050549774304,1.6304293231876616,0.6570183664194363
1786995337.8347778,20.566020250320435,-3.022155857865799,2.16220046840672,4.904232871476215,1.6304329207954193,0.006814416438230136
1786995337.8464036,20.577646017074585,-3.0221912618636226,2.162318536479095,4.904420569297727,1.6304362814855669,0.019315100706023974
1786995337.8613153,20.592557668685913,-3.0222287167621036,2.162387056024149,4.90461208346468,1.6304338745685243,0.013869846827273132
1786995337.8714135,20.60265588760376,-3.0222715361045562,2.162408545377216,4.90480375187784,1.6304316563156749,0.019564376185320177
1786995337.8985815,20.629823923110962,-3.022322678176303,2.162399005638504,4.904994407854728,1.6304278867880577,0.007274227276261217
1786995337.9114127,20.64265513420105,-3.022379916204634,2.162384604873488,4.905186108450281,1.6304226230179075,0.015632264612941496
1786995337.927461,20.658703327178955,-3.022440258357259,2.162394018572959,4.905381437179395,1.6304173186581912,0.012752440327879517
1786995337.9368742,20.668116569519043,-3.022507676143328,2.162449556220057,4.90558060420356,1.6304180231518135,0.02310351071590208
1786995337.9623444,20.693586826324463,-3.022583397494982,2.1625361980510656,4.905782023016346,1.6304216579870865,0.00910748463304805
1786995337.9825442,20.713786602020264,-3.02266749627761,2.162641162450028,4.905983733099998,1.630426009989727,0.012002106787726284
1786995337.9840515,20.715293884277344,-3.0227580198536033,2.162761146850341,4.906185731551814,1.6304322061847545,0.1670436611854474
1786995337.9983008,20.729543209075928,-3.0228525293215323,2.1628733290626827,4.9063880635213994,1.6304369722447434,0.017538389771449857
1786995338.0220373,20.75327968597412,-3.022950430174818,2.1629746952590927,4.90658912451197,1.6304365644547647,0.010344014276423268
1786995338.037773,20.769015312194824,-3.023052757465769,2.1630835712979826,4.9067895202211265,1.630437218777682,0.01588539327235092
1786995338.0473547,20.778597116470337,-3.0231589546291175,2.1631844657362196,4.90698807564154,1.6304384886592336,0.025751135009856558
1786995338.0620403,20.793282747268677,-3.0232645127400772,2.1632403324992078,4.907185106102073,1.6304378722619766,0.01568887199167299
1786995338.0859835,20.81722593307495,-3.023369788766427,2.1632474438094746,4.9073781450163185,1.6304304913785261,0.0091881935186348
1786995338.1029272,20.834169626235962,-3.0234760216337278,2.163228906287494,4.907567498856476,1.6304217012572395,0.012860720187099986
1786995338.114311,20.845553398132324,-3.0235863617214553,2.1632080409734704,4.907754482951926,1.630416347120886,0.019160007478714988
1786995338.1237087,20.85495114326477,-3.0237053780856122,2.163206009845624,4.907941483515809,1.6304132465610297,0.023587727257360663
1786995338.1340785,20.865320920944214,-3.0238333606706664,2.163240716526636,4.908126353282604,1.630413715216006,0.02193974497165345
1786995338.1666076,20.897850036621094,-3.0239739169623254,2.1633262426905735,4.908306443536482,1.630420880992686,0.007498911915164898
1786995338.1680532,20.899295568466187,-3.0241285051030524,2.1634479195454044,4.908481404991748,1.6304285074405434,0.18213090068606339
1786995338.1894946,20.92073702812195,-3.024298631061662,2.163580725068137,4.908653526170203,1.6304327485363244,0.012874779652558978
1786995338.207337,20.938579320907593,-3.0244834074528635,2.1636866029460764,4.908825439077064,1.6304324052381651,0.015339424074558315
1786995338.2571857,20.988428115844727,-3.0246828759281494,2.163742672027678,4.908995196587898,1.6304258480364675,0.005373451632507395
1786995338.2692506,21.000493049621582,-3.024898058382409,2.163743658627342,4.90916168472738,1.6304182308401547,0.022550579262100762
1786995338.2696104,21.000852823257446,-3.0251278630810066,2.163703364139085,4.909324013032376,1.6304085594084001,0.790012953171109
1786995338.290396,21.0216383934021,-3.0253704688689993,2.163654886797701,4.909483713997026,1.6303951097591018,0.014166993930936733
1786995338.3222716,21.053514003753662,-3.0256221254775646,2.163612693527136,4.909640403606338,1.6303833436519348,0.009393944997098178
1786995338.3359115,21.067153930664062,-3.0258782521898264,2.1635946092821747,4.90979359884018,1.6303716654609945,0.02192041290597852
1786995338.3385441,21.069786548614502,-3.0261351183086815,2.1636225443330486,4.909943606840741,1.6303633081991482,0.11348744770138353
1786995338.358458,21.08970046043396,-3.0263944601105752,2.1636930532533656,4.910090806138696,1.6303557245913975,0.015387568483007694
1786995338.4210474,21.152289867401123,-3.0263944601105752,2.1636930532533656,4.910090806138696,1.6303557245913975,0.0
1786995338.4215846,21.15282702445984,-3.0266538926075577,2.1637959397287023,4.910234359409109,1.6303457442575378,0.584269580902735
1786995338.4218023,21.15304470062256,-3.0269124618432537,2.1639049664509926,4.910375846395782,1.6303382241362714,1.443734179699032
1786995338.42201,21.153252363204956,-3.027173811961263,2.1640052127078695,4.910514146472171,1.6303294904411352,1.5034872480452035
1786995338.4353423,21.166584730148315,-3.0274317994335442,2.1640819678815,4.910649701097783,1.630325485095755,0.022604397328440506
1786995338.4553359,21.186578273773193,-3.027684225225934,2.16414855553794,4.91078383702099,1.6303252302212428,0.014679985356567032
1786995338.4702208,21.201463222503662,-3.0279316720409795,2.1642123488841314,4.91091435366624,1.6303240731817885,0.01927713815068552
1786995338.4980874,21.229329824447632,-3.0279316720409795,2.1642123488841314,4.91091435366624,1.6303240731817885,0.0
1786995338.4985943,21.2298367023468,-3.0281735919187405,2.1642606237768365,4.911041228916284,1.6303253170252974,0.5472798810912052
1786995338.499057,21.230299472808838,-3.0284115369076474,2.1642877676355665,4.911163901043164,1.6303236079732277,0.5814505992890526
1786995338.5247874,21.256029844284058,-3.028644287518457,2.164327373017156,4.911284793880219,1.630320479204215,0.01030875199017973
1786995338.5364408,21.267683267593384,-3.0288701122240687,2.164397783662072,4.9114044762862745,1.6303149662325125,0.022748732776009164
1786995338.5537064,21.28494882583618,-3.029088911694665,2.16447954981998,4.911521931938421,1.6303095106035157,0.015142713409093516
1786995338.5610976,21.29234004020691,-3.0293028369336605,2.164572734930276,4.9116333114220785,1.6303035826533778,0.034981965230693954
1786995338.5713582,21.302600622177124,-3.0295116705801326,2.1646788273442743,4.911738579011787,1.6302979439365717,0.025028221972426642
1786995338.6024442,21.333686590194702,-3.029716711299076,2.164795747048892,4.911838870050091,1.6302926536032047,0.008249928897909846
1786995338.6152935,21.3465359210968,-3.0299199266452237,2.1649288446227635,4.911932588273482,1.6302874302520747,0.020263612248172875
1786995338.6272867,21.358529090881348,-3.030124740845473,2.1650812750169997,4.912022286225613,1.6302834514426339,0.022563650383625646
1786995338.635204,21.366446495056152,-3.030328038063971,2.165238354066066,4.912110221794096,1.6302755206614379,0.034297124534311864
1786995338.6667857,21.398028135299683,-3.0305248300389525,2.1654195037776462,4.912194763660845,1.6302654150018008,0.008882271836456535
1786995338.6801167,21.411359071731567,-3.0307091880022363,2.1656178892115214,4.912276696648706,1.6302550134044376,0.02122466141192948
1786995338.6911244,21.422366857528687,-3.030879075449719,2.165799991382623,4.912357883726923,1.6302480902532768,0.0237961834356403
1786995338.7064567,21.43769907951355,-3.031031811279816,2.1659533035955625,4.912435042588746,1.6302482901554647,0.014984965677277414
1786995338.7352126,21.46645498275757,-3.0311711266963135,2.1660816159297807,4.912508334334084,1.63025693607044,0.007062461850268841
1786995338.7541516,21.48539400100708,-3.0312963469917578,2.1661814380560154,4.912579422354385,1.630268592333992,0.009251202471775256
1786995338.7545018,21.48574423789978,-3.031411652987831,2.166254758338334,4.912646857484426,1.6302855680227484,0.4350691662297346
1786995338.768186,21.499428510665894,-3.0315171652088138,2.1662984569448,4.91271193652472,1.6303050973129525,0.009605522011293149
1786995338.8015804,21.532822847366333,-3.031614543113989,2.1663533702343414,4.912778149311158,1.6303273318935612,0.0038908087471733015
1786995338.8122652,21.54350757598877,-3.031702447303024,2.166439920238589,4.912845104442921,1.6303474602462504,0.013136542436798394
1786995338.824212,21.55545449256897,-3.031779428891591,2.166550334446166,4.912909437138787,1.630361356328101,0.012487320727195161
1786995338.8422613,21.573503732681274,-3.0318494353098377,2.1666761145955014,4.912970369604644,1.6303731350775161,0.008660463125597673
1786995338.8680878,21.599330186843872,-3.0319094794294323,2.16680094159756,4.913028325186047,1.6303918166460434,0.00581392273999152
1786995338.881334,21.612576484680176,-3.0319567449956235,2.1669378611139893,4.913084148912013,1.6304106483655723,0.011718970505225556
1786995338.8962796,21.627521991729736,-3.0319920919059316,2.1670923197509646,4.913138211996887,1.6304273487745233,0.011202075802333542
1786995338.9083898,21.63963222503662,-3.032019022065522,2.167252499399625,4.913188617423399,1.6304393984149899,0.014043411283563836
1786995338.9373171,21.668559551239014,-3.03204347934806,2.1674135260948613,4.913232976848565,1.6304495897369962,0.005835525261631519
1786995338.957235,21.688477516174316,-3.032064724589199,2.167556959856195,4.913274064589023,1.630457857368119,0.007566419880218628
1786995338.9580421,21.689284563064575,-3.0320787147717705,2.1676960332545425,4.913313058293179,1.6304629009081728,0.17980680508617797
1786995338.9713168,21.702559232711792,-3.032079295575592,2.1678436745437475,4.913349464847914,1.6304662116077948,0.01145526589639932
1786995338.9872155,21.7184579372406,-3.0320677624498704,2.167992425106811,4.913381368603267,1.6304714326465866,0.009596376826468076
1786995339.0430357,21.774278163909912,-3.0320677624498704,2.167992425106811,4.913381368603267,1.6304714326465866,0.0
1786995339.0435836,21.774826049804688,-3.0320470283896372,2.1681307134744303,4.913409559035572,1.6304747361985792,0.26035964604154277
1786995339.0438168,21.77505922317505,-3.0320174232945147,2.1682612519113182,4.913434434992169,1.6304798897994008,0.583880386196526
1786995339.044029,21.77527141571045,-3.031974052951274,2.1683879948339992,4.913459342796801,1.6304832111522427,0.6421244020358613
1786995339.0576692,21.78891158103943,-3.0319170452229653,2.168529114746938,4.913482912107303,1.630481908415957,0.011291190959049712
1786995339.0982847,21.829527139663696,-3.0318492032905815,2.1686980013095827,4.913504438218545,1.6304795125474882,0.004512355849304102
1786995339.1082654,21.839507818222046,-3.031766824792763,2.1688847656981274,4.913524035403971,1.6304758077401065,0.02054608808337761
1786995339.1221418,21.853384256362915,-3.031670754811801,2.169059653611639,4.913542516346746,1.6304733440849821,0.0144411365986061
1786995339.1331708,21.864413261413574,-3.0315612574317425,2.1691936098694793,4.913560726001597,1.630473054797495,0.01577385798908756
1786995339.1633387,21.894581079483032,-3.0314471825757554,2.1692663171209956,4.913579398639627,1.6304769822794292,0.0045266114232919985
1786995339.1883879,21.91963028907776,-3.0314471825757554,2.1692663171209956,4.913579398639627,1.6304769822794292,0.0
1786995339.1888194,21.920061826705933,-3.0313348914661735,2.1693090830901762,4.9135982657062085,1.630480719067978,0.2818557445599448
1786995339.1890414,21.920283794403076,-3.0312242269749174,2.1693458475673664,4.913615153904878,1.6304822199105435,0.5308345725655835
1786995339.1962755,21.927517890930176,-3.0311114232745857,2.169428367759376,4.913634849891817,1.63047685021105,0.01951121103671085
1786995339.2258015,21.957043886184692,-3.03099279216665,2.1695856335231225,4.913656751595286,1.6304689412297335,0.00671292576642524
1786995339.2344878,21.9657301902771,-3.0308772243600277,2.169804893431217,4.91367852844046,1.6304547815380186,0.028643628469804002
1786995339.248382,21.9796245098114,-3.0307691241461754,2.1700675605430626,4.913699753855236,1.6304412148540557,0.020500004377540428
1786995339.2582285,21.989470958709717,-3.0306660162811734,2.170348420057591,4.913719485096646,1.6304323437456159,0.0304513495367149
1786995339.2832026,22.014445066452026,-3.0305663614215557,2.1706094745958273,4.91373784248578,1.6304231829432727,0.011212867038582474
1786995339.2980905,22.029332876205444,-3.0304708139161556,2.170820613325823,4.9137540761224345,1.630413792302294,0.015604689638051545
1786995339.309585,22.04082751274109,-3.0303808671805883,2.1709929474020426,4.913767437788302,1.6304045665694389,0.01695171026742718
1786995339.3242826,22.055525064468384,-3.0302944316568223,2.1711494364944124,4.913781120777983,1.630396765707795,0.012199058349132458
1786995339.3464074,22.07764983177185,-3.030208765953555,2.171290977351675,4.913795796542698,1.630389424356852,0.007507232436459132
1786995339.3564997,22.08774209022522,-3.0301219851398065,2.171420367130708,4.913810340361944,1.6303827246756468,0.015504370121065675
1786995339.3673267,22.09856915473938,-3.030029741974209,2.171533596317501,4.913821671025022,1.6303773508249373,0.013529577747927264
1786995339.3793256,22.110568046569824,-3.0299325197618834,2.171624352327882,4.913828877916173,1.6303708837437172,0.01110055940486699
1786995339.391155,22.122397422790527,-3.029829562299851,2.171693637505031,4.913829486203066,1.6303621893055025,0.010490912080747705
1786995339.4234533,22.154695749282837,-3.029721549545163,2.171746144367906,4.91382417667996,1.630354032278506,0.0037220543191876327
1786995339.4499667,22.181209087371826,-3.029608808538785,2.171769475932921,4.913812666095346,1.6305759872345011,0.004363988002186946
1786995339.4503493,22.181591749191284,-3.0294942820045923,2.1717801867352997,4.91379235907362,1.6314357976219067,0.305243586119589
1786995339.4598107,22.19105315208435,-3.029387145856696,2.171789442503582,4.913751994267317,1.6328645411427554,0.012139996623454339
1786995339.4871101,22.218352556228638,-3.029290008544521,2.1718058410450394,4.9136796887207765,1.634816856879273,0.004476261443673377
1786995339.5048652,22.23610758781433,-3.0291882431080337,2.1718632076466102,4.91357242191715,1.6372540447189876,0.008932561614335487
1786995339.5161188,22.247361183166504,-3.0290830718570376,2.1719580659731452,4.913434848395701,1.6401379831495198,0.017545293505429504
1786995339.5247324,22.255974769592285,-3.0289864374337325,2.1720541424893605,4.913275972066422,1.6434413533623762,0.02429996055999404
1786995339.535339,22.266581535339355,-3.028897213377789,2.172128525612747,4.913101998572742,1.6471476622648518,0.01972234023509539
1786995339.555052,22.28629446029663,-3.028808722553333,2.1721797084928096,4.912925684919932,1.6512327849841217,0.010338690631497739
1786995339.5599544,22.291196823120117,-3.0287134255667234,2.172211090444671,4.912760563058205,1.6556811000274245,0.039412382368600396
1786995339.5704703,22.30171275138855,-3.0286009836165966,2.172220025836292,4.912616712861615,1.6604637493230774,0.017383172787829193
1786995339.6206508,22.351893186569214,-3.0286009836165966,2.172220025836292,4.912616712861615,1.6604637493230774,0.0
1786995339.6211708,22.352413177490234,-3.0284620964038105,2.1721980465015216,4.912501528929062,1.6655675244322314,0.34956249659640176
1786995339.621389,22.352631330490112,-3.028291938587725,2.172140833126426,4.912420441476608,1.6709713123072694,0.9029571472947401
1786995339.621575,22.35281753540039,-3.0280922546366584,2.1720524527285727,4.912375485463587,1.676656865753656,1.197326194860805
1786995339.6274312,22.358673572540283,-3.0278679774472974,2.171948867992441,4.912369335436497,1.6826012791185387,0.042199042067473345
1786995339.6470258,22.378268241882324,-3.0276245125259855,2.1718518825421027,4.912405449145621,1.6887791454065006,0.013501009309756081
1786995339.660845,22.39208745956421,-3.0273682118829552,2.1717808550378557,4.912483154218654,1.6951706490888467,0.020050297001762134
1786995339.670245,22.401487350463867,-3.027106592713836,2.171770140202505,4.912603135962851,1.7017493024911992,0.0306406880610646
1786995339.6832426,22.414484977722168,-3.026845098846836,2.171831236502931,4.912763252557635,1.7085034957743195,0.02405427986206938
1786995339.7088497,22.440092086791992,-3.0265873653620194,2.1719376422983814,4.912963369094245,1.7154223339153676,0.01340304761251512
1786995339.7213662,22.452608585357666,-3.0263315401703244,2.172046211598854,4.913203912874605,1.7224872700611389,0.029365472693356515
1786995339.7331898,22.46443223953247,-3.0260758101668626,2.1721436151431424,4.913482523639135,1.7296816614937518,0.033029071433947996
1786995339.7462435,22.47748589515686,-3.0258208598704583,2.1722245121446044,4.913798825709744,1.7369894749648445,0.03173328806051061
1786995339.757379,22.488621473312378,-3.0255731763868017,2.1723135331413563,4.914150781623651,1.7444058471808872,0.03946651260892773
1786995339.7790003,22.510242700576782,-3.025339070609144,2.172419589223146,4.914534003016809,1.7519223415303364,0.021341246036716065
1786995339.7911744,22.522416830062866,-3.0251222706910847,2.1725499397534347,4.914945890957926,1.7595281779718415,0.039704566655099964
1786995339.8075187,22.538761138916016,-3.0249297546173226,2.1727091012351107,4.915384217430302,1.7672099118515372,0.030867296085580885
1786995339.8192687,22.550511121749878,-3.0247671233426856,2.1728982945594386,4.915848734177844,1.7749445354701976,0.044874527880800576
1786995339.8392737,22.570516109466553,-3.024638150730076,2.1731298272916906,4.916339611435076,1.7827307510709163,0.027885778721741947
1786995339.8511448,22.5823872089386,-3.024546856063931,2.1734014683910505,4.916856817405242,1.7905575202955273,0.04980932768105252
1786995339.8581853,22.589427709579468,-3.024490788175801,2.173696548465807,4.917401100355422,1.7984165883666743,0.08829754191016598
1786995339.87432,22.605562448501587,-3.0244689811036083,2.1740217221048614,4.917972948134557,1.8063087103764743,0.04079378230047895
1786995339.8932488,22.624491214752197,-3.024476600554226,2.174370468689459,4.9185690982999235,1.8142312434228194,0.03648984748011349
1786995339.9055028,22.63674521446228,-3.024508226433919,2.1747279141797833,4.919186896026116,1.8221755894987437,0.05830356687054037
1786995339.9141626,22.645405054092407,-3.024561342661503,2.1750826173018845,4.919826052953925,1.830113674019747,0.08463321871617854
1786995339.929308,22.660550355911255,-3.0246328216245324,2.1754172406388146,4.9204873830708555,1.8380373788658746,0.04916422143956055
1786995339.942184,22.673426389694214,-3.0247249242049388,2.175734763603683,4.9211721657612335,1.8459484256044048,0.05905662139404155
1786995339.9565313,22.68777370452881,-3.0248328505900908,2.1760270444744907,4.921881666751126,1.8538332944481275,0.05401000995564436
1786995339.9672215,22.698463916778564,-3.0249524386506246,2.176299459162068,4.922617176213163,1.8616927613121796,0.07421752132055708
1786995339.983719,22.714961528778076,-3.025096342881037,2.1765947613740892,4.9233778397741155,1.8695278023383974,0.0502233628604994
1786995339.994331,22.725573301315308,-3.0252758744951804,2.176933163099825,4.924158434112333,1.877344254906948,0.08193971771453318
1786995340.007263,22.738505363464355,-3.0254978438378695,2.17732242551333,4.9249571391762315,1.8851393503760796,0.0708177481896178
1786995340.0181994,22.749441862106323,-3.02575960714787,2.177736882556322,4.925777467046981,1.8928946761716523,0.08738006687936652
1786995340.0301938,22.761436223983765,-3.026057527215723,2.178166154493852,4.926619318348512,1.9006180246440758,0.08260799161659933
1786995340.0589702,22.790212631225586,-3.0263829367064985,2.178601369541297,4.927478774344058,1.9082952829588973,0.03533596819995411
1786995340.0703292,22.80157160758972,-3.0267338159327783,2.179043665608217,4.928353079436757,1.9159241114628434,0.09162318704660663
1786995340.0817807,22.81302309036255,-3.0271159451750136,2.1795039401256244,4.929245414585335,1.9235057375584943,0.09381386625337428
1786995340.0943735,22.825615882873535,-3.027524679574663,2.179967098963313,4.930159432408775,1.931045349545727,0.08760416572891226
1786995340.1101673,22.84140968322754,-3.027955347790396,2.1804182402098635,4.931094676094643,1.9385380825167005,0.07117584782501347
1786995340.1330092,22.864251613616943,-3.028405247107244,2.1808573127300868,4.932048282889731,1.945976227820642,0.05000336417803899
1786995340.1391912,22.870433568954468,-3.028873576337774,2.1812704988547655,4.933021619748756,1.953352548560022,0.18707305534321234
1786995340.1539257,22.885168075561523,-3.0293704993057142,2.1816884402166306,4.934014666185205,1.9606720679114038,0.08052430049417664
1786995340.1613016,22.89254403114319,-3.029908518153541,2.1821486062775923,4.935025528581667,1.9679445975841272,0.16731704844458806
1786995340.1859157,22.917158126831055,-3.030488075465718,2.182658144614949,4.93604972529226,1.9751758130437393,0.052099359060678654
1786995340.1993694,22.930611848831177,-3.0310950896326583,2.1831885077616366,4.9370882238594005,1.9823534452766787,0.09771435919412462
1786995340.2103572,22.94159960746765,-3.0317110821048048,2.1837015990307393,4.938143696226898,1.9894719064834165,0.12062673087488399
1786995340.2212949,22.952537298202515,-3.032327795603021,2.1841805426904672,4.9392145088856525,1.996528126963105,0.12116617997449926
1786995340.2461197,22.977362155914307,-3.032951147645739,2.1846336173572527,4.940296560919409,2.003515135242036,0.0535114033012363
1786995340.2599027,22.991145133972168,-3.0335923011356702,2.1850774566965967,4.941388135459052,2.010426926875968,0.09732976335366446
1786995340.2722745,23.003516912460327,-3.034264618917767,2.1855364346446198,4.942489168733312,2.017260403871722,0.11067824728241478
1786995340.2847276,23.01596999168396,-3.0349687669998344,2.1860130796714023,4.943598750388022,2.0239493640197512,0.112255143140617
1786995340.3044872,23.03572964668274,-3.0356616856957177,2.1864155634671127,4.9447287260463515,2.030353719265687,0.07010600924407379
1786995340.3197303,23.05097270011902,-3.03629698529975,2.186668865855855,4.945882717577237,2.0364786976973623,0.08800343541098168
1786995340.3265283,23.05777072906494,-3.036865159972763,2.1867859859932794,4.947056017450396,2.0423466470376184,0.19253846137710035
1786995340.3395002,23.0707426071167,-3.0373885332566695,2.1868326809189558,4.948249145677448,2.0479904260288913,0.10050265340782169
1786995340.3662214,23.097463846206665,-3.0379128775177917,2.1869075322617992,4.949463346352135,2.0534361751414294,0.04957469539571258
1786995340.3773031,23.108545541763306,-3.038490653104724,2.1871045593512943,4.95069234881768,2.0587016989477442,0.12383102876115024
1786995340.3914695,23.122711896896362,-3.0391586536109196,2.1874790247866542,4.951922748564722,2.0637944616769865,0.10230242049651203
1786995340.4033072,23.134549617767334,-3.0399319379058714,2.1880493216283345,4.953140641215414,2.068727150446694,0.13104549461709708
1786995340.4271798,23.158422231674194,-3.040809894123432,2.1888054076616843,4.9543399870423475,2.0735093911710485,0.06985427581922866
1786995340.4399028,23.17114520072937,-3.041781150885738,2.1897142405971057,4.955526633807128,2.0781418857385434,0.14010406111862247
1786995340.454241,23.18548345565796,-3.0428293977148835,2.190735346296657,4.956705574488738,2.0826294338076434,0.1310617285931419
1786995340.472929,23.204171419143677,-3.0439407564086585,2.1918362055768803,4.957877231828975,2.0869694563838994,0.1045822014774832
1786995340.4836624,23.21490478515625,-3.0451123715233503,2.1930027479537166,4.9590403549229265,2.0911572038350137,0.18833554333582023
1786995340.5137017,23.244944095611572,-3.0451123715233503,2.1930027479537166,4.9590403549229265,2.0911572038350137,0.0
1786995340.5150638,23.24630618095398,-3.04635376623025,2.1942379922928263,4.960194138460589,2.095201419316733,1.5396730891485846
1786995340.515296,23.246538400650024,-3.0476799704807047,2.195555333649289,4.961338366928735,2.099107653222683,9.437962594280584
1786995340.5262063,23.25744867324829,-3.0491065406006697,2.1969750331590494,4.962472231228398,2.1028873387628044,0.2117309787394583
1786995340.537672,23.268914461135864,-3.0506483577025003,2.1985161441665375,4.963592272113045,2.1065496684180727,0.21375417155571338
1786995340.5732095,23.304451942443848,-3.052314999766548,2.200189588644353,4.964694817919761,2.1101036043442227,0.07334443372683869
1786995340.581238,23.312480449676514,-3.0541102281789776,2.2019988010593674,4.965777176354834,2.1135583172939647,0.34490124554208845
1786995340.5973032,23.328545570373535,-3.056032762012958,2.2039422343817074,4.966839063983578,2.1169209354571543,0.18255018172184231
1786995340.6037009,23.334943294525146,-3.0580797569067673,2.206014707049309,4.967882461200685,2.120192750263106,0.4836390957070299
1786995340.6282926,23.359534978866577,-3.0602476091419266,2.208208523110413,4.968909625813853,2.123372171482044,0.13218964268206285
1786995340.6390862,23.370328664779663,-3.062533155148072,2.2105168716107513,4.969922806469087,2.126460462884234,0.3152540371388435
1786995340.6585011,23.38974356651306,-3.0649362015925683,2.2129381991131845,4.970922813894075,2.1294576205955273,0.1831027806802115
1786995340.6684551,23.39969754219055,-3.0674592537355627,2.2154740525301966,4.971908752067168,2.1323649740173622,0.37277386607653396
1786995340.6903946,23.421637058258057,-3.0701061917750367,2.2181274810252347,4.9728800218900515,2.135186944240671,0.1764731086389571
1786995340.706534,23.43777632713318,-3.072880488549339,2.2209028921432528,4.973835039401133,2.1379277680352264,0.2502451072243695
1786995340.7165709,23.447813272476196,-3.075786001967294,2.2238056434500426,4.974773718797328,2.1405985653555772,0.4197459512365184
1786995340.728464,23.45970630645752,-3.0788251287121167,2.2268383913822727,4.975695684804323,2.143200128735057,0.3692363662202913
1786995340.7483478,23.47959017753601,-3.0819983069284325,2.2300015375433087,4.976600601349708,2.1457354061892584,0.2298814392154867
1786995340.766116,23.497358322143555,-3.085304555721248,2.2332945965907154,4.977488479422363,2.148208012155817,0.2673403348239202
1786995340.777405,23.508647441864014,-3.088743203838633,2.2367171548917666,4.978359680388585,2.150618594661334,0.4366344635872717
1786995340.7953959,23.52663826942444,-3.092313138935708,2.2402676574515437,4.979214745364634,2.152968044268452,0.2838679206951873
1786995340.816528,23.547770500183105,-3.096013938343711,2.243945123741396,4.98005453579046,2.155255416943592,0.25006369495933484
1786995340.827124,23.558366537094116,-3.0998457248204225,2.247749769390822,4.980880419142408,2.157483780891166,0.5155323737894291
1786995340.8423164,23.573558807373047,-3.103809030038935,2.25168213537354,4.981691371901891,2.1596551022646113,0.37135422941669133
1786995340.8533087,23.584551095962524,-3.107904742402272,2.255743128237148,4.982486387034596,2.16177252812944,0.5296665894700904
1786995340.866038,23.597280502319336,-3.112134188745215,2.259934298973825,4.983266755351525,2.1638404559944786,0.4717624790271293
1786995340.9034867,23.634729146957397,-3.112134188745215,2.259934298973825,4.983266755351525,2.1638404559944786,0.0
1786995340.904061,23.635303497314453,-3.1164977892594394,2.264257234078225,4.9840333233704746,2.1658564573027412,10.777436578461627
1786995340.9042928,23.63553524017334,-3.1209953674306417,2.268712188160484,4.984785033677827,2.1678243331089377,27.50869075724129
1786995340.9216268,23.65286922454834,-3.1256265903742984,2.273298779136351,4.985522440952754,2.1697467154206764,0.37842627095435344
1786995340.9264228,23.657665252685547,-3.1303909633879496,2.2780163096299777,4.9862459893448,2.1716254991466535,1.4061068327837853
1786995340.955088,23.686330318450928,-3.1352874732071108,2.282863819221522,4.986954462645001,2.173461200482831,0.24163480612864682
1786995340.9781156,23.709357976913452,-3.1403160864076063,2.2878410731610836,4.987647942388666,2.1752587498061513,0.30872499988757157
1786995340.9853928,23.71663522720337,-3.1454774899511104,2.292948970313258,4.988326554592744,2.177014611162097,1.002195943865407
1786995340.9974458,23.72868824005127,-3.1507723525987053,2.298188320408865,4.98899075654734,2.1787330776148064,0.6204648415731077
1786995341.0135896,23.744832038879395,-3.1562007230535647,2.303559258518611,4.989640673497406,2.180412450347899,0.4747320674208069
1786995341.0334146,23.764657020568848,-3.1617623805894874,2.3090614456472314,4.990275334679068,2.1820552952258794,0.39592133598024365
1786995341.0483656,23.779608011245728,-3.167457112467783,2.3146945925172,4.990894649431106,2.1836614639185217,0.5373586496690416
1786995341.055293,23.786535501480103,-3.1732847107698845,2.3204587939856074,4.991499479462286,2.185232278154087,1.1864394039177686
1786995341.0804324,23.81167483329773,-3.179244860960244,2.326353838864847,4.992090992886921,2.186770223407496,0.33429123157909735
1786995341.09416,23.82540249824524,-3.185337952343196,2.3323802273374654,4.992670168629889,2.188276124292662,0.62570328010666
1786995341.1001353,23.831377744674683,-3.191564087691918,2.338538053901718,4.993237908058669,2.1897539679192004,1.4686091463652455
1786995341.1117332,23.842975616455078,-3.197922660184564,2.3448263927184834,4.993793848070799,2.191198896990107,0.7725657249558099
1786995341.1337783,23.865020751953125,-3.204412999800514,2.351244550959914,4.994337971615759,2.192613884819471,0.41478686753365857
1786995341.157096,23.888338327407837,-3.21103512474469,2.3577928272965227,4.994870209791511,2.1939974939421814,0.40005114358816674
1786995341.164403,23.89564538002014,-3.217789171581564,2.364471494258129,4.995390320592847,2.1953519337325966,1.3018575739950242
1786995341.179388,23.910630464553833,-3.224675406305602,2.371280925578878,4.995898360331595,2.196680708572331,0.6471613251140557
1786995341.204482,23.93572449684143,-3.2316945120465714,2.378221876414487,4.9963945939300185,2.1979833893184755,0.3938733387121387
1786995341.2233145,23.954556941986084,-3.238846070516512,2.3852940883450433,4.9968792423635335,2.1992611009922176,0.53469163291512
1786995341.2352152,23.96645760536194,-3.24612957873658,2.3924967503002197,4.997353475052975,2.2005159669421164,0.8616662862715317
1786995341.261239,23.992481470108032,-3.253544487149961,2.3998293061938125,4.99781682255205,2.2017479004086247,0.4011119563685225
1786995341.2754886,24.006731033325195,-3.2610906096513075,2.4072917378410685,4.9982692659893075,2.2029550910765603,0.7454583068918409
1786995341.2856534,24.01689577102661,-3.2687677535460073,2.414884146456494,4.998710483933375,2.20413768723454,1.0631244776249014
1786995341.299722,24.030964374542236,-3.276575257729127,2.4226057578146247,4.999139534557234,2.2052951035864874,0.7811215719847782
1786995341.310615,24.041857481002808,-3.284513090610603,2.430456036757062,4.999556963857363,2.2064287966526828,1.0255893348971807
1786995341.3251996,24.05644202232361,-3.2925808510280965,2.438434881797579,4.999963510534189,2.2075392916842045,0.7785036384522475
1786995341.3524752,24.083717584609985,-3.3007781530007025,2.446541861037471,5.000359619075966,2.2086267765614207,0.42293710484992636
1786995341.38163,24.11287236213684,-3.3091050040241012,2.4547767315623337,5.0007453873993555,2.209693303258058,0.40190456534197433
1786995341.3934135,24.124655961990356,-3.3175626973643184,2.4631414846792303,5.001121199322599,2.2107431029101408,1.0099954742513721
1786995341.3941336,24.125375986099243,-3.3261524451994156,2.4716386229318608,5.001486751332172,2.2117774099527416,16.788269902289553
1786995341.4417892,24.17303156852722,-3.3348725834699535,2.480265014567344,5.0018419530955605,2.212794011637772,0.25749700965600025
1786995341.4718084,24.2030508518219,-3.343721233929173,2.4890178038603477,5.0021873608207255,2.2137921641563323,0.41476919357100545
1786995341.4735243,24.204766750335693,-3.3526994462365525,2.4978993589069494,5.002524307838229,2.214772818126134,7.362580953230869
1786995341.4945533,24.22579574584961,-3.361805789575122,2.5069066890296514,5.002853840998469,2.2157313998738664,0.6092887815194137
1786995341.5298886,24.261131048202515,-3.371039348787968,2.5160383167003637,5.003175325008476,2.2166666931499384,0.36763027293309586
1786995341.5450122,24.276254653930664,-3.380401215386575,2.5252962772288585,5.003488586563108,2.217585260441542,0.8708331446809248
1786995341.559399,24.29064130783081,-3.389897159872971,2.5346915335365754,5.003792843193861,2.21849278027629,0.9287601227304448
1786995341.5722318,24.303474187850952,-3.399531726628725,2.544233765756739,5.004088908124761,2.21939052309909,1.0569282516111644
1786995341.5964198,24.327662229537964,-3.409304914824203,2.553925550504114,5.004378706466083,2.220282845409022,0.5691649370655106
1786995341.6192105,24.35045289993286,-3.4192098731376204,2.563756848045882,5.004662417406647,2.221166941561956,0.6124708416957496
1786995341.6232178,24.3544602394104,-3.4292327735644257,2.573703321871932,5.004946840114047,2.222035169069271,3.524395083894756
1786995341.6374292,24.368671655654907,-3.439368752725875,2.583757204918029,5.00523186196215,2.2228835129245055,1.0047803200143905
1786995341.6648445,24.396086931228638,-3.4496134448431413,2.5939086436744576,5.005520228746868,2.223707896837674,0.5261765734603696
1786995341.6806545,24.41189694404602,-3.459965779831407,2.604150608550683,5.005813201937931,2.224504645688576,0.9212848296785269
1786995341.689211,24.420453310012817,-3.4704311155812118,2.6144873982524754,5.006109835667481,2.225279343248198,1.7194911391500904
1786995341.7031345,24.43437695503235,-3.4810183426072534,2.6249304184639017,5.006407005138735,2.226038176156272,1.0682510875924272
1786995341.7160528,24.44729518890381,-3.491733914982132,2.635486763822398,5.006700774229627,2.226789501951739,1.1646179494500144
1786995341.7450528,24.476295232772827,-3.5025838328043872,2.64616368909337,5.006987135839352,2.227539299650039,0.5249978785611171
1786995341.7746701,24.50591254234314,-3.513569595273967,2.6569615080567597,5.007266352718631,2.2282826339189348,0.520183029760816
1786995341.775161,24.50640344619751,-3.524703410514137,2.667905893884705,5.007536908123538,2.2290353374897167,31.80778541041798
1786995341.7847564,24.51599884033203,-3.5359774872448804,2.678984635729591,5.00780271635189,2.229794340377208,1.6475266868564638
1786995341.8161528,24.5473952293396,-3.5473755885304046,2.690170208862442,5.008068478297786,2.230546019644613,0.5087205289564316
1786995341.8357453,24.56698775291443,-3.558881636608651,2.701435244484355,5.0083402856756125,2.231276707503569,0.8219861706078986
1786995341.8452783,24.576520681381226,-3.5704963360688424,2.7127837767522505,5.008615478437235,2.231990946577462,1.7036610858640506
1786995341.8572798,24.58852219581604,-3.582222776871251,2.7242181786253736,5.008891004337532,2.232693807085832,1.3648950894757308
1786995341.874697,24.605939388275146,-3.5940640903816305,2.735739135337158,5.009163961157804,2.2333881603530115,0.9486848978022864
1786995341.8923633,24.623605728149414,-3.606021285710406,2.747343343554778,5.009435195682825,2.2340747683348616,0.943291333205828
1786995341.9013364,24.63257884979248,-3.6180958425032945,2.759029775771666,5.009702894872041,2.234753923535206,1.8729189963678645
1786995341.9126053,24.643847703933716,-3.63029490777963,2.7708076017049774,5.009967877874637,2.235437543219857,1.5049364162171606
1786995341.9359806,24.66722297668457,-3.642611446732601,2.782658051190585,5.010233819400629,2.236115928238403,0.7312807966794569
1786995341.9541566,24.685399055480957,-3.655043312644831,2.794574281386397,5.010498077124807,2.236787012821015,0.9475416494431068
1786995341.9648044,24.696046829223633,-3.6675860868454206,2.8065447245290325,5.01076058630827,2.237444067883156,1.6285256961244485
1786995341.9731858,24.70442819595337,-3.6802450179323096,2.818568299437577,5.011020015249888,2.2380945751251216,2.0832969890895674
1786995341.9990883,24.7303307056427,-3.693022698626709,2.8306352327351436,5.011280237794,2.2387363086135745,0.6785793691599915
1786995342.0175128,24.74875521659851,-3.693022698626709,2.8306352327351436,5.011280237794,2.2387363086135745,0.0
1786995342.0182762,24.749518632888794,-3.7059141188892597,2.842732299427298,5.011546121876134,2.2393575125459044,23.159649131458742
1786995342.0219471,24.75318956375122,-3.7189250666729796,2.854870190637108,5.011815479548998,2.239967376197941,4.847725658115046
1786995342.0312953,24.762537717819214,-3.7320702736157876,2.8670750570638024,5.012084256253434,2.240593673938681,1.9190473688299714
1786995342.0526292,24.7838716506958,-3.745348008860578,2.879344955237994,5.012349992100003,2.2412411979755125,0.8475187906780165
1786995342.0725842,24.803826570510864,-3.7587543584696745,2.891671889359269,5.012612866644173,2.2419058414481365,0.9127612452576739
1786995342.0827312,24.813973665237427,-3.772284353308768,2.904042714479275,5.0128712543575435,2.242584637242085,1.8069012921333722
1786995342.0952678,24.826510190963745,-3.78593620044111,2.9164488220557367,5.013125722996697,2.2432740443325265,1.4715843623832912
1786995342.1077302,24.838972568511963,-3.799704938069387,2.9288791034246286,5.01337904388438,2.2439735704224506,1.4885918411432522
1786995342.130445,24.861687421798706,-3.8135851793813473,2.941320376910077,5.013634302667031,2.2446671998114054,0.8206815699541798
1786995342.1451006,24.87634301185608,-3.8275744262901403,2.9537647573317813,5.013898440533834,2.2453500131702815,1.277679996794153
1786995342.1572526,24.888494968414307,-3.8416565024307876,2.9661915157119827,5.014173816919263,2.2460040647225967,1.545685640825229
1786995342.169565,24.90080738067627,-3.855828936022873,2.9786002186905334,5.0144560487637255,2.246625990811535,1.5300938624174747
1786995342.1947575,24.925999879837036,-3.8700996486576655,2.990997262436532,5.014739501069536,2.247232589778607,0.7504440893209223
1786995342.204331,24.93557333946228,-3.8844869073360546,3.0033979957159733,5.015021715975627,2.247850938688904,1.984243985835347
1786995342.216216,24.947458505630493,-3.8989991718784585,3.0158066509702324,5.015301543002768,2.248497422733082,1.6067123107463603
1786995342.2307618,24.9620041847229,-3.9136325956539855,3.0282156752270244,5.015579653625669,2.249174639207965,1.3191886295107655
1786995342.2481244,24.979366779327393,-3.9283741926742417,3.040611631565561,5.015853815684208,2.249863454700578,1.1094336843650174
1786995342.2620025,24.993244886398315,-3.9432222719549976,3.0529902694280366,5.016122831652852,2.250558007379318,1.3930641530974395
1786995342.2717729,25.003015279769897,-3.9581626210395378,3.0653292263973824,5.016388391095419,2.251239226902753,1.9834114688798976
1786995342.2832165,25.014458894729614,-3.9731899174790106,3.077623341235026,5.016651592203536,2.2519008962766307,1.6967861886558504
1786995342.3042054,25.03544783592224,-3.9883063781118713,3.08987698406994,5.0169101383323556,2.2525539537580648,0.9271970144484146
1786995342.3154757,25.04671812057495,-4.003493738574575,3.102077112812192,5.017165386246077,2.2531783120855398,1.7286526758122112
1786995342.3306158,25.06185817718506,-4.018744563838512,3.1142302650669835,5.01741786126885,2.2537790396829793,1.288144284110764
1786995342.3407283,25.07197070121765,-4.034059312583685,3.1263376895014323,5.01767045374885,2.254363400347724,1.930696744861353
1786995342.35818,25.089422464370728,-4.049425370369215,3.1383834721947896,5.01792262202349,2.2549129245401867,1.1188782120091811
1786995342.3682413,25.099483728408813,-4.064834569054556,3.1503670115287656,5.018170621147436,2.2554287616741076,1.940317031299123
1786995342.380367,25.11160945892334,-4.080288573511508,3.1622978223087146,5.01841325008374,2.255926957627074,1.6102201709565704
1786995342.390388,25.121630430221558,-4.095784765161051,3.174173515454875,5.018649453688894,2.2564114004925857,1.9483991281227029
1786995342.4131544,25.144396781921387,-4.111325109274616,3.1859979462290977,5.018878604780732,2.2568865061987116,0.8577899301291959
1786995342.42336,25.154602527618408,-4.126911586755377,3.197775413588858,5.019101152557676,2.2573567648871764,1.9143192740412063
1786995342.4362264,25.167468786239624,-4.142554240344417,3.209515824058844,5.019319447089136,2.257842129656934,1.5202234824946377
1786995342.447545,25.17878746986389,-4.1582446087971405,3.2212094511273146,5.019534671705015,2.2583368616351667,1.7289770700835987
1786995342.4577017,25.188944101333618,-4.173976909422817,3.232851208698898,5.019746239792045,2.2588324057312184,1.9270605652369732
1786995342.4724703,25.203712701797485,-4.189740834136143,3.2444311887222277,5.019953472812078,2.259321886852919,1.3245121873182824
1786995342.4917867,25.223029136657715,-4.205515302783965,3.255923155253224,5.020159661182737,2.2597875488898747,1.0104207737782205
1786995342.494414,25.225656509399414,-4.221287566755223,3.2673143160031,5.0203664276353726,2.2602190533785076,7.405406235515822
1786995342.509968,25.241210460662842,-4.2370445238856735,3.2785958346847766,5.0205722405939,2.260609912519797,1.2460060817962828
1786995342.5303833,25.26162576675415,-4.2527723005658435,3.2897581360859385,5.020774911415098,2.260949982754979,0.9447483936614853
1786995342.5439572,25.27519965171814,-4.268481753815005,3.3008247764486476,5.020976296763491,2.261262783556383,1.4157426553723274
1786995342.5539727,25.285215139389038,-4.28420556474454,3.3118371140455145,5.021182847426308,2.261590303790638,1.9168033687419004
1786995342.565515,25.296757459640503,-4.299944954650414,3.322798981876448,5.021390940280255,2.261934996651349,1.6618506248150882
1786995342.591879,25.323121309280396,-4.299944954650414,3.322798981876448,5.021390940280255,2.261934996651349,0.0
1786995342.5924337,25.323676109313965,-4.315677852912663,3.333685478555405,5.021599202783059,2.2622724240212357,34.48684482543267
1786995342.5926611,25.323903560638428,-4.331390907041345,3.3444802680074797,5.021805664413236,2.262599488416866,83.81966492983359
1786995342.6026719,25.333914279937744,-4.3470635685338985,3.3551688207678496,5.022013690270762,2.2628976206548526,1.8951263081510805
1786995342.613644,25.344886302947998,-4.362689624275339,3.3657498738333542,5.022222863139101,2.263171774815781,1.7200681338242017
1786995342.6284223,25.35966467857361,-4.37825939150448,3.3762179333883524,5.022428855747934,2.2634212702794967,1.2696076319931124
1786995342.639934,25.37117648124695,-4.393763870178438,3.386566393027451,5.02262966628328,2.263643716540661,1.6193713096478322
1786995342.6496067,25.3808491230011,-4.409212187039848,3.3968146457289095,5.022830859342132,2.263849769521285,1.9167073911916757
1786995342.6663704,25.397612810134888,-4.424615922303764,3.406988197766782,5.023036824588239,2.264053934911496,1.101265729403007
1786995342.6833975,25.414639949798584,-4.439969013389798,3.417082942166253,5.023246450661666,2.2642552100007944,1.0791988217029918
1786995342.692206,25.42344832420349,-4.455272151146543,3.4270929390635856,5.023457229858519,2.26445288990964,2.076142538656061
1786995342.7085762,25.439818620681763,-4.470511369672814,3.4370004650802066,5.023667247676377,2.26463905192901,1.1104212506619848
1786995342.7158139,25.44705629348755,-4.48568155934559,3.4468049495781856,5.023876712973231,2.2648143566181944,2.495823565503463
1786995342.730733,25.46197533607483,-4.500770376161181,3.4564984277111206,5.0240845769844436,2.264976958626712,1.202182720659918
1786995342.7414339,25.472676277160645,-4.5157681792459945,3.4660769928170874,5.024288865651152,2.2651260133963285,1.6631025199132325
1786995342.7503338,25.481576204299927,-4.530671511167149,3.475536279528855,5.024488195043493,2.265262988322241,1.9834953445128163
1786995342.7634532,25.49469566345215,-4.5454798928789275,3.4848843762397803,5.024681827297281,2.2653905124345166,1.334903460869828
1786995342.7742457,25.50548815727234,-4.560180292804171,3.4941155174467147,5.02487137825092,2.265516159086844,1.6084774702763738
1786995342.7867284,25.51797080039978,-4.574781619398706,3.5032456956535034,5.0250609810570115,2.2656377651274275,1.379670067922016
1786995342.7993104,25.530552864074707,-4.589288802820778,3.5122811959306066,5.02525041572559,2.265753470464333,1.3584371864093137
1786995342.814955,25.546197414398193,-4.603711191126237,3.521225577653172,5.0254387810225465,2.2658688809042786,1.0848392126910358
1786995342.8236187,25.554861068725586,-4.6180534492149965,3.5300816041266483,5.0256255423012535,2.2659849442365827,1.9457352996180974
1786995342.8373172,25.568559646606445,-4.632300687649463,3.5388332707156964,5.02580899214502,2.266100300970285,1.2206753847556453
1786995342.8504062,25.581648588180542,-4.646449520055008,3.547475170100923,5.02598871426064,2.266214039505148,1.266736093896384
1786995342.8637972,25.59503960609436,-4.660491277875626,3.5559991984887604,5.026162544896867,2.266323841795315,1.2267494159968406
1786995342.8705947,25.601837158203125,-4.674422807856639,3.5644000359275436,5.0263296445940195,2.2664316945002865,2.3934029796340224
1786995342.8847017,25.615944147109985,-4.688262768868189,3.5727019977845087,5.026496407497866,2.266534438293081,1.1441034331622093
1786995342.8963735,25.627615928649902,-4.702019831349635,3.5809223276240516,5.026665117847111,2.2666336206006332,1.373125679085712
1786995342.9090624,25.640304803848267,-4.715678438232329,3.589042626212511,5.026833125066641,2.2667281674695086,1.2523596861735617
1786995342.9193435,25.650585889816284,-4.7292187030758175,3.597039764413623,5.026998113769277,2.266818490895247,1.529645576186453
1786995342.9404695,25.671711921691895,-4.742639794118942,3.604911432648118,5.0271564296912805,2.266904094517511,0.7365325413405925
1786995342.9491923,25.680434703826904,-4.755929157863254,3.6126397601824776,5.027304306423577,2.266989852120103,1.762496993019821
1786995342.9625456,25.693788051605225,-4.76908288439586,3.620228046312045,5.027442006033358,2.2670776795400154,1.1372600972756852
1786995342.97616,25.70740246772766,-4.782113312112599,3.6276944658296943,5.027573664141693,2.2671626570011623,1.103135707158516
1786995342.9842527,25.715495109558105,-4.795028559862661,3.6350476032185384,5.027699613514482,2.267241281511095,1.8365208240811544
1786995342.9987404,25.72998285293579,-4.807831387853011,3.6422933485204254,5.027820011780257,2.267315531996526,1.0154433569000838
1786995343.0074008,25.738643169403076,-4.820522974932447,3.6494377153256896,5.027934234566444,2.267388416796422,1.6817782181353067
1786995343.0196865,25.75092887878418,-4.833102136169184,3.6564820781230405,5.028041411949703,2.2674584570443805,1.173533507277287
1786995343.0317807,25.763023138046265,-4.845568829627102,3.663432384880923,5.02814158553899,2.2675211281648,1.1801951028246855
1786995343.0479386,25.779181003570557,-4.857914469169701,3.670278869695106,5.028234901833238,2.2675799963241996,0.8737100834676687
1786995343.062373,25.793615341186523,-4.870130321765135,3.677017582991079,5.028323684668416,2.2676413599925684,0.966551464636294
1786995343.06942,25.800662517547607,-4.882207946044745,3.6836459788646945,5.028406629099509,2.267698761839832,1.9549972154917699
1786995343.0812063,25.812448740005493,-4.8941409885644935,3.6901535304351363,5.028481668681928,2.267758440914675,1.1532386543163462
1786995343.0933714,25.82461380958557,-4.905918238341794,3.6965239405647976,5.0285470267776065,2.267828748884946,1.1006860124476125
1786995343.106344,25.837586402893066,-4.917540561509903,3.702757362922079,5.028603445335012,2.267909375007019,1.01664505076409
1786995343.122705,25.853947401046753,-4.929029196341201,3.708888428996253,5.028659660893012,2.26798312330122,0.7959392173639975
1786995343.134554,25.865796327590942,-4.9403976274337005,3.7149418317020313,5.02871743951026,2.2680457331685684,1.0869981459775029
1786995343.1533742,25.88461661338806,-4.951637820765713,3.7209087797883162,5.028774604724155,2.268102472477642,0.6761823611472598
1786995343.1646378,25.895880222320557,-4.962731587114187,3.726768289850855,5.028829198526913,2.268160743133411,1.113875145681511
1786995343.1765246,25.907767057418823,-4.973686060718218,3.7325298977948336,5.028881751896764,2.2682165430823473,1.041267385750953
1786995343.1853707,25.91661310195923,-4.9845040810438555,3.738197797638378,5.0289323939755155,2.268268653215262,1.3806163559609173
1786995343.1997495,25.930991888046265,-4.995174498552242,3.7437592375319784,5.028979513832409,2.268316971638588,0.8368478930644909
1786995343.2141538,25.945396184921265,-5.005700072905221,3.7492111754974915,5.029022070811926,2.2683652304149535,0.8229366941520476
1786995343.224805,25.956047534942627,-5.01607915707204,3.754544698195711,5.029058395583086,2.2684170577481395,1.0955724948173486
1786995343.2338524,25.965094804763794,-5.02630750179071,3.7597543968682867,5.029085954247862,2.268478179910944,1.2687483643315358
1786995343.2520096,25.98325204849243,-5.03638945400451,3.76484856231351,5.029105046683809,2.2685443476950367,0.6221136164577733
1786995343.2600174,25.991259813308716,-5.046328694544127,3.7698330464124834,5.029116880815541,2.2686071113660953,1.3885360712683534
1786995343.2759871,26.007229566574097,-5.056128221808979,3.7747120024406167,5.029124469042706,2.2686658569828566,0.6854781899626173
1786995343.2845044,26.01574683189392,-5.065793362783931,3.7794956573171397,5.029127500692971,2.2687213657272416,1.2661540014703248
1786995343.2947946,26.026036977767944,-5.075323092278871,3.7841898187338505,5.029128442976393,2.2687736239650875,1.0323595399896641
1786995343.3066638,26.037906169891357,-5.08470287340325,3.788781397249439,5.02912257961515,2.268829659822467,0.8798677587297987
1786995343.328504,26.059746503829956,-5.093936473615839,3.7932716797391537,5.02910738089321,2.2688904737363274,0.4701179643545708
1786995343.3325558,26.063798189163208,-5.103027652755849,3.797661060758342,5.029083371656492,2.2689538419942115,2.4916505798871693
1786995343.34153,26.07277250289917,-5.111966971796428,3.8019422063984307,5.0290516739704,2.269031152446953,1.1044456225608932
1786995343.356322,26.08756446838379,-5.1207584666652535,3.806121973068424,5.029015821006303,2.2691136047319955,0.6580993958827586
1786995343.3692722,26.10051465034485,-5.129416786593237,3.8102221513077765,5.028980410935534,2.2691826970502236,0.7397693082790721
1786995343.3779936,26.109236001968384,-5.137937462478721,3.814230110287851,5.02894330432537,2.2692489513072274,1.0796855358636321
1786995343.3969693,26.128211736679077,-5.137937462478721,3.814230110287851,5.02894330432537,2.2692489513072274,0.0
1786995343.3975866,26.12882900238037,-5.146318052532716,3.81813851562731,5.028900279722017,2.269320807217665,14.981000204150817
1786995343.402249,26.13349151611328,-5.154562680493244,3.8219588819231296,5.028853837488605,2.2693865571661656,1.9489212653137373
1786995343.4204087,26.15165114402771,-5.162677209208381,3.8257057446673235,5.02880603450434,2.269443536869874,0.492187614137617
1786995343.4315994,26.162841796875,-5.170655897920068,3.829377576616912,5.0287547891551165,2.2694945821283357,0.7848685349643644
1786995343.443158,26.174400329589844,-5.178493566392566,3.832974832991233,5.028698972325063,2.2695347763482907,0.7461106487694508
1786995343.4527063,26.183948755264282,-5.186186784345911,3.836487867478476,5.0286379712333185,2.2695680614421567,0.885756956134218
1786995343.465732,26.196974515914917,-5.193724826277184,3.839891185603649,5.02856974182109,2.2696152222455215,0.6349718869344401
1786995343.49044,26.22168231010437,-5.201105145278131,3.843181587323422,5.028492918104355,2.2696744966984133,0.3270607647444485
1786995343.5015824,26.23282480239868,-5.208333063886322,3.846375566102151,5.028408880974174,2.2697454476938796,0.7092325233257739
1786995343.5125184,26.24376082420349,-5.215413474280232,3.849474142226583,5.028316877715583,2.2698258188312446,0.7067730252914073
1786995343.5225897,26.2538321018219,-5.222363390337433,3.852499219509854,5.028223594002009,2.269897169700901,0.7526663576646323
1786995343.534432,26.265674352645874,-5.229187147640276,3.8554591954245683,5.028129501379514,2.2699549060033477,0.6281475607997928
1786995343.547328,26.278570413589478,-5.235878258245725,3.8583515781321847,5.0280365592457645,2.2700008719602827,0.5652962158524446
1786995343.5714686,26.302711009979248,-5.242437880981814,3.8611763339161924,5.027943757872084,2.2700368318677375,0.2958743850015872
1786995343.582479,26.313721418380737,-5.248863023261497,3.8639229889750073,5.027847938131436,2.270069274485081,0.6346956138811662
1786995343.59019,26.32143235206604,-5.255146493731869,3.8665848357752997,5.027748625463158,2.2701079500438275,0.8850751592952256
1786995343.6046357,26.335878133773804,-5.2612889902847195,3.8691607036381113,5.027647590550318,2.2701500340528895,0.4611379989875673
1786995343.6144354,26.345677852630615,-5.267302540525476,3.8716626353385024,5.027545368624546,2.2701881435510094,0.6647184458060502
1786995343.623816,26.355058431625366,-5.273186284126343,3.8740839480803246,5.0274419998101285,2.2702293716082167,0.678350768876099
1786995343.6374602,26.36870265007019,-5.278919005956272,3.876402769200613,5.027333468793669,2.270286796124644,0.45329716979831547
1786995343.6495993,26.380841732025146,-5.284490179969944,3.8786024786047575,5.0272159149400695,2.270376117502121,0.4935191774724791
1786995343.6624882,26.393730640411377,-5.2899158160444495,3.8806970120377597,5.027093369651806,2.2704873060921735,0.45133245709149866
1786995343.6720927,26.403335094451904,-5.295212832028601,3.882699649668904,5.026966161101287,2.2706036738746316,0.5897651916422563
1786995343.6864266,26.41766905784607,-5.30039439580011,3.8846281195159045,5.026836778346853,2.2707124176588978,0.3858186864614767
1786995343.6992085,26.430450916290283,-5.3054833901247,3.88650896773659,5.026712375853988,2.270797988560165,0.4245760551986919
1786995343.7103128,26.44155526161194,-5.310492764653915,3.8883601123131615,5.026595299881877,2.270852044094279,0.4810502795934073
1786995343.7257147,26.4569571018219,-5.31541201301435,3.8901700838710056,5.026482621076475,2.270886331629136,0.3404055026585225
1786995343.7324104,26.463652849197388,-5.320222769808019,3.8919269146007034,5.026372101955131,2.2709107401809554,0.7650676106784771
1786995343.7468922,26.478134632110596,-5.324907233403448,3.8936158961752168,5.02625934053135,2.2709369496388048,0.343943900839665
1786995343.7564404,26.487682819366455,-5.329451537584879,3.8952171073195836,5.026142879632938,2.2709788441379684,0.504761586785376
1786995343.768272,26.49951434135437,-5.333856269782077,3.896731735184959,5.026022751199635,2.2710341424967897,0.3938140790989512
1786995343.7802145,26.511456966400146,-5.338122540066345,3.89816170295533,5.025898896693629,2.271102865735253,0.37690586073138604
1786995343.793646,26.524888515472412,-5.342254072673889,3.8995101473301665,5.025770213447988,2.271187088906692,0.3237096256121364
1786995343.8041825,26.535424947738647,-5.346260020866104,3.9007890036918917,5.025636803842109,2.271281143488618,0.39930431590331605
1786995343.8163574,26.54759979248047,-5.350159331887482,3.9020210895437852,5.0255030133009555,2.27136739036427,0.3360636839648593
1786995343.8312423,26.562484741210938,-5.353951269685528,3.9032069765562096,5.025367982857227,2.2714509053929053,0.2670713392173338
1786995343.8454468,26.57668924331665,-5.357619446057735,3.9043316230092002,5.0252317351576465,2.2715426535640377,0.27027550182043253
1786995343.8533154,26.58455777168274,-5.361182414028201,3.905417677976075,5.025099093904155,2.271621724014308,0.473681611449615
1786995343.8645177,26.595760107040405,-5.36466094372175,3.9064910590717408,5.024972435594575,2.271673156609756,0.3251621772569816
1786995343.8772724,26.6085147857666,-5.368043733336066,3.9075414196740152,5.024848447593054,2.2717093585284647,0.2778805008076269
1786995343.8919272,26.623169660568237,-5.371316638018441,3.9085602626881877,5.0247241391128075,2.271740934714106,0.2340567728563471
1786995343.9061747,26.63741707801819,-5.374490293844693,3.909553728616112,5.024602145198555,2.271759911874227,0.23356894431716807
1786995343.9137785,26.645020961761475,-5.377566461636154,3.910511041369083,5.024481395564215,2.2717696223661457,0.4239869322834443
1786995343.923994,26.65523648262024,-5.380532252527183,3.911407881624606,5.024360117361367,2.2717892642688247,0.30353789646880297
1786995343.9390051,26.670247554779053,-5.383381358611353,3.912234986501614,5.024234629295588,2.2718269927395904,0.19781307453313496
1786995343.9477358,26.678978204727173,-5.38611974267038,3.9129930943030207,5.024106528703246,2.271872419650065,0.3257801235616205
1786995343.9641902,26.695432662963867,-5.388744229776967,3.9136816101303027,5.023976863219973,2.2719305322083945,0.16508563121114983
1786995343.9737544,26.704996824264526,-5.391266793194466,3.914315279245766,5.0238461394401295,2.2719913026334932,0.272289219025518
1786995343.9883542,26.71959662437439,-5.393703919398314,3.9149087623576433,5.0237177541098195,2.272048634814064,0.17203186017988062
1786995343.997717,26.728959321975708,-5.396066093944869,3.915470361038264,5.023590805190631,2.27209427178139,0.2596829030642958
1786995344.0089731,26.74021553993225,-5.398358489415074,3.9159987493864925,5.02346679787317,2.272126681386433,0.20928604274305124
1786995344.032411,26.76365351676941,-5.400576530951003,3.9164846537083084,5.023345895724512,2.2721507529949134,0.09701595243796458
1786995344.032787,26.764029502868652,-5.402710136899925,3.9169122161276233,5.023225759189121,2.272177746466129,5.796327601711724
1786995344.0467176,26.777960062026978,-5.404764910035946,3.91728632822399,5.023103848980674,2.272209911422627,0.15018117144156556
1786995344.0567706,26.788012981414795,-5.4067412430215915,3.9176067815867603,5.022979425418161,2.272247925472991,0.19954471080662425
1786995344.0738668,26.80510926246643,-5.40863334744487,3.917875718314784,5.022852946582916,2.272287925423785,0.11203034872425983
1786995344.0833654,26.814607858657837,-5.4104491811888344,3.9181101325651713,5.02272576694447,2.2723218406235035,0.19321948231398817
1786995344.092939,26.82418131828308,-5.412184092767673,3.918304499006639,5.022596838016575,2.272355802284174,0.1828513153826127
1786995344.1054695,26.836711883544922,-5.413827963698414,3.9184419156703627,5.022465977570707,2.272394273377378,0.1320600299638778
1786995344.1207616,26.852004051208496,-5.413827963698414,3.9184419156703627,5.022465977570707,2.272394273377378,0.0
1786995344.1213822,26.852624654769897,-5.415389123790996,3.918538476326166,5.022334784317257,2.272434355238741,2.5292084547205
1786995344.128939,26.86018133163452,-5.416873081283075,3.918600806446074,5.022202765822682,2.272473117572363,0.19732505085835064
1786995344.1480758,26.879318237304688,-5.418282813488676,3.9186347020292494,5.022073606211779,2.2725077755130996,0.07399536786041208
1786995344.1560104,26.887252807617188,-5.4196246871003115,3.9186512231264587,5.021949625173312,2.2725349257759295,0.1698504400243764
1786995344.1642344,26.895476818084717,-5.420901625103446,3.9186588243789435,5.021828671699937,2.272546657791213,0.15596723595907003
1786995344.177377,26.90861940383911,-5.422092508298805,3.9186292893323746,5.021711207254803,2.2725605323905276,0.09108000172131285
1786995344.1885154,26.919757843017578,-5.423188642051263,3.918544656530166,5.02159602600573,2.2725872173030557,0.09924310886982796
1786995344.2001336,26.931375980377197,-5.424184925581965,3.918402907375077,5.0214812346811755,2.272629871475522,0.08717773520265869
1786995344.2140586,26.945301055908203,-5.425091314431393,3.9182171455744075,5.0213672816752775,2.27268416489962,0.06694539289390843
1786995344.2255268,26.956769227981567,-5.425917340740893,3.917996135421563,5.021255789875669,2.2727403065092835,0.07519243320699912
1786995344.2377262,26.968968629837036,-5.426670433154393,3.9177434750032014,5.021144204716312,2.27279715119919,0.06575281988889715
1786995344.24861,26.979852437973022,-5.427372462165221,3.917482992355248,5.021036076589998,2.2728409489752233,0.06951271380719795
1786995344.2612689,26.99251127243042,-5.428030540211422,3.9172256394987874,5.020931087477665,2.272871444836652,0.056432272645236765
1786995344.2754712,27.00671362876892,-5.428631253099178,3.9169543326826655,5.0208279036899555,2.272894257529463,0.046975714633565126
1786995344.2913764,27.022618770599365,-5.4291647857126355,3.916654423379088,5.020727381245456,2.272920058654163,0.03899668810137758
1786995344.3000598,27.031302213668823,-5.429625067297108,3.916314351015283,5.020626994078417,2.272952078564909,0.06691141427090061
1786995344.3134577,27.044700145721436,-5.430010051589533,3.9159319000408925,5.020526750111805,2.2729916020002245,0.04118865696259822
1786995344.3283453,27.059587717056274,-5.43032375177541,3.91550885000414,5.020424212037781,2.273036001921807,0.036040586159836914
1786995344.3351095,27.066351890563965,-5.430565406273333,3.9150410986294166,5.020316224164404,2.2730884137949956,0.07945498782036983
1786995344.3496478,27.08089017868042,-5.430749666341239,3.9145429675745653,5.020205767979361,2.273136744840082,0.037314032529027485
1786995344.3603327,27.091575145721436,-5.430889584672533,3.9140287831608696,5.020096493420928,2.2731820062706865,0.050909870949712846
1786995344.3692029,27.10044527053833,-5.4310019914511445,3.913515441684229,5.019991123240623,2.273217183883509,0.06042352473557136
1786995344.3845735,27.11581587791443,-5.431099477669948,3.913013717655023,5.019889968270418,2.2732374359321907,0.03389722974166212
1786995344.3994734,27.13071584701538,-5.431178970405321,3.9125151579881,5.019791894152185,2.2732477202005703,0.03451651597413802
1786995344.4057727,27.137015104293823,-5.4312300204254464,3.9120097736903228,5.019697349026562,2.27324988981537,0.08202236074902962
1786995344.4193046,27.15054702758789,-5.431250418839162,3.911488053619593,5.019594034945222,2.27377589807878,0.039332337158099154
1786995344.4287488,27.15999126434326,-5.431239173522725,3.9109140007207346,5.019427834304969,2.2750191546346414,0.06329086582260529
1786995344.4426873,27.173929691314697,-5.431191260532691,3.910271733045072,5.019159293149125,2.2768990111891054,0.05006267482677844
1786995344.4538116,27.185054063796997,-5.431095581326515,3.9095493994999857,5.018763514735862,2.279366429703606,0.07453839485064098
1786995344.4639244,27.19516682624817,-5.430947290791571,3.9087519404876465,5.018233661013602,2.2823765990845355,0.09580496887570474
1786995344.501906,27.233148336410522,-5.430947290791571,3.9087519404876465,5.018233661013602,2.2823765990845355,0.0
1786995344.502485,27.23372745513916,-5.430734203155409,3.907892000015556,5.017568704155281,2.285890252186636,1.912790202182852
1786995344.5030787,27.234321117401123,-5.430459063411207,3.9070142944075386,5.016785924175936,2.289881795910103,2.0345128898866047
1786995344.503737,27.234979391098022,-5.430130002137227,3.906162301406332,5.0159041811856495,2.2943148560577984,1.9285374149271957
1786995344.524108,27.255350351333618,-5.42975126926326,3.9053624504564888,5.014933476868717,2.2991496255839143,0.06448249426256421
1786995344.5411763,27.2724187374115,-5.429335829446592,3.9046399891019603,5.013881678248015,2.3043309101077507,0.07862176950254794
1786995344.5512345,27.282476902008057,-5.428875118782672,3.9039823003848455,5.012755857266048,2.309838225644408,0.1374855926942989
1786995344.5616677,27.29291009902954,-5.4283642209299625,3.903389782675226,5.011558056530653,2.3156478575066943,0.13712683914860785
1786995344.580102,27.311344385147095,-5.427803844044016,3.9028595748268415,5.010292164760284,2.3217466820373276,0.08041747434733046
1786995344.586077,27.31731939315796,-5.427193255449642,3.9023914426720068,5.008957258195394,2.328107881853907,0.2578674532807029
1786995344.603396,27.334638357162476,-5.426524466562206,3.9019789088424255,5.007554814306651,2.334722031338881,0.09282191598974379
1786995344.613968,27.345210313796997,-5.42579666499806,3.9016204971337003,5.006087690126731,2.341573008386119,0.1585786520396567
1786995344.6226287,27.35387110710144,-5.425020347102553,3.901324707802291,5.004553930116361,2.34863342031991,0.2014018103357207
1786995344.637317,27.36855936050415,-5.424205883891018,3.901086000883567,5.002955439698263,2.3558898710056773,0.12321649192437907
1786995344.6501563,27.381398677825928,-5.423368371926487,3.9009039523536284,5.001295334988107,2.3633172184107356,0.14551335684504338
1786995344.664622,27.395864486694336,-5.422517260195554,3.900782486852703,4.999574055767747,2.3708931025446,0.13300635366223137
1786995344.6753953,27.40663766860962,-5.421660525415089,3.9007252608640486,4.997792611575359,2.378589175724523,0.18356484651992713
1786995344.6828175,27.41405987739563,-5.420794660848588,3.900729923453188,4.995951757912382,2.3864013257393095,0.27408643785876163
1786995344.7002547,27.43149709701538,-5.419926490877732,3.9007959597956727,4.9940523881486625,2.3943150654925116,0.11982542568659767
1786995344.7123728,27.443615198135376,-5.419052939294656,3.900914651294155,4.992096886914566,2.402330919166298,0.17701062565304773
1786995344.7185714,27.449813842773438,-5.418173719106017,3.901081966440072,4.99008642673603,2.4104487414523486,0.355025271165859
1786995344.7312264,27.46246886253357,-5.417306159531952,3.901305336463955,4.988023103109335,2.418640516505869,0.17774866359957972
1786995344.749808,27.481050491333008,-5.416456813249648,3.9015846960438108,4.985910117375938,2.4268965544651744,0.12347525124834095
1786995344.7584558,27.4896981716156,-5.41563199126983,3.901928680327917,4.983747801585887,2.4351936898800655,0.2705598353193921
1786995344.7746103,27.505852699279785,-5.414840835019386,3.9023387036195736,4.981538819221364,2.4435186722261233,0.14744736694883123
1786995344.782079,27.51332139968872,-5.414096044231223,3.9028211540220266,4.979285711363703,2.4518605886164178,0.3242281436049059
1786995344.7959054,27.52714776992798,-5.413388945332792,3.903361683265419,4.976990664587081,2.4602177938153322,0.17803551463285425
1786995344.8070407,27.538283109664917,-5.41270712765435,3.9039428325740326,4.974655464538077,2.4685943765721694,0.22461403242544598
1786995344.8187761,27.550018548965454,-5.412044706156426,3.904553352105717,4.972281131625478,2.4769910326022417,0.21639469282999754
1786995344.8425126,27.573755025863647,-5.411401709362038,3.9051896719148522,4.969867872636153,2.485404636330393,0.1085771973917362
1786995344.8499713,27.58121371269226,-5.4107766603088905,3.9058596287678364,4.967416341883235,2.4938311610704025,0.3508876332872718
1786995344.869074,27.600316524505615,-5.410180116452373,3.906579109915031,4.964927101383254,2.502241389423714,0.1391897873041131
1786995344.8732207,27.60446310043335,-5.409611187000747,3.9073452984230648,4.962404184890159,2.510625323180346,0.6505066557002013
1786995344.8978791,27.62912154197693,-5.40904534358278,3.9081391567869295,4.95985101170373,2.5189880052047475,0.11083272814070003
1786995344.9107552,27.641997575759888,-5.408470675369269,3.9089559252553396,4.957272104366896,2.527334522150534,0.21478065559833576
1786995344.9175205,27.648762941360474,-5.407893301373082,3.909800425381628,4.954666362552708,2.535663188621608,0.41377848263051087
1786995344.9323566,27.663599014282227,-5.407336626048193,3.910689841582168,4.952032945998551,2.543960418624119,0.19107173504607716
1786995344.9492002,27.680442571640015,-5.406820411588156,3.911627537963642,4.949371765119506,2.552215929115365,0.170295708214978
1786995344.9607127,27.691955089569092,-5.406362324466523,3.9126193196218244,4.94668249078915,2.5604171608407085,0.2521343004947099
1786995344.972079,27.70332145690918,-5.405959899414054,3.9136623085004247,4.943965519362331,2.568560013857502,0.25847980576172225
1786995344.9834707,27.714713096618652,-5.4055937260306335,3.9147380528769276,4.941223451788775,2.576645266973544,0.2605599815290472
1786995344.9968953,27.728137731552124,-5.405239691807899,3.915827644850495,4.938459502969283,2.584679828631438,0.22287259948772364
1786995345.0136025,27.744844913482666,-5.404871743940921,3.9169191985607323,4.93567589325217,2.5926743603041533,0.18031368364460543
1786995345.0262258,27.757468223571777,-5.4044906364032235,3.918009816985927,4.932869432428435,2.600631086871983,0.24042416129087227
1786995345.0395734,27.7708158493042,-5.404112324101118,3.919104475607713,4.930040593686439,2.608544008883546,0.2290108371155134
1786995345.04843,27.779672384262085,-5.403762363738964,3.9202262673138,4.927192296716905,2.6163959106354455,0.3478993013212207
1786995345.060852,27.792094469070435,-5.403447611092852,3.9213857640989276,4.924328023869172,2.624178960496957,0.2500427553521974
1786995345.0714025,27.802644968032837,-5.403180588268098,3.9225921305115343,4.921445830365715,2.63189343687241,0.29722450071139456
1786995345.0894413,27.82068371772766,-5.402950234918191,3.923837889277483,4.9185492264279835,2.639544917770157,0.17526343103039635
1786995345.0957472,27.82698965072632,-5.402744408036757,3.9251122789061546,4.915639916177549,2.647140950831699,0.50473859222483
1786995345.1143281,27.84557056427002,-5.402572612493361,3.9264137476886396,4.912715586524687,2.6546813219384373,0.17251412861760163
1786995345.1343963,27.865638732910156,-5.402445680971103,3.927740865327981,4.909773515698118,2.662149431164095,0.1609532098785597
1786995345.1392913,27.87053370475769,-5.402363009347725,3.929084872289532,4.906816155714728,2.6695455602097318,0.6638418667575827
1786995345.1544094,27.88565182685852,-5.402332999543384,3.930455644439332,4.903845790052127,2.6768673759883272,0.21639872213176595
1786995345.1654134,27.896655797958374,-5.402352612646896,3.931853325079596,4.900861264777093,2.6841141209222843,0.29949612176843865
1786995345.1745265,27.905768871307373,-5.402412873162433,3.9332668436035565,4.897864327188397,2.6912878843730206,0.36366505753399636
1786995345.1884122,27.919654607772827,-5.402487500364018,3.9346844953197926,4.894859321028432,2.6983828274594037,0.2393432417901432
1786995345.201777,27.933019399642944,-5.402570696320603,3.9361004025956055,4.891849585277248,2.705406032178751,0.24895222368015657
1786995345.2248821,27.956124544143677,-5.402669017164335,3.937522460815272,4.888833154197272,2.712361790740586,0.14439560493859402
1786995345.2409406,27.972182989120483,-5.402803983790053,3.938964643195603,4.885811019004773,2.719245093405984,0.20869574629034024
1786995345.2458937,27.97713613510132,-5.402958882307204,3.940415432521587,4.882784454677681,2.726058024012291,0.678334961517748
1786995345.2572706,27.988512992858887,-5.40313156755861,3.9418764221654246,4.879751862251167,2.7328050232144463,0.29626788076932586
1786995345.268834,28.00007653236389,-5.403340904531414,3.943354812082868,4.876711992949999,2.739491617511188,0.29288418400676813
1786995345.2853446,28.016587018966675,-5.4036101312452125,3.944861099503719,4.873664706522636,2.74610188450452,0.2065286477334565
1786995345.2922378,28.02348017692566,-5.4039306115817665,3.946391556848226,4.870612955277653,2.752632829176231,0.4974530081677776
1786995345.3043222,28.035564661026,-5.404298753180462,3.9479447299534893,4.867562301095117,2.7590818893792046,0.28491220178919857
1786995345.3156507,28.04689311981201,-5.404692828551029,3.9495136273796017,4.864512826243315,2.7654557873329564,0.30471581183951535
1786995345.3281915,28.059433937072754,-5.405095465037618,3.9510945808875513,4.86146510130034,2.771759308655671,0.27565188989008776
1786995345.3510034,28.08224582672119,-5.405485019873888,3.95267876888765,4.858420467465093,2.777983296572234,0.15141914753487618
1786995345.3583224,28.08956480026245,-5.40585746378026,3.954260283730166,4.855377303440065,2.7841350140834145,0.4713429396651946
1786995345.3723319,28.10357427597046,-5.406229253436763,3.955844704187917,4.852334767869804,2.7902063359221017,0.24629435727239937
1786995345.3840866,28.115329027175903,-5.406611642443415,3.957440394810794,4.849293619059131,2.796197667109633,0.2939730798783426
1786995345.3990932,28.130335569381714,-5.407015976452282,3.959048177697231,4.84625442814288,2.8021035856813317,0.23069639019075586
1786995345.4101408,28.141383171081543,-5.407436154445086,3.9606626962674114,4.8432169825199765,2.807926829467382,0.31368283941862746
1786995345.4216268,28.15286922454834,-5.407878669982113,3.962289591116459,4.8401819656614595,2.813672014159134,0.3022689756958995
1786995345.4317586,28.16300106048584,-5.4083397785405065,3.963929259467688,4.837149226415461,2.8193465144659773,0.3433050102768922
1786995345.4469304,28.178172826766968,-5.408803478011485,3.9655763313509413,4.8341197282209745,2.824944135171439,0.22932912273049852
1786995345.4563599,28.187602281570435,-5.409246232734341,3.967217159109159,4.831097019113051,2.830466422971826,0.367754577376358
1786995345.471285,28.20252752304077,-5.409672757121737,3.9688521714495897,4.8280823220747395,2.835907366876939,0.2315506561420293
1786995345.480277,28.211519479751587,-5.4100928186419655,3.970482001311549,4.825074291875419,2.841271513964257,0.38333023169459807
1786995345.4957857,28.227028131484985,-5.410529308711011,3.972112587934582,4.822073346360603,2.8465645830493336,0.22201224289813612
1786995345.5070658,28.23830819129944,-5.41100825268931,3.9737495398200937,4.819081385641798,2.851788518230622,0.30531356260596365
1786995345.5197089,28.250951290130615,-5.41152067964611,3.9753878857128915,4.816098917329781,2.8569441421138446,0.2721803195275019
1786995345.531575,28.2628173828125,-5.412066539015443,3.977026760237445,4.813126382085852,2.862028603348572,0.2897330410332963
1786995345.5521512,28.283393621444702,-5.412645689185259,3.978667363699904,4.810165199283572,2.8670440367065066,0.16691447385094738
1786995345.5661638,28.29740619659424,-5.413253613153253,3.9803086497127214,4.807215917107687,2.8719933111400784,0.2447463898391972
1786995345.5749578,28.3062002658844,-5.413878465933544,3.9819460412238543,4.8042797484791855,2.876878324110703,0.38883491758511596
1786995345.5874443,28.318686723709106,-5.4145150317356485,3.9835785059924813,4.801355725381633,2.881693151366088,0.27300153319594594
1786995345.608267,28.3395094871521,-5.415143214000008,3.9851989382180686,4.798446724519219,2.8864351493112776,0.16273599956582704
1786995345.6230834,28.354325771331787,-5.415755835994216,3.9868028568040463,4.7955533278624545,2.891112758123502,0.227078664882561
1786995345.6286418,28.35988426208496,-5.4163601286570335,3.9883913217701394,4.79267412153659,2.895725228071508,0.6014914132313738
1786995345.644566,28.375808477401733,-5.416967120411457,3.989970343230883,4.789809923848143,2.900272687967633,0.20889355932328948
1786995345.6542134,28.3854558467865,-5.417582742507413,3.991538573520352,4.786961052083457,2.9047563855481418,0.34307220328173127
1786995345.665503,28.396745443344116,-5.41821325505639,3.9930971547885266,4.784126416101451,2.909180027880387,0.29192691227598233
1786995345.6823325,28.413574934005737,-5.418867606420603,3.994649180005718,4.781306867688726,2.913542345708589,0.19515315057900948
1786995345.6906967,28.42193913459778,-5.4195678820815525,3.996197972159063,4.778505423773145,2.917849488186534,0.39176146193562866
1786995345.702012,28.43325448036194,-5.420299887793029,3.9977419270172683,4.775724008839995,2.922098276473199,0.28848763141638867
1786995345.7177124,28.448954820632935,-5.421063564548034,3.9992811286820262,4.772962784426955,2.926290802748679,0.20714102196370823
1786995345.7307785,28.462020874023438,-5.421835037505457,4.0008094603964475,4.770221293454703,2.9304280083734078,0.24736940674005667
1786995345.7369328,28.468175172805786,-5.422601061578273,4.002324037985259,4.767498949065207,2.9345095621912614,0.5212776940868629
1786995345.750541,28.481783390045166,-5.4233773667974,4.00383046509668,4.764794874513704,2.9385432784415015,0.23450806482955383
1786995345.7701654,28.501407861709595,-5.424167426721384,4.005328892293163,4.762109767757294,2.942524825586352,0.16177697774597408
1786995345.7843397,28.51558208465576,-5.424949102367026,4.006808271162406,4.759449149684351,2.946447939064123,0.22174075465614865
1786995345.790679,28.521921396255493,-5.425713328490655,4.008267591854082,4.756814046508453,2.9503050924674343,0.49021728687797234
1786995345.8015795,28.532821893692017,-5.42648881684181,4.009711790910544,4.754204031581274,2.9541019127328147,0.28274753153207755
1786995345.8143518,28.545594215393066,-5.427294880264756,4.01114251459388,4.751617966105465,2.9578469652263073,0.23984706314068271
1786995345.8259964,28.557238817214966,-5.428140761064027,4.0125607025531425,4.7490539463445325,2.96153911862859,0.2619023828836341
1786995345.8383517,28.569594144821167,-5.429031633288056,4.013959210637451,4.746510497400715,2.9651831694822275,0.24574148167876564
1786995345.8544252,28.585667610168457,-5.429968222800979,4.015330481072638,4.743986490538522,2.9687817540393295,0.18796755509231994
1786995345.866353,28.59759545326233,-5.430951159354053,4.016667948712723,4.741482681976852,2.9723359675045566,0.251848065259569
1786995345.8746202,28.605862617492676,-5.4319603595174675,4.017968693074403,4.7390006999585665,2.975842087258476,0.36026435454553635
1786995345.8884654,28.619707822799683,-5.432967129314772,4.019229484893342,4.7365410776566925,2.9792981851511486,0.21246237258598002
1786995345.902431,28.633673429489136,-5.43392770457521,4.020450481139115,4.734106807047202,2.982690269675846,0.2067771998936267
1786995345.9114304,28.642672777175903,-5.434835873945907,4.021635442939362,4.731694301965396,2.986016970282751,0.31525521219385483
1786995345.9272568,28.658499240875244,-5.435708375504109,4.022789772728298,4.729301975150799,2.9892861285040118,0.17665875479788515
1786995345.939997,28.671239376068115,-5.436579222965104,4.023922874624453,4.726931866131787,2.992508127134649,0.21723619281800782
1786995345.949444,28.680686473846436,-5.437484060483346,4.025040901543034,4.724585406716386,2.995686459110815,0.2913272210968029
1786995345.9685247,28.699767112731934,-5.438452558865893,4.026154115130158,4.7222638123101826,2.9988286868429985,0.14416835264109168
1786995345.9740784,28.705320835113525,-5.439482238236416,4.027262978092461,4.71996543367618,3.0019402283160685,0.4954861153767586
1786995345.9821036,28.713346004486084,-5.440538600146941,4.02836565751223,4.7176929280321405,3.005009657742776,0.3411638633030065
1786995346.0001376,28.731379985809326,-5.441592668140826,4.029455861758063,4.715447609066812,3.0080385686367097,0.15024077914060152
1786995346.0107243,28.741966724395752,-5.44264359365334,4.030532391772809,4.713229104908047,3.01102606001334,0.2531948595232998
1786995346.0230722,28.754314661026,-5.443669245827439,4.031595169478781,4.711038371063108,3.0139665441144836,0.2139722162799752
1786995346.036541,28.767783403396606,-5.444659329622954,4.03264236695709,4.708872473066289,3.0168608163862256,0.19315378060745086
1786995346.0488527,28.780095100402832,-5.445614373152694,4.0336688145340505,4.706730433964226,3.019702147836649,0.20793923201032147
1786995346.0585167,28.789759159088135,-5.446549280317922,4.034673787241325,4.704611487820171,3.022496920060453,0.26124315167204654
1786995346.0747325,28.80597496032715,-5.446549280317922,4.034673787241325,4.704611487820171,3.022496920060453,0.0
1786995346.0786064,28.80984878540039,-5.447487626135003,4.035655523403949,4.702515105044662,3.025250772544568,0.644794978153375
1786995346.0814073,28.812649726867676,-5.448455627655813,4.036611235634128,4.700441664773482,3.027972320265192,0.8853566396158157
1786995346.09396,28.825202465057373,-5.4494650202489145,4.03754065626111,4.698392172581757,3.030662657034218,0.1964827913630646
1786995346.108052,28.83929443359375,-5.4504993804128805,4.0384446687522315,4.696368152955926,3.03332049864492,0.1735867961835831
1786995346.1222615,28.853503942489624,-5.451541928110445,4.0393176789360234,4.6943701952828505,3.0359376353899306,0.17008278038814864
1786995346.1352994,28.866541862487793,-5.452587790555641,4.040160156287609,4.692393848418092,3.0385128966475556,0.18327041891220927
1786995346.144354,28.875596523284912,-5.453643431761172,4.040980220318415,4.690437695526952,3.041049454264056,0.26166250013704934
1786995346.1573822,28.888624668121338,-5.454699392382602,4.041781366720098,4.688503116285478,3.0435475921719277,0.1800024606713753
1786995346.1668506,28.8980929851532,-5.455751082875664,4.042567901683715,4.6865898143923355,3.0460112677711106,0.24509630695920015
1786995346.1796398,28.910882234573364,-5.456797116193561,4.043342210766016,4.6846980894888155,3.048438720224345,0.17953850715411487
1786995346.1976964,28.92893886566162,-5.457827522749574,4.044105104606693,4.682827870687051,3.050827904167492,0.12557599684014312
1786995346.2033682,28.934610605239868,-5.458839874537115,4.044853427207455,4.6809792222475055,3.0531826183347137,0.39433969055705376
1786995346.2175767,28.948819160461426,-5.45982532730116,4.045585389418384,4.6791512246560165,3.0555011538146846,0.1549715707009696
1786995346.2274573,28.958699703216553,-5.4607772899941125,4.046301465901093,4.677347301539229,3.057786968338933,0.21878798065134628
1786995346.2393715,28.970613956451416,-5.461706748850267,4.047007061783569,4.6755670658967805,3.0600339008909563,0.17866114825629256
1786995346.2502477,28.98149013519287,-5.462618049197825,4.047699595699873,4.673809039136942,3.062239911847438,0.19287947167793032
1786995346.2663946,28.997637033462524,-5.463521504009348,4.0483772774857325,4.672071988169162,3.0644103051038267,0.12831655723082477
1786995346.280001,29.01124334335327,-5.464421963066664,4.0490351319686475,4.670354852404189,3.0665490798862414,0.1504798224305359
1786995346.2897549,29.020997285842896,-5.465349498773248,4.04967656731259,4.66866098726435,3.0686604151262222,0.20862642950598734
1786995346.3001316,29.031373977661133,-5.466304361576677,4.050308911488819,4.666992252440798,3.0707480959527813,0.19504591335598764
1786995346.3132918,29.04453420639038,-5.467285068491444,4.050932329226009,4.6653483911265035,3.072804424195405,0.15297118623050968
1786995346.326342,29.057584524154663,-5.468264057741028,4.051542290046854,4.663730217378137,3.0748320663411803,0.15227205004540462
1786995346.3363428,29.067585229873657,-5.469228140824473,4.052139684691124,4.662134989027416,3.0768265883677515,0.19571789305944445
1786995346.3574147,29.08865714073181,-5.470162197613481,4.0527244897160415,4.660560676259268,3.0787891088888295,0.09119709645432456
1786995346.3674967,29.09873914718628,-5.471059382516127,4.0532999368688705,4.659006257601675,3.0807193945856928,0.18694234936246545
1786995346.3814669,29.112709283828735,-5.471924210810963,4.053867367246196,4.657472967351921,3.0826181803983883,0.13239406985026234
1786995346.3903728,29.121615171432495,-5.472758470933585,4.0544198729120255,4.655959870626164,3.084489129087269,0.2036891380800123
1786995346.4025607,29.133803129196167,-5.4735593506892535,4.054955558854846,4.654466980448478,3.086325462710052,0.14578487364311887
1786995346.4318702,29.16311264038086,-5.4735593506892535,4.054955558854846,4.654466980448478,3.086325462710052,0.0
1786995346.4324136,29.163655996322632,-5.474337758385705,4.055477077292269,4.652995773096915,3.088133942180172,3.2101124426722016
1786995346.4326441,29.163886547088623,-5.475107900013821,4.055990501548431,4.651548640448711,3.0899146828039914,7.450952881315029
1786995346.4403522,29.171594619750977,-5.4758823490198,4.05650428896104,4.650126021392021,3.091666800644846,0.22045616408702345
1786995346.452079,29.183321475982666,-5.476660035264722,4.057021582568809,4.648726331716914,3.0933912733163837,0.14349216803419837
1786995346.463928,29.195170402526855,-5.477449043989438,4.057542587262872,4.647349400442495,3.0950874251452345,0.14096681862559124
1786995346.4847386,29.215981006622314,-5.478232396366964,4.058065598633857,4.64599858866406,3.0967605491049377,0.07913162617241883
1786995346.48869,29.219932317733765,-5.4790024483499575,4.058582585005271,4.644673874931824,3.098408502070559,0.4092650932124574
1786995346.5045004,29.235742807388306,-5.479753323240615,4.059091113939596,4.643373837553724,3.1000326774744424,0.10025562500787853
1786995346.519368,29.2506103515625,-5.480489114469284,4.059586003063394,4.642096208970929,3.1016370494704084,0.10460351244259203
1786995346.5283337,29.259576082229614,-5.481194278104786,4.060064037994676,4.640840659389204,3.103212696110897,0.16923249289855943
1786995346.5393379,29.270580291748047,-5.481891617630626,4.060524189387818,4.639608861262067,3.1047685703823364,0.1352577509804128
1786995346.5513585,29.28260087966919,-5.482587814735836,4.060963988456771,4.63839665401141,3.106307191463333,0.12191213831354245
1786995346.5610435,29.292285919189453,-5.483286638354259,4.061384050654776,4.637203072384717,3.1078353687724722,0.14924986600915555
1786995346.571378,29.30262041091919,-5.483967407096921,4.061781603342441,4.636029583625363,3.1093454239176364,0.1367951089412492
1786995346.5860026,29.31724500656128,-5.484621120522675,4.0621558170087875,4.634875076982933,3.1108357517820413,0.09425902749144771
1786995346.5954287,29.32667112350464,-5.485238013670691,4.0625102868422855,4.6337375407918975,3.112298659829642,0.1423399813036028
1786995346.6118991,29.343141555786133,-5.485827923886592,4.06284931671372,4.63261661129686,3.113733907392314,0.0796133260714375
1786995346.6202369,29.351479291915894,-5.486409258420901,4.063180406251014,4.631513173489968,3.1151468486725684,0.15476683360085972
1786995346.6344392,29.365681648254395,-5.486992297249151,4.06350442772635,4.630430426080733,3.1165458865789133,0.0895427323647612
1786995346.6444635,29.37570595741272,-5.487572467334201,4.063820809345737,4.629368815782201,3.117922570235228,0.12474518886679055
1786995346.6589735,29.39021587371826,-5.4881234560360985,4.064125025802805,4.628328245375962,3.1192758130129774,0.08381232147730457
1786995346.6682346,29.399477005004883,-5.488653191033003,4.064419398747024,4.627308957642206,3.120604709809351,0.1280450858860685
1786995346.6821592,29.41340160369873,-5.489165779173001,4.064704486178616,4.62630860581749,3.1219110199366984,0.08327872874778987
1786995346.6930466,29.424288988113403,-5.48964662312294,4.064981937859507,4.625327916861234,3.123192018991834,0.10350664782370289
1786995346.7053692,29.436611652374268,-5.490098717439323,4.065251995427201,4.6243672479330575,3.12445147414678,0.08890437373818198
1786995346.7205694,29.45181179046631,-5.490534003310379,4.065511110953254,4.623426890058764,3.125692688525885,0.07027063727556229
1786995346.7302723,29.461514711380005,-5.490960324371381,4.065759509732304,4.622504450566185,3.126915813179365,0.10781393049995405
1786995346.748975,29.480217456817627,-5.491377027807326,4.066000899477108,4.621552151481261,3.1273391831077557,0.05705784627740443
1786995346.753131,29.484373331069946,-5.491786430905582,4.066250879909595,4.620376026447476,3.126649454716004,0.3056361729265714
1786995346.7665477,29.497790098190308,-5.492189178968962,4.066517277642405,4.6188778793819205,3.124955555270652,0.11731926293556622
1786995346.7931364,29.524378776550293,-5.492189178968962,4.066517277642405,4.6188778793819205,3.124955555270652,0.0
1786995346.7937198,29.524962186813354,-5.492586478935885,4.066802244169572,4.6170212419152525,3.1223490261298594,3.2908855816480203
1786995346.7939563,29.525198698043823,-5.492979539807613,4.067104861458068,4.614792415519279,3.1188964802825327,9.65434837871483
1786995346.8000658,29.5313081741333,-5.493367652560261,4.06742294803408,4.612186374078015,3.1146602801092182,0.43439315193009204
1786995346.8149457,29.54618811607361,-5.493747973742103,4.067755198541298,4.609203334819173,3.1097354302101583,0.2033263797031199
1786995346.8255868,29.55682921409607,-5.494109900700891,4.068097580053052,4.605843873568637,3.1041504071729253,0.31915909280999255
1786995346.845452,29.57669448852539,-5.494435889920155,4.068446199603176,4.602112172060736,3.097906157264148,0.18938075002820629
1786995346.8473513,29.578593730926514,-5.494704823179005,4.068795032884411,4.59800925007966,3.090981351849754,2.1727069301400284
1786995346.859518,29.590760469436646,-5.494903027522516,4.069134152895141,4.593533227271791,3.0833834622715415,0.3693039527454818
1786995346.8722277,29.60347008705139,-5.495024564665502,4.069448971147668,4.588685875571824,3.075171153785193,0.3823155389332569
1786995346.888252,29.619494438171387,-5.49508443495348,4.069717910205729,4.583478655773284,3.066324838275503,0.3254112344036871
1786995346.896819,29.628061532974243,-5.4951215234599164,4.06991290498879,4.577929745307405,3.056843252826641,0.6481146260330104
1786995346.913424,29.64466643333435,-5.495172877781197,4.070003139732283,4.572056381887468,3.0467529668301103,0.35376791713021516
1786995346.9295084,29.66075086593628,-5.495269076798423,4.069966308253189,4.565876102785397,3.0361099619482075,0.38429316323063406
1786995346.9466672,29.67790961265564,-5.495435590667296,4.069785084164314,4.559401596763246,3.0249796245074587,0.37760227727703266
1786995346.9545999,29.685842275619507,-5.495685244899711,4.069447515977785,4.552639739117195,3.0133980560490627,0.8540486317417433
1786995346.9650373,29.696279764175415,-5.496024389316476,4.068951974650698,4.545594738163727,3.0014047920473903,0.6774183089424383
1786995346.9769592,29.70820164680481,-5.496463476021507,4.06830409482648,4.538269222125559,2.9890339831566344,0.6179566316856241
1786995346.9916837,29.722926139831543,-5.497010989532041,4.067510121107878,4.5306640335533075,2.976316080073795,0.5206357859000755
1786995347.000971,29.732213497161865,-5.497676937423827,4.06658322609405,4.522781210720327,2.9632811199846993,0.8576194532964483
1786995347.0131583,29.7444007396698,-5.49847676100711,4.0655420461139276,4.514621968721531,2.9499733321356008,0.6781025410609117
1786995347.0301964,29.761438846588135,-5.499414835892039,4.0643981237119,4.506185877811422,2.9364172538562254,0.5026862350545014
1786995347.0533276,29.78456997871399,-5.500488552837238,4.063161089222381,4.4974728520597855,2.9226182049921126,0.3832782883432918
1786995347.0614498,29.792692184448242,-5.501699236436949,4.0618440527662605,4.4884834335218216,2.908584556066612,1.128473769921613
1786995347.073398,29.804640531539917,-5.5030608456314765,4.0604663554692735,4.4792185083713685,2.8943538864528477,0.792180304858027
1786995347.0856354,29.816877841949463,-5.5045682350346645,4.0590346218056474,4.469678212244543,2.8799322587764085,0.797902969082573
1786995347.0973332,29.828575611114502,-5.506204187443219,4.057547718078313,4.459863311652926,2.8652982510012928,0.8600605736472247
1786995347.1115518,29.842794179916382,-5.507966532540338,4.056011037068462,4.449773036593366,2.8504573155041704,0.7284593456329804
1786995347.1227398,29.8539822101593,-5.5098602598157935,4.054431422724514,4.439406836338338,2.835423474715169,0.9524009986034487
1786995347.130843,29.862085342407227,-5.511889808487594,4.052814207666222,4.4287649292293185,2.8202170655486976,1.3517920816870272
1786995347.1523092,29.883551597595215,-5.514052875856118,4.051160913925335,4.417846500259754,2.804843718447765,0.5242063716191013
1786995347.1657028,29.896945238113403,-5.516351425638985,4.049475156012996,4.406651084972334,2.7893135610774364,0.8625432533783425
1786995347.1750119,29.906254291534424,-5.518781519938621,4.047755516327592,4.395178569438609,2.7736346254405184,1.2732200701793908
1786995347.184439,29.9156813621521,-5.521331054691177,4.045994095366325,4.383431327882947,2.757795829043953,1.2887451074094205
1786995347.2076237,29.938866138458252,-5.523998363731801,4.04418912438891,4.371411140438063,2.7417930560615917,0.5367388373250793
1786995347.2181358,29.94937825202942,-5.526816994009171,4.042364196678492,4.359117966420605,2.725680823142611,1.2122694971995145
1786995347.230665,29.961907386779785,-5.529800522321946,4.040531037693187,4.3465479120571295,2.709488162278395,1.0414673672187067
1786995347.2401237,29.97136616706848,-5.532945832822918,4.03869282480058,4.333697887948099,2.6932136325006004,1.412070410819024
1786995347.2568753,29.988117694854736,-5.536248568303763,4.036854442919234,4.320566094104349,2.6768587910009507,0.8157453854650691
1786995347.274341,30.00558352470398,-5.539700221982887,4.035016498820859,4.307154236829821,2.6604226190993185,0.7998658558524866
1786995347.282017,30.013259410858154,-5.5432911332132,4.0331760969060095,4.293466523948125,2.6438928323131803,1.8590792689191933
1786995347.2928488,30.024091243743896,-5.5470132627781075,4.031330823688441,4.279505761056131,2.6272651408765726,1.3447205315610604
1786995347.3214295,30.052671909332275,-5.550855082634499,4.029472416084536,4.265272690053009,2.610524635995118,0.519901261468194
1786995347.3417273,30.072969675064087,-5.554835951285168,4.0276176760723414,4.250766628795489,2.5937054245587645,0.7466975556719748
1786995347.349638,30.080880403518677,-5.558967886573771,4.025778221153971,4.235984418986069,2.5768363977017734,1.95413879143766
1786995347.362533,30.093775510787964,-5.563257119926955,4.023961805316534,4.220924214599636,2.559924581617864,1.2224864221404925
1786995347.378728,30.109970331192017,-5.567710125715407,4.022180184832249,4.205585641571123,2.54298726344594,0.9923508888781356
1786995347.3851805,30.11642289161682,-5.572321824315791,4.020435656410772,4.189967291970222,2.5260276845426093,2.5382413691775443
1786995347.3962991,30.127541542053223,-5.5770777789052595,4.018720809891371,4.174070374003176,2.509033278574837,1.50031525406271
1786995347.4082437,30.139486074447632,-5.581958988487217,4.017020960751536,4.1578988989343735,2.4919768743773156,1.421353721700324
1786995347.4310322,30.162274599075317,-5.586957318778908,4.015328816210828,4.141453496419137,2.474848669115884,0.757894761887091
1786995347.455476,30.186718463897705,-5.59206654518544,4.013636322505941,4.12473731963145,2.4576336095943376,0.7184338979529813
1786995347.4591253,30.190367698669434,-5.597292125871993,4.011945019923586,4.107755063679161,2.440338024601481,4.89098904657961
1786995347.4750106,30.206253051757812,-5.602647340463467,4.010265643861582,4.0905060790378185,2.422986640066193,1.1418743076530224
1786995347.484551,30.21579337120056,-5.6081483339892,4.008614618369524,4.072984774111674,2.4056068765697787,1.9327053406766563
1786995347.499077,30.230319499969482,-5.61381642125068,4.0070184967577305,4.055188110458707,2.3882435820415044,1.2904718957265084
1786995347.522916,30.25415849685669,-5.61381642125068,4.0070184967577305,4.055188110458707,2.3882435820415044,0.0
1786995347.5234604,30.25470280647278,-5.619663083113996,4.00549682558693,4.037111311745615,2.3709318087078706,35.01615974526768
1786995347.5264347,30.25767707824707,-5.625678016543395,4.004045883247833,4.018756164886621,2.353665515786714,6.512511347143031
1786995347.54863,30.27987241744995,-5.6318381970994595,4.002644937181378,4.000133713262455,2.3364092894775954,0.8859898959491862
1786995347.569576,30.30081844329834,-5.638107274714226,4.001250507499779,3.9812601105328413,2.3190885332511697,0.9517970194291802
1786995347.5781865,30.309428930282593,-5.644461360973887,3.9998267465944752,3.962147370591302,2.301636387646402,2.3449941009013586
1786995347.5868123,30.318054676055908,-5.65092375949983,3.998396311708965,3.9427999843050556,2.2840987982004695,2.370604254049049
1786995347.6002462,30.331488609313965,-5.657530721554435,3.99700194056867,3.9232238683547243,2.2665528507413284,1.541468308665933
1786995347.6130269,30.344269275665283,-5.664300530978977,3.995667322934039,3.9034249068165665,2.24904425921361,1.6405160458191232
1786995347.623657,30.354899406433105,-5.671229178565212,3.9943870056761175,3.8834094696703576,2.2315667149418306,1.9961564136404057
1786995347.6373315,30.368573904037476,-5.6783241292614814,3.9931758678915523,3.8631829139341223,2.2141454741395132,1.5700041562956732
1786995347.6510875,30.3823299407959,-5.685570722579609,3.992016303402546,3.842760380796842,2.1967493690849427,1.5775689105994593
1786995347.6833436,30.414586067199707,-5.685570722579609,3.992016303402546,3.842760380796842,2.1967493690849427,0.0
1786995347.683874,30.41511631011963,-5.692949233934111,3.9908801607223516,3.8221554128613544,2.1793291276972435,41.33143555882342
1786995347.6841102,30.41535258293152,-5.700470315019754,3.989786394681747,3.801376212138636,2.1619153085572242,93.64390787386384
1786995347.6914527,30.42269515991211,-5.708136639574639,3.9887410957469247,3.780431086996088,2.1445219735914893,3.0409670171093364
1786995347.7005422,30.431784629821777,-5.715934874716236,3.9877213344422184,3.759330159137167,2.1271112848350704,2.4774728785343236
1786995347.7241533,30.455395698547363,-5.723845692076069,3.986690159910106,3.7380839399579577,2.1096135131303764,0.9611860089687039
1786995347.7437694,30.475011825561523,-5.731873320053035,3.9856502157272673,3.716695351735862,2.0920311546303125,1.1658318587961882
1786995347.7607796,30.492022037506104,-5.740028230890261,3.9846149933584134,3.6951732358928515,2.0743881817461056,1.3543964345504842
1786995347.7710915,30.502333879470825,-5.748334020440666,3.9836259784864816,3.6735283669259324,2.0567668002787967,2.250309985330605
1786995347.7857125,30.51695489883423,-5.756795424087395,3.9826938527302636,3.6517669542777025,2.039186116467393,1.5981882436953303
1786995347.7968333,30.528075695037842,-5.765422429641695,3.9818441259516097,3.62989656370896,2.021691000981739,2.115474162468809
1786995347.8122191,30.543461561203003,-5.774209206336574,3.9810717987762296,3.607925247250828,2.0042678095028608,1.5388007621753597
1786995347.824269,30.555511474609375,-5.783140638698326,3.9803512319459387,3.5858604089817123,1.986869746175103,1.9763497930923388
1786995347.833712,30.56495451927185,-5.7921990875482505,3.9796435952812566,3.563711467711488,1.9694256526204514,2.5352175117478595
1786995347.852552,30.583794355392456,-5.801386450511311,3.978954371360188,3.541482467712942,1.951948140281137,1.277221813826712
1786995347.8705795,30.601821899414062,-5.810701414988671,3.9782800827102016,3.519177508280238,1.934431747972115,1.341352038400325
1786995347.878297,30.60953950881958,-5.820148269292003,3.9776309013107305,3.496801463383325,1.916894392079562,3.148275138004819
1786995347.8890262,30.62026858329773,-5.82973505626123,3.977030189995606,3.4743626740200875,1.8993802075246835,2.274970756267917
1786995347.913719,30.6449613571167,-5.839466587553886,3.976493932918343,3.4518698071098934,1.8819267088227654,0.9927461478224536
1786995347.9253218,30.656564235687256,-5.849346935338872,3.9760391866891323,3.4293289005389576,1.8645766085759583,2.121495371666693
1786995347.9342618,30.665504217147827,-5.85937601322344,3.975675790432067,3.406748522524475,1.847351141180148,2.7639965065684025
1786995347.946617,30.67785930633545,-5.86953481441207,3.9753502048938354,3.3841433281704996,1.830176507716833,2.006065461917898
1786995347.9635985,30.694840908050537,-5.879811193788526,3.9750183529286005,3.3615262210284795,1.8129937106762137,1.4630227056362508
1786995347.9762936,30.707535982131958,-5.879811193788526,3.9750183529286005,3.3615262210284795,1.8129937106762137,0.0
1786995347.9785438,30.70978617668152,-5.8902028215631965,3.974661908181068,3.33890564990799,1.7957818525875124,11.063864419763112
1786995347.9993563,30.73059868812561,-5.900714933727867,3.974285409715933,3.316289217548106,1.7785626621267714,1.1984579671586064
1786995348.0025697,30.73381209373474,-5.9113560472280255,3.973910947005997,3.293677829861091,1.7613789721988475,7.777719183380924
1786995348.0156097,30.746852159500122,-5.922132671918822,3.973563318703585,3.27107236996338,1.7442773048673936,1.9206364132934572
1786995348.032725,30.763967514038086,-5.933049479252961,3.9732680147068495,3.2484751983691256,1.7273208794891293,1.466386801332168
1786995348.0441334,30.775375843048096,-5.944110418474006,3.9730572872536074,3.225891350659478,1.7105652014633554,2.2043492471223
1786995348.0580175,30.789259910583496,-5.955309099356521,3.9729199510400046,3.203325100218167,1.6939773918134453,1.814494047894881
1786995348.072855,30.804097414016724,-5.966637013647279,3.9728211835236458,3.180782742580553,1.6775044498443692,1.7003358672665119
1786995348.0840669,30.815309286117554,-5.978089044026301,3.9727414045010434,3.158272612022041,1.6611340106701664,2.2526048056935455
1786995348.0959928,30.827235221862793,-5.98966825173876,3.972679315860147,3.1357981965514363,1.6448789692086738,2.1199203830463125
1786995348.1049511,30.836193561553955,-6.001376578687484,3.9726409964788845,3.1133638817292724,1.6287604093965944,2.82483447479004
1786995348.1268363,30.858078718185425,-6.013213920199116,3.972625288209081,3.090978239033698,1.6127848216179483,1.1570726003893095
1786995348.1476812,30.878923654556274,-6.013213920199116,3.972625288209081,3.090978239033698,1.6127848216179483,0.0
1786995348.1483922,30.879634618759155,-6.025176978895712,3.9726065826181713,3.0686491278533317,1.596908885733795,35.63032224383193
1786995348.1560876,30.887330055236816,-6.037265123250484,3.972559089541242,3.0463815914832564,1.5810836809334683,3.2924838829010374
1786995348.1623616,30.893604040145874,-6.049481908653703,3.9724694829690916,3.0241738016560897,1.5652763779440966,4.039932442474644
1786995348.182904,30.914146423339844,-6.06183032545106,3.9723566310864538,3.0020266750532594,1.5495188079817475,1.2343881359404762
1786995348.1959758,30.927218198776245,-6.074311511905972,3.972257065572148,2.9799421238644532,1.5338799339707074,1.9406425307001012
1786995348.2073593,30.93860173225403,-6.086919569269195,3.9722056209704104,2.9579232329303142,1.5184140986447157,2.2289354497911007
1786995348.222097,30.953339338302612,-6.099644618554314,3.9722394625606454,2.93597701331577,1.5031788417727328,1.7213497612506352
1786995348.2312365,30.96247887611389,-6.112478930574523,3.9723544446199144,2.9141104515266787,1.4881966509662885,2.7742173960136998
1786995348.249959,30.98120141029358,-6.125418024807211,3.97253791584631,2.8923299071881132,1.4734367416987997,1.3531650268121642
1786995348.274404,31.005646467208862,-6.13846121979609,3.9727587601952474,2.870639275116773,1.4588393100078718,1.0354325470775803
1786995348.281563,31.012805461883545,-6.15161154217217,3.9729725886826652,2.8490410554646144,1.4443331195916695,3.532275606467616
1786995348.2941678,31.025410175323486,-6.164872465657147,3.9731345468691845,2.8275380694098162,1.4298747314117166,2.004309224213048
1786995348.310121,31.04136347770691,-6.178246877739098,3.973237011867773,2.8061345716501243,1.4154684963322453,1.5820399767742634
1786995348.3229103,31.054152727127075,-6.191725659521083,3.973344018687101,2.7848432096512212,1.4012124538384059,1.9703600925480569
1786995348.337304,31.068546533584595,-6.205300011928148,3.9734955028290257,2.7636674448370355,1.387166290817642,1.7475230682512428
1786995348.3525212,31.083763599395752,-6.218964031176157,3.973695891509256,2.74260699185578,1.373320060327185,1.6498280730280699
1786995348.3682997,31.099542140960693,-6.23271744051199,3.973932476599654,2.721662270510744,1.3596615749682688,1.588093863436806
1786995348.3907204,31.121962785720825,-6.24655952469721,3.974195463311751,2.7008343993995627,1.3461742470499278,1.1154653183885237
1786995348.3983479,31.129590272903442,-6.2604823428822645,3.974482414235658,2.6801264531969173,1.3328496176475622,3.271704501535443
1786995348.4138837,31.14512610435486,-6.274473040306838,3.974812354144991,2.659542787637175,1.3197128760342858,1.6021334563081377
1786995348.4259422,31.157184600830078,-6.28852582191615,3.9751757413465434,2.6390908276501217,1.306754068736381,2.058070821297229
1786995348.4349067,31.166149139404297,-6.302639723463573,3.9755451092302443,2.618775878160137,1.2939385405988675,2.759691149043309
1786995348.4549258,31.18616819381714,-6.316810995631583,3.9759035770002003,2.5985960066882434,1.2812575674887867,1.2318923127312342
1786995348.4632647,31.194507122039795,-6.331032398792236,3.9762669760480196,2.578555644082574,1.2687258929123573,2.9471821310807838
1786995348.4957466,31.226989030838013,-6.345297965622988,3.9766515433349667,2.558656878165305,1.2563648208049534,0.7538670554371899
1786995348.506353,31.237595319747925,-6.359605669868076,3.977048175936037,2.538899727187856,1.2441718990994814,2.300237364149953
1786995348.5265772,31.257819652557373,-6.3739510997835,3.9774454459249733,2.5192859025170495,1.2321311378168003,1.201687044781004
1786995348.5372603,31.268502712249756,-6.388330938481547,3.977826857255456,2.499817702174262,1.2202356977548579,2.265841141941211
1786995348.5516813,31.282923698425293,-6.402745279262682,3.9781755932945155,2.480497073056581,1.2084750990498512,1.6717100278314538
1786995348.5685606,31.299803018569946,-6.417195488263358,3.9784795788413447,2.461326788329025,1.1968509807569547,1.4223527719494802
1786995348.5884113,31.319653749465942,-6.431667084675823,3.9787646423184584,2.4423132059889574,1.1853785560003693,1.2037905690746122
1786995348.5961847,31.32742714881897,-6.446145491140122,3.97905645034155,2.423457493308098,1.1740645438435648,3.058498493098628
1786995348.6052315,31.33647394180298,-6.460620354441038,3.9793688121346675,2.4047595039524916,1.1629112628028857,2.613979323913297
1786995348.631855,31.363097429275513,-6.475078958191779,3.9797117184328075,2.386221911542167,1.1519129596664393,0.8831275816784756
1786995348.6499603,31.381202697753906,-6.489526362316986,3.9800645683903815,2.3678432240313407,1.1410548919772998,1.2913412518099792
1786995348.6541138,31.385356187820435,-6.5039566969986025,3.980424301041516,2.3496233354900404,1.1303228052789638,5.59648936960423
1786995348.669364,31.400606393814087,-6.518361693581816,3.980783699706379,2.3315608942057757,1.1197259645089401,1.5151237306484648
1786995348.6951792,31.426421642303467,-6.532732286599443,3.981153231057238,2.313657111707813,1.1092813079029349,0.8894257783055072
1786995348.7094088,31.440651178359985,-6.547065109775413,3.981529320017934,2.295913673310075,1.0989846987815188,1.6031651600115964
1786995348.7215235,31.452765941619873,-6.561366234082047,3.981885474317812,2.2783356281694966,1.0888401086454784,1.8707384839143093
1786995348.736169,31.467411518096924,-6.575647048509152,3.982193632328379,2.260925572272683,1.0788356708160955,1.5376600015805761
1786995348.76068,31.49192237854004,-6.589905931609458,3.9824555564080644,2.243686397481764,1.0689703206186019,0.912799449798161
1786995348.783294,31.514536380767822,-6.604128291314396,3.982691419848171,2.226619881369424,1.0592594343548225,0.9824464272100623
1786995348.7880876,31.51933002471924,-6.6183060948299115,3.9829258601298916,2.2097270422442628,1.0496874120639952,4.600931643529862
1786995348.8062382,31.53748059272766,-6.632425777723644,3.983173768477079,2.193005539684917,1.0402340268373655,1.2058510122500659
1786995348.8354619,31.566704273223877,-6.646466320777771,3.983455795371294,2.176454293962228,1.0308935106610133,0.7427614448449835
1786995348.8453755,31.5766179561615,-6.660424021974466,3.9837712147150013,2.1600746014386356,1.0216606631822875,2.1709734844977797
1786995348.8638601,31.595102548599243,-6.67430655584846,3.984106485036158,2.143869031673876,1.012533758673843,1.1545536496174822
1786995348.8802655,31.611507892608643,-6.688139780148024,3.9844206853832143,2.1278391540160295,1.003524208759024,1.2907856846654526
1786995348.905911,31.637153387069702,-6.701941722407753,3.9846834865184264,2.1119827370174216,0.9946620156292125,0.8197746303393607
1786995348.9182987,31.64954113960266,-6.715709723486795,3.984897420685624,2.0962998091510947,0.9859560441897441,1.6847303541548069
1786995348.931354,31.662596464157104,-6.729431801663886,3.9850834859816753,2.0807914395592615,0.9773904212232382,1.5862066152092562
1786995348.9406512,31.67189359664917,-6.743099942988304,3.985247270858164,2.0654554120838653,0.9689532199324373,2.2096683404669366
1786995348.9525428,31.68378520011902,-6.756689269983872,3.9854215749378423,2.050293427421064,0.9606293954652982,1.7122488411691907
1786995348.9836235,31.714865922927856,-6.770179790421114,3.9856355593828274,2.035309491764073,0.9524124817154066,0.648739413300374
1786995348.9973083,31.728550672531128,-6.7835631915762935,3.98588383754519,2.0205034519105944,0.9442916220161336,1.4585474640401581
1786995349.0092814,31.74052381515503,-6.796845272751737,3.9861520063833304,2.005876051754977,0.9362663560594726,1.6503367563353728
1786995349.017173,31.74841547012329,-6.810021849476608,3.986439109787808,1.9914263085040231,0.9283321627682927,2.478263327400836
1786995349.0537403,31.784982681274414,-6.823111300810926,3.986717283819351,1.977156536708568,0.9205127386122584,0.5295969927539386
1786995349.0770216,31.808264017105103,-6.83613015778137,3.986953220397878,1.9630687560216837,0.9128214031466982,0.8239920402391965
1786995349.0777588,31.809001207351685,-6.849080695762294,3.9871405454426228,1.9491584765005616,0.9052604615588483,25.78236693485803
1786995349.0853193,31.816561698913574,-6.861955004217864,3.987292562661701,1.9354250902022465,0.8978193773874715,2.489904123320643
1786995349.122478,31.85372042655945,-6.874735695298076,3.98743181192014,1.9218672369696121,0.8904911440357524,0.5014377653579728
1786995349.1354864,31.86672878265381,-6.887420875388061,3.98755685869734,1.9084850660198636,0.8832779161658826,1.417505200035555
1786995349.143664,31.874906301498413,-6.900009394951332,3.9876652132952137,1.8952798417074292,0.8761860643554251,2.2310514548955394
1786995349.1552992,31.886541604995728,-6.912497189000582,3.9877581673045372,1.8822520529140023,0.8692038904520106,1.5510142077839666
1786995349.1869752,31.918217658996582,-6.924883081334693,3.9878327887996328,1.8694002366002953,0.862331856671993,0.5634840685968965
1786995349.2054646,31.936707019805908,-6.937158838615357,3.987892771516743,1.856721227116217,0.8555689195369339,0.954499759276218
1786995349.2263162,31.957558631896973,-6.949315719680235,3.9879439552069784,1.8442155348272387,0.8489014624020632,0.836428953599074
1786995349.22744,31.958682537078857,-6.96134873700313,3.987985389744537,1.831882131995289,0.8423179504103377,15.33138223443411
1786995349.3315556,32.06279802322388,-6.96134873700313,3.987985389744537,1.831882131995289,0.8423179504103377,0.0
1786995349.33646,32.067702531814575,-6.973238920929814,3.9880356791376737,1.819719261936666,0.8357924231832089,3.4680834075432934
1786995349.3558593,32.08710169792175,-6.973238920929814,3.9880356791376737,1.819719261936666,0.8357924231832089,0.0
1786995349.356357,32.08759951591492,-6.984979253252007,3.9880978384207015,1.8077261056290976,0.8293201194245289,33.71348217160802
1786995349.3622162,32.09345865249634,-6.996565514517096,3.9881716488961256,1.7958988240053417,0.8228966723239752,2.8258287568689098
1786995349.3722525,32.10349488258362,-7.008016597807794,3.9882387506278314,1.7842389577601352,0.8165349936714611,1.6283717677758196
1786995349.4057057,32.136948108673096,-7.019355897786339,3.9882807944699077,1.7727478298196664,0.8102660080385403,0.48258311709388807
1786995349.4185562,32.14979863166809,-7.030600266869466,3.988278119007256,1.7614231147639432,0.8041122477894378,1.2418836025132203
1786995349.428424,32.159666299819946,-7.0417594419545715,3.9882210538963774,1.7502613761380301,0.7980865833126946,1.599503800586256
1786995349.4425375,32.17377996444702,-7.052832255038129,3.988106247331819,1.7392606303743672,0.7921899895894339,1.105940162592389
1786995349.4565816,32.187824010849,-7.063795720940778,3.9879560950955577,1.7284230764848385,0.7864000349333937,1.0977347144154486
1786995349.4823942,32.21363663673401,-7.074633197706114,3.9877933395938046,1.7177516197080733,0.780704430099798,0.5892634353936662
1786995349.5013843,32.23262667655945,-7.085330073224599,3.9876309721796472,1.7072473374274597,0.7750745677918095,0.7895181019855904
1786995349.5138545,32.245096921920776,-7.095875442497897,3.987476585838644,1.6969097190478546,0.7694952582218922,1.1842621741653263
1786995349.5257766,32.25701904296875,-7.106258770074326,3.987340233733991,1.6867373798068424,0.7639498212302906,1.2192844288002334
1786995349.5582724,32.289514780044556,-7.116488743714482,3.987216161831104,1.6767298912389343,0.7584464129153966,0.4404100543267915
1786995349.5685573,32.29979968070984,-7.1265838192764,3.987085101156663,1.6668890373440695,0.7530127649199801,1.3708043140460762
1786995349.5822723,32.313514709472656,-7.136559707129263,3.986922394442915,1.6572135072750562,0.7476759961539148,1.013357429404155
1786995349.6011107,32.33235311508179,-7.146430016712262,3.9867132330003567,1.6477014188405452,0.7424533136262782,0.7277346896825924
1786995349.622429,32.35367131233215,-7.156207572573495,3.9864521161326008,1.6383573339824429,0.7373626919974958,0.6345300131947568
1786995349.6398964,32.37113881111145,-7.165879169229417,3.9861540300127416,1.629181319162088,0.7323780994301101,0.7634299791580721
1786995349.6449296,32.37617206573486,-7.175432553942308,3.9858309104093617,1.6201694216597087,0.72748335978563,2.6100793296593285
1786995349.657222,32.38846445083618,-7.184857775176486,3.985491083065502,1.6113204932190737,0.7226638517645644,1.0520874873428578
1786995349.6956139,32.42685627937317,-7.194140913999322,3.9851440474589643,1.6026324638271354,0.7179038252944582,0.3313005946218368
1786995349.7069805,32.438222885131836,-7.203263731167724,3.984810062981454,1.5941029525835613,0.7131788795105316,1.0991490912001158
1786995349.7262645,32.45750689506531,-7.212226528408396,3.984493234232292,1.5857291272759306,0.708482486985051,0.6362788014935051
1786995349.7448618,32.47610425949097,-7.221047502501298,3.984177505752749,1.57751305920201,0.7038404196436581,0.6484108599551417
1786995349.7584946,32.489737033843994,-7.229746654621447,3.983843457158079,1.569455712925026,0.6992753245182927,0.8701109453623581
1786995349.7864146,32.51765704154968,-7.229746654621447,3.983843457158079,1.569455712925026,0.6992753245182927,0.0
1786995349.787169,32.51841139793396,-7.238322152911729,3.9834872716160237,1.5615539213051277,0.6947841862736328,15.46533858372927
1786995349.7874184,32.5186607837677,-7.2467755275753944,3.983108562903147,1.5538046297825072,0.6903705115980912,46.009344449473716
1786995349.7890186,32.52026104927063,-7.2551026906875205,3.9827096503108765,1.5462064801436992,0.6860302160738965,7.048671178812756
1786995349.8258839,32.55712628364563,-7.263299568432001,3.9822929203304755,1.5387569367537979,0.6817553359419334,0.3006664802254946
1786995349.8427346,32.57397699356079,-7.271376631396498,3.981849856501625,1.531458670839232,0.6775619496676021,0.6465573335371598
1786995349.8605409,32.59178328514099,-7.279338192482746,3.981377098188346,1.5243134876235689,0.6734490862012712,0.6013665990071517
1786995349.871438,32.60268044471741,-7.287178032376867,3.9808792083889935,1.5173179749299186,0.6694075368437148,0.9652922735235472
1786995349.8781307,32.60937309265137,-7.294889908820076,3.98036403639273,1.5104692001503817,0.6654289554342488,1.543016435753761
1786995349.9106617,32.64190411567688,-7.302465810830168,3.9798382842968243,1.503763040583683,0.6615014339672015,0.31143509114516216
1786995349.9320536,32.66329598426819,-7.309888344046315,3.979314992232931,1.4971972279974337,0.6576093857498239,0.4638956391470876
1786995349.93822,32.66946244239807,-7.317151965053183,3.9788023963623806,1.490769939309562,0.6537364551606109,1.575056003876109
1786995349.951353,32.6825954914093,-7.324264533694095,3.9782945630249986,1.484478023509312,0.64989821304759,0.7241058605914886
1786995349.9854116,32.71665406227112,-7.3312464542491504,3.977775988136326,1.4783245314132427,0.6461120497208469,0.2736764850920705
1786995350.0063286,32.737571001052856,-7.338131454073239,3.977225498306086,1.4723157915529081,0.6424167078698466,0.437676215405163
1786995350.021395,32.75263738632202,-7.344916719702526,3.9766461552947745,1.4664491430347364,0.638800844939751,0.5965926337663527
1786995350.0291958,32.760438203811646,-7.351583045878814,3.9760513015993464,1.4607214146529615,0.6352458196556977,1.1292562447697194
1786995350.0540588,32.785301208496094,-7.3581273142322186,3.9754451338869856,1.455132382332204,0.6317460205434919,0.3469978054132708
1786995350.0655596,32.796802043914795,-7.3581273142322186,3.9754451338869856,1.455132382332204,0.6317460205434919,0.0
1786995350.0660613,32.797303676605225,-7.364545841830673,3.974834397215155,1.4496775908082753,0.6282913738518235,16.835879527229814
1786995350.0791788,32.81042122840881,-7.370840572387232,3.9742152123660315,1.4443601578370004,0.6248881733645898,0.6299421926045798
1786995350.0952175,32.826459884643555,-7.377017983530535,3.9735878722546745,1.4391795781353802,0.6215356354481086,0.5041915468547576
1786995350.1234927,32.854735136032104,-7.383055490105819,3.9729735441341156,1.4341309618387064,0.6182046105825777,0.27918895099027186
1786995350.1375291,32.86877155303955,-7.388953277596377,3.9723714900685603,1.4292078278808884,0.614896505767581,0.5490059501706638
1786995350.149371,32.88061332702637,-7.394724489178345,3.9717742417402357,1.4244079783241421,0.6116224240809698,0.6358914332592421
1786995350.1611586,32.89240097999573,-7.40038670879351,3.9711681810591535,1.4197296803045503,0.608398034709405,0.6252167474655487
1786995350.1871817,32.918424129486084,-7.405948499271795,3.97055086849723,1.4151710973070117,0.6052373652282083,0.27735709367702793
1786995350.2035325,32.93477487564087,-7.411396337370408,3.969936341611772,1.410731147200877,0.6021246304742065,0.431464541678586
1786995350.2121792,32.943421602249146,-7.416724080361955,3.9693266895242663,1.4064065113743658,0.5990523852104697,0.7967233508289109
1786995350.2264469,32.95768928527832,-7.421933760286737,3.968718882928041,1.4021964013417965,0.596020221101807,0.471394924522591
1786995350.2602472,32.99148964881897,-7.42703403739255,3.9681076776680717,1.3981049250435242,0.5930415889792615,0.1942903013186099
1786995350.2743258,33.00556826591492,-7.432035922829419,3.9674819051204273,1.3941351319618658,0.5901224271988608,0.4557523189944857
1786995350.2814324,33.0126748085022,-7.43693485321603,3.966848585340484,1.3902843560055764,0.5872524149666537,0.8813445936333721
1786995350.2969065,33.028148889541626,-7.441725857289064,3.9662094658799534,1.3865499488095854,0.5844253020161431,0.39472629991158825
1786995350.3054156,33.03665804862976,-7.446408789392569,3.9655610313940923,1.3829290082737704,0.5816456724398059,0.6998292590323013
1786995350.3516583,33.08290076255798,-7.450985394892399,3.9649000344117926,1.3794196951670723,0.5789129033362349,0.12553233667769992
1786995350.377878,33.10912036895752,-7.455438679671233,3.9642392205343215,1.3760220154611384,0.5762157024725499,0.21511650833067067
1786995350.3981974,33.12943983078003,-7.459775788083587,3.9635836765423544,1.3727365314283722,0.5735523650127504,0.2697112772140071
1786995350.409122,33.14036440849304,-7.464012756255783,3.9629259340244105,1.3695622756363834,0.5709361456048867,0.48833294785525744
1786995350.4467418,33.1779842376709,-7.468162410910826,3.962260170593009,1.3665017600662763,0.5683707407490912,0.13819846946113623
1786995350.4720616,33.203304052352905,-7.472199377663426,3.9616031370405804,1.3635520508358754,0.5658394799583232,0.19916318164252902
1786995350.4797566,33.21099901199341,-7.47611670975504,3.960959698492018,1.3607072037735821,0.5633391262211155,0.6346905770470536
1786995350.495331,33.22657346725464,-7.479902574660569,3.9603393971031693,1.3579635015253828,0.5608589143882677,0.3028361537542133
1786995350.5246973,33.25593972206116,-7.4835639038748125,3.9597394457398334,1.3553199013997668,0.5584024272150071,0.15513194712382544
1786995350.5362132,33.26745557785034,-7.487108635230156,3.959151375595361,1.352773819657265,0.5559758027995239,0.3824121178898433
1786995350.5527008,33.28394317626953,-7.490558752709602,3.9585625963545517,1.3503257728106273,0.5535868207043442,0.25905357918289845
1786995350.5631177,33.29436016082764,-7.49392285043644,3.957978020980649,1.3479743267517212,0.5512393800207467,0.39799070734310005
1786995350.5967884,33.328030824661255,-7.497206932476139,3.957393591436477,1.3457182481795809,0.5489307766139371,0.11959934541682309
1786995350.6160862,33.347328662872314,-7.500419074538854,3.956803454020634,1.3435540242422706,0.5466643382786911,0.20302302914157672
1786995350.620028,33.3512704372406,-7.503559556916295,3.9562053156841284,1.3414796894031369,0.5444405162006547,0.9668082677974027
1786995350.6398976,33.371140003204346,-7.506613201606992,3.955606552226649,1.33949462426039,0.5422508012585563,0.1857632958214882
1786995350.6587272,33.38996958732605,-7.509585156146351,3.955003524545342,1.3376000562189807,0.5400957418259354,0.1898973400139848
1786995350.6841135,33.415355920791626,-7.512455433552664,3.9544057321952595,1.3357949897358796,0.5379597406232798,0.1356233765569445
1786995350.6856425,33.416884899139404,-7.515213168812212,3.953818331915024,1.3340756358630175,0.5358383604161873,2.1599206397118857
1786995350.6974213,33.42866373062134,-7.517869645560619,3.953233979920153,1.3324398175504293,0.5337430875490233,0.2694659434762351
1786995350.7401116,33.47135400772095,-7.520438925966277,3.9526495560337387,1.33088679005589,0.5316753114455189,0.0716448106695086
1786995350.7481863,33.47942876815796,-7.522929229543122,3.952065323453176,1.3294156417744412,0.5296410769002822,0.36543491113338944
1786995350.75826,33.48950242996216,-7.525326880981207,3.9514988881517237,1.3280264659338774,0.5276313296046568,0.2807637878245767
1786995350.7711692,33.50241160392761,-7.527621310658272,3.9509587190891757,1.326717136093448,0.525637527143228,0.20887416416282809
1786995350.782277,33.513519525527954,-7.529832054276656,3.950429204993283,1.3254871221716273,0.5236675931761419,0.23269036415296426
1786995350.8155012,33.546743631362915,-7.531980789820074,3.9499022219060427,1.3243368431232285,0.5217327316610497,0.07505319350605896
1786995350.8353605,33.56660294532776,-7.534074662103251,3.9493779887683913,1.3232645267841066,0.5198364424596842,0.1213628712995035
1786995350.846391,33.57763338088989,-7.5361106310517645,3.9488575058798108,1.322268479063969,0.5179733631286743,0.2108303014605664
1786995350.859147,33.59038949012756,-7.538093122872304,3.9483412608975774,1.3213472858280202,0.5161388376488243,0.17608756872576364
1786995350.8969326,33.628175020217896,-7.540007673273004,3.9478341093677454,1.3204988780075992,0.5143310970186907,0.057023059924004235
1786995350.9184775,33.64971995353699,-7.541838679562652,3.947340962210988,1.3197222364737746,0.5125454170606083,0.0951097869497611
1786995350.922852,33.65409445762634,-7.5435910367744246,3.9468494604080027,1.3190153412345236,0.5107868942309248,0.4463231030976787
1786995350.9373543,33.66859674453735,-7.5452736207986355,3.9463591135345863,1.3183776869280517,0.5090533325492552,0.12859868908242664
1786995350.9781942,33.709436655044556,-7.5452736207986355,3.9463591135345863,1.3183776869280517,0.5090533325492552,0.0
1786995350.9787118,33.709954261779785,-7.546897057352347,3.9458619036169114,1.317808718176734,0.5073505914694408,3.4595131400645394
1786995350.9905422,33.721784591674805,-7.548466532800432,3.9453618982866994,1.3173069517244467,0.505675056925282,0.14555178986483047
1786995350.9937549,33.7249972820282,-7.549975323051541,3.9448637852922985,1.3168690476987301,0.5040280778113746,0.5130054242792126
1786995351.004235,33.735477447509766,-7.551427491218531,3.9443662870269343,1.3164956803128682,0.5024051735293311,0.15073984321796377
1786995351.0498943,33.78113675117493,-7.552831045252064,3.9438706357614626,1.3161871467171824,0.5008080953044972,0.03329311572619692
1786995351.0634782,33.79472064971924,-7.554172951911181,3.9433812437756752,1.315941350994886,0.4992300810262156,0.10669663378475933
1786995351.0734751,33.80471754074097,-7.5554303063193435,3.942900033824712,1.315754370910174,0.49766775790876916,0.1359637436286982
1786995351.0893273,33.82056975364685,-7.556589894384716,3.9424330955957956,1.3156254167610846,0.49612324210690284,0.07927625091781784
1786995351.1327553,33.8639976978302,-7.557669887558874,3.9419746757510663,1.31555525076275,0.4945970100202564,0.027064465735625605
1786995351.13968,33.870922327041626,-7.558690849793975,3.9415181384720888,1.315544059502798,0.49309168488728,0.16151670602986407
1786995351.1669555,33.898197889328,-7.559679721617468,3.941053013360165,1.3155928239491244,0.4916212130854449,0.04010498847686634
1786995351.190317,33.92155933380127,-7.560643584250542,3.9405734558695014,1.3157015614477825,0.4901915995135994,0.04631773395072089
1786995351.208261,33.93950343132019,-7.5615615339401,3.9400898985557498,1.3158685299134703,0.4887900210578526,0.058563812769130176
1786995351.2272198,33.95846223831177,-7.562419607683127,3.9396054560684934,1.3160917312738365,0.4874112795890774,0.05329151071610772
1786995351.2474277,33.97867012023926,-7.563213592598208,3.939116545029552,1.3163667167474566,0.48605456234047156,0.048107146622889244
1786995351.2774699,34.00871229171753,-7.563932897189524,3.938622946857969,1.3166913191920773,0.4847163788243026,0.030983405684582372
1786995351.2859595,34.01720190048218,-7.564569942345686,3.9381320923764465,1.317064161266443,0.4833897298186494,0.1044147050788713
1786995351.3099577,34.041200160980225,-7.565140627174356,3.9376366361654416,1.31748433733109,0.48207956857117323,0.036031774994157925
1786995351.321218,34.05246043205261,-7.565654683204292,3.9371332715375154,1.3179499453624455,0.4807890541191659,0.07610680968893281
1786995351.3215473,34.05278968811035,-7.566109334302006,3.93662253924164,1.3184585754551792,0.4795201494378842,2.5882855634581596
1786995351.338287,34.06952953338623,-7.566488113496878,3.936119774295604,1.3190100196116377,0.4782649859009107,0.04999217979543618
1786995351.4122841,34.143526554107666,-7.566488113496878,3.936119774295604,1.3190100196116377,0.4782649859009107,0.0
1786995351.4127872,34.14402961730957,-7.566797688089539,3.935622386007649,1.319604249825997,0.47702361375336766,1.6587787351691812
1786995351.413026,34.14426851272583,-7.567049308084049,3.9351237249404805,1.3202402867008887,0.4758013370929346,3.5432831021356943
1786995351.4272902,34.15853261947632,-7.567258677013483,3.9346190975844597,1.3209179603568852,0.4746013602559678,0.06102551156786566
1786995351.4373493,34.16859173774719,-7.5674314882804765,3.934105264544016,1.3216352423130633,0.47343132226922513,0.0893816314076875
1786995351.4743197,34.205562114715576,-7.567568221725902,3.9335812359379725,1.32239143020904,0.47228868560442505,0.025158505365310856
1786995351.5250041,34.25624656677246,-7.567568221725902,3.9335812359379725,1.32239143020904,0.47228868560442505,0.0
1786995351.5254989,34.2567412853241,-7.567656469047923,3.9330555294719516,1.3231865780445986,0.47115875065272483,1.935030827817876
1786995351.525713,34.25695538520813,-7.567695698583024,3.932531758514816,1.324018620954812,0.47004354626186756,4.5957824571188235
1786995351.525919,34.257161378860474,-7.567675397903368,3.932015195076492,1.3248856737221044,0.4689392269504026,4.900492549201935
1786995351.5563128,34.28755521774292,-7.567593328498219,3.9315114924012704,1.325786980534435,0.46784635506994193,0.034078069772374535
1786995351.5714035,34.30264592170715,-7.567453863962258,3.931022796073492,1.3267217320951015,0.4667689553173952,0.07050508097338945
1786995351.580121,34.31136345863342,-7.56726500226214,3.9305414453042085,1.3276904536939247,0.46570726406089086,0.12596266327129227
1786995351.594304,34.32554650306702,-7.567039554651906,3.9300617391150903,1.3286928521737515,0.46465797621441346,0.07994813884451703
1786995351.626983,34.35822534561157,-7.566797573415239,3.9295786726870796,1.3297299943472356,0.46362866858662966,0.03578561055570432
1786995351.639978,34.3712203502655,-7.566534866062523,3.929095501753065,1.3308033319001773,0.4626163496130757,0.09280766119751344
1786995351.680988,34.412230491638184,-7.566227600005691,3.9286202408716937,1.3319120393138422,0.46161531289879026,0.030353373872685396
1786995351.6815279,34.41277027130127,-7.56588096722773,3.9281469049573294,1.3330528827895474,0.4606301614455729,2.3766329623921476
1786995351.7110348,34.44227719306946,-7.565505822952519,3.927671869009905,1.334223160947538,0.45966064833849785,0.04465230355198912
1786995351.7230203,34.45426273345947,-7.565093815862211,3.9271979382815974,1.3354217112398705,0.4587115320653649,0.11289447130528778
1786995351.733816,34.46505832672119,-7.564643936237636,3.9267266243896946,1.336649015687273,0.45778253841146516,0.12871307221388217
1786995351.750529,34.48177146911621,-7.564155602307623,3.9262625528459156,1.3379039696545945,0.4568642621386172,0.08522269905851634
1786995351.7612143,34.492456674575806,-7.563638995081554,3.9257940496789345,1.3391855624457254,0.45596466554747694,0.13654962217436964
1786995351.8022945,34.53353691101074,-7.563107062228858,3.925315074680841,1.3404915656553313,0.45508286329058795,0.03625343868680046
1786995351.8153481,34.54659056663513,-7.562582690480283,3.9248153893403654,1.3418222248138385,0.45421782401274996,0.11606146468737988
1786995351.8313227,34.562565088272095,-7.56205722868715,3.924302683432734,1.3431776840758012,0.45337423700601326,0.0964979199683471
1786995351.849118,34.580360412597656,-7.561496692117227,3.923794172678749,1.3445585698372435,0.4525403578403957,0.08848864122217914
1786995351.8809125,34.612154960632324,-7.560886987898316,3.9232973348262408,1.3459641861293237,0.4517159787396338,0.05065952875021805
1786995351.8948197,34.6260621547699,-7.560234068767403,3.9228098434192846,1.347391671109894,0.4509013211936955,0.11818876690260827
1786995351.9102948,34.64153718948364,-7.559537464970181,3.922329601417567,1.348839353132581,0.4500952479586354,0.1083554430741519
1786995351.9239004,34.65514278411865,-7.558799873227797,3.92185154340727,1.3503081336121148,0.4492955279560345,0.12580811613361784
1786995351.9799383,34.711180686950684,-7.558038883838494,3.9213687199812344,1.3518011420761495,0.44851012344128194,0.031120572998156647
1786995351.9932928,34.7245352268219,-7.557278839752457,3.9208724957310097,1.353318960184974,0.44774551244002647,0.13242867754141854
1786995352.0012636,34.73250603675842,-7.556508285333767,3.920366851074116,1.3548602834423522,0.4469933451562941,0.22530440287791945
1786995352.0127792,34.74402165412903,-7.555724756663555,3.919853403146378,1.356420695317467,0.4462520652373553,0.15804698133130507
1786995352.0624738,34.79371619224548,-7.554921236355886,3.919333266149733,1.3579959620592383,0.44552465843056444,0.03709204969100009
1786995352.0992525,34.83049488067627,-7.554921236355886,3.919333266149733,1.3579959620592383,0.44552465843056444,0.0
1786995352.099773,34.83101534843445,-7.554103995584856,3.9188043358709814,1.359587310604959,0.444807254081865,3.5842498957893767
1786995352.1000087,34.83125114440918,-7.55328547406706,3.918264316231787,1.3611947619729854,0.4441027713589437,7.9855028917622395
1786995352.100203,34.83144545555115,-7.552445651659047,3.917720874688702,1.36281978088775,0.44340624808312884,9.82045323639802
1786995352.1444135,34.87565588951111,-7.5515673370626875,3.917180314047774,1.3644596833104172,0.4427175793555021,0.04381875239258025
1786995352.1620452,34.893287658691406,-7.550652515274182,3.9166464987509366,1.3661091267301522,0.4420362625556857,0.11117630816964559
1786995352.1699033,34.901145696640015,-7.549713562812434,3.9161206598764404,1.3677669912391712,0.44136167975543245,0.25152913412642036
1786995352.1870964,34.918338775634766,-7.5487611691730985,3.91560466884096,1.3694342625471327,0.4406964636071618,0.11564181852977878
1786995352.2244291,34.955671548843384,-7.547823508164085,3.915088384149267,1.3711117231560772,0.4400408517979662,0.05330122233261969
1786995352.2329118,34.96415424346924,-7.546912732607529,3.9145655035036557,1.372799290955579,0.4393965124717769,0.23431967945842008
1786995352.2456944,34.97693681716919,-7.546012945873504,3.914039685868679,1.374494553832603,0.4387594190487868,0.1556790584856758
1786995352.2600965,34.99133896827698,-7.545111149223418,3.9135128887717268,1.376197255247307,0.43812808939803627,0.13869348578141627
1786995352.2698653,35.001107692718506,-7.544208669994413,3.9129853139764315,1.377905403488298,0.43750803678433353,0.20500545913773302
1786995352.3231626,35.054404973983765,-7.543306334192243,3.912457327462465,1.3796174815754427,0.4369000708233438,0.037638667393510385
1786995352.3353007,35.066543102264404,-7.542393986798188,3.911935774413519,1.3813332630066706,0.436302955560515,0.1657618898165927
1786995352.3452835,35.076525926589966,-7.541444080847698,3.9114320932017685,1.3830537915317245,0.4357160876809301,0.20323412156425585
1786995352.3575056,35.08874797821045,-7.540457138480208,3.910941262508482,1.3847797516426525,0.43514115131667785,0.16755807105777554
1786995352.3882663,35.11950874328613,-7.539439423277208,3.9104579435132023,1.3865114185035659,0.43457504732515634,0.06716076939068051
1786995352.423233,35.15447545051575,-7.539439423277208,3.9104579435132023,1.3865114185035659,0.43457504732515634,0.0
1786995352.4237478,35.15499019622803,-7.538397727934427,3.9099844832120385,1.3882453178186918,0.43401730785806414,4.035830520125007
1786995352.4239912,35.15523362159729,-7.537347095156635,3.909520837285247,1.3899819065331982,0.43346882520428476,8.552745062338147
1786995352.4253693,35.1566116809845,-7.5362898694663105,3.9090715292261207,1.391723361852158,0.4329336359121473,1.513874964589864
1786995352.4657679,35.19701027870178,-7.535233212134747,3.9086355189909785,1.3934712688246005,0.4324079542107222,0.05169719778262913
1786995352.4783876,35.20963001251221,-7.534183204718391,3.9082147436227497,1.3952222659309974,0.4318898101976039,0.1651857572517993
1786995352.5089326,35.240175008773804,-7.534183204718391,3.9082147436227497,1.3952222659309974,0.4318898101976039,0.0
1786995352.5107274,35.24196982383728,-7.53314771909199,3.907809005981537,1.3969753340921607,0.43137570105521916,1.1567088081634698
1786995352.521153,35.25239539146423,-7.5321264746863745,3.907418519642608,1.3987290087998518,0.4308662445311503,0.198223270661484
1786995352.5575526,35.28879499435425,-7.531110833757861,3.907044898348085,1.4004833564677275,0.43036133469853305,0.05662905507614322
1786995352.5660253,35.29726767539978,-7.530088539819178,3.906689305091317,1.4022378722971023,0.4298636213446291,0.24331356050597416
1786995352.5846598,35.31590223312378,-7.529047558200875,3.906359436655314,1.40399385525057,0.4293770619212263,0.11096762928063053
1786995352.5960126,35.32725501060486,-7.528008210123692,3.9060411204875685,1.405752358333505,0.4288990623020964,0.1821001023241627
1786995352.644417,35.375659465789795,-7.526983373739137,3.9057204387733386,1.4075140571296927,0.4284306774577401,0.04262374901126514
1786995352.654248,35.38549041748047,-7.525972799403833,3.905401414553479,1.409278692120371,0.4279735438225163,0.20937861201618274
1786995352.6713521,35.402594566345215,-7.524947272711638,3.905102053971078,1.4110449521153554,0.4275248279180563,0.12068522428339998
1786995352.6859882,35.4172306060791,-7.523891991319777,3.9048232273828254,1.4128107416511122,0.42708118282119534,0.141835061960333
1786995352.7294192,35.46066164970398,-7.522816377865455,3.9045592630847614,1.4145744413896428,0.42664223980082605,0.04795207160386812
1786995352.748223,35.47946548461914,-7.521727514544326,3.904306703063791,1.4163347593610152,0.426212248807808,0.11089316866721285
1786995352.7663562,35.49759864807129,-7.520647647693107,3.9040550125553946,1.4180943949606948,0.42578829002008095,0.11469871068891556
1786995352.7666821,35.49792456626892,-7.519589252359032,3.9038000975068483,1.4198519004852226,0.4253682869608048,6.3432095271311795
1786995352.7854283,35.51667070388794,-7.51854722060483,3.9035478300022493,1.4216051665474259,0.4249512965168499,0.1096275908174817
1786995352.8204195,35.5516619682312,-7.517515065485654,3.9033004255738795,1.4233525657048207,0.4245373040366203,0.058428706185252866
1786995352.8312666,35.562509059906006,-7.516489849821654,3.9030563269898497,1.4250930966049216,0.42412553492056315,0.18758238668848368
1786995352.84205,35.57329249382019,-7.515455971276326,3.9028211948431917,1.42682770950719,0.4237180280558078,0.18852958165988556
1786995352.8633966,35.59463906288147,-7.514407740048558,3.9025972465505103,1.4285565637583715,0.4233175519566354,0.0952929535633512
1786995352.9093528,35.64059519767761,-7.51335159172086,3.9023875081902326,1.430277362415561,0.4229259597869242,0.04417088239162094
1786995352.9270625,35.658304929733276,-7.512279019248731,3.902201792513157,1.4319891381119936,0.42254128820980036,0.11454524045492338
1786995352.9275794,35.65882182121277,-7.51119985315425,3.9020361830992645,1.4336935354475413,0.42216602244908397,3.915916368650086
1786995352.947028,35.67827033996582,-7.510134301086906,3.9018809036551136,1.4353931419798802,0.42179876897592583,0.10345300835428284
1786995352.996252,35.72749447822571,-7.509060601859976,3.9017451016311337,1.4370894168160513,0.4214413696195013,0.04087666116590225
1786995353.0096543,35.740896701812744,-7.507986518353074,3.9016281734604177,1.4387798812983819,0.42109239082494226,0.14969454055379527
1786995353.0177348,35.748977184295654,-7.506928279966689,3.901517734593905,1.4404644205153896,0.42074794660565173,0.24657191449555102
1786995353.0313632,35.76260566711426,-7.505876821797054,3.901414690867125,1.4421417324824728,0.42040870970965705,0.14545355009859035
1786995353.08354,35.81478238105774,-7.504824627969962,3.9013264924902695,1.4438097428993875,0.42007423363360563,0.03783526778657919
1786995353.0841603,35.81540274620056,-7.50377541374875,3.9012550618016615,1.4454665227386647,0.41974566675924047,3.163240181790914
1786995353.0983863,35.829628705978394,-7.502747586949869,3.9011919597790303,1.447117985395162,0.41942394301086705,0.13680703454283377
1786995353.1093843,35.84062671661377,-7.501742398509431,3.901134668583681,1.4487654364894533,0.41910714605334004,0.17555413810663845
1786995353.157411,35.88865351676941,-7.500782787372078,3.9010717061095916,1.4504062912637603,0.41878779577544645,0.0396007983614328
1786995353.175815,35.90705752372742,-7.499859569635126,3.901008063738668,1.452037751010251,0.4184668208972844,0.10191500646285578
1786995353.182297,35.91353940963745,-7.498949361702493,3.9009482540841254,1.4536611006549713,0.41814531670318994,0.28727349873129077
1786995353.1913042,35.92254662513733,-7.498053710537336,3.900890948744536,1.4552773416909903,0.4178286177257155,0.20524711012347122
1786995353.2443922,35.97563457489014,-7.497158884414296,3.900837849898844,1.45688867558242,0.4175187094570328,0.03473274009244831
1786995353.2563248,35.98756718635559,-7.496238540167683,3.900801180439982,1.4584941006615002,0.4172198686200797,0.1551113100152316
1786995353.2701726,36.00141501426697,-7.4952961851732,3.900778028386246,1.4600884276499466,0.41692998954333077,0.13374998152168205
1786995353.2825334,36.01377582550049,-7.49435537840398,3.9007606335681517,1.4616710081725728,0.41664390298103166,0.14895382574383365
1786995353.2940147,36.0252571105957,-7.493423257359058,3.900745971717301,1.4632412754207074,0.41636288893871526,0.15905401829238577
1786995353.3506694,36.08191180229187,-7.492514214858657,3.900734358267032,1.4648013734778689,0.41607994303061924,0.031871279645310474
1786995353.3633356,36.09457802772522,-7.491621456188803,3.9007324034226207,1.4663521511425124,0.41580102309960465,0.1412729201615708
1786995353.3636906,36.0949330329895,-7.490733970511952,3.900752211581761,1.4678938354141693,0.4155319182860136,5.011171589015674
1786995353.3878095,36.119051933288574,-7.48985733662861,3.9007931618717464,1.4694256233483145,0.4152654137541647,0.07319454622143784
1786995353.4505148,36.18175721168518,-7.488984104984678,3.9008515384994826,1.4709450274319682,0.415002061742009,0.02796309734304852
1786995353.4622355,36.19347786903381,-7.488122818491577,3.9009209471715898,1.4724501111165673,0.4147414126658083,0.14807063715563712
1786995353.474171,36.20541334152222,-7.487261690371642,3.901003772430262,1.4739405386837923,0.414485477686786,0.1443850508751254
1786995353.4860983,36.21734070777893,-7.4864053080550415,3.901097134162706,1.4754156661069222,0.4142320790815732,0.14322080984931254
1786995353.5318205,36.263062953948975,-7.4855693424347125,3.9011972039196636,1.4768743030087061,0.4139826528505632,0.03683509994066867
1786995353.5434854,36.2747278213501,-7.4847534288432715,3.901303981038173,1.4783172189479055,0.41373893378684856,0.142398595119515
1786995353.5542681,36.285510540008545,-7.483972417833691,3.901407120547136,1.4797477998187891,0.4134935921793553,0.15145990930467962
1786995353.5683055,36.29954791069031,-7.483221197525807,3.9015026144989866,1.4811652176488062,0.4132497635713144,0.11448179867692278
1786995353.6125922,36.34383463859558,-7.48249544557267,3.901592017347941,1.4825682741466832,0.4130133235111806,0.03572570437495851
1786995353.6319065,36.3631489276886,-7.4817668933388415,3.901690433938013,1.4839587041254907,0.41278308601368413,0.0814330884143485
1786995353.6402502,36.37149262428284,-7.481024570487226,3.901812710006987,1.485336159953388,0.4125551470362377,0.18810794230120134
1786995353.6543603,36.385602712631226,-7.480268183617339,3.901964433267747,1.4867011874195675,0.4123355039115273,0.11112202947330183
1786995353.6977298,36.428972244262695,-7.479498383433961,3.902137514226892,1.4880532815352334,0.4121271215897615,0.036096162898301705
1786995353.7337604,36.46500277519226,-7.479498383433961,3.902137514226892,1.4880532815352334,0.4121271215897615,0.0
1786995353.7341542,36.46539664268494,-7.478737729027946,3.9023140380791563,1.4893920531985654,0.41192593476283107,3.934977668339433
1786995353.7343621,36.46560454368591,-7.47799184288462,3.902490031881556,1.490718170721272,0.4117275503015624,7.367139179906545
1786995353.7345474,36.465789794921875,-7.477264664635585,3.9026642144908923,1.4920328120985995,0.41152835873775,8.164147993198425
1786995353.7899313,36.52117371559143,-7.476551513972965,3.9028375835519853,1.4933360659286603,0.4113292853344781,0.027005989460628863
1786995353.8002048,36.53144717216492,-7.475852770346122,3.9030099685153536,1.4946266918142477,0.4111277074569989,0.14383923105102883
1786995353.8172977,36.548540115356445,-7.475181644476087,3.9031832121269776,1.495903255226841,0.41092797962330674,0.08498225096836039
1786995353.8176854,36.548927783966064,-7.474547517165981,3.9033552423121507,1.4971647565630162,0.41073220472128663,3.66900044828793
1786995353.8306777,36.561920166015625,-7.473947023481677,3.9035275876371696,1.498411153547599,0.4105394197168514,0.10730924021812424
1786995353.878582,36.609824419021606,-7.473349888198864,3.9037186879448296,1.499644871931687,0.41035068081480175,0.02888866214887663
1786995353.8946667,36.625909090042114,-7.4727367331897865,3.9039395431291575,1.5008647514341382,0.4101658722089822,0.08598592659428277
1786995353.9008899,36.63213229179382,-7.472107121264605,3.9041921300456788,1.5020724900978388,0.4099875741900838,0.22259015620926617
1786995353.929621,36.660863399505615,-7.471472149131684,3.9044684794540863,1.503268586743867,0.4098179934444381,0.048104721920594166
1786995353.9607656,36.69200801849365,-7.470856134420829,3.9047512739263333,1.5044535289055825,0.40965410961934773,0.04383143882815648
1786995353.9788027,36.71004509925842,-7.4702765629319705,3.905037005979873,1.505626110513516,0.40948704793087737,0.0742271097226241
1786995353.991067,36.72230935096741,-7.46974330209346,3.9053224518128093,1.5067838395662858,0.40931674969797,0.10650543010804568
1786995354.004639,36.735881328582764,-7.4692532892263515,3.905601634692538,1.5079261764112113,0.40914603938739724,0.09386737534140663
1786995354.05275,36.783992528915405,-7.4687975504180795,3.905870849882525,1.5090518937289124,0.40897935745555064,0.025855747083332502
1786995354.0621355,36.79337787628174,-7.468370942353916,3.9061300627457967,1.5101607634916063,0.40882059314818003,0.12956900524361478
1786995354.0722249,36.80346727371216,-7.4679450053365715,3.906396340190463,1.5112566985882439,0.408666620153884,0.11948883089064842
1786995354.0881858,36.81942820549011,-7.467484366124349,3.9066814497928704,1.5123455002337574,0.4085170131620311,0.0761939881152719
1786995354.1443493,36.87559175491333,-7.46698913883893,3.906979934950283,1.5134239556077864,0.40836847930393444,0.021787918288379518
1786995354.157242,36.888484477996826,-7.466469183036354,3.9072880861072226,1.5144885443468017,0.4082198470283962,0.0949526204571335
1786995354.1652453,36.89648771286011,-7.4659421037019635,3.9075971716256945,1.5155377296560968,0.4080714709784649,0.15170617473968281
1786995354.1793919,36.9106342792511,-7.465413292073007,3.9079000012002068,1.5165736624962096,0.40792640746287945,0.08495880268484128
1786995354.2298326,36.96107506752014,-7.464891453545108,3.9081894817880336,1.517598197853301,0.40778420361183954,0.023505956108323484
1786995354.2433913,36.97463369369507,-7.46439609270639,3.908456868947244,1.518610099697104,0.4076422823572872,0.08540241168436558
1786995354.2546015,36.985843896865845,-7.463946462506622,3.908695407628366,1.519610086120515,0.40750160945532266,0.10009362768338577
1786995354.276224,37.007466316223145,-7.463523070568023,3.908911656875316,1.520596833566751,0.40736223975791186,0.050656028454147274
1786995354.3105354,37.04177784919739,-7.463108370188941,3.9091159585462383,1.5215696800989593,0.40722616555107205,0.03139179811046712
1786995354.3110728,37.04231524467468,-7.462696259103433,3.9093139402517645,1.5225278679862768,0.40708934073438996,1.9755956901083405
1786995354.348701,37.07994341850281,-7.462282223223037,3.9095066561485234,1.5234698760626755,0.40695403208243436,0.027821536303022726
1786995354.349179,37.080421447753906,-7.4618544955191695,3.9097046297588114,1.5243956712588451,0.40681971118673005,2.1732255520925454
1786995354.3495011,37.08074355125427,-7.461403683302366,3.9099069924304017,1.5253044034876715,0.4066890745022566,3.211379933541312
1786995354.4328709,37.16411328315735,-7.461403683302366,3.9099069924304017,1.5253044034876715,0.4066890745022566,0.0
1786995354.4342055,37.16544795036316,-7.4609602805828805,3.910099630776126,1.526199479925886,0.406562725496952,0.7622043939275204
1786995354.4353247,37.16656708717346,-7.4605588655912145,3.910273481231863,1.5270840759077458,0.4064395580015194,0.8817934597964546
1786995354.4444923,37.175734758377075,-7.460218291285597,3.9104239963097314,1.5279568958177439,0.40631578679287406,0.10350783907868666
1786995354.4447703,37.17601275444031,-7.459924502727045,3.910555117300699,1.528820732389088,0.40618968218593726,3.3158797837512273
1786995354.4934673,37.2247097492218,-7.459924502727045,3.910555117300699,1.528820732389088,0.40618968218593726,0.0
1786995354.4945333,37.225775718688965,-7.459647682212266,3.9106827038210947,1.5296748347178288,0.4060649307627027,0.8507391985781669
1786995354.5014906,37.23273301124573,-7.459350770206863,3.910825890002458,1.530519996488249,0.4059417613873319,0.13039124193144364
1786995354.5017648,37.233007192611694,-7.45902075309194,3.910992846110993,1.5313538611683921,0.40582370207519575,3.3270090772587353
1786995354.518083,37.24932551383972,-7.458658958421098,3.911178947468958,1.5321758151603564,0.4057052111913393,0.056202807496969695
1786995354.570616,37.30185842514038,-7.45827075447917,3.9113784328194283,1.5329879123691403,0.40558778565056186,0.017550020623936013
1786995354.5894318,37.3206741809845,-7.457877324083582,3.911579994565344,1.5337921690763008,0.40547348061064376,0.04877498628076989
1786995354.5897572,37.32099962234497,-7.457498908633563,3.9117772028099838,1.5345886535233584,0.4053615189749658,2.776509621053697
1786995354.6093256,37.34056806564331,-7.457144200131432,3.9119626035099855,1.535374164833483,0.4052517086968775,0.04505215633954886
1786995354.6544025,37.38564491271973,-7.456821348786121,3.9121340094371244,1.5361495937503262,0.40514222138135536,0.01901785251677376
1786995354.6550307,37.38627314567566,-7.456523056776437,3.9122998825780333,1.5369148023252457,0.4050338339578392,1.3337027106116421
1786995354.6743917,37.40563416481018,-7.456231438052138,3.9124685189678967,1.5376701075344796,0.40492424792171544,0.04271583873375088
1786995354.682302,37.41354441642761,-7.455947747131576,3.912636785936543,1.5384118494292311,0.4048142092674137,0.10262290076585538
1786995354.7136583,37.44490075111389,-7.455673849795601,3.912803724319869,1.539136017425039,0.40470583443689,0.025258929167521295
1786995354.736256,37.46749830245972,-7.455410254162474,3.9129679862410036,1.539842205215852,0.40459549687574176,0.03413953595820323
1786995354.7501416,37.48138403892517,-7.455185879743753,3.913115681999389,1.5405349100921315,0.404484488561596,0.05350567148220864
1786995354.764479,37.49572134017944,-7.455006324353831,3.913241949117602,1.5412166283541417,0.40437620638914235,0.04995268170259381
1786995354.8001852,37.53142762184143,-7.454862541623331,3.9133553209872947,1.5418871818363096,0.40427226025256147,0.01946725586234751
1786995354.8155448,37.54678726196289,-7.454717886368882,3.9134727924204395,1.5425481241440147,0.40417034655661016,0.044708672452329075
1786995354.831975,37.56321740150452,-7.454539163300932,3.9136112502823788,1.5431992198427633,0.4040709251389986,0.04194913214109057
1786995354.8326244,37.56386685371399,-7.454320864697437,3.9137682621123466,1.543837776031644,0.4039692162448374,1.0668442350156784
1786995354.851304,37.58254647254944,-7.454062980060723,3.913946531830902,1.5444650880537263,0.4038717413417572,0.037542953747425487
1786995354.8983374,37.62957978248596,-7.4537595677347825,3.914147188473116,1.5450809445173515,0.40377778798750696,0.015207586014498457
1786995354.9114244,37.642666816711426,-7.453432577160981,3.914357598463197,1.5456854524888128,0.403684155325716,0.054922020695455556
1786995354.9223971,37.65363955497742,-7.453131252965282,3.914554919920129,1.5462823187103225,0.4035966154520253,0.06353232746512431
1786995354.9292262,37.66046857833862,-7.452894222366731,3.9147186295452974,1.5468710559617607,0.40351043947945675,0.0959779488047406
1786995354.9755225,37.706764936447144,-7.45271858699744,3.9148499193522754,1.5474470906957798,0.4034275581095692,0.01331337857780379
1786995354.9911444,37.722386837005615,-7.4525823275689635,3.9149627927263206,1.54800970554586,0.40334792899715183,0.03775352026075489
1786995355.00526,37.73650240898132,-7.4524349637483365,3.9150841691967186,1.5485641682813966,0.40326849138586546,0.041543516317279275
1786995355.0131106,37.74435305595398,-7.452250314262882,3.915224127310382,1.5491140916648127,0.40318799416073464,0.07601165578922364
1786995355.0511959,37.78243827819824,-7.452049479911513,3.915372626310883,1.5496559594518544,0.4031129958017646,0.015666530495858384
1786995355.0682435,37.79948592185974,-7.451839705121713,3.9155245716488034,1.5501862444140502,0.40304144411179565,0.03461858035860649
1786995355.0772223,37.808464765548706,-7.451638248040873,3.9156713401849377,1.5507032459459793,0.40297157599949107,0.06392228503098231
1786995355.0899909,37.82123327255249,-7.451441346538499,3.915813784879953,1.5512041457415928,0.4029026593483701,0.04360272345309079
1786995355.1372473,37.86848974227905,-7.451248624602666,3.915951182324042,1.5516884428534077,0.4028355230081869,0.011406679797013198
1786995355.1475835,37.87882590293884,-7.451061663978804,3.9160818599485525,1.5521589465180203,0.4027696607093534,0.050587552633744017
1786995355.1572733,37.88851571083069,-7.450875926794462,3.9162043970623537,1.5526144773690345,0.4027063740743603,0.05232027093235894
1786995355.1709354,37.902177810668945,-7.450686020517943,3.9163261340009266,1.5530542046849205,0.40264413856110826,0.03617385909098684
1786995355.2046607,37.93590307235718,-7.4504964615596325,3.9164554475968036,1.5534793990303637,0.40258298606793774,0.01432639125539281
1786995355.2221816,37.95342397689819,-7.450312041941785,3.9165892828537623,1.5538876260534165,0.4025191289387998,0.026683359960563924
1786995355.2281244,37.95936679840088,-7.45012755532358,3.9167357450637263,1.5542833398105336,0.4024520954035843,0.07749129904380864
1786995355.241227,37.972469329833984,-7.449933419096144,3.916896088672041,1.554668311416705,0.4023878332606494,0.035107892604094006
1786995355.2947795,38.02602195739746,-7.449731183598043,3.9170664251589637,1.555043035307844,0.40233047179645415,0.00856390009042497
1786995355.3093197,38.04056215286255,-7.449521690535603,3.9172432624784275,1.555407439186501,0.4022762716883888,0.0313623169422856
1786995355.3265727,38.057815074920654,-7.449310957006504,3.9174228137328453,1.5557603199220793,0.4022207105016717,0.025996878241224774
1786995355.3269393,38.05818176269531,-7.449107483699557,3.9175987539182024,1.5561036004273172,0.40216639892079475,1.1893409170995421
1786995355.3393905,38.07063293457031,-7.4489514071361045,3.917751691984753,1.556441935941327,0.40210832562803395,0.03234767935172398
1786995355.409934,38.14117646217346,-7.448846816734177,3.9178776724360977,1.5567770620243515,0.4020512980352782,0.0052873391771648265
1786995355.4236343,38.154876708984375,-7.448754787312292,3.9179935483517223,1.5571086121892654,0.4019966597414237,0.026501216564742084
1786995355.4391696,38.17041206359863,-7.4486453854508925,3.918116010851589,1.5574345278788697,0.40194487651967997,0.02349143418637672
1786995355.4501688,38.181411266326904,-7.448495469256068,3.9182586411105924,1.5577535189187206,0.40189507587940304,0.0345687121710258
1786995355.5153131,38.24655556678772,-7.448315321451397,3.9184201313917426,1.5580624299674435,0.4018497186732073,0.006023171640363197
1786995355.5285182,38.25976061820984,-7.4481371444363695,3.918583711916289,1.5583633197538382,0.4018070805751258,0.029235583197672096
1786995355.540915,38.272157430648804,-7.447976454707475,3.918743737757691,1.558658397968131,0.40177220339374925,0.030020354396112246
1786995355.5535636,38.2848060131073,-7.447840986927874,3.9188983166684164,1.5589471456081092,0.4017359994837503,0.02802140367307991
1786995355.6023097,38.33355212211609,-7.4477299987931085,3.9190479876914988,1.5592291314540012,0.4016998610317366,0.00693363786869641
1786995355.6190825,38.350324869155884,-7.447639253262247,3.919192737849115,1.559500728629056,0.4016634043907715,0.01912995766006986
1786995355.6283789,38.35962128639221,-7.447550705946607,3.9193464161884513,1.5597620374472039,0.4016282790854584,0.03397183313677565
1786995355.6394541,38.37069654464722,-7.447448771426181,3.9195156532633004,1.5600139709001624,0.4015978940833635,0.028907660156626654
1786995355.7050629,38.43630528450012,-7.447336877627279,3.9196984394173766,1.5602582225219481,0.4015628154606217,0.004952784143586451
1786995355.7252395,38.45648193359375,-7.447246690299398,3.919887888834349,1.5604951449759619,0.40152801666116994,0.01568526270879704
1786995355.7393537,38.47059607505798,-7.447206950866419,3.920068438370463,1.560727952821153,0.40149258150717715,0.02106273645685022
1786995355.7403488,38.47159123420715,-7.447211537776993,3.920242402768474,1.5609583507251164,0.40145612500112443,0.2901394272226435
1786995355.7917345,38.522976875305176,-7.447261933471934,3.920406329584281,1.5611810564789004,0.40141585714391675,0.0054701356563398975
1786995355.8071952,38.538437604904175,-7.447339977721964,3.920569027225366,1.5613980110520649,0.4013772150159498,0.018251994145848802
1786995355.8252068,38.55644917488098,-7.447419354901077,3.920742231008491,1.5616091235236726,0.4013387131238696,0.015788425768502215
1786995355.8255756,38.55681800842285,-7.4474927480178374,3.920926298660903,1.5618105221664231,0.40130668378771894,0.7660366780136774
1786995355.8850734,38.616315841674805,-7.447555748284835,3.9211208296871862,1.5620016955860563,0.4012782118128003,0.004704811928678547
1786995355.8963072,38.62754964828491,-7.447603662451665,3.9213229813524277,1.5621819787648807,0.40124675340629384,0.024485844488112973
1786995355.902358,38.63360047340393,-7.447628108525416,3.9215308675208815,1.5623507996675,0.4012145475460418,0.04444254221697104
1786995355.9174087,38.648651123046875,-7.447615567264915,3.9217436449784135,1.56250926456977,0.4011840016799763,0.017646990590178692
1786995355.9273067,38.658549070358276,-7.447566620648613,3.9219668543103654,1.5626579535445875,0.40115336298722126,0.027543996958880285
1786995355.9772642,38.70850658416748,-7.447510375543653,3.9221892376887095,1.5627984680092035,0.40112116545790116,0.005384619809842255
1786995355.9972196,38.7284619808197,-7.447476855192168,3.9224016400190576,1.5629328002943947,0.4010931731064812,0.012705433367896446
1786995356.0135045,38.744746923446655,-7.447467069080737,3.9226066910322728,1.5630615841700435,0.40106675711119927,0.01488101566693624
1786995356.0149977,38.74624013900757,-7.447459523678197,3.9228107965452548,1.5631864329525282,0.4010392142746237,0.1603123483579347
1786995356.0566635,38.78790593147278,-7.447469383232792,3.9230030192450904,1.5633056017094131,0.40100688157614073,0.0054332374588140905
1786995356.0741737,38.805416107177734,-7.447508339675448,3.9231777436357267,1.5634184881384674,0.4009767538729792,0.012086426307446206
1786995356.0762331,38.807475566864014,-7.44756499794295,3.923342217557002,1.5635241477969468,0.40094779735930186,0.09882848157423929
1786995356.0973597,38.82860207557678,-7.447620111265747,3.923502608591418,1.563622256116691,0.4009162426118816,0.009274062884673686
1786995356.1300166,38.86125898361206,-7.447670685675406,3.923658683503461,1.563710998073926,0.4008850932404318,0.0057117133934248806
1786995356.15124,38.88248252868652,-7.4477356353509006,3.923803101088789,1.5637914807101705,0.400859201368042,0.00836946996477563
1786995356.1521935,38.88343596458435,-7.447805068924145,3.923942950352205,1.5638635857382817,0.4008354790646915,0.18038179403012092
1786995356.1754994,38.90674185752869,-7.447864938833128,3.924084125879431,1.5639277519455965,0.40080901084712406,0.00713250821437232
1786995356.2264066,38.95764899253845,-7.4479236024725,3.9242207703844407,1.5639830488713775,0.40078264730809676,0.0031165253115656997
1786995356.2368062,38.96804857254028,-7.447974124567223,3.9243501405009065,1.5640312568403656,0.40075591952426776,0.014136532816213843
1786995356.2481296,38.97937202453613,-7.448024418834083,3.9244699412600914,1.5640704713317541,0.4007277255911513,0.011985611901324978
1786995356.2574666,38.98870897293091,-7.448085896215394,3.9245795733333178,1.5640999447533515,0.4007003218013201,0.013827008223327483
1786995356.299414,39.03065633773804,-7.448165090547135,3.924673068534772,1.564119330707515,0.40067611012321697,0.0029573263178015712
1786995356.3162496,39.047492027282715,-7.448258942924393,3.9247524261712603,1.564128115587966,0.4006558574267606,0.007318953586746089
1786995356.3246863,39.0559287071228,-7.448359405671852,3.9248220918242747,1.564128055315493,0.40063754707385707,0.014490786046528122
1786995356.3431365,39.074378967285156,-7.44846890699295,3.924879503467923,1.5641189942598424,0.40062047562761977,0.006719185352127672
1786995356.383244,39.11448645591736,-7.448565580017219,3.9249350247968695,1.5641032490906468,0.400603272370253,0.002807172531057307
1786995356.3950396,39.12628197669983,-7.44862075228282,3.925002716695118,1.564083080705332,0.40057968305118463,0.007598362807421484
1786995356.4047415,39.13598394393921,-7.448642250445303,3.9250814714747215,1.564057052276488,0.40055316224933907,0.008831741788242538
1786995356.424342,39.15558433532715,-7.4486511521223635,3.9251667601150304,1.5640264865455165,0.4005259701854408,0.004644629890127261
1786995356.42491,39.15615248680115,-7.448675575377553,3.92524241651511,1.5639924687113864,0.4005031619565951,0.15220080762643906
1786995356.4625726,39.19381499290466,-7.448721624894095,3.925300112025732,1.563953597806833,0.40047977414161573,0.00221515464732557
1786995356.48135,39.212592363357544,-7.448793194473126,3.925335324646974,1.5639097938205313,0.4004563300172408,0.004846236308567962
1786995356.4893625,39.22060489654541,-7.448889355292974,3.925349422440779,1.5638612658587396,0.4004315633311362,0.013557588984067876
1786995356.502326,39.2335684299469,-7.448994567639984,3.925350572982513,1.5638078418966683,0.40040555791373744,0.00910281005953385
1786995356.5543826,39.285624980926514,-7.449101603730265,3.9253424714616245,1.563747892514418,0.40037769526249,0.002361822110607565
1786995356.5669591,39.29820156097412,-7.449216414816531,3.9253213217125227,1.5636815470077294,0.4003534319843703,0.010676841982299264
1786995356.57335,39.30459237098694,-7.449354424437905,3.9252833177526423,1.5636087746888234,0.4003319528954885,0.025127109986661372
1786995356.5844626,39.31570506095886,-7.449513367199772,3.925241194840209,1.563528573125179,0.40031370568763247,0.01646284819227742
1786995356.6293833,39.36062574386597,-7.449681596190422,3.925204250379416,1.563444042013451,0.4002922300103363,0.004271149665245612
1786995356.6817734,39.413015842437744,-7.449681596190422,3.925204250379416,1.563444042013451,0.4002922300103363,0.0
1786995356.6822822,39.41352462768555,-7.449849167060301,3.9251792619634034,1.5633568750971496,0.40027483483733606,0.37448436367461885
1786995356.682501,39.41374349594116,-7.450005797033039,3.9251693946413786,1.5632686991355023,0.4002591866682911,0.8224799715983213
1786995356.6826887,39.413931131362915,-7.450151965453172,3.9251655087961175,1.563180082760789,0.4002411680236878,0.9112197384993065
1786995356.7245955,39.4558379650116,-7.450293159057707,3.9251651468562034,1.5630884547300008,0.4002256637468096,0.004016517256627046
1786995356.7361803,39.46742272377014,-7.450436967938126,3.9251582550904307,1.5629930611446914,0.4002113109691721,0.014908301894342137
1786995356.7628891,39.494131565093994,-7.450585739906526,3.925143155366656,1.562892108828871,0.40019410607325406,0.006755180030072813
1786995356.7713892,39.50263166427612,-7.45075982263755,3.925116856129504,1.5627868104134128,0.40017487075994734,0.024134347535719122
1786995356.795762,39.52700448036194,-7.450937887553857,3.925087128175311,1.562677786908411,0.40015213608225497,0.008652905972682298
1786995356.8102994,39.54154181480408,-7.451088027544464,3.9250597872665463,1.5625648528711968,0.4001282580571114,0.013059589703969275
1786995356.8277752,39.55901765823364,-7.4512109041143795,3.9250331247351675,1.5624470409610938,0.40010245810779704,0.009859639047002098
1786995356.8288522,39.560094594955444,-7.451318692942221,3.9250008194762427,1.562325201519996,0.40007361058736035,0.15400354635481095
1786995356.8841472,39.615389585494995,-7.451421906399852,3.9249576196046183,1.5621997443262947,0.40004950032148906,0.0030401199393402544
1786995356.9042928,39.63553524017334,-7.451530413927126,3.9248981028061256,1.5620707961440965,0.40002991013965217,0.008871798630875246
1786995356.9046276,39.6358699798584,-7.451639243430646,3.9248362889431303,1.5619389979929814,0.400012371272749,0.5429798088026608
1786995356.923113,39.65435552597046,-7.451751434774777,3.924771101773716,1.561806893554295,0.39999783247160453,0.010017003501601531
1786995356.935588,39.66683030128479,-7.451867974013365,3.924699713072205,1.561674301075827,0.399983478840739,0.015264135815072789
1786995356.992351,39.72359347343445,-7.451988087458623,3.9246246150159507,1.5615373693882344,0.39997215156642035,0.0034709287280315047
1786995357.0002904,39.73153281211853,-7.452109856439021,3.924553442964853,1.5613953906732259,0.39996163898703596,0.025207100942310115
1786995357.0231836,39.75442600250244,-7.452240515349789,3.9244844246906685,1.5612482330214716,0.3999489844386332,0.009109438692958985
1786995357.037275,39.76851749420166,-7.4523806324528055,3.9244191533007196,1.5610965950635711,0.3999276421579733,0.015366335317008716
1786995357.0933337,39.82457613945007,-7.452527645537682,3.924352815295477,1.5609404749317841,0.3999078169845484,0.004004211143792095
1786995357.103371,39.83461332321167,-7.452672993244899,3.9242972687647693,1.5607821310605514,0.3998882543224373,0.022117792552674112
1786995357.1129122,39.844154596328735,-7.452806894561432,3.9242589767573617,1.5606207080342773,0.3998661789381898,0.02234477911312027
1786995357.1375813,39.868823766708374,-7.452939564261658,3.9242328377259637,1.5604565416313985,0.3998478417972874,0.008621508534221252
1786995357.172324,39.90356636047363,-7.45307935488498,3.9242098947387265,1.560291550902851,0.3998289180235229,0.006259234502577523
1786995357.1814,39.91264247894287,-7.453218941241802,3.924192175328204,1.5601233632762452,0.3998085818994396,0.024160531769004286
1786995357.1943104,39.92555284500122,-7.453358600571204,3.92417699486922,1.55994980888319,0.3997898008755592,0.017295036173789816
1786995357.211548,39.942790508270264,-7.453495379635205,3.9241677695934167,1.559769590385728,0.39977306541461666,0.013135999177182677
1786995357.262454,39.993696451187134,-7.453628166284876,3.9241657294317496,1.5595835183972346,0.399758210908452,0.00449068988408776
1786995357.2733157,40.004558086395264,-7.453770527540964,3.924166077692274,1.5593915393366693,0.39974065010811166,0.022004401572047798
1786995357.284751,40.01599335670471,-7.453930956911224,3.924166775686119,1.559195519156859,0.39971985522233505,0.022150954596720132
1786995357.2987013,40.0299437046051,-7.454093967623373,3.9241738535883415,1.5589986707738321,0.39969664680594247,0.018327804008430478
1786995357.3422635,40.073505878448486,-7.454252638949002,3.9241834094389065,1.5587995270517165,0.39967408943720006,0.00584925023271441
1786995357.3573196,40.08856201171875,-7.45439218782899,3.9241986324962097,1.5585977176194568,0.3996515825479904,0.016327604456142234
1786995357.3684437,40.09968614578247,-7.454507772788955,3.924220934852082,1.5583945463988202,0.39962649961025404,0.021108176472494477
1786995357.3806376,40.11188006401062,-7.454614934897394,3.924242365493237,1.558194017032243,0.399601730988474,0.01872857636593268
1786995357.4357283,40.16697072982788,-7.454738339938111,3.924252426555614,1.557996741810612,0.399579018757996,0.004227776414507584
1786995357.4523916,40.18363404273987,-7.4548990777293005,3.9242394706768646,1.5578006365632102,0.3995558369842762,0.015236658398214293
1786995357.4724731,40.203715562820435,-7.455089458361188,3.9242047440764063,1.5576029784557395,0.3995371542307478,0.013774927883324864
1786995357.4840305,40.21527290344238,-7.4552967193030035,3.9241585398201053,1.557405263980762,0.3995190427017856,0.025104648441768226
1786995357.4923854,40.22362780570984,-7.455513546359327,3.924108177859994,1.5572083369576526,0.39949874322871964,0.035572476220207754
1786995357.5542834,40.28552579879761,-7.45571531398145,3.9240642592428494,1.5570109867517246,0.39947954138204156,0.004614573600642769
1786995357.5639277,40.295170068740845,-7.455884678424861,3.924034076139336,1.5568153193624195,0.39946279798927503,0.027014998967212885
1786995357.5834067,40.31464910507202,-7.456024671408177,3.9240100809539213,1.556621693146102,0.39944495469979613,0.0123278790279187
1786995357.590371,40.32161331176758,-7.456152965574328,3.9239810894474974,1.5564295726242103,0.3994264730533269,0.03343249852832062
1786995357.640631,40.37187337875366,-7.456277830488026,3.923945585520217,1.5562366936861862,0.3994076879957609,0.004625845224098641
1786995357.661047,40.39228940010071,-7.456389851876376,3.923912950715355,1.556044334035515,0.39938381918415117,0.011019783055749173
1786995357.6812298,40.41247224807739,-7.4564801010232555,3.9238888151259252,1.5558532332366597,0.39935826791612616,0.010539310713697844
1786995357.6815886,40.41283106803894,-7.4565619595730395,3.923868759115041,1.5556644969432505,0.399329028437471,0.576051970211312
1786995357.7300565,40.46129894256592,-7.456646768452497,3.92385033301278,1.5554786304552126,0.39930239619235647,0.004232293040026717
1786995357.7576365,40.48887896537781,-7.4567561225933385,3.923822998187975,1.5552945559973395,0.399275760180224,0.007826124133792158
1786995357.7586305,40.48987293243408,-7.456888611982369,3.9237868809664507,1.5551099251337905,0.3992451765596742,0.2314975628125162
1786995357.7733815,40.504623889923096,-7.4570478981331805,3.923742811422018,1.5549224384203522,0.3992155047219718,0.01694337003212739
1786995357.8070335,40.538275957107544,-7.457225057497427,3.9236993310762163,1.5547330651684033,0.39918702833431785,0.007813530583830833
1786995357.8211699,40.552412271499634,-7.457419527381897,3.92366178544574,1.5545442906657754,0.39915557895286263,0.019355321334669433
1786995357.8348012,40.56604361534119,-7.457617452298037,3.9236347094109796,1.5543550942321833,0.3991295399801086,0.02018445088369149
1786995357.8501554,40.58139777183533,-7.457806520564697,3.923624266457574,1.5541639027290508,0.39910398682011344,0.017525623506156506
1786995357.876345,40.6075873374939,-7.457969210746004,3.9236323056113123,1.5539722349608827,0.39907930921532236,0.009604352016719633
1786995357.9011598,40.632402181625366,-7.458111746295706,3.9236515833848657,1.553783970758302,0.3990558552088945,0.009547539943902202
1786995357.9015539,40.63279628753662,-7.4582347635099895,3.923680845248936,1.5535979627429604,0.3990356650919887,0.5707065254904198
1786995357.9143708,40.64561319351196,-7.458362464529038,3.9237083710141145,1.5534157189882922,0.3990181961119116,0.017494672475651632
1786995357.969243,40.70048546791077,-7.458501003114852,3.9237299185155328,1.5532359205841424,0.39900119996317185,0.004155131879286484
1786995357.9825704,40.713812828063965,-7.458658414184391,3.9237416122184254,1.5530574280498133,0.39898390887923957,0.01787857092031756
1786995357.9885018,40.71974420547485,-7.458836189630348,3.9237430183879485,1.552879168278844,0.3989684528271029,0.042445297061634364
1786995358.00233,40.733572483062744,-7.4590287443091,3.923737208684929,1.5527012567454732,0.39895514467128845,0.01896317797653533
1786995358.0142477,40.745490074157715,-7.459224125897276,3.923723990443299,1.5525224920085154,0.3989405814558499,0.02224878125859964
1786995358.0584116,40.78965401649475,-7.459412642929624,3.9237017840960733,1.5523442773729836,0.39892858884938287,0.00589552097530388
1786995358.0677276,40.798969984054565,-7.45960125360202,3.9236731721571587,1.5521663262174576,0.398917522598059,0.02800371106862386
1786995358.0896163,40.82085871696472,-7.4597831595529565,3.9236505874371588,1.5519881384715228,0.39891061353598006,0.011678970398343291
1786995358.0980031,40.82924556732178,-7.459950602210923,3.923636293022802,1.5518098142152663,0.3989018870270805,0.029216269004171277
1786995358.1504362,40.88167858123779,-7.460091903105334,3.923630357653157,1.551629505360325,0.3988915084841276,0.0043704518215780365
1786995358.1661885,40.89743089675903,-7.460210988548936,3.9236305586764124,1.5514473466681538,0.39888268085095113,0.013815798477905778
1786995358.1665418,40.89778423309326,-7.46032793147642,3.9236272970536623,1.5512664784823376,0.3988711535737161,0.6096334088062048
1786995358.18213,40.91337251663208,-7.4604539007131185,3.923614084778397,1.5510860370386148,0.3988617971659742,0.014142573667365984
1786995358.219046,40.95028853416443,-7.460596996387479,3.9235860257667334,1.5509043988307112,0.39885689080132675,0.0063097117243501736
1786995358.2353716,40.96661400794983,-7.460749601489245,3.9235485841099664,1.550720983436426,0.3988542954193669,0.014793993109088925
1786995358.2442255,40.975467920303345,-7.460909382213116,3.9235068732257083,1.5505356383645448,0.3988488050631108,0.02803718091464202
1786995358.2566833,40.98792576789856,-7.461072147268031,3.9234659812040795,1.5503502423539102,0.398841829494324,0.020073499064479736
1786995358.3065534,41.03779578208923,-7.461231480414584,3.923425224533014,1.550164657863081,0.39883680868358135,0.004972352521421573
1786995358.3136966,41.044939041137695,-7.461372904853586,3.9233897941888323,1.5499771296427396,0.39883577893214106,0.03325306975257689
1786995358.328649,41.05989146232605,-7.461473540476817,3.9233766211054215,1.5497893192309746,0.39883551277305374,0.01427730195332388
1786995358.34013,41.071372509002686,-7.461539397864329,3.9233841178542246,1.549604075519584,0.3988326327006138,0.01713651139605435
1786995358.3853314,41.11657381057739,-7.461603304227088,3.9233914085755464,1.5494246761600228,0.3988319876497069,0.004216283449028446
1786995358.4073656,41.1386079788208,-7.461696530521785,3.9233806908635565,1.549250711657003,0.3988298910162245,0.008970634310962938
1786995358.4160943,41.14733672142029,-7.461838581404825,3.9233446381904673,1.54908073482294,0.39882787539595294,0.02571200213178792
1786995358.417633,41.14887547492981,-7.462007943895495,3.9232919017918397,1.548913649074067,0.3988306795215917,0.15836526092019534
1786995358.4793015,41.2105438709259,-7.4621735624293395,3.923238155469667,1.5487495961312157,0.39883337034019634,0.0038793149548581305
1786995358.491548,41.222790479660034,-7.462325003864495,3.9231871040235653,1.5485871052923512,0.3988348943143362,0.018610240361043848
1786995358.5034542,41.23469662666321,-7.46246145749143,3.923137519523682,1.548425179524897,0.3988364590904654,0.018266314229294374
1786995358.5160296,41.24727201461792,-7.4625738252165625,3.9230921628504842,1.5482637257759913,0.3988382926752625,0.01605269635670368
1786995358.5234141,41.25465655326843,-7.462649262361682,3.9230558091810277,1.5481058934753005,0.3988359602530322,0.024195305799351526
1786995358.5724201,41.30366253852844,-7.462694030171159,3.92302660129055,1.5479514913586152,0.3988311036187943,0.0033341436871531125
1786995358.592137,41.32337951660156,-7.462719667037775,3.922997777236813,1.5478017079002997,0.3988234043639101,0.007844565858069792
1786995358.606238,41.337480306625366,-7.462733391994016,3.922961110588307,1.5476571769554879,0.39881407259560575,0.010619249883989065
1786995358.6192334,41.350475788116455,-7.462759952605542,3.922905118214105,1.547518637494766,0.39880534098970005,0.011678588774672932
1786995358.65828,41.389522314071655,-7.462783864640024,3.9228358853346403,1.5473857124198145,0.39879721244924915,0.0038868947122402
1786995358.7167053,41.44794774055481,-7.462783864640024,3.9228358853346403,1.5473857124198145,0.39879721244924915,0.0
1786995358.7172158,41.448458194732666,-7.462802246159075,3.9227584836205334,1.5472559427403496,0.3987900817025362,0.2981930985389488
1786995358.71743,41.44867253303528,-7.462813662062896,3.922677922667001,1.5471282642640052,0.3987858249361973,0.7063634263473669
1786995358.7176182,41.44886064529419,-7.4628095511501344,3.9226061633070497,1.5470043680204062,0.39878164895267254,0.7614395543241027
1786995358.7378898,41.4691321849823,-7.462770424490656,3.922550079052434,1.5468850367613838,0.39877418825587746,0.0067847090466154145
1786995358.7604578,41.491700172424316,-7.462711904170878,3.9225070023739,1.5467676277977527,0.3987625540434063,0.006118241708456158
1786995358.7800043,41.51124668121338,-7.462639094809728,3.922481696384153,1.5466548206677153,0.3987564644208932,0.006989861740352535
1786995358.7909045,41.52214694023132,-7.462558886958015,3.9224704611011867,1.5465499581679907,0.39875186735759793,0.012155475352162765
1786995358.8263383,41.5575807094574,-7.462485939137564,3.9224617241682234,1.5464516098185601,0.3987429176811449,0.0034645030674125177
1786995358.8592222,41.59046459197998,-7.462425253120795,3.9224474395713007,1.5463573534610853,0.398731958618445,0.003436616890397784
1786995358.859546,41.5907883644104,-7.462372315104724,3.9224263707282727,1.546264188526046,0.39872149190845096,0.33729365461380945
1786995358.8597593,41.591001749038696,-7.462337719319405,3.9223926806349954,1.5461707142730416,0.3987194778523309,0.4930573899701254
1786995358.8959806,41.62722301483154,-7.462309127647905,3.922349105419393,1.5460778304250218,0.39871818175091384,0.0029404486258113862
1786995358.909788,41.64103031158447,-7.4622627787470055,3.922310102082861,1.5459861558922305,0.3987153583361031,0.007958139474606388
1786995358.921121,41.652363300323486,-7.462201706568765,3.92227452074495,1.5458967275259774,0.3987150922353229,0.010058074825196894
1786995358.932142,41.663384437561035,-7.462141662519833,3.9222345836962416,1.5458105907409696,0.3987128291009301,0.010192948968491006
1786995358.969162,41.70040440559387,-7.462081904295337,3.9221966418617136,1.5457259517520743,0.3987096916793285,0.002980488879324953
1786995358.9846115,41.71585392951965,-7.462023544085794,3.9221604353299346,1.5456405781525588,0.3987053987580594,0.007092096492479839
1786995358.993248,41.72449040412903,-7.461971618571268,3.922123490122169,1.545552154816057,0.3986987161863952,0.012620302940482
1786995359.008286,41.73952841758728,-7.461919874063339,3.9220844147071845,1.545459445168695,0.39869263791472154,0.007523247844063523
1786995359.0181549,41.74939727783203,-7.461851988841188,3.922043878988298,1.5453634054267462,0.3986852038253401,0.012605232330944252
1786995359.0531948,41.78443717956543,-7.461756993735317,3.922007844306504,1.5452646205540932,0.39867805508723053,0.004044175551078668
1786995359.067284,41.79852652549744,-7.461628078350659,3.9219835767804856,1.5451636501028971,0.3986735871695404,0.011749223997969413
1786995359.104363,41.83560538291931,-7.461479913631327,3.9219641139283,1.5450625359692676,0.39867325610785714,0.00486616548160296
1786995359.104727,41.8359694480896,-7.461342432493425,3.921934274059355,1.5449639871198866,0.3986730681322501,0.4717985296409368
1786995359.1407084,41.87195086479187,-7.461227821031865,3.9218904552710305,1.5448659126817326,0.3986729833209104,0.0043656171470080555
1786995359.1556091,41.88685154914856,-7.461138617723966,3.921827146770692,1.5447706176486644,0.39867335072299176,0.009736033793990382
1786995359.1736035,41.90484595298767,-7.461060292501999,3.9217561948615707,1.5446781767568787,0.3986758177593309,0.007802855658681515
1786995359.1829317,41.91417407989502,-7.460965008806659,3.921698610389383,1.544589086383088,0.3986776614479555,0.015286079892232443
1786995359.2209558,41.95219826698303,-7.460832501878857,3.9216692175274503,1.544503231670453,0.39867978584948177,0.004223684585190549
1786995359.2403545,41.97159695625305,-7.46066521853861,3.921668282380869,1.544404476577915,0.398284380221351,0.010014106659709872
1786995359.2442048,41.97544717788696,-7.460475451009265,3.9216719664036055,1.5441325317734027,0.3967433511745628,0.08613301993371648
1786995359.2571783,41.988420724868774,-7.460269580612996,3.9216603330110136,1.5435564247956617,0.39416775813799887,0.04716492736818336
1786995359.2950566,42.02629899978638,-7.460050152207188,3.921626347597001,1.5426289014656436,0.39068801981555734,0.02517884686411342
1786995359.3148737,42.04611611366272,-7.4598140440106615,3.92157516389554,1.5413387271425467,0.38642946046479515,0.06623563849964577
1786995359.3251412,42.05638360977173,-7.45955705224028,3.921516729514541,1.5396898524693805,0.38152670514185943,0.16263015561392583
1786995359.3391788,42.07042121887207,-7.459278899464585,3.921455700303615,1.537697517223184,0.37606554503561623,0.14337083431874928
1786995359.3718128,42.103055238723755,-7.458981285149217,3.9213956073733063,1.5353845453528931,0.37007470642296353,0.07148413486463626
1786995359.391331,42.122573375701904,-7.458669029564712,3.921339948033556,1.5327782880790946,0.3635641365356734,0.13451521202141184
1786995359.399211,42.13045334815979,-7.458352281079708,3.9212850881210564,1.5299067931073418,0.35654361637123916,0.3666805858884061
1786995359.4101796,42.14142203330994,-7.458049692848049,3.921216452516534,1.5267964072040083,0.349020116647154,0.2849770233225891
1786995359.4520757,42.18331813812256,-7.457769064337079,3.921138300937926,1.5234734202553157,0.3410106449411675,0.07961912361296418
1786995359.466235,42.19747734069824,-7.4575251098001365,3.9210508296872675,1.5199617563782857,0.3325339017704489,0.24868731185702017
1786995359.4751182,42.20636057853699,-7.45733848705462,3.9209458876522,1.51628331812776,0.32359297033286,0.41478839964192965
1786995359.488172,42.219414472579956,-7.457221156307335,3.92083298726702,1.5124581058973625,0.3142142614301018,0.293297632787791
1786995359.502232,42.23347449302673,-7.457190480426108,3.920726259293331,1.5084996528190766,0.3044028819071616,0.2816504036892913
1786995359.5363195,42.26756191253662,-7.457261077425963,3.9206363452612907,1.504420304852755,0.29415900211109663,0.11972010479997901
1786995359.5492449,42.280487298965454,-7.457435633027388,3.920582818209705,1.5002372705748355,0.28349998006162064,0.323937464410477
1786995359.5622814,42.29352378845215,-7.4577263743272555,3.920580306413447,1.495963453799672,0.2724281961001752,0.3285927125106715
1786995359.574246,42.3054883480072,-7.458120326848424,3.920660437481615,1.491615900221773,0.2609883010484603,0.3649195283011422
1786995359.6190226,42.35026502609253,-7.458633754648391,3.9208394440248266,1.4871996025194907,0.249183503486161,0.09937415559236473
1786995359.629075,42.36031746864319,-7.459282145340464,3.921130154079761,1.4827207374990763,0.23700265505215937,0.45112239844565954
1786995359.6434014,42.37464380264282,-7.460080879125119,3.921537369617436,1.4781869099203158,0.22441933963265018,0.3225962970200913
1786995359.6505308,42.381773233413696,-7.46101272768503,3.9220795944825775,1.473617256482592,0.21145771475592723,0.6585536384370423
1786995359.6892514,42.420493841171265,-7.462063154414549,3.9227732382505183,1.4690278460025787,0.19815197261127554,0.12290381019862329
1786995359.7014158,42.432658195495605,-7.463220308235065,3.923629521908376,1.4644308357060556,0.18453280203857272,0.3960036611115446
1786995359.7124746,42.44371700286865,-7.464492237842721,3.924644062186122,1.4598381742177968,0.17060140547704786,0.4405840172452975
1786995359.7241175,42.4553599357605,-7.465856580459793,3.9258204161289605,1.455264653669885,0.15639425236602136,0.4221890913452968
1786995359.7741451,42.50538754463196,-7.467258731014863,3.9271666491662978,1.4507216477195697,0.1420031247994141,0.09877313322737263
1786995359.786046,42.51728844642639,-7.468686087856528,3.928672635477967,1.4462099376273554,0.12746176459201478,0.4172768852421858
1786995359.8063686,42.53761100769043,-7.470153782819886,3.9303225882533157,1.4417304866636504,0.11274650871718862,0.24574618927558156
1786995359.8091047,42.5403470993042,-7.471666334322953,3.932103445520914,1.4372829632056567,0.09784822259730597,1.8361650373829532
1786995359.8553436,42.586585998535156,-7.473221918773412,3.9340039936675475,1.4328665328684056,0.08277892005895124,0.10928878750825632
1786995359.8744087,42.60565114021301,-7.474816565410897,3.93601635533594,1.4284825290948502,0.06754775753431999,0.26648371700788587
1786995359.8790686,42.61031103134155,-7.476443434326552,3.9381286618521094,1.4241344675650922,0.05216819247353251,1.0945341170908163
1786995359.8929126,42.624155044555664,-7.478081213611634,3.9403298031517564,1.4198266669814499,0.03667231886978795,0.3689174250854142
1786995359.9411225,42.672364950180054,-7.479706549463782,3.9426097015387254,1.4155624677780885,0.021082114473050813,0.10581391940671771
1786995359.959164,42.69040632247925,-7.481315651908342,3.9449533045348755,1.411344674838907,0.005395368427542663,0.2819297622649916
1786995359.9712842,42.702526569366455,-7.482905859016835,3.9473477469920435,1.4071694478340113,-0.010388605189377058,0.4182247694545575
1786995359.991144,42.72238636016846,-7.484473602975656,3.9497862650955895,1.4030345612338966,-0.026258176449006933,0.2542775473377993
1786995359.9959362,42.7271785736084,-7.4860327901680215,3.9522546564596532,1.3989413418695866,-0.042222814559909214,1.0491539010214017
1786995360.0400107,42.77125310897827,-7.487603767504511,3.954739710433146,1.3948927126352566,-0.05829047832350983,0.11352326043867761
1786995360.0483644,42.77960681915283,-7.489192475087161,3.9572391944921153,1.3908889661888173,-0.07445228882931333,0.5961542944236108
1786995360.0590966,42.79033899307251,-7.490800990935041,3.9597509752938187,1.3869314712214533,-0.0907044093408698,0.46175325613689217
1786995360.078215,42.809457302093506,-7.492393180419117,3.962266222370467,1.3830236152269597,-0.10702804028589585,0.25695379885272357
1786995360.1165545,42.84779691696167,-7.493964172315075,3.9647772091112623,1.379164829777474,-0.12342532555034148,0.12687903411945084
1786995360.1285753,42.85981774330139,-7.495507750702565,3.967278469475916,1.3753535237357855,-0.1398921652285458,0.4003886413742952
1786995360.1422098,42.87345218658447,-7.497030392620542,3.969768881855573,1.3715905177628858,-0.1564218352950471,0.3492945697573873
1786995360.1541307,42.88537311553955,-7.498512074949705,3.972243084835811,1.367876855978982,-0.17300728557641804,0.3944282694164317
1786995360.1973288,42.92857122421265,-7.499940552724413,3.9746968897322823,1.3642131803092639,-0.18965257388768864,0.107298865446392
1786995360.2085712,42.9398136138916,-7.501335313074796,3.977128303345201,1.3605994668712433,-0.20635879657678718,0.40680027371424643
1786995360.2195418,42.95078420639038,-7.5027126358928555,3.979532780132927,1.357035540960829,-0.22311792266405978,0.4115030087112689
1786995360.2337577,42.96500015258789,-7.504084211117597,3.981907643033597,1.3535201584849106,-0.23992494675496467,0.31363365365975254
1786995360.2744806,43.005722999572754,-7.505442747765963,3.984248858593569,1.3500516698433185,-0.256778766109984,0.10803999238517106
1786995360.2946627,43.0259051322937,-7.506786702663255,3.986553442854308,1.3466312412797732,-0.27367640639370944,0.21493352066290436
1786995360.3004656,43.031708002090454,-7.508101692711745,3.9888144093674587,1.3432596657059799,-0.29061834132108416,0.7353541165966327
1786995360.3098202,43.04106259346008,-7.509399730510691,3.9910366862232416,1.3399363394376111,-0.3076007310859131,0.44933248497836287
1786995360.3494852,43.08072757720947,-7.510692419929099,3.9932183414876077,1.3366584883091903,-0.32461664395069645,0.1044818271835235
1786995360.362835,43.094077348709106,-7.51199461485752,3.995361672462129,1.333428188899173,-0.34165433711043897,0.3063385251378748
1786995360.3752308,43.106473207473755,-7.513307113920561,3.99746375001451,1.3302473672351816,-0.35871506504429407,0.32528979105978983
1786995360.387293,43.11853551864624,-7.514616713582076,3.9995208190133513,1.3271112050827463,-0.3757953630034383,0.32934557208207577
1786995360.4370015,43.16824388504028,-7.515905038470661,4.001530964822374,1.3240192619188713,-0.39290305064771897,0.07858796176402193
1786995360.448003,43.179245471954346,-7.51716639618472,4.003492344818103,1.3209709116053618,-0.41003637846344926,0.34886149117037835
1786995360.464397,43.19563937187195,-7.5183874556054,4.005400579240585,1.3179651295770636,-0.42720304030753103,0.2295925255434362
1786995360.4909325,43.222174882888794,-7.519534990677689,4.00723451304154,1.3150052526353815,-0.44442239216861384,0.13816202224492996
1786995360.500855,43.23209738731384,-7.520603559254174,4.0089823037818455,1.3120927814275272,-0.4616958462900244,0.35885822863530475
1786995360.521474,43.252716302871704,-7.52161540816453,4.01065330890178,1.309226185328205,-0.47900813119614255,0.16824013616952482
1786995360.5348995,43.26614189147949,-7.522612638787049,4.012267483558937,1.306408843467923,-0.4963388625370787,0.2530005503255987
1786995360.5493321,43.280574560165405,-7.523640641533452,4.013850468210796,1.3036440733808272,-0.5136622934647931,0.2319476502357281
1786995360.5642238,43.29546618461609,-7.524710440164232,4.015410765256501,1.3009291713234432,-0.5309524084791679,0.22220755464183878
1786995360.5963383,43.32758069038391,-7.525787069469874,4.016934216493225,1.2982650984063695,-0.5482228808756742,0.1012713396859411
1786995360.613308,43.344550371170044,-7.526857524862474,4.018408144341299,1.2956498986621243,-0.5654890070913549,0.18781144150991705
1786995360.6213326,43.352575063705444,-7.527908735046832,4.01981806890495,1.2930801066222677,-0.5827521616129064,0.38804755374225475
1786995360.6332145,43.36445689201355,-7.528928481846869,4.021155386048771,1.2905533584582123,-0.5999922954153399,0.2554533101851398
1786995360.664435,43.39567732810974,-7.529927903697275,4.022428458545297,1.2880727573522266,-0.6171723719356199,0.09487102683112897
1786995360.6745303,43.40577268600464,-7.5308988644667325,4.023634240237237,1.285640898005145,-0.634259781740556,0.2855583347244632
1786995360.6915011,43.42274355888367,-7.5318181706283385,4.024781619040499,1.283270691732884,-0.6511976484094811,0.164350525044814
1786995360.7064726,43.43771505355835,-7.532676741124579,4.025887921569177,1.2809692552194916,-0.6680068362906209,0.1799422338496343
1786995360.735564,43.466806411743164,-7.533483130924366,4.026966584422869,1.278734375837401,-0.6846813092501287,0.0896934176182652
1786995360.7474349,43.47867727279663,-7.534258126870635,4.028028552265909,1.2765646907911672,-0.7012170458298482,0.21370926656215622
1786995360.7616365,43.492878913879395,-7.5350344225610515,4.029086794960946,1.2744609768205315,-0.717606838439961,0.1745954068301201
1786995360.777384,43.50862646102905,-7.535827648097124,4.030139590861235,1.2724229282107955,-0.7338197477608237,0.15413100195138763
1786995360.8068492,43.5380916595459,-7.536637266963518,4.031169747587871,1.27045122948629,-0.7498592994097792,0.0803436156970136
1786995360.8203833,43.55162572860718,-7.537455221148643,4.03215288580734,1.268542696319126,-0.7657331033962218,0.16975038776665527
1786995360.8524992,43.583741664886475,-7.538271775507191,4.033063506838364,1.2666956866706038,-0.7814292278927635,0.06897738868656289
1786995360.8635178,43.59476017951965,-7.539079865869543,4.03387553441569,1.2649087017238017,-0.7969728727626122,0.1926454512633951
1786995360.875541,43.606783390045166,-7.539889031663123,4.034574129904263,1.2631785685443337,-0.8123670236898717,0.1691521280026042
1786995360.890494,43.62173652648926,-7.540722860460725,4.0351578607662715,1.261504375551957,-0.8276066334448536,0.1310306957195702
1786995360.9123142,43.64355659484863,-7.541596489850142,4.035625616188924,1.259883011997312,-0.8426939200224202,0.0870859731611532
1786995360.9127896,43.64403200149536,-7.542522109835473,4.035975462780285,1.2583119097478852,-0.8576171968573566,3.9056075883678023
1786995360.9274366,43.65867900848389,-7.543510603502231,4.036205583745967,1.2567891376511802,-0.8723720608675242,0.12494039233003586
1786995360.9633858,43.69462823867798,-7.544567474978099,4.0363131722448475,1.255312039438608,-0.88697166261075,0.05061145087508816
1786995360.9812436,43.712486028671265,-7.545700375622073,4.036296040488765,1.253878713834876,-0.901409994936225,0.10231213359220089
1786995360.9991772,43.730419635772705,-7.54692193555704,4.0361539855225566,1.2524888681270605,-0.9156701096006007,0.10348267927184221
1786995361.0152576,43.74650001525879,-7.5482409714463214,4.035886310515047,1.2511415252128795,-0.9297325962994721,0.1184316598168571
1786995361.0386677,43.76991009712219,-7.549654860670609,4.035486422338363,1.2498371817268918,-0.9436008589591925,0.08392819629091068
1786995361.0477562,43.778998613357544,-7.551157928526348,4.034944003866011,1.2485759594840034,-0.9572929987331157,0.22398697872182843
1786995361.061296,43.79253840446472,-7.552756377901614,4.034256420737318,1.247355706926571,-0.9708159366626697,0.15696570581883834
1786995361.0724914,43.803733825683594,-7.554452202188443,4.033421562010111,1.2461753460434262,-0.9841645857035327,0.19905155893550588
1786995361.1115084,43.842750787734985,-7.556246109816834,4.032437839145219,1.2450339436608964,-0.9973474368514091,0.060045147932801426
1786995361.1243377,43.85558009147644,-7.558137530690528,4.031304124201117,1.2439315282616317,-1.0103753087123046,0.1921679299817826
1786995361.149045,43.880287408828735,-7.560131928124338,4.030024116026607,1.2428678553188557,-1.023230670548094,0.10513419465916726
1786995361.1498594,43.881101846694946,-7.5622308259593,4.028600258475705,1.2418424260627607,-1.0359110448027191,3.3590472752193667
1786995361.1860662,43.91730856895447,-7.564428398598202,4.027029941993037,1.240856096242882,-1.0484360498845076,0.07941686760908186
1786995361.2000256,43.931267976760864,-7.566719660476626,4.025311370391098,1.2399085016052758,-1.0608238380106696,0.2161149636291474
1786995361.216528,43.94777035713196,-7.5691023436299085,4.023444836856988,1.238998301285643,-1.0730907985584863,0.1915257898210036
1786995361.2243996,43.955641984939575,-7.571579086292789,4.021434133748011,1.2381247125038306,-1.085222981853856,0.420194951199138
1786995361.262797,43.99403953552246,-7.5741527439926575,4.019282761054016,1.237285751153804,-1.0972125152307093,0.09005108920550545
1786995361.2730923,44.004334688186646,-7.576825285123524,4.016993325873039,1.2364815040350856,-1.1090581522581946,0.3506330085153289
1786995361.2842119,44.01545429229736,-7.579599628223584,4.014568695174577,1.2357138329477835,-1.1207218344173253,0.3384706349499923
1786995361.3049335,44.03617596626282,-7.5824811326830845,4.012012139468416,1.2349826990263335,-1.1322021497361963,0.18921823116034545
1786995361.3381517,44.0693941116333,-7.585460367276394,4.0093165923358285,1.2342868048821296,-1.1435350459911962,0.12274945559383986
1786995361.3528562,44.08409857749939,-7.588535757175819,4.006477612836322,1.2336238283347345,-1.154715595336547,0.28818545515295213
1786995361.3619447,44.09318709373474,-7.591697852603041,4.003488398313249,1.2329944491752451,-1.1657623691580457,0.48375680331496335
1786995361.3754404,44.106682777404785,-7.5949349820539975,4.000343465811504,1.2323985503716675,-1.1767013803854618,0.33732557292785315
1786995361.385323,44.116565465927124,-7.598243675782366,3.9970460280820186,1.23183600421159,-1.1875315783549236,0.47608484042406574
1786995361.4417107,44.1729531288147,-7.601630631846365,3.993605789217116,1.2313071056306255,-1.1982291616006686,0.0861285591431238
1786995361.442092,44.17333436012268,-7.605101345569711,3.9900311317119344,1.2308116593894602,-1.2087715750304573,13.133614088567505
1786995361.453638,44.18488049507141,-7.608651533732499,3.9863243109948705,1.2303493635925316,-1.2191609448036673,0.44633572850223907
1786995361.465541,44.19678330421448,-7.612275182682858,3.9824848708314637,1.229918583618532,-1.229410621903945,0.4450169918158127
1786995361.5150979,44.24634027481079,-7.615968763850228,3.9785107620623834,1.229519591855603,-1.2395286289118126,0.10977576005423444
1786995361.532302,44.26354432106018,-7.619730426443019,3.974399945398114,1.229150327233374,-1.2495197100994826,0.3245967677709411
1786995361.547234,44.27847647666931,-7.623559403644462,3.970152113389513,1.2288096608020644,-1.259367931778129,0.38366722376152684
1786995361.5581045,44.28934693336487,-7.627450031882061,3.9657654644767657,1.228497598130379,-1.2690774206206088,0.5401536576692159
1786995361.5989764,44.33021879196167,-7.631402102099127,3.961239343356971,1.2282130353370202,-1.2786524184664299,0.14717821999299285
1786995361.6046646,44.335906982421875,-7.635413129381035,3.956572540477201,1.2279578765613208,-1.288102606351968,1.0827584328831796
1786995361.6167078,44.34795022010803,-7.639479000292831,3.9517692451942112,1.227730693159865,-1.297427690221145,0.5228815677840736
1786995361.6252377,44.35648012161255,-7.643596478837782,3.946831299637471,1.2275300105830231,-1.3066258237537869,0.7541132684703704
1786995361.6669226,44.39816498756409,-7.647757601380474,3.9417516080622215,1.2273561956225356,-1.3157124834402871,0.15758106605649744
1786995361.6834018,44.41464424133301,-7.651959963054499,3.9365273291871175,1.2272089223468612,-1.3246956336711206,0.4069548449592319
1786995361.6914408,44.422683238983154,-7.656205296627975,3.9311641272233313,1.2270882998995176,-1.3335751730110572,0.850995478378329
1786995361.707581,44.43882346153259,-7.660498500335686,3.9256766978811335,1.2269964091600303,-1.3423185717756179,0.4317115800387419
1786995361.743469,44.474711418151855,-7.6648414358175065,3.920072828650839,1.2269342467566333,-1.3509238667007488,0.19755971060636776
1786995361.7715702,44.50281262397766,-7.669232406770865,3.914355457974941,1.2269002258243984,-1.3593933962519602,0.2565380949623509
1786995361.7733421,44.504584550857544,-7.673666529967072,3.9085142495389587,1.2268934105606524,-1.3677336690564426,4.138752842136495
1786995361.7832665,44.514508962631226,-7.6781403977908305,3.9025427607078367,1.2269114044423441,-1.3759572318117599,0.7518364405948422
1786995361.8248427,44.55608510971069,-7.6826506305284115,3.89643799978102,1.226952068604931,-1.3840743100534485,0.18256271295130985
1786995361.8392725,44.57051491737366,-7.68719409797075,3.8902012326486703,1.2270159041341493,-1.3920818729845919,0.5347613972067463
1786995361.8534296,44.58467197418213,-7.691767755093809,3.8838175190584368,1.2271034543269423,-1.399989323420072,0.5547425461422736
1786995361.868388,44.59963035583496,-7.696370588984527,3.877292088809517,1.2272149533661076,-1.407787243256063,0.5338961666455648
1786995361.8814816,44.61272406578064,-7.70100050633593,3.8706304048761107,1.22735005797743,-1.4154725656006772,0.6196653274106321
1786995361.9146378,44.64588022232056,-7.705657471151402,3.8638256387123633,1.2275083019414588,-1.423051836846242,0.24873975911400345
1786995361.9263244,44.65756678581238,-7.710336542222526,3.8568778819281127,1.227689623323161,-1.4305350388373357,0.7169275365214995
1786995361.9595728,44.69081521034241,-7.715033145007876,3.8497912129491816,1.2278942478438832,-1.437923801832624,0.255776486943235
1786995361.960226,44.691468477249146,-7.719750464738837,3.842581192593015,1.2281244990829345,-1.445217226310776,13.193986189436728
1786995361.9975922,44.72883462905884,-7.724492192793779,3.835276756696422,1.22838295008246,-1.4523975946187517,0.23316235681858888
1786995362.0106807,44.741923093795776,-7.729261275529251,3.8278824902446154,1.2286697863166371,-1.4594624563490386,0.6726151284899681
1786995362.0232615,44.75450396537781,-7.734053012408836,3.8203786030179496,1.228981490920819,-1.4664245179549347,0.7081204459773336
1786995362.035349,44.7665913105011,-7.738865902771648,3.8127693360453057,1.2293153963915822,-1.4732818291888123,0.7453904744223038
1786995362.072414,44.803656339645386,-7.743696164979802,3.8050819284174984,1.229674321767475,-1.4800198973425498,0.2451383626999721
1786995362.0852795,44.816521883010864,-7.748533166119521,3.79732254157173,1.2300593968025804,-1.4866413605516844,0.7113312948353564
1786995362.0986311,44.82987356185913,-7.753360727835387,3.789448022117766,1.2304691476971132,-1.4931586243656816,0.6924679749964843
1786995362.1126482,44.84389066696167,-7.758175773830908,3.7814497470869806,1.230898015994853,-1.499578715330022,0.6667311542439497
1786995362.158705,44.88994741439819,-7.762980119821025,3.7733318303211782,1.2313429109385698,-1.5059011255361692,0.20504116695881786
1786995362.1672893,44.898531675338745,-7.767771069671199,3.7650932697867754,1.2318020309513147,-1.5121241230735798,1.1114965948635762
1786995362.1775355,44.908777952194214,-7.772551581576281,3.7567395503224423,1.2322754489792744,-1.518246859891632,0.9404875296061547
1786995362.1895719,44.92081427574158,-7.7773252932474275,3.7483162265317986,1.2327699241212824,-1.5242772283016206,0.805445037923785
1786995362.2342439,44.96548628807068,-7.782090069227697,3.73983988086825,1.2332842025726036,-1.5302137298226044,0.21797431291611352
1786995362.245759,44.977001428604126,-7.786846544826639,3.7313130568405812,1.2338185387565896,-1.5360610410125204,0.8491740849614573
1786995362.259728,44.99097037315369,-7.791594914256128,3.7227533433428652,1.234372375175119,-1.541819180349408,0.7018572732264706
1786995362.2757633,45.00700569152832,-7.79633255505523,3.7141593205095194,1.2349437864122301,-1.5474895342801398,0.613022069118778
1786995362.3170128,45.04825520515442,-7.80105809776754,3.7055176043848266,1.2355304907715414,-1.5530776518612917,0.2391985753953993
1786995362.3314795,45.062721967697144,-7.80577366939603,3.6968122931688576,1.2361307497206195,-1.5585794391476704,0.6856155602015225
1786995362.340273,45.07151532173157,-7.810477381886344,3.6880376738264724,1.2367429327689865,-1.56399486922216,1.1343395274937909
1786995362.3501854,45.081427812576294,-7.81516540793727,3.679172763533743,1.237368988895576,-1.5693259624619977,1.0136397470031162
1786995362.3683882,45.09963059425354,-7.819837049320356,3.6702057449684893,1.2380118556384738,-1.5745728956930445,0.5565843582706814
1786995362.4017348,45.13297724723816,-7.824489095877082,3.661151567318099,1.2386699130051164,-1.579734706080033,0.30589645697654344
1786995362.4154022,45.146644592285156,-7.829113939054056,3.6520420248254064,1.2393443437328004,-1.5847999161856396,0.7491246156848627
1786995362.428206,45.15944838523865,-7.833710628780344,3.6429204134350734,1.2400397341043896,-1.5897823695450854,0.7996078541951444
1786995362.437212,45.16845440864563,-7.838278983751228,3.633821659439196,1.2407560801880266,-1.5946970227764883,1.1332845705499384
1786995362.482111,45.213353395462036,-7.842819714442583,3.624733504297032,1.241489978675694,-1.5995466725446206,0.22686131999758666
1786995362.5020175,45.23325991630554,-7.847333721707257,3.6156365989744477,1.2422387562799337,-1.6043273417818722,0.5115338339329657
1786995362.5179958,45.24923825263977,-7.8518152784577175,3.6065164006883905,1.2430036245493001,-1.6090375476355114,0.637773157535944
1786995362.526215,45.25745749473572,-7.85625589730941,3.5973959358379197,1.2437904754925846,-1.6136831576621722,1.2378917992211564
1786995362.5620868,45.2933292388916,-7.860651806138193,3.588285368270461,1.244598694246063,-1.6182613060104836,0.282893690676746
1786995362.5739505,45.305192947387695,-7.865002008043208,3.579156184601872,1.2454251988634126,-1.6227644758072333,0.8552466081644272
1786995362.5900602,45.32130265235901,-7.869306974184462,3.5699818382531654,1.2462644055927552,-1.627185481319983,0.6312254642513074
1786995362.599479,45.330721378326416,-7.873567024225613,3.5607754226638124,1.2471147110163887,-1.6315293723270077,1.0808085515177732
1786995362.6404748,45.37171721458435,-7.8777830731739344,3.5515507460825586,1.2479738979102901,-1.6358034675805126,0.2482885809105301
1786995362.6659374,45.39717984199524,-7.881960357079455,3.542305102741553,1.2488406747187148,-1.6400052225471555,0.3998990775238367
1786995362.6689556,45.400197982788086,-7.886102612486362,3.5330509481689307,1.2497163742220967,-1.644137545411318,3.3718323605578577
1786995362.6784115,45.40965390205383,-7.890202918276744,3.5237983948933063,1.250598631196583,-1.6482075770905642,1.0743292806323783
1786995362.7084959,45.439738273620605,-7.894258036420626,3.5145530994473577,1.2514857271845552,-1.652220270347524,0.3368665054610365
1786995362.729935,45.461177349090576,-7.898273157672491,3.505308501063501,1.2523781237589482,-1.6561672727001049,0.4719563885643948
1786995362.752243,45.48348546028137,-7.902250607922933,3.496056454130685,1.2532797797269317,-1.6600450691683144,0.45324575245074517
1786995362.7625134,45.49375581741333,-7.906182876497658,3.4868283587920974,1.2541924880433202,-1.6638674941321951,0.9807267160798031
1786995362.7820516,45.513293981552124,-7.910066005731013,3.477644504513942,1.2551125648316859,-1.6676455411962376,0.5125052488201592
1786995362.7943225,45.52556490898132,-7.913898416859182,3.4684860278403993,1.2560400943552337,-1.6713648360162616,0.812589571388556
1786995362.8090038,45.54024624824524,-7.917682582585792,3.459348370218809,1.2569717864356893,-1.6750266524600794,0.6766426080608654
1786995362.822508,45.55375051498413,-7.9214199605481115,3.450225943114225,1.2579065504768472,-1.678624350612075,0.7332903038503968
1786995362.8307917,45.562034130096436,-7.925110777294199,3.4411197407251755,1.2588455170312551,-1.682160407948806,1.1915687453840875
1786995362.8656256,45.59686803817749,-7.928747882755087,3.4320543934785963,1.2597890023794935,-1.6856551834176665,0.281714490617077
1786995362.8819735,45.613215923309326,-7.932330535866686,3.423033411029855,1.2607354682396406,-1.689113222008501,0.596554289578394
1786995362.8891616,45.62040400505066,-7.935859713092512,3.4140596511469323,1.2616881447910813,-1.692533667067008,1.3480285583470575
1786995362.9013999,45.63264226913452,-7.939340304561397,3.4051189458039963,1.2626480300408722,-1.695901256823013,0.7878735488704715
1786995362.9432316,45.674474000930786,-7.942775425233796,3.3962165837881364,1.2636132377083495,-1.699216206822546,0.22927128355281395
1786995362.9589307,45.69017314910889,-7.9461687042853235,3.387369554438478,1.2645819106096392,-1.7024911781628282,0.606710695688059
1786995362.9713213,45.702563762664795,-7.949516444218549,3.3785903835565754,1.2655521440056556,-1.7057276542281077,0.7623326492639046
1786995362.9773104,45.708552837371826,-7.9528180215639654,3.3698806575622604,1.2665221822319626,-1.708921497147315,1.5636582269283246
1786995363.0093455,45.74058794975281,-7.956072348750789,3.3612344876662883,1.267492512144611,-1.7120756299697708,0.2899679882445484
1786995363.0226936,45.75393605232239,-7.959277131248952,3.3526491412245942,1.2684673310102121,-1.7151878611520484,0.6904125304510864
1786995363.034309,45.76555132865906,-7.962432824996149,3.344117520585995,1.2694447664714257,-1.7182608246181064,0.7876608090789442
1786995363.0476687,45.778911113739014,-7.96554086390815,3.335632145514527,1.2704231147735645,-1.7212893248210515,0.6803613048325727
1786995363.0844085,45.815650939941406,-7.968601897218964,3.327185052775374,1.2713998478280808,-1.7242668688119454,0.24598782386216517
1786995363.0987606,45.83000302314758,-7.971620185667672,3.3187716133745724,1.2723750735214778,-1.7271936644903847,0.6264944967999058
1786995363.1131754,45.84441781044006,-7.974600568019582,3.310372556506109,1.2733526187364959,-1.7300633940680614,0.6219741381188667
1786995363.1217926,45.85303497314453,-7.97753615423924,3.3020132817812624,1.274332884297633,-1.7328909134225645,1.0344255105286488
1786995363.1487532,45.879995584487915,-7.980430654758954,3.293712192881152,1.2753143355082384,-1.7356820778443507,0.32810355012525383
1786995363.161592,45.892834424972534,-7.9832846743907195,3.2854775483971745,1.2762971570241395,-1.7384404838842442,0.6831182884152578
1786995363.1808565,45.91209888458252,-7.98609537711418,3.2773105988911126,1.2772817855953933,-1.7411663071196977,0.4512465334385891
1786995363.1892416,45.92048406600952,-7.988859995649891,3.269191254337779,1.278266741306487,-1.7438532838129237,1.029611816441575
1786995363.2143483,45.94559073448181,-7.991575247157534,3.261119330119313,1.279251639564342,-1.746498828687707,0.3414682857894273
1786995363.2272289,45.95847129821777,-7.994251959395049,3.253075617707194,1.280240972963376,-1.7490842543307248,0.6626201526952153
1786995363.237221,45.96846342086792,-7.996890361406747,3.2450642752404306,1.2812333307684087,-1.7516139268108457,0.8499489190854794
1786995363.2533627,45.98460507392883,-7.999484880205563,3.237103800945219,1.2822243744094945,-1.7541003541726368,0.5223172826002629
1786995363.261386,45.99262833595276,-8.00202285561885,3.2292281792838304,1.2832141752367352,-1.7565594728599978,1.038661472941774
1786995363.2972965,46.028538942337036,-8.00449782806584,3.2214644227458495,1.2841997820027455,-1.759001011449182,0.22857021669776023
1786995363.3048458,46.03608822822571,-8.006911917935046,3.213822018757495,1.2851804052283218,-1.7614292063765047,1.069556929025701
1786995363.3157208,46.04696321487427,-8.009267243982332,3.2062877870537663,1.2861545162914265,-1.763837970828685,0.7313742048871331
1786995363.324703,46.05594539642334,-8.011568512289603,3.198836678186786,1.287124299031609,-1.7662174834011477,0.8748939669370381
1786995363.3783777,46.109620094299316,-8.013823333317706,3.1914430015006405,1.2880901128197277,-1.7685583260498594,0.1451328058235907
1786995363.3860226,46.11726498603821,-8.016038424263652,3.18407751276869,1.2890532961294299,-1.770843704039264,1.0139367802394061
1786995363.4011157,46.13235807418823,-8.018210400270435,3.1767350296807253,1.2900126009056412,-1.773078088498859,0.5112838292841746
1786995363.4121323,46.14337468147278,-8.020339570251373,3.1694183679645356,1.2909728167995604,-1.7752586611793677,0.697167843189058
1786995363.4233916,46.15463399887085,-8.0224216058947,3.162159520224305,1.29193275411677,-1.7773939436231683,0.6760895924086291
1786995363.4333346,46.1645770072937,-8.024448503987298,3.154981442415719,1.2928903816282864,-1.779502360929669,0.7563087761511028
1786995363.4502745,46.181516885757446,-8.026414249205606,3.1479001111821154,1.2938429616915388,-1.781588421274368,0.43746406177710057
1786995363.4573886,46.18863105773926,-8.028316707927667,3.140944749894763,1.2947883779277916,-1.7836649100386093,1.0222645315027643
1786995363.4883673,46.21960973739624,-8.03015624047049,3.1341261013396937,1.2957241918453715,-1.7857367154380386,0.22996963954631836
1786995363.5010111,46.232253551483154,-8.031934459787513,3.127426397777118,1.2966516207074374,-1.7877975627025966,0.5531116546998962
1786995363.511325,46.24256730079651,-8.033663020912854,3.1208105546799834,1.2975759384728278,-1.7898359698421396,0.6690215721325327
1786995363.5231943,46.2544367313385,-8.03534657492848,3.1142673311035844,1.298494806858126,-1.7918410485839156,0.5744620234859275
1786995363.5467372,46.277979612350464,-8.036993630628988,3.107764584334971,1.2994110645976213,-1.7938028006477933,0.28757650033780174
1786995363.5662918,46.297534227371216,-8.038610137660305,3.101281859696711,1.3003286135317982,-1.795715643111289,0.34487709093111524
1786995363.5793047,46.31054711341858,-8.040187251977256,3.0948560190341334,1.3012450994953395,-1.797591634074461,0.5133158280484649
1786995363.5872266,46.31846904754639,-8.04172287432435,3.088512259926425,1.302156674144766,-1.7994366937770165,0.8319085869535446
1786995363.6148064,46.3460488319397,-8.043217270996216,3.082261863381068,1.3030593394232,-1.8012587433796916,0.23530438802596196
1786995363.6307652,46.36200761795044,-8.044667614312116,3.076113896796805,1.303951306407379,-1.8030577891461597,0.3997414469649058
1786995363.6493955,46.380637884140015,-8.046072860327653,3.0700643240788743,1.3048317816881503,-1.8048353886465256,0.3366962777241135
1786995363.6511517,46.38239407539368,-8.047433947635435,3.06411654710518,1.3056986134908686,-1.8065866599178986,3.509180521925677
1786995363.6624982,46.3937406539917,-8.048751354796554,3.0582805064242384,1.3065505360593024,-1.808316089282528,0.5326042744921519
1786995363.6902657,46.42150807380676,-8.05002276643722,3.0525512256914813,1.3073865921797325,-1.8100254595779306,0.21348442058349434
1786995363.7006674,46.431909799575806,-8.05125135295697,3.0469148654325817,1.308209425424408,-1.8117116292255921,0.5602046379376773
1786995363.7241914,46.45543384552002,-8.05125135295697,3.0469148654325817,1.308209425424408,-1.8117116292255921,0.0
1786995363.724782,46.456024408340454,-8.052442779284306,3.0413546589268305,1.3090247010770404,-1.8133706634462476,9.727277641358995
1786995363.72502,46.4562623500824,-8.053597279448065,3.03585790825599,1.309831176991001,-1.8150006836346635,23.84738275561981
1786995363.75282,46.4840624332428,-8.054710084492513,3.03043766410732,1.3106252717990232,-1.8166069372525608,0.20107811132778136
1786995363.7659047,46.49714708328247,-8.055782429357473,3.025096972743937,1.311406617812975,-1.8181886284149347,0.4205719188565367
1786995363.7817006,46.51294302940369,-8.056819231867022,3.0198176836715382,1.312179613676451,-1.8197426276521207,0.34409979270689794
1786995363.792171,46.52341341972351,-8.057824098597717,3.0145907813758264,1.312945337222883,-1.821263820897884,0.5135830968434746
1786995363.8168476,46.5480899810791,-8.058796039216555,3.0094128236398174,1.313704850620522,-1.822754859469699,0.21570485435180214
1786995363.8309581,46.56220054626465,-8.059730542326296,3.004302956309072,1.3144580485440465,-1.8242211825534882,0.3719863565167863
1786995363.8423162,46.57355856895447,-8.060628277523884,2.9992705070412655,1.315202542614296,-1.8256638763804003,0.45481726085238466
1786995363.855216,46.58645844459534,-8.061485772791004,2.994332498152126,1.3159385685375187,-1.8270881326442887,0.39269101169399834
1786995363.8852253,46.61646771430969,-8.062304628476117,2.989498908209096,1.316666095723697,-1.828492792889489,0.16515393320829472
1786995363.892661,46.62390351295471,-8.063082624118968,2.984784235853114,1.3173858455953962,-1.829882419038199,0.6498742497446032
1786995363.9053135,46.636555910110474,-8.063823011802857,2.980185634781128,1.3180971293585597,-1.8312554639060852,0.37240517332864986
1786995363.9162445,46.64748692512512,-8.064535330651175,2.9756728567954385,1.3188036320136203,-1.8326047872252436,0.4229208906995376
1786995363.9391544,46.67039680480957,-8.06522277270569,2.9712385438768854,1.3195035835539064,-1.8339365285484515,0.19823526061477062
1786995363.9583366,46.689579010009766,-8.065877706199775,2.9668997267782866,1.3201937532681935,-1.835250045702122,0.23156433909243768
1786995363.964442,46.6956844329834,-8.06649566117049,2.962673904966706,1.320872589722975,-1.8365479475907756,0.7082849830939536
1786995363.9778903,46.7091326713562,-8.067084624007236,2.9585358234243615,1.3215439714922943,-1.8378249903312442,0.31478929644693265
1786995364.0061195,46.737361907958984,-8.06765517936751,2.9544431559691793,1.3222147393088495,-1.8390802542206828,0.14829780029128783
1786995364.0159163,46.74715876579285,-8.068201342009276,2.950396811146733,1.3228827476173104,-1.8403131848803607,0.42231114203544723
1786995364.0407438,46.77198624610901,-8.068201342009276,2.950396811146733,1.3228827476173104,-1.8403131848803607,0.0
1786995364.0413148,46.77255725860596,-8.068721276031587,2.9464043025108286,1.323543669965311,-1.8415274755927384,7.145390414570045
1786995364.0419717,46.77321410179138,-8.069214228516568,2.9424739192986293,1.324195837899764,-1.842727840157428,6.1118140004010595
1786995364.0547366,46.78597903251648,-8.069678752309281,2.938622870244276,1.324839561164426,-1.8439111895503817,0.30803260424887047
1786995364.0731952,46.8044376373291,-8.070107315115777,2.934885300105004,1.3254742175113536,-1.8450833670835918,0.20669046412729683
1786995364.0962598,46.82750225067139,-8.070498614090399,2.9312657914236384,1.326098958908647,-1.8462458290349308,0.16015068905937785
1786995364.1025002,46.83374261856079,-8.070864712846614,2.9277331657277217,1.3267190231437374,-1.847391669343977,0.5777331333764315
1786995364.1152537,46.84649610519409,-8.071207004277154,2.924271684644153,1.3273366062436591,-1.8485173569396793,0.27700380309778583
1786995364.143284,46.874526500701904,-8.07152655838246,2.920877548996716,1.3279473402956614,-1.8496234800400266,0.12355938746539544
1786995364.1542869,46.88552927970886,-8.071822774235498,2.9175456222250484,1.3285512893716644,-1.8507086450450494,0.30893576971931574
1786995364.1653407,46.89658308029175,-8.072093370634954,2.9142955996445665,1.32914687363415,-1.8517759215688019,0.29991547438824445
1786995364.1838193,46.915061712265015,-8.072340235950326,2.911132021388268,1.3297307617789265,-1.8528276842606046,0.17460534545048914
1786995364.1976862,46.92892861366272,-8.072554798070193,2.9080718151033365,1.3303036218622963,-1.8538649684791622,0.22505013278268649
1786995364.2154212,46.94666361808777,-8.072737309793334,2.905112042371282,1.3308713466435922,-1.854885025484369,0.1702424721448039
1786995364.2327023,46.96394467353821,-8.072897044164879,2.9022310465860133,1.3314341956899198,-1.8558847161190124,0.1701171878878664
1786995364.2367954,46.968037843704224,-8.073035837787037,2.899431283495654,1.3319906094518714,-1.8568677441446995,0.6982093447472816
1786995364.2605677,46.99181008338928,-8.073150783849828,2.8967091368247093,1.3325386916466413,-1.8578387855878933,0.11690747860823887
1786995364.2767494,47.007991790771484,-8.073245874525483,2.894054938068439,1.3330778591291264,-1.8587944653019421,0.167477786813969
1786995364.2825527,47.013795137405396,-8.073326076357004,2.8914562577963596,1.3336065966725612,-1.8597356501789482,0.457173587496793
1786995364.2962148,47.02745723724365,-8.07339180850924,2.888915261665965,1.3341238257844747,-1.8606614070940133,0.18986369650555404
1786995364.3171198,47.048362255096436,-8.073441223940337,2.8864459434535132,1.334630709743498,-1.8615672337964129,0.12060695160823084
1786995364.3302624,47.06150484085083,-8.073476704446692,2.8840573010839656,1.3351278865720564,-1.8624583981029421,0.18566311786442802
1786995364.341249,47.07249140739441,-8.07349600692338,2.881748105695212,1.3356137465533395,-1.8633374614733837,0.21479266078390472
1786995364.356573,47.08781552314758,-8.073494168548336,2.8795201276127025,1.3360854039229995,-1.8642045846801183,0.14861255587783798
1786995364.3784993,47.10974168777466,-8.073471720660915,2.8773719133328477,1.3365454242335026,-1.865062210833149,0.10020135695927161
1786995364.4097464,47.14098882675171,-8.073471720660915,2.8773719133328477,1.3365454242335026,-1.865062210833149,0.0
1786995364.410315,47.141557455062866,-8.073435693352698,2.875284930733978,1.3369953604116647,-1.865909881885172,3.7550662246704394
1786995364.4105372,47.14177966117859,-8.073393344452919,2.873235008804094,1.3374394391206335,-1.866746113425278,9.441228756577397
1786995364.418299,47.14954137802124,-8.07333597577239,2.871237651602187,1.337877975252229,-1.8675730094619114,0.2635676218959106
1786995364.4251573,47.156399726867676,-8.073255618536157,2.86932070669308,1.338309873307624,-1.8683858829936522,0.2867511647012108
1786995364.450977,47.18221950531006,-8.07314923071069,2.867511791568538,1.3387349705425817,-1.8691780816241743,0.07208567419754036
1786995364.4617202,47.192962646484375,-8.073017271477369,2.8658143222580934,1.3391506905278108,-1.8699541304579752,0.16313748461781308
1786995364.475945,47.20718741416931,-8.07286846975062,2.864212469549188,1.339557154674953,-1.870716398445613,0.1166488797078251
1786995364.4885373,47.21977972984314,-8.072707471430805,2.8627017383487994,1.3399521528978202,-1.871462223965202,0.12466284337367291
1786995364.5314443,47.26268672943115,-8.072707471430805,2.8627017383487994,1.3399521528978202,-1.871462223965202,0.0
1786995364.532035,47.263277530670166,-8.072537537729968,2.8612620562551956,1.3403365588578313,-1.8721918782849414,2.5385468571643273
1786995364.5322678,47.26351022720337,-8.072368259182726,2.8598623775942054,1.340713483756414,-1.8729152479115663,6.271657727935448
1786995364.53414,47.265382528305054,-8.072204806973096,2.858487296563438,1.3410832973146638,-1.8736301310521697,0.7655244126382272
1786995364.548905,47.280147314071655,-8.07204889596444,2.8571332213387066,1.3414461131096473,-1.8743360917629759,0.09553022741099534
1786995364.5684736,47.299715995788574,-8.071905632424413,2.855783840192993,1.3418022227755697,-1.8750357115028788,0.07169180503450212
1786995364.5792122,47.31045460700989,-8.071766006928925,2.8544394206536965,1.3421542333593484,-1.8757294626288552,0.13006669815448313
1786995364.5913036,47.32254600524902,-8.071609554049125,2.853156483655921,1.3425060292696782,-1.8764128147209305,0.11077829840399746
1786995364.6013286,47.332571029663086,-8.07143440262874,2.85195979542333,1.3428546179707503,-1.8770795807843006,0.12555299608791035
1786995364.632877,47.36411952972412,-8.071240206583676,2.8508501725597757,1.3431988892006956,-1.8777326521043836,0.03733682784130745
1786995364.6462853,47.377527713775635,-8.0710209301046,2.849833375054088,1.3435358156876682,-1.878373462542124,0.08154568337532758
1786995364.657117,47.3883593082428,-8.070773539973255,2.8489095832039246,1.34386693684689,-1.8790021960058432,0.09343450831995538
1786995364.6687648,47.400007247924805,-8.070503460814605,2.8480577061199726,1.3441952094634781,-1.8796235584403862,0.08173553135053709
1786995364.6923525,47.42359495162964,-8.070218961745224,2.84725446264987,1.344519177741485,-1.8802369377263037,0.03864913096435896
1786995364.706089,47.437331438064575,-8.069933354250644,2.8464581764311103,1.3448415911105451,-1.8808178038588959,0.06590580377586983
1786995364.7224653,47.453707695007324,-8.069632048481099,2.8457099305993503,1.3452003211655976,-1.8812139761449411,0.05390760311558742
1786995364.732216,47.46345829963684,-8.069267235847635,2.8451425683840874,1.3456507692512807,-1.8814198331631067,0.08318511665091767
1786995364.7596052,47.49084758758545,-8.06881886754893,2.8447899689646596,1.346209585932068,-1.8814430690323332,0.02915451793108573
1786995364.7828112,47.51405358314514,-8.06881886754893,2.8447899689646596,1.346209585932068,-1.8814430690323332,0.0
1786995364.7924962,47.523738622665405,-8.068297188777484,2.84460084497608,1.346886456317958,-1.8812910679259658,0.09037178718731895
1786995364.7934778,47.524720191955566,-8.067735823797005,2.8444768869392334,1.3476957179335056,-1.8809734521605095,1.0113126705985056
1786995364.7999814,47.5312237739563,-8.067177883226448,2.8443086581137704,1.3486428874931526,-1.880500250110348,0.17099547403553492
1786995364.8113208,47.54256319999695,-8.066658840743985,2.8440121279611614,1.3497183688696008,-1.8798914825750919,0.10851036094260301
1786995364.8291225,47.560364961624146,-8.066200256173296,2.8435473941649136,1.3509049195608336,-1.8791631290742685,0.0760778057282426
1786995364.8486032,47.579845666885376,-8.066200256173296,2.8435473941649136,1.3509049195608336,-1.8791631290742685,0.0
1786995364.849239,47.58048152923584,-8.065809033450494,2.842911644317937,1.3521882868857706,-1.8783352565037412,2.334902603480482
1786995364.8538039,47.58504629135132,-8.065482964155084,2.842131075761184,1.3535686148930557,-1.8774215440238151,0.3546567452729791
1786995364.8711374,47.60237979888916,-8.065216473918412,2.841246847788573,1.3550511208366711,-1.876424670595623,0.10076583296202879
1786995364.9048727,47.636115074157715,-8.06500607495734,2.840298065026111,1.3566385990936434,-1.875334375120489,0.05517454516634685
1786995364.9152164,47.646458864212036,-8.064852877123776,2.8393080502069483,1.3583284364247867,-1.874143969319573,0.189917980350676
1786995364.9240417,47.65528416633606,-8.06476457353899,2.838279782386123,1.360114950940246,-1.8728513513777816,0.23378159882608926
1786995364.934655,47.665897369384766,-8.064752426946,2.837202445581113,1.3619942753731022,-1.8714678927669852,0.20410948413765798
1786995364.9613743,47.6926167011261,-8.0648300040506,2.8360571791691833,1.3639632812042437,-1.870004732730482,0.08530058777538281
1786995364.9701684,47.70141077041626,-8.06501018586953,2.8348201157441477,1.3660186207901965,-1.8684858760605205,0.27355510320238857
1786995364.9934833,47.7247257232666,-8.0653070973031,2.83346778605296,1.3681566005792016,-1.8669310096813336,0.10924909612070911
1786995364.9994638,47.730706214904785,-8.065723132750685,2.83199267243308,1.3703731383980589,-1.8653546493672162,0.450602704491472
1786995365.032387,47.76362943649292,-8.06625940468082,2.8303943837355354,1.3726651247142188,-1.8637614106012663,0.08642006084817411
1786995365.0401676,47.77140998840332,-8.066915389115092,2.828676670151127,1.3750304595658867,-1.8621544459978656,0.38505511842962037
1786995365.0491269,47.7803692817688,-8.067687130675274,2.826847962254022,1.3774683040641134,-1.8605259181638711,0.3508869363160233
1786995365.0621536,47.79339599609375,-8.068571562660276,2.824916935289634,1.3799779276956845,-1.8588662630490378,0.252385158425681
1786995365.0862978,47.81754016876221,-8.069569328799723,2.8228870388381053,1.3825565016312524,-1.8571749523960945,0.1420642335112101
1786995365.1047523,47.835994720458984,-8.070684136207849,2.82075492156326,1.3852027329141543,-1.8554551071576546,0.19379972544546595
1786995365.1165814,47.84782385826111,-8.07191661561037,2.8185170612913,1.387914794961464,-1.8537096008138005,0.31497616716691185
1786995365.1233213,47.85456371307373,-8.07326838299918,2.8161691200515,1.3906902054839436,-1.8519472575951967,0.5754621756866742
1786995365.1567163,47.88795876502991,-8.074741804178593,2.8137053663173037,1.39352605073076,-1.8501741754536205,0.12083313150454532
1786995365.1722252,47.903467655181885,-8.076343353007456,2.8111168411391896,1.3964199108992048,-1.8484043003988953,0.27081124790073247
1786995365.1859534,47.91719579696655,-8.07807538883302,2.8083989462888472,1.399370126031824,-1.8466401686123175,0.31827228901539073
1786995365.2031665,47.93440890312195,-8.07993698242473,2.80555276076948,1.4023737981387228,-1.844879220320094,0.2636037061361328
1786995365.213269,47.94451141357422,-8.081928786577045,2.802579578688617,1.4054282888145855,-1.843124231187419,0.4657256526472036
1786995365.244802,47.97604441642761,-8.084051861236954,2.7994806622982362,1.4085300118686122,-1.8413750979694745,0.1544886166201419
1786995365.257301,47.98854351043701,-8.086303478221868,2.7962602816633835,1.411676359814318,-1.839625388632598,0.4027410844136186
1786995365.2631254,47.994367837905884,-8.088683190075443,2.7929207657243325,1.4148652968069055,-1.837876382793958,0.8918937646356265
1786995365.2765665,48.00780892372131,-8.09118644787347,2.7894648369474813,1.4180983300723347,-1.8361281205079056,0.39830959313394404
1786995365.3291957,48.06043815612793,-8.09118644787347,2.7894648369474813,1.4180983300723347,-1.8361281205079056,0.0
1786995365.329752,48.060994386672974,-8.09380950859488,2.7858933790521943,1.4213751724941175,-1.8343822676929615,9.90814300085976
1786995365.3306851,48.06192755699158,-8.096549440137622,2.782204762803195,1.424694397312555,-1.8326417955655112,6.07430974163467
1786995365.3344493,48.06569170951843,-8.099406680024627,2.7783935710955974,1.4280534743338604,-1.8309086665282692,1.5484454282749416
1786995365.3501475,48.08138990402222,-8.102383029577274,2.774454362221145,1.4314487506453744,-1.829187550041774,0.38169920455844264
1786995365.3798,48.111042499542236,-8.105478732038856,2.770382866319545,1.434878529181984,-1.8274852283256169,0.20767939097776902
1786995365.390693,48.12193536758423,-8.108687714729466,2.766180677885244,1.4383420311298851,-1.8257991948342116,0.5802644320078217
1786995365.4200754,48.151317834854126,-8.112001420624646,2.761852948881685,1.4418395235247339,-1.8241240833193066,0.22041343233294766
1786995365.4205978,48.15184020996094,-8.115414753610914,2.7574028124443433,1.4453699891675735,-1.8224546273466713,12.686519257128255
1786995365.447333,48.17857551574707,-8.118925740745583,2.7528302094068464,1.4489322327558198,-1.8207932747558735,0.2534783583856114
1786995365.4672623,48.19850468635559,-8.122539659459493,2.748128934739749,1.4525235971553585,-1.8191486540263817,0.3478595809438219
1786995365.4731886,48.20443105697632,-8.126252845962469,2.7432970110106933,1.456144728914792,-1.8175154735354095,1.1961065659013348
1786995365.4862874,48.21752977371216,-8.130066062635894,2.7383320126515964,1.4597923064600251,-1.815897632581213,0.5531425318391585
1786995365.511393,48.24263548851013,-8.133970491016504,2.73323812718381,1.4634666860587697,-1.8142909969319074,0.29457402947179545
1786995365.5484293,48.27967166900635,-8.13796284995155,2.7280167817454735,1.4671656393321695,-1.812691593025401,0.20364205565166038
1786995365.5654643,48.296706676483154,-8.142040502982796,2.722667543759852,1.4708863862698092,-1.811098914149158,0.45123039482372057
1786995365.5752997,48.30654215812683,-8.146201085233633,2.7171901687307685,1.474626704951172,-1.8095143827675089,0.7960528883808493
1786995365.6017387,48.33298110961914,-8.150442431595993,2.7115846588394907,1.4783835107535779,-1.8079439380247218,0.30145735667639084
1786995365.6199358,48.35117816925049,-8.154760157285553,2.7058514491920396,1.482155685893403,-1.8063907607198233,0.445573570880731
1786995365.720301,48.45154333114624,-8.159149494919411,2.6999906388680137,1.4859433215025346,-1.8048515622207058,0.08213886536072859
1786995365.723244,48.45448637008667,-8.163605178546069,2.6940032557189157,1.4897461077129668,-1.8033232236828272,2.8461529927228306
1786995365.7373922,48.468634605407715,-8.168126461408807,2.6878876720742286,1.4935618326795748,-1.8018063264712894,0.6014137651746171
1786995365.7878118,48.51905417442322,-8.172714031705503,2.6816405010451563,1.4973878893784103,-1.800303961721696,0.1714332486724717
1786995365.7924418,48.52368426322937,-8.177367096284028,2.6752595379165856,1.5012234987068576,-1.7988182393137424,1.8961836752514087
1786995365.8051517,48.536394119262695,-8.182086598178586,2.6687434037892754,1.5050680509199934,-1.7973528651846047,0.7015876645187823
1786995365.8202822,48.55152463912964,-8.186869381257493,2.662094125357424,1.5089203113124101,-1.7959051999178586,0.5982212968242239
1786995365.8765287,48.607771158218384,-8.191706295854942,2.6553167010269343,1.51278136041605,-1.7944690894384334,0.1631757427353554
1786995365.8873677,48.6186101436615,-8.196593769663018,2.6484128112672254,1.516651941609933,-1.7930421412166755,0.8582246307419303
1786995365.9084375,48.63967990875244,-8.20153080401548,2.6413832817675376,1.5205310298214343,-1.791624161102896,0.44733677757571444
1786995365.9239562,48.65519857406616,-8.206512468684407,2.634229946509831,1.5244182797867558,-1.7902146976729783,0.6150349802027395
1786995365.9494102,48.6806526184082,-8.211536872874825,2.626951150739873,1.5283130882327864,-1.7888156758724179,0.37966897132311006
1786995365.9643853,48.69562768936157,-8.216602124423476,2.6195443659119277,1.5322132777578783,-1.7874279041291654,0.6533595168994996
1786995365.9773138,48.708556175231934,-8.22170378802859,2.6120088251764644,1.5361170779729114,-1.7860594656262858,0.7659110805767195
1786995365.9850216,48.71626400947571,-8.226845877049467,2.604339890407194,1.5400227240175433,-1.7847116158236451,1.3006706026818293
1786995366.031057,48.76229929924011,-8.232027973992425,2.5965356212037762,1.543929002139132,-1.783381202769172,0.22048008915762562
1786995366.0453823,48.77662467956543,-8.237248925063618,2.5885961375964746,1.5478343003432677,-1.7820694552620018,0.7171546921685965
1786995366.0584097,48.78965210914612,-8.242510117720114,2.5805223038218954,1.5517358676761823,-1.7807753451658968,0.7980541346271983
1786995366.0672593,48.79850172996521,-8.247807953379214,2.572318908671829,1.555633522652964,-1.7794995054248322,1.188128705352393
1786995366.1013453,48.83258771896362,-8.253139311154392,2.5639868363821554,1.55952724413855,-1.7782383147227088,0.3118734810687281
1786995366.114589,48.84583139419556,-8.258500477009003,2.555529182715857,1.563415863127803,-1.776991930935404,0.8111210190499472
1786995366.1314232,48.86266565322876,-8.263882851732955,2.546951874035713,1.5672998482731038,-1.7757602780922996,0.6442534861422303
1786995366.1432645,48.87450695037842,-8.269279985129486,2.5382578314251854,1.5711796047639504,-1.774542372246267,0.9242107239543883
1786995366.171757,48.90299940109253,-8.274687816707143,2.529441475350238,1.5750534074541496,-1.7733387227455282,0.38762604451845245
1786995366.1895955,48.92083787918091,-8.280103807126602,2.520500396755523,1.578919198709051,-1.7721513358894163,0.6247960554892271
1786995366.198535,48.92977738380432,-8.285531891789603,2.5114258228020505,1.582775339787432,-1.770981116444612,1.259052074637198
1786995366.2094147,48.94065713882446,-8.290972265156068,2.50220747944469,1.5866216605065888,-1.7698201540253904,1.045435319834086
1786995366.2258923,48.95713472366333,-8.296418511661672,2.4928541406203477,1.5904589126847075,-1.768670259300733,0.6969171946023212
1786995366.2703855,49.001627922058105,-8.296418511661672,2.4928541406203477,1.5904589126847075,-1.768670259300733,0.0
1786995366.2709136,49.002156019210815,-8.301865745578997,2.48337545562893,1.594287631210564,-1.767534274119173,21.934365221082096
1786995366.2711377,49.00238013267517,-8.307315911297856,2.473756960496962,1.5981057007506716,-1.7664092880164028,52.18804022264659
1786995366.2827792,49.01402163505554,-8.312766660606007,2.4640043672284424,1.6019127778367601,-1.7652968847692576,1.0138972119046301
1786995366.294914,49.026156425476074,-8.318210058176684,2.454128646777129,1.6057086727242749,-1.764196187107812,0.9805103557910747
1786995366.331658,49.06290030479431,-8.323644423361344,2.4441451614647134,1.6094942397718037,-1.763112955808037,0.32605480561001343
1786995366.3443427,49.07558512687683,-8.32907003379579,2.434061658762211,1.6132695623094855,-1.7620508416382237,0.9504932456331554
1786995366.3567977,49.0880401134491,-8.334495406926514,2.423850548426066,1.6170339369712103,-1.7609999482160168,0.976336796892605
1786995366.3644989,49.095741271972656,-8.339916533997155,2.4135180804622416,1.620786191852359,-1.759960854328096,1.5915463020931087
1786995366.3855176,49.11676001548767,-8.345323432633455,2.4030788723234884,1.6245288785831011,-1.7589374430630638,0.5869865403193949
1786995366.3956687,49.12691116333008,-8.350716045852238,2.3925316700253423,1.6282604442415396,-1.7579313499896263,1.223474975166266
1786995366.4123554,49.14359784126282,-8.356095612932105,2.381859891119979,1.6319798877092657,-1.7569351881746007,0.750084823831045
1786995366.4243605,49.15560293197632,-8.361459206998202,2.3710556301561287,1.6356859190480288,-1.7559394220674454,1.0511232329052003
1786995366.4558887,49.18713116645813,-8.366799674882849,2.360109499585494,1.639378279286086,-1.754936390843106,0.40366415012893087
1786995366.4728882,49.20413064956665,-8.372119620903673,2.34902524691501,1.6430564057994705,-1.7539317207171787,0.7549172438525363
1786995366.487296,49.21853852272034,-8.377416190134355,2.3378290779056243,1.646722436357032,-1.7529324049075152,0.8965203246108953
1786995366.4931161,49.224358558654785,-8.38269098235541,2.3265330594997784,1.650374563286472,-1.751943812045598,2.2320864807883676
1786995366.519508,49.25075030326843,-8.387940413245985,2.3151472903071917,1.654012336922687,-1.7509697815810592,0.4946515731171981
1786995366.5322049,49.263447284698486,-8.393164207583855,2.303670272786907,1.6576351106806766,-1.7500083218472862,1.033316612073609
1786995366.5455618,49.27680420875549,-8.398363727535004,2.2921109880144583,1.6612406180396637,-1.7490655398972021,0.9865818744310542
1786995366.5647347,49.2959771156311,-8.403540542978476,2.280457340016451,1.6648269965768616,-1.7481296806238966,0.690895379325707
1786995366.5841348,49.3153772354126,-8.408689795246136,2.2687141740006416,1.6683941996968388,-1.7472031851734227,0.6860503250562408
1786995366.5963764,49.32761883735657,-8.413813308108178,2.256867459121659,1.6719389803511822,-1.7462799827635758,1.0934096141234813
1786995366.6098714,49.341113805770874,-8.418907104240729,2.2449252362330654,1.6754606577955902,-1.7453555667432663,0.9968417327726192
1786995366.6265664,49.35780882835388,-8.42397296278224,2.2328930111656504,1.6789583858481276,-1.7444351409633527,0.8095586998979449
1786995366.6400163,49.37125873565674,-8.429004930228453,2.220789628879852,1.6824308989015304,-1.7435197468891448,1.0081780014960307
1786995366.6609025,49.39214491844177,-8.43399721259634,2.2086326332729027,1.6858814122500707,-1.7426142620888523,0.6505520133929444
1786995366.6715724,49.402814865112305,-8.438945715616274,2.1964503860478057,1.68931425398837,-1.7417349508412046,1.2736402670128213
1786995366.6964808,49.42772316932678,-8.438945715616274,2.1964503860478057,1.68931425398837,-1.7417349508412046,0.0
1786995366.6978333,49.429075717926025,-8.443854596202224,2.1842423861101037,1.6927267171220446,-1.7408770784295453,10.050123554449675
1786995366.6980894,49.42933177947998,-8.448723325263275,2.1720117857337553,1.696120485445938,-1.7400409250730957,53.09065561691343
1786995366.7243855,49.45562791824341,-8.453549676254777,2.15975846724457,1.6994974912904555,-1.739227801927219,0.5170206998607046
1786995366.7367053,49.46794772148132,-8.458326559827126,2.147500133709706,1.7028575535280643,-1.7384441275557556,1.1021677209941045
1786995366.7500129,49.481255292892456,-8.463048324500734,2.135213667357671,1.7061971831671967,-1.7376743143114142,1.0204413830980161
1786995366.7585375,49.48977994918823,-8.46771735606055,2.1228734505742723,1.7095138020492333,-1.736903029454877,1.595892990694057
1786995366.7825205,49.51376295089722,-8.472335792210414,2.1104628327525075,1.7128058140451219,-1.7361178321860722,0.5689518175483373
1786995366.8167422,49.54798460006714,-8.472335792210414,2.1104628327525075,1.7128058140451219,-1.7361178321860722,0.0
1786995366.8173146,49.54855704307556,-8.476908066728813,2.0979808385161105,1.7160705567059469,-1.7353159008462573,23.91174688818006
1786995366.8175573,49.54879975318909,-8.481439680018937,2.0854251353412083,1.7193054371768355,-1.7344895660972424,56.58945710715355
1786995366.817753,49.54899549484253,-8.485930377095356,2.0728251570657026,1.722512271223364,-1.7336637154408132,70.27297314399101
1786995366.8526464,49.58388876914978,-8.490372073757689,2.060212271027755,1.725694633832003,-1.73284694874333,0.3939321031665853
1786995366.864529,49.59577131271362,-8.494763979026976,2.0476013643812263,1.7288542543809073,-1.7320424297039174,1.1548453167013366
1786995366.8745606,49.6058030128479,-8.499101812119406,2.0349996402607737,1.7319903806688637,-1.7312520729524126,1.3648175304293924
1786995366.893295,49.62453746795654,-8.503382847174057,2.022442231964739,1.7351052572072059,-1.7304977610784669,0.727421595671771
1786995366.905905,49.637147426605225,-8.507596835341866,2.0099680738252887,1.7381997341272513,-1.7298012069716533,1.0726015632464725
1786995366.921883,49.653125524520874,-8.511745564528395,1.9975465366550396,1.7412759620048504,-1.7291415516996305,0.8419336663469862
1786995366.9302151,49.661457538604736,-8.515841353451675,1.9851195798168317,1.7443353633759349,-1.7284817203363791,1.6127476056533605
1786995366.9394155,49.67065787315369,-8.519887600523287,1.972672399932718,1.7473720664326828,-1.727811230452884,1.4603811590742712
1786995366.9633498,49.694592237472534,-8.52388756930632,1.9602123008640484,1.7503843204331602,-1.7271305317770718,0.5610597002606771
1786995366.982325,49.71356749534607,-8.527843169408358,1.9477784634223756,1.7533737294973177,-1.72646365081176,0.7054423131747266
1786995366.9919224,49.723164796829224,-8.531754487671572,1.9353794531746473,1.7563380666533774,-1.725813725844761,1.3894489099742247
1786995366.9999766,49.73121905326843,-8.535624878790925,1.9230180289615524,1.7592745425549448,-1.7251800641128958,1.6490477285323448
1786995367.0117695,49.74301195144653,-8.539455184737996,1.9107045454003038,1.762180898293657,-1.724567645478387,1.1209226572165494
1786995367.035339,49.766581535339355,-8.543246258754,1.8984408585315073,1.765054919303208,-1.7239655785707981,0.5580962546406291
1786995367.041593,49.77283549308777,-8.546997714516216,1.8862251584788259,1.7678973302475807,-1.7233755078745343,2.09324527267333
1786995367.0558112,49.78705358505249,-8.550713286192375,1.874042246040959,1.7707081553240414,-1.7227895891067868,0.9173785430678288
1786995367.0652845,49.79652690887451,-8.554388031402132,1.8618899655608756,1.773488058937428,-1.722211456733493,1.3719070987867663
1786995367.0840719,49.815314292907715,-8.558010434726654,1.849781540641011,1.7762383132953978,-1.7216369476020152,0.6884639668703798
1786995367.0963724,49.82761478424072,-8.561580553087191,1.83772150889656,1.778959972151188,-1.721066301382349,1.0461753383960182
1786995367.1089764,49.84021878242493,-8.565097716277798,1.825725736507586,1.781654576793577,-1.7205054356492615,1.0145892008959196
1786995367.120576,49.851818323135376,-8.568556131753187,1.8138155434306604,1.7843198498529507,-1.7199634189998405,1.0936042603467284
1786995367.1393847,49.8706271648407,-8.571950268594001,1.8020023450895444,1.7869531160287395,-1.719445646972677,0.6683048536144163
1786995367.1503305,49.88157296180725,-8.57527459804705,1.7903023567817504,1.7895542071647448,-1.718959535395751,1.1363365804365608
1786995367.1622376,49.89348006248474,-8.578535284942005,1.7786914591531728,1.7921233268726964,-1.7184932002296434,1.035572753488029
1786995367.1762912,49.90753364562988,-8.581738045146233,1.7671566161632442,1.7946593738880527,-1.718034780561272,0.8707319331369379
1786995367.1953342,49.92657661437988,-8.584885235673447,1.7557006874298207,1.7971613175221137,-1.7175874864781204,0.6375558880786724
1786995367.20723,49.938472509384155,-8.5879773986125,1.7443043250605044,1.799632337790551,-1.7171360649685914,1.0141466468910758
1786995367.217804,49.94904637336731,-8.59101962600559,1.7329595270901004,1.8020728496586118,-1.7166755178516968,1.1345413984590382
1786995367.2305357,49.96177816390991,-8.594016928004093,1.721676032323375,1.8044835560555874,-1.7162121190120576,0.9363253355139309
1786995367.2427151,49.973957538604736,-8.596962034053673,1.7104797012844355,1.806862137634889,-1.7157563396088615,0.9704123447926893
1786995367.256479,49.98772144317627,-8.599852103285064,1.6993758831933838,1.8092074237291593,-1.7153090041579382,0.8508490564966806
1786995367.2693052,50.000547647476196,-8.602685864807867,1.6883706687113391,1.811520111530913,-1.7148702618722405,0.9041749155722535
1786995367.2812796,50.01252198219299,-8.605458523503637,1.6774813534185053,1.8138005284375336,-1.7144493561305227,0.9575332986582128
1786995367.2933207,50.02456307411194,-8.608169752032548,1.666705843166358,1.8160466376350524,-1.714043435988951,0.94145198664672
1786995367.3196046,50.05084705352783,-8.608169752032548,1.666705843166358,1.8160466376350524,-1.714043435988951,0.0
1786995367.3201742,50.051416635513306,-8.610821585718467,1.6560451767095663,1.8182614384571303,-1.713653020205344,19.675090760789974
1786995367.3211243,50.052366733551025,-8.613415777490786,1.6455131748658132,1.8204429609873327,-1.7132861614094215,11.64510635217475
1786995367.3328707,50.0641131401062,-8.615952540590921,1.635100372229299,1.8225908368891384,-1.7129329828607365,0.9305366553882893
1786995367.3464835,50.077725887298584,-8.618431357452756,1.6247770291069543,1.824707201242853,-1.712583377831973,0.7952591220495844
1786995367.369221,50.10046339035034,-8.618431357452756,1.6247770291069543,1.824707201242853,-1.712583377831973,0.0
1786995367.3720942,50.103336572647095,-8.620859753919989,1.6145232548006483,1.826793573804472,-1.7122292742769814,3.7387016171334135
1786995367.372458,50.103700399398804,-8.623239523663266,1.60434633071776,1.8288482664853367,-1.7118752200397092,29.276348188185914
1786995367.3808665,50.11210894584656,-8.625574258242699,1.59423469480708,1.8308730966742937,-1.7115136920033887,1.2574548673950585
1786995367.3922257,50.12346816062927,-8.627858890325987,1.584199621497691,1.8328674834767924,-1.7111492971800195,0.922890502816511
1786995367.415594,50.14683651924133,-8.627858890325987,1.584199621497691,1.8328674834767924,-1.7111492971800195,0.0
1786995367.4170446,50.14828705787659,-8.630092985917706,1.5742669328049876,1.8348298273807524,-1.710793414800447,7.147851145667739
1786995367.4186144,50.14985680580139,-8.632276512372814,1.5644632951062059,1.8367586561561433,-1.710458699915234,6.515306422277046
1786995367.4328623,50.1641047000885,-8.634413458453363,1.5547782382932582,1.8386571251951154,-1.7101330977291351,0.7087413291310103
1786995367.444031,50.175273418426514,-8.63650766700259,1.5452106539135726,1.8405281997990035,-1.7098174945409652,0.8927813665270768
1786995367.4536154,50.1848578453064,-8.638558952968047,1.535766822701679,1.8423687085356584,-1.7095151604000456,1.0264300084406663
1786995367.4689984,50.20024085044861,-8.640568506452803,1.5264445468769712,1.8441772576295925,-1.7092232600561712,0.630981307601265
1786995367.477349,50.20859146118164,-8.642539551442166,1.517228368945753,1.8459568915289812,-1.7089343877530565,1.1485560401118036
1786995367.4899037,50.22114610671997,-8.644467034349006,1.508138955925861,1.8477067183001068,-1.7086577897801485,0.7530971015769754
1786995367.5059345,50.2371768951416,-8.646345144923993,1.4991619507392413,1.8494283868755952,-1.7083844371517327,0.5821025483159991
1786995367.5148869,50.246129274368286,-8.646345144923993,1.4991619507392413,1.8494283868755952,-1.7083844371517327,0.0
1786995367.515404,50.24664640426636,-8.64817131406753,1.4902696202501422,1.8511250118847757,-1.7081107490217278,17.858365186363134
1786995367.532566,50.263808488845825,-8.649943029971201,1.4814830336310718,1.8527950034474896,-1.7078429420525112,0.531268363631156
1786995367.543343,50.274585485458374,-8.651664720639335,1.4728049080996504,1.8544361225343453,-1.707582043759819,0.834943763843127
1786995367.554743,50.285985469818115,-8.653343065780978,1.4642325012951924,1.8560446469187897,-1.707326615979085,0.7791259871023971
1786995367.5674763,50.29871869087219,-8.654978207311359,1.4557517870149173,1.857619396569758,-1.707071541063033,0.6894795907973056
1786995367.5802662,50.311508655548096,-8.65657365858777,1.4473484174814912,1.8591617915632879,-1.7068117662277336,0.6795512431153053
1786995367.5935483,50.324790716171265,-8.658132879115891,1.4390106132703184,1.8606731259731804,-1.7065417901473547,0.6486893837679226
1786995367.6046042,50.33584666252136,-8.65965510707472,1.4307317453448274,1.8621560377536168,-1.7062637352710233,0.7730927571215859
1786995367.6158671,50.34710955619812,-8.661139686631708,1.4225208664279456,1.8636118547327594,-1.7059830328967365,0.7520322921040549
1786995367.6266909,50.35793328285217,-8.662581601792997,1.4144070866611242,1.8650398730908786,-1.7057121452937254,0.7727207285056565
1786995367.6423833,50.37362575531006,-8.663971309048115,1.4064380943786312,1.86643942320748,-1.7054581742049708,0.5231449387998033
1786995367.650254,50.38149642944336,-8.665308873646056,1.3986374752952964,1.8678067871023818,-1.7052277008669858,1.0204606781279395
1786995367.6679566,50.39919900894165,-8.666594322836103,1.3910123833866213,1.8691423291445866,-1.7050222290206873,0.4432783433488869
1786995367.676592,50.40783452987671,-8.667833881216149,1.383523518310513,1.870452279003522,-1.704827170656709,0.892008579811748
1786995367.6916232,50.42286562919617,-8.66903504235115,1.3761306190319065,1.8717412976264558,-1.7046309052279236,0.5056153839911938
1786995367.6989024,50.43014478683472,-8.670205695234355,1.3688142031007735,1.8730114365623878,-1.7044298678829202,1.0327505883833905
1786995367.7152445,50.446486949920654,-8.671344366312708,1.3615893226969233,1.8742606353173148,-1.704228435959229,0.45403847271515835
1786995367.7265673,50.45780968666077,-8.672450060377294,1.3544616371255225,1.8754854314712672,-1.7040239221292206,0.6461500238938506
1786995367.7387717,50.4700140953064,-8.673524967464592,1.3474348299597123,1.8766865509454422,-1.7038202918995966,0.590713481230418
1786995367.749274,50.48051643371582,-8.674578536617624,1.3405121323735731,1.8778639538357267,-1.7036162218858921,0.6761071527767119
1786995367.7595475,50.49078989028931,-8.675609513363653,1.3336954315585292,1.879014948376104,-1.7034145594905898,0.6803594397474019
1786995367.7723825,50.50362491607666,-8.676611303269464,1.326971902903545,1.8801404934174384,-1.7032109692146404,0.5368359114974733
1786995367.7843716,50.51561403274536,-8.67757937460104,1.3203380937223554,1.8812417028090354,-1.703006906515657,0.566673324848372
1786995367.795395,50.52663731575012,-8.678511053460543,1.3138168091250855,1.882318028983638,-1.702804746660707,0.6055231031960726
1786995367.8123367,50.5435791015625,-8.679406094439667,1.307444961821424,1.8833666636587671,-1.7026135741222888,0.3848054919269031
1786995367.8203416,50.551584005355835,-8.680265771715552,1.3012120028409557,1.884388434465417,-1.7024315283226659,0.7963105378896329
1786995367.8320627,50.563305139541626,-8.68109332831537,1.2950888780059482,1.885386344405491,-1.7022551567232538,0.5339807713140071
1786995367.8452885,50.57653093338013,-8.681891928474128,1.2890722836724346,1.8863589384915123,-1.7020820953827271,0.4647582374079149
1786995367.8548539,50.58609628677368,-8.682657347305211,1.2831662925859817,1.8873059414740616,-1.701907831994398,0.6304218972586911
1786995367.876285,50.60752749443054,-8.683395442319252,1.2773526361835708,1.8882295620333909,-1.7017329841640592,0.27682343149932453
1786995367.8831992,50.61444163322449,-8.684110624057997,1.2716344878001933,1.889128207922941,-1.701562147685804,0.8435391691611314
1786995367.895222,50.62646436691284,-8.684803354187604,1.2660103548626296,1.8900000433722468,-1.7013969844214623,0.476872409676316
1786995367.9080136,50.6392560005188,-8.685473460724463,1.2604912700250037,1.890844688464316,-1.7012295836646865,0.4396164275990025
1786995367.920016,50.65125846862793,-8.686127155184142,1.2550615847742497,1.8916642943164712,-1.7010635191154266,0.46073594996471606
1786995367.9324517,50.66369414329529,-8.686767500332802,1.2497317859985626,1.8924578055182393,-1.7008968127607558,0.43636224914701677
1786995367.945157,50.67639946937561,-8.687390200046433,1.244519581861548,1.8932242559119583,-1.7007342777029695,0.4175358506646976
1786995367.9552765,50.686518907547,-8.687994700150268,1.2394155079147,1.8939648386448615,-1.7005742545651035,0.5131537029807288
1786995367.9720302,50.703272581100464,-8.688583983308495,1.2343952075589133,1.8946813786796552,-1.7004142000746794,0.30472726729051197
1786995367.9802682,50.71151065826416,-8.689158632437247,1.2294483588980145,1.8953723311097337,-1.700258966292261,0.6103144428572223
1786995367.9923391,50.72358155250549,-8.689716456306156,1.2245714642396683,1.8960375995216634,-1.7001031530013802,0.4103730366437766
1786995368.0049026,50.73614501953125,-8.690258232019321,1.2197732917608304,1.8966781535501815,-1.6999475102626824,0.38770857689251115
1786995368.0243127,50.755555152893066,-8.690780839529523,1.2150730099698919,1.897296087376071,-1.6997957669056714,0.24571935411080834
1786995368.0341313,50.76537370681763,-8.691281885140306,1.2105077466732252,1.8978938027947576,-1.6996465123729279,0.4716995968436128
1786995368.0462615,50.777503967285156,-8.691757882963316,1.206078074472202,1.8984741698319147,-1.6995039207072526,0.3703808351598454
1786995368.0597842,50.79102659225464,-8.69221217167569,1.2017407051394826,1.8990410735247523,-1.6993648032672417,0.3252169634027419
1786995368.077287,50.80852937698364,-8.692647355569854,1.197470280084777,1.8995953208209682,-1.6992247056498386,0.24728497818236264
1786995368.0823393,50.813581705093384,-8.693061141682303,1.1932914568646356,1.9001342173847204,-1.6990884245507436,0.8379695667711609
1786995368.095502,50.82674431800842,-8.693458896990856,1.1892288044636412,1.9006592511503897,-1.698957229468066,0.31268133475277826
1786995368.1069179,50.838160276412964,-8.69384180102817,1.1852646736674994,1.901171949858072,-1.6988318015674082,0.3517397391349809
1786995368.1212652,50.85250759124756,-8.694200131026374,1.1814325801182055,1.9016699181188281,-1.6987139088432304,0.27049597009857973
1786995368.1344233,50.865665674209595,-8.694536943179555,1.1777060019680736,1.9021567633652698,-1.698597604430168,0.28676722687468026
1786995368.1478498,50.8790922164917,-8.69485580978074,1.1740553149800115,1.902633123091911,-1.6984774728848249,0.27523224911834115
1786995368.1561108,50.88735318183899,-8.695158960122095,1.170479596954968,1.90309578271487,-1.6983590290462645,0.4379932777562846
1786995368.170894,50.90213632583618,-8.695445419730024,1.166995695252152,1.9035442162216514,-1.6982419479946325,0.23840020657316868
1786995368.1803052,50.91154766082764,-8.695715149358469,1.1636016863577656,1.9039802592887887,-1.6981273301493003,0.36472175440989757
1786995368.1913085,50.92255091667175,-8.695968545801158,1.1603200056077512,1.9043988932841474,-1.6980114061740055,0.3015439425514575
1786995368.2043128,50.93555521965027,-8.696208907636034,1.157149896993167,1.9047959730181367,-1.6978989838184617,0.24637301190780025
1786995368.216212,50.94745445251465,-8.6964410973074,1.1540668329579233,1.9051764576343275,-1.6977846516984372,0.2617915559916584
1786995368.232353,50.963595390319824,-8.696672762446386,1.1510571288838378,1.9055434154708248,-1.6976708148440822,0.1883923821310762
1786995368.2392614,50.97050380706787,-8.6969028591932,1.1481051016529564,1.9058976008646153,-1.697557752463409,0.4316603074485532
1786995368.251463,50.98270535469055,-8.69713254732762,1.1452076545802425,1.9062398686717432,-1.697445178908615,0.23985644169543835
1786995368.2657094,50.99695181846619,-8.697358733468297,1.1423836211332117,1.9065690846053178,-1.6973346342146185,0.20019992555060834
1786995368.2803347,51.011577129364014,-8.697573320890198,1.1396561835905508,1.906882390603578,-1.6972293412223654,0.18828640819600645
1786995368.2871058,51.0183482170105,-8.69777346197523,1.137042153256742,1.9071776752391725,-1.6971255867777968,0.3896357434437043
1786995368.3027172,51.03395962715149,-8.697956511736864,1.1345306369394141,1.9074550491166364,-1.6970271688343679,0.16227927477868814
1786995368.3183851,51.04962754249573,-8.698117999233888,1.1321164361574907,1.9077149559324587,-1.6969293692889935,0.15531836438267965
1786995368.3316994,51.062941789627075,-8.69826118275017,1.1297981227424012,1.9079589996787534,-1.696834596967921,0.1754148158306826
1786995368.3353322,51.066574573516846,-8.698383504704749,1.1275775953068823,1.908184923144687,-1.6967405736212997,0.6153243207620288
1786995368.3519998,51.08324217796326,-8.698483252498036,1.1254475618005764,1.9083924463901472,-1.6966480627795426,0.12853929498873112
1786995368.3581684,51.08941078186035,-8.698561776670628,1.1233727731634517,1.9085853206396732,-1.6965573913817469,0.33803650092953746
1786995368.3712816,51.10252404212952,-8.698631934045018,1.1213459615359016,1.9087269011518428,-1.6971924757094512,0.1550309733161771
1786995368.384715,51.115957498550415,-8.698728204079714,1.1194179775802238,1.9086702821641093,-1.6988186905582219,0.14376167050154864
1786995368.3974893,51.1287317276001,-8.698867738573611,1.1176188463485954,1.9083454722481112,-1.7013320938436078,0.14353377747911436
1786995368.408145,51.139387369155884,-8.699054022974046,1.1159555481931294,1.9077265165863164,-1.7046682556042458,0.16746809237024107
1786995368.4214506,51.152693033218384,-8.699282285383159,1.1144207875825987,1.906805615679355,-1.7087148788070181,0.13560710875782006
1786995368.431254,51.16249632835388,-8.699537418819956,1.112987026557356,1.9055931240927504,-1.7133920961002325,0.19329897603856638
1786995368.4446015,51.175843954086304,-8.699796995326341,1.1116130493226248,1.9041111209214658,-1.7186969388865454,0.1526510874979902
1786995368.4544742,51.18571662902832,-8.700037531544606,1.11025616544189,1.9023836989675516,-1.7246110285480638,0.22382446348572757
1786995368.4682314,51.19947385787964,-8.700239019281113,1.108880090248033,1.9004359973753646,-1.7310909536417356,0.17396424387090395
1786995368.4814103,51.21265268325806,-8.700386715706399,1.1074620101129817,1.8982939163936996,-1.738088183237865,0.1952513999222252
1786995368.4923103,51.22355270385742,-8.700470073098039,1.1059929666775359,1.895983949686001,-1.745565382339927,0.251264873739179
1786995368.5072277,51.23847007751465,-8.700482027758678,1.1044740994113622,1.8935312669817963,-1.7535002352362241,0.19339317267709893
1786995368.5163202,51.247562646865845,-8.700416551958044,1.1029099996966305,1.8909600176230963,-1.7618757200089517,0.33107458575825605
1786995368.526571,51.257813453674316,-8.700265082719943,1.1013081584279527,1.888290909036919,-1.770675561693481,0.3040312161811456
1786995368.5424964,51.273738861083984,-8.700014563144162,1.0996792016356713,1.8855406985437275,-1.7798889813489744,0.201328044267346
1786995368.554348,51.285590410232544,-8.699645040473545,1.098036983173128,1.8827185387531609,-1.7895223021581366,0.27726613503500336
1786995368.5633566,51.2945990562439,-8.699134120132237,1.096389726148397,1.8798304168577318,-1.79959587836543,0.3734066285405326
1786995368.5788155,51.31005787849426,-8.698461761792785,1.094732824998434,1.8768852738073338,-1.8101159517446286,0.22288041550713256
1786995368.591489,51.322731494903564,-8.697611280777881,1.0930505861549806,1.873895314999768,-1.8210541021819715,0.2788910228983498
1786995368.5989304,51.3301727771759,-8.696562975473457,1.0913338752708135,1.8708675214639345,-1.8324050886177972,0.48849752872862906
1786995368.6123743,51.34361672401428,-8.695300473125227,1.0895713075431157,1.8678081574203609,-1.8441580666161892,0.27891378203574635
1786995368.6306431,51.36188554763794,-8.693809442329563,1.0877519880687723,1.8647230690942502,-1.856306111972415,0.21235875181994573
1786995368.6464093,51.37765169143677,-8.692081655867158,1.085857616185803,1.8616239398545043,-1.8688321792846725,0.255119437377602
1786995368.652448,51.38369035720825,-8.690115138766455,1.083865311848103,1.858525699804156,-1.8816859774542725,0.6914757056788393
1786995368.6658344,51.39707684516907,-8.687906272227798,1.0817616105751733,1.8554382296985636,-1.8948465672992638,0.32422061443528505
1786995368.6770651,51.40830755233765,-8.68545508044285,1.0795368834703585,1.8523730274790429,-1.9083039909584216,0.4017070212766667
1786995368.6947873,51.426029682159424,-8.68276616179186,1.0771805818717373,1.8493442103186892,-1.922040282087789,0.26440058977635056
1786995368.7092261,51.440468549728394,-8.679845473202722,1.074680921333314,1.8463657822026955,-1.9360406261223417,0.3368063133938623
1786995368.7114077,51.44265007972717,-8.676702574186884,1.0720249625598586,1.8434536497113312,-1.9502842420467463,2.3107983695241567
1786995368.7379875,51.46922993659973,-8.673352643396814,1.069196874654478,1.8406233327603143,-1.9647423404323594,0.19632592586446518
1786995368.7482352,51.479477643966675,-8.669814215659382,1.0661796244147628,1.837891107916761,-1.979379073748333,0.5263081409090905
1786995368.7582326,51.48947501182556,-8.666106313603093,1.0629654399528379,1.835270815287273,-1.9941792835226977,0.5564328339731504
1786995368.7731946,51.50443696975708,-8.662253964406412,1.0595473417804888,1.8327703022318262,-2.0091181780593486,0.3826425155994329
1786995368.7865355,51.51777791976929,-8.658287393144365,1.0559108588599468,1.8303931032756555,-2.024155729285728,0.4409672421345581
1786995368.7965858,51.527828216552734,-8.654236414326004,1.0520481105764867,1.8281443087424585,-2.0392715619576163,0.6002085517505238
1786995368.81027,51.54151248931885,-8.650128973761749,1.0479638218819114,1.826028368101852,-2.0544662613746585,0.4506502877991391
1786995368.824322,51.555564403533936,-8.645990653508596,1.043661757167824,1.8240479177419884,-2.0697446960142565,0.4475779803560228
1786995368.8430994,51.574341773986816,-8.64184140091541,1.0391468917917288,1.822203807791427,-2.0851095013928034,0.3410065368097932
1786995368.8580565,51.58929896354675,-8.637700765200798,1.0344280324119228,1.8204959884318979,-2.100568365049106,0.4349804618833404
1786995368.8663743,51.59761667251587,-8.633589308144995,1.0295123403587,1.8189247200006295,-2.1161212894600485,0.7932781444345265
1786995368.8772101,51.608452558517456,-8.629520970971916,1.0244082598671493,1.8174898938837665,-2.131777853711731,0.6167417494057147
1786995368.8893478,51.62059020996094,-8.625505161933305,1.0191255279615645,1.816190216574246,-2.1475408675579426,0.5571002595426211
1786995368.9147727,51.64601516723633,-8.621555292472735,1.013667464615151,1.815025057596338,-2.1634054702152614,0.26892324608056756
1786995368.9262064,51.65744876861572,-8.617685410068901,1.0080345107070041,1.8139941938277968,-2.1793472128480738,0.6044902482367345
1786995368.9393976,51.670639991760254,-8.613904028786362,1.0022311852557328,1.8130980438889033,-2.19536054554494,0.5294660591681413
1786995368.9544067,51.685649156570435,-8.610217469955717,0.9962637834895285,1.812334845272412,-2.2114442148227162,0.4700935794916245
1786995368.9802742,51.71151661872864,-8.60663413275684,0.9901343529950078,1.8117008475869791,-2.227584226170727,0.27556882063393556
1786995368.9902008,51.72144317626953,-8.603161339352127,0.983844632172291,1.8111938954019733,-2.2437640578689155,0.7255919511308695
1786995368.9981892,51.72943162918091,-8.599802924736949,0.9773997585862927,1.8108124179814573,-2.2599759642979715,0.9109926497071127
1786995369.0129118,51.74415421485901,-8.596562263302566,0.9708038218414048,1.8105556717112454,-2.276199929953681,0.4994717248524392
1786995369.0241575,51.75539994239807,-8.593443550299853,0.9640582310655068,1.8104226218821162,-2.2924057168927416,0.660947645698135
1786995369.0396311,51.77087354660034,-8.590450066480457,0.9571654345351476,1.8104119475134444,-2.308591666425125,0.48565063372463274
1786995369.0503044,51.78154683113098,-8.58758277939982,0.950130151322137,1.8105208458999604,-2.324739249028488,0.7118634386864774
1786995369.0596402,51.79088258743286,-8.584842879353676,0.942954935191077,1.8107468172087822,-2.340847694462549,0.8230580027310782
1786995369.084219,51.81546139717102,-8.58223250273456,0.9356401219617722,1.8110852651092617,-2.3569106234476744,0.3162887865649166
1786995369.0991056,51.83034801483154,-8.579753485848546,0.9281870553404324,1.8115322852301678,-2.372912690211623,0.5284777111521719
1786995369.108207,51.839449405670166,-8.57740687513889,0.9205977974015658,1.812084246037611,-2.3888510374039065,0.8749123202361849
1786995369.1237445,51.854986906051636,-8.575194362310134,0.912872471566088,1.812738494191308,-2.4047077855283066,0.5189058868037187
1786995369.1381447,51.86938714981079,-8.573117727276026,0.9050113751417649,1.8134924087881106,-2.420480096637067,0.5670485672415263
1786995369.1548781,51.886120557785034,-8.571178233194555,0.8970158928103338,1.8143425916322449,-2.4361659836110086,0.4942905799353448
1786995369.1626217,51.893864154815674,-8.569379149735115,0.8888855010834218,1.815287534638374,-2.4517515041241404,1.0822498133741252
1786995369.1746538,51.90589618682861,-8.56771897114212,0.8806227705862532,1.816324702101061,-2.4672420319495365,0.7057365031362108
1786995369.196343,51.92758536338806,-8.5661952956416,0.8722305906066659,1.81745071961488,-2.4826251297460065,0.39666707921419564
1786995369.210368,51.94161033630371,-8.564806491988154,0.863710991515294,1.8186637224371465,-2.49789862475604,0.6215244887748916
1786995369.2212336,51.952476024627686,-8.56355187478408,0.8550648302734135,1.8199625683919642,-2.5130674470573355,0.8129013619104738
1786995369.2341614,51.96540379524231,-8.562431919960702,0.846291757494065,1.8213442460822256,-2.528137723168322,0.6924275003129079
1786995369.245538,51.9767804145813,-8.561453558848847,0.8373883003126852,1.8228059329566628,-2.5431088154471695,0.7977353421894191
1786995369.2663937,51.99763607978821,-8.560621689338184,0.8283523736599542,1.8243457810168209,-2.557966821432623,0.44131240786991216
1786995369.2829604,52.01420283317566,-8.559936558708106,0.8191844640732884,1.8259610567881623,-2.572707838406727,0.5634354544395016
1786995369.2945528,52.025795221328735,-8.559400447861973,0.8098843157841996,1.8276498940798738,-2.5873277960872887,0.8166941855426122
1786995369.3023276,52.03357005119324,-8.559005657404894,0.8004564549541615,1.8294147565101417,-2.6017994348776043,1.2347212755372856
1786995369.3440123,52.075254678726196,-8.559005657404894,0.8004564549541615,1.8294147565101417,-2.6017994348776043,0.0
1786995369.3445709,52.07581329345703,-8.558744187233717,0.7909067480242715,1.8312570891282987,-2.61612661609594,17.416850501120624
1786995369.344796,52.0760383605957,-8.558626674022223,0.7812289861632926,1.833174027908652,-2.630294749965564,43.837966162510895
1786995369.3559818,52.08722424507141,-8.558660085949013,0.7714201381493834,1.8351630188815957,-2.6443069093186353,0.8947465372862264
1786995369.3653052,52.09654760360718,-8.558832696584409,0.7614866277623948,1.8372225297952027,-2.658170946339238,1.0882592570639487
1786995369.3810086,52.1122510433197,-8.559131514324246,0.7514347920670219,1.839352945765889,-2.671898393720331,0.654599467191698
1786995369.3968945,52.12813687324524,-8.559550440146655,0.7412669783259518,1.8415526062003602,-2.6854891307145135,0.6553927150445822
1786995369.4169297,52.14817214012146,-8.56009209594215,0.7309817284927448,1.8438202669812371,-2.69893668272483,0.5263811124485115
1786995369.4182038,52.14944624900818,-8.560771909849263,0.7205722334822406,1.8461530947209803,-2.7122339932952078,8.389653435783888
1786995369.4392154,52.17045783996582,-8.561581696747076,0.7100418835444366,1.8485508213136315,-2.7253749719388196,0.5154390608178451
1786995369.4522927,52.18353509902954,-8.562521498232265,0.6993905519172031,1.8510106499136614,-2.7383598001651985,0.8390139637758688
1786995369.468224,52.19946646690369,-8.563582406904546,0.6886209122600828,1.8535329263789042,-2.7512092719820935,0.6974805996712579
1786995369.480975,52.21221733093262,-8.564762079966439,0.6777332480742195,1.8561171590157874,-2.7639342387768018,0.8824625985640387
1786995369.4905233,52.221765756607056,-8.56604440475422,0.6667314856366023,1.858763327257383,-2.7765556258637183,1.1926518070779528
1786995369.5136218,52.24486422538757,-8.567424314026507,0.6556148777503439,1.861470542234392,-2.7890560181865287,0.4989254819008858
1786995369.526257,52.25749945640564,-8.568912312086333,0.6443787669941075,1.8642364324678018,-2.801413258863582,0.9233555511914755
1786995369.5373774,52.268619775772095,-8.57054050512335,0.6330118701827072,1.8670573593186273,-2.81359027573445,1.0633092664095014
1786995369.5442967,52.27553915977478,-8.572326662115803,0.6215113210097154,1.8699268882342983,-2.8255739351266946,1.7323737085235071
1786995369.557379,52.28862142562866,-8.574254742769629,0.6098845944135629,1.8728463910960391,-2.8373854341685867,0.9281065341649786
1786995369.5682576,52.29949998855591,-8.57631696333144,0.5981361166537604,1.8758156790333471,-2.84902879422028,1.129939463953762
1786995369.581369,52.31261134147644,-8.57850099246006,0.5862700782086164,1.878833928233597,-2.8605114980073436,0.948578629560826
1786995369.5933313,52.32457375526428,-8.580801968584284,0.5742884408821657,1.881898893599651,-2.8718368519863855,1.0515997686096352
1786995369.6067626,52.33800506591797,-8.583209905093645,0.562192421336933,1.8850149150919466,-2.882998773887585,0.9471082784620517
1786995369.6221805,52.35342288017273,-8.585723173377987,0.5499821386448521,1.888180830251337,-2.8939990266982827,0.8342285218030455
1786995369.6329932,52.364235639572144,-8.588334763599144,0.537659928706378,1.89139274618532,-2.9048523048171657,1.2021896172973197
1786995369.6436684,52.374910831451416,-8.59104371143584,0.5252262729194489,1.894650164011751,-2.915560058541385,1.2304825413092952
1786995369.6633728,52.394615173339844,-8.593839055013545,0.512682602805414,1.8979523921831198,-2.9261233625791863,0.6733971462622451
1786995369.6762033,52.407445669174194,-8.596715778175147,0.5000286669618783,1.9012991654542775,-2.936547489596472,1.0444987787115962
1786995369.6859293,52.41717171669006,-8.599657764326876,0.4872662856257189,1.9046928837788888,-2.9468575980349936,1.3910721211571333
1786995369.6987143,52.429956674575806,-8.602692315887111,0.4743892161525055,1.9081299361349848,-2.9570164461180357,1.0691447298460053
1786995369.7156632,52.44690561294556,-8.60584188735732,0.4613931434041372,1.9116063147732774,-2.9669846152974055,0.8151992666926045
1786995369.732282,52.46352434158325,-8.60911299560352,0.44827705714406646,1.915119688648202,-2.976758464025584,0.8404342647751164
1786995369.7393348,52.470577239990234,-8.612491061699574,0.4350432833336002,1.9186702310941404,-2.986343476321001,2.0008891053007356
1786995369.754256,52.48549842834473,-8.615944097029624,0.4216966245866622,1.9222624389406662,-2.9957894233602844,0.9547783750027402
1786995369.770329,52.50157141685486,-8.619442701412039,0.4082406966731721,1.9258962754496818,-3.0051393706257756,0.8940684110105211
1786995369.7843413,52.515583753585815,-8.622970537622605,0.3946768292527534,1.9295696090824384,-3.0144192918156265,1.033983873654549
1786995369.7930863,52.52432870864868,-8.626515736228376,0.3810049087685159,1.9332814887115315,-3.023656160193187,1.6699564951810868
1786995369.806464,52.53770637512207,-8.630097418998204,0.36722094954504253,1.9370321435174718,-3.0328122609294144,1.1008871413832526
1786995369.8213208,52.552563190460205,-8.633743852163535,0.3533214590760584,1.9408194727452337,-3.0418426240508576,1.0002518899741697
1786995369.83161,52.56285238265991,-8.637479151048042,0.3393044379524074,1.944639502375753,-3.050705462161022,1.4579115510878193
1786995369.8422499,52.57349228858948,-8.641291286194292,0.3251715675659151,1.9484903875901627,-3.0594171765190734,1.4225727580224916
1786995369.8542786,52.58552098274231,-8.645174711275827,0.3109229509458837,1.9523763046306348,-3.067985828357275,1.2695502743925622
1786995369.8720686,52.60331106185913,-8.649132841046784,0.29655879522780954,1.956296295972429,-3.0764007830543023,0.8660197607492651
1786995369.8854208,52.616663217544556,-8.653170890920759,0.2820795936259491,1.9602459513752948,-3.084650933051609,1.1640047260336497
1786995369.8972902,52.62853264808655,-8.65727492951479,0.2674861412745855,1.9642254045610612,-3.092759270088999,1.3204645950499447
1786995369.9103189,52.64156126976013,-8.661434646259343,0.2527790161687183,1.9682338977035756,-3.1007388672548877,1.2127894046370744
1786995369.9225528,52.65379524230957,-8.665628464204937,0.23795863840827994,1.9722745564666453,-3.10862342094887,1.3015824852301041
1786995369.9457192,52.67696166038513,-8.669834459486298,0.22302487143084532,1.976347980927834,-3.116440787018051,0.6924070678661272
1786995369.9559152,52.68715763092041,-8.67404239206728,0.207977764472062,1.9804488058656882,-3.1242116954458923,1.5843124433892637
1786995369.9673736,52.69861602783203,-8.678246769759639,0.1928172865272926,1.9845730976655127,-3.131949563951078,1.4194198272196548
1786995369.9765909,52.7078332901001,-8.682485314454214,0.1775420335488839,1.9887232517602995,-3.1395900163249,1.7778221381225279
1786995369.989116,52.72035837173462,-8.686774424647393,0.1621519208009032,1.9928978404311537,3.1360819808635934,1.3183947414129153
1786995370.0050144,52.73625683784485,-8.691130700873142,0.14664721030959724,1.997093837909795,3.1287251269967657,1.046811908495476
1786995370.0156987,52.74694108963013,-8.695562719214344,0.13102876302066324,2.001309225537968,3.1215343034326897,1.5699215003917737
1786995370.0241349,52.75537729263306,-8.70006730582312,0.11529751929029519,2.0055432558718747,3.114508007353125,2.0035526444317098
1786995370.0435028,52.77474522590637,-8.704612809528406,0.09945319102202455,2.009798890714506,3.107587058262947,0.8789759196543749
1786995370.0563648,52.787607192993164,-8.709163522772645,0.08349439834725288,2.0140783894237972,3.1007074015886396,1.332444524722481
1786995370.065875,52.797117471694946,-8.713711780190119,0.06742085993023825,2.018378389228705,3.093864784482725,1.8137440099554782
1786995370.0771759,52.80841827392578,-8.718263939164487,0.05123272319873175,2.0226983100596225,3.0870744352798325,1.5363526195776247
1786995370.0928411,52.82408356666565,-8.722841532366026,0.034930443121717884,2.027037930000221,3.080377371816664,1.11584362650514
1786995370.105674,52.83691644668579,-8.727451444925968,0.018514600691127946,2.031396476494105,3.0737877523297628,1.3714064040392278
1786995370.1132936,52.8445360660553,-8.732098998505064,0.0019864433772131714,2.03577205102655,3.0673139855278606,2.3253051033565995
1786995370.1273274,52.858569860458374,-8.73680139210956,-0.01465310654273975,2.040166081070974,3.060984620185295,1.2712751100032844
1786995370.1474502,52.878692626953125,-8.741554358285638,-0.03140345370528416,2.044576401484933,3.0547895477117315,0.8925963178316353
1786995370.149773,52.88101530075073,-8.746336431986618,-0.048265653037091995,2.0490015458549924,3.048684802939241,7.782911708881036
1786995370.1625886,52.89383101463318,-8.75113580160017,-0.06524016023572327,2.0534401066076837,3.042656390592125,1.4193353403365923
1786995370.1772728,52.908515214920044,-8.75595767928346,-0.08232644855707465,2.057889874790862,3.0367165802513623,1.246427554965247
1786995370.188459,52.91970133781433,-8.76081356429483,-0.09952400626969135,2.062352709345654,3.0308887239149644,1.6465766174411196
1786995370.2003648,52.931607246398926,-8.765665903053005,-0.11683538104751251,2.0668330532184993,3.0251041392097036,1.5562374305537567
1786995370.2128155,52.94405794143677,-8.77050266142314,-0.1342609409884047,2.0713294954873884,3.0193396096189256,1.496701737369593
1786995370.2219415,52.95318388938904,-8.775322611767889,-0.15180045028226957,2.0758388668934273,3.0135890669692373,2.053523713952921
1786995370.2375271,52.968769550323486,-8.780139601688022,-0.16945180926324258,2.080359793874622,3.0078791886109886,1.2092580461621976
1786995370.2514868,52.98272919654846,-8.784987797479676,-0.1872117568920551,2.0848939018436283,3.0022804200583098,1.3581954651858326
1786995370.2671638,52.998406171798706,-8.789895338482838,-0.2050772915608869,2.089440169013913,2.9968410728138437,1.2168766459802591
1786995370.278127,53.00936937332153,-8.794858816538682,-0.22304720845730008,2.0939954579364475,2.9915564613039103,1.7505165628748376
1786995370.2871838,53.018426179885864,-8.799851561673396,-0.24112420399627538,2.0985609127266,2.986392693778369,2.131161708136082
1786995370.3063385,53.03758096694946,-8.804838232428157,-0.25931224132944747,2.103138136167629,2.9812849376055266,1.0131548739910161
1786995370.324303,53.05554533004761,-8.8097981163129,-0.2776141343850728,2.1077248733378386,2.976196568627262,1.085978848782869
1786995370.3338437,53.065086126327515,-8.814709634172283,-0.29603314306144085,2.1123204777800026,2.9710918958461945,2.055251356347375
1786995370.3434873,53.074729681015015,-8.819568498379654,-0.3145700139927686,2.116923852032379,2.965961380146808,2.0436708986246814
1786995370.3542082,53.085450649261475,-8.824395154719166,-0.33322058777142793,2.121536783909694,2.9608334172086335,1.8477421490167414
1786995370.367749,53.09899139404297,-8.829225482877149,-0.35197889331838833,2.1261611609909647,2.9557705330956976,1.4707161215362934
1786995370.3762717,53.10751414299011,-8.834079379120215,-0.37084121531709485,2.1307950562132185,2.9508111807850406,2.34906621532133
1786995370.3894482,53.12069058418274,-8.83897555577936,-0.38980438060976563,2.1354364498963254,2.9459854941486,1.5275377625951527
1786995370.4022918,53.13353419303894,-8.843938118825394,-0.40886547697550585,2.14008784498835,2.941341635733103,1.575747002912622
1786995370.41048,53.141722440719604,-8.848949323324987,-0.42802698536418526,2.144749807170198,2.93684559667909,2.4849300298746413
1786995370.4273276,53.15857005119324,-8.853982568250604,-0.4472929076195723,2.1494195950490353,2.9324545245158644,1.2139870290319064
1786995370.434534,53.16577649116516,-8.85901064204196,-0.46666875658906004,2.1540949828509004,2.928118770178675,2.8524998381308806
1786995370.4503627,53.181605100631714,-8.8640021152455,-0.4861606928635525,2.1587758998468,2.923786903832381,1.3051180181079407
1786995370.460292,53.19153451919556,-8.868941591651861,-0.5057713093887346,2.1634591573363857,2.919432594300876,2.0905870837690324
1786995370.471471,53.20271348953247,-8.873838467796745,-0.5254983738484658,2.168143695250639,2.9150776212806866,1.8658788277371412
1786995370.4835923,53.214834690093994,-8.878706776362725,-0.5453382603479456,2.1728298995940967,2.9107460682065907,1.7291237834735451
1786995370.4987493,53.22999167442322,-8.883578921738044,-0.5652840531341177,2.1775213664112703,2.9064840039384707,1.3895504146783997
1786995370.509463,53.240705490112305,-8.88846785629275,-0.5853324408610849,2.182216003932407,2.902315214428678,1.9753145067781037
1786995370.5196223,53.2508647441864,-8.893373075934871,-0.6054830117314886,2.186914606957424,2.898237428577258,2.0931269085887925
1786995370.534723,53.26596546173096,-8.898290472435148,-0.6257361261944091,2.191614640826508,2.8942453028397237,1.4148280479223474
1786995370.545392,53.27663445472717,-8.903230479399506,-0.6460901420417742,2.19631517664407,2.89035648799759,2.0119888956914407
1786995370.5559478,53.287190198898315,-8.908196761766865,-0.6665450844608972,2.20101559211256,2.886581982110499,2.043212366226912
1786995370.567665,53.29890751838684,-8.913174816593934,-0.6871041164842819,2.2057148800488724,2.882892685476134,1.8492991219563866
1786995370.5819263,53.31316876411438,-8.918146458764168,-0.7077709461392108,2.210412080084865,2.8792597946597134,1.5264596334640732
1786995370.5929732,53.32421565055847,-8.923089997642114,-0.7285506820284142,2.2151079501921194,2.875646426242071,1.9797232695936207
1786995370.611726,53.342968463897705,-8.923089997642114,-0.7285506820284142,2.2151079501921194,2.875646426242071,0.0
1786995370.6123393,53.343581676483154,-8.928013028609946,-0.749442028949222,2.2198044350136654,2.872069511468956,35.82995758148133
1786995370.6151776,53.34642004966736,-8.932912854969587,-0.7704442177511983,2.2244999514066457,2.8685293911498526,7.776085274276163
1786995370.6353772,53.36661958694458,-8.937793348259152,-0.7915556935911626,2.2291955829413874,2.8650304541848435,1.0976098294642607
1786995370.6449356,53.37617802619934,-8.942654491552254,-0.8127756355863652,2.233893147370895,2.8615725652365387,2.329950773867526
1786995370.6556134,53.38685584068298,-8.947487183164151,-0.8341050056232887,2.2385926393713342,2.858134064187107,2.094925279150447
1786995370.6742764,53.405518770217896,-8.952284281591842,-0.8555442363919071,2.243292526071859,2.854700144100436,1.2038012184883917
1786995370.6832826,53.41452503204346,-8.957057252864756,-0.8770897109091746,2.24799287272098,2.851286726300928,2.5052397634465047
1786995370.694085,53.42532730102539,-8.961823855849655,-0.8987366927686141,2.252694695979619,2.8479289074050755,2.0975927806511487
1786995370.702755,53.43399739265442,-8.966598666896756,-0.9204810160670069,2.2573964919099074,2.8446532022572484,2.6243655594875057
1786995370.7202687,53.45151114463806,-8.971385961114933,-0.9423210749790608,2.2620966493564736,2.8414636369635646,1.304533263451694
1786995370.7312787,53.46252107620239,-8.976179741381614,-0.964258488929217,2.2667941547612838,2.8383453636790885,2.0836790959899765
1786995370.747589,53.47883152961731,-8.98097903459001,-0.986294188268179,2.2714878594194876,2.8352936342971278,1.412317602060382
1786995370.7606263,53.49186873435974,-8.985774463278721,-1.0084309248493974,2.276175817908259,2.832303608461109,1.7741720464317816
1786995370.7773662,53.50860857963562,-8.990546677289833,-1.0306731703734469,2.2808590169709957,2.8293439340992035,1.3874381725694933
1786995370.7842488,53.515491247177124,-8.995291506449465,-1.053022452757999,2.285535400842318,2.8264089673184394,3.3883769229276544
1786995370.8026035,53.53384590148926,-9.00001260670366,-1.0754781524538324,2.2902027715055278,2.823504074215974,1.2757789203883505
1786995370.8084254,53.53966784477234,-9.004709168007327,-1.098040304198638,2.2948623809236803,2.820623419437036,4.038536723115811
1786995370.8212245,53.55246686935425,-9.009395336575688,-1.120704970189944,2.299518651789424,2.8177944577790655,1.8444997652870365
1786995370.8324723,53.56371474266052,-9.014067179365039,-1.1434724361583453,2.3041694208163306,2.8150111182257564,2.1072961913500525
1786995370.8453577,53.576600074768066,-9.018711886717044,-1.1663453314747878,2.308814567038857,2.812254752925521,1.8468658230274466
1786995370.855748,53.58699035644531,-9.023340142810378,-1.1893207378942674,2.3134545844066747,2.8095412203879206,2.2994406213321525
1786995370.8723123,53.60355472564697,-9.027969469674995,-1.212393819691553,2.318090998968958,2.806902098974398,1.4480050025110098
1786995370.883233,53.61447548866272,-9.032585377625264,-1.235568026002889,2.3227265971993694,2.8043123921223305,2.204960475861564
1786995370.8924696,53.62371206283569,-9.037162790376426,-1.2588499613292916,2.3273612314493386,2.8017272561764313,2.617425306996204
1786995370.9032426,53.6344850063324,-9.041693102541084,-1.2822412589680545,2.3319933052334947,2.799130323645651,2.253056905272522
1786995370.92033,53.651572465896606,-9.046186843106954,-1.3057378851085366,2.336620394537551,2.79653696911603,1.4259497857923886
1786995370.92858,53.65982246398926,-9.05066830950752,-1.3293323948206086,2.341244168384432,2.7939892832226754,2.964532282806735
1786995370.9442334,53.67547583580017,-9.055170650414604,-1.3530153093931434,2.3458680544482973,2.791544293627496,1.5681301293215928
1786995370.9520838,53.68332624435425,-9.059705283567533,-1.3767829426627647,2.350491747581417,2.78922117200365,3.1379462092883528
1786995370.9640753,53.69531774520874,-9.06425197719976,-1.4006414809300447,2.3551134244635006,2.786984706459007,2.0617700002497155
1786995370.9759848,53.70722723007202,-9.068770166712198,-1.4246035002377362,2.359733732635264,2.7847696965027864,2.083896308673192
1786995370.9880824,53.719324827194214,-9.073222273284474,-1.448680416971629,2.3643513895228887,2.7825129936767543,2.059640399596293
1786995371.0001278,53.73137021064758,-9.077619106880206,-1.4728694692808246,2.368967000167929,2.7802343591010334,2.0767226566527976
1786995371.0170705,53.74831295013428,-9.081972423496872,-1.4971660978399208,2.37358129721838,2.777954978078324,1.4821179437455865
1786995371.0284915,53.75973391532898,-9.086284941381473,-1.5215675695484963,2.37818975943326,2.7756797882220248,2.2068637953644656
1786995371.0387821,53.77002453804016,-9.090560931182251,-1.5460711692059381,2.3827915002865208,2.7734148718385603,2.4581581432741446
1786995371.0536685,53.784910917282104,-9.094813246510968,-1.5706719844215207,2.387387067048693,2.771178433893912,1.7052544921125492
1786995371.0660784,53.79732084274292,-9.099056214778622,-1.5953644224209562,2.3919752489358492,2.7689864781655618,2.052468198079085
1786995371.076417,53.8076593875885,-9.103294070584555,-1.6201469079945416,2.396555780821912,2.7668462072859135,2.4719205651457212
1786995371.0874832,53.8187255859375,-9.107546020214759,-1.6450145335806874,2.4011291635286023,2.7647874095209692,2.316937512784659
1786995371.1031797,53.83442211151123,-9.111812728443047,-1.669967933804592,2.40569541417099,2.762803907984868,1.6388382863471318
1786995371.1134086,53.844650983810425,-9.116101680142291,-1.6950059222519638,2.410255036112565,2.760912835125323,2.523117272267518
1786995371.1274354,53.85867786407471,-9.120419654853874,-1.7201282066592416,2.41480687318449,2.759122505784438,1.846018850534987
1786995371.1361983,53.867440700531006,-9.124738982744704,-1.745345475061408,2.4193556626938104,2.757387983944689,2.9654485220683853
1786995371.1498551,53.88109755516052,-9.12902885918776,-1.770668906088033,2.423900648319938,2.7556587391312926,1.909901937541427
1786995371.1614218,53.892664194107056,-9.133262814982029,-1.796107365205866,2.4284395596459203,2.753893750031808,2.263820242688942
1786995371.1762602,53.9075026512146,-9.137424223211761,-1.8216654023540437,2.432969010551424,2.752068111196819,1.771596821174216
1786995371.1872926,53.918534994125366,-9.141523232216313,-1.8473379712039706,2.4374868047883838,2.7502027725573965,2.3918189540492762
1786995371.1983542,53.92959666252136,-9.145589115623004,-1.8731134856529879,2.4419971538240435,2.748347298269748,2.3939570794240574
1786995371.213791,53.94503331184387,-9.149639723952724,-1.8989833755363528,2.446499888490602,2.7465310308871733,1.7211898670315526
1786995371.2291017,53.960344076156616,-9.153682706054008,-1.9249430139565973,2.450993535629248,2.7447620783101754,1.7408736756682983
1786995371.2393634,53.97060585021973,-9.157728680146118,-1.9509881450604425,2.455479076092727,2.743055092023102,2.60544326383246
1786995371.2493703,53.98061275482178,-9.161775589540133,-1.9771193282874167,2.4599567946327303,2.7414069535980423,2.680063346673994
1786995371.2647107,53.99595308303833,-9.165812625187105,-2.0033404726163533,2.464428128036897,2.739803153212949,1.7538251938873948
1786995371.2771838,54.00842618942261,-9.169815114457034,-2.0296599135642692,2.4688922569096747,2.7382035068214057,2.1641543762536393
1786995371.2941468,54.025389194488525,-9.17377778972698,-2.056079459225575,2.473344817874284,2.736601671154866,1.5966264969275181
1786995371.3063717,54.03761410713196,-9.177713125083804,-2.082595569688349,2.4777858953338203,2.735018093086695,2.222669196534799
1786995371.31366,54.044902324676514,-9.181619083573285,-2.1092082212298573,2.48221422825068,2.733446205770988,3.7402640605475446
1786995371.3260975,54.057339906692505,-9.185500206611161,-2.135915692296931,2.4866305959556745,2.731891805939043,2.1987363614206155
1786995371.3434212,54.0746636390686,-9.18937204782748,-2.1627126667767578,2.491037596762927,2.730380985604133,1.58346726110877
1786995371.3534586,54.08470106124878,-9.193230072566234,-2.189599969538765,2.4954358667875898,2.7289070250037013,2.7413882413702124
1786995371.3616648,54.092907190322876,-9.197044678345556,-2.2165874602952185,2.4998258110188822,2.7274226121071843,3.3641950440823605
1786995371.378417,54.10965943336487,-9.197044678345556,-2.2165874602952185,2.4998258110188822,2.7274226121071843,0.0
1786995371.3790593,54.11030173301697,-9.200828283538955,-2.2436722608457855,2.504210060166995,2.7259471525449404,43.12161539896793
1786995371.3893137,54.120556116104126,-9.204602670669189,-2.2708468035283063,2.5085889842797022,2.7245112554751456,2.709345810930226
1786995371.3973706,54.128612995147705,-9.208369100107152,-2.2981105910292814,2.512964574483211,2.723114634146556,3.4589531540104232
1786995371.4102566,54.141499042510986,-9.21212804380233,-2.3254634821582183,2.5173331411388737,2.7217567896923427,2.169279455732262
1786995371.424306,54.155548334121704,-9.215876285423484,-2.352906194628317,2.521693120174527,2.7204371535913836,1.995728117607762
1786995371.4362857,54.16752815246582,-9.219591185814854,-2.380448718188852,2.5260436009959664,2.719115185066833,2.3481467070754403
1786995371.4462402,54.17748260498047,-9.223259313860304,-2.408095175827136,2.530382162782379,2.7177690149958957,2.835333230803824
1786995371.4582405,54.18948292732239,-9.22688045809124,-2.435843909485191,2.5347097904897415,2.71639774839704,2.359658330763782
1786995371.47199,54.203232526779175,-9.2304677567028,-2.463689158045292,2.539027401080208,2.715020567340161,2.065909489956771
1786995371.4870374,54.21827983856201,-9.234043746941792,-2.4916214770274494,2.5433365244632236,2.7136722987074213,1.8932338396009734
1786995371.491793,54.22303533554077,-9.2376320553104,-2.51963145781964,2.547638460216297,2.712389350798929,6.006668110982408
1786995371.511466,54.24270844459534,-9.241224800821618,-2.547721289225686,2.551932504839512,2.711155763492045,1.4559146867647352
1786995371.526107,54.257349491119385,-9.244824512936592,-2.575890869899244,2.5562192925839766,2.709974435716877,1.961633799467412
1786995371.5389543,54.27019667625427,-9.248419146402869,-2.6041460254878657,2.560496456572855,2.7088236502993026,2.2419109771333288
1786995371.5463865,54.277628898620605,-9.251996845369838,-2.632491952011165,2.564761976649478,2.7076853270657466,3.8867881455550606
1786995371.5571883,54.28843069076538,-9.255549875052495,-2.6609314524248138,2.56901454695554,2.706549959895744,2.682366033844933
1786995371.569074,54.30031633377075,-9.259082933315522,-2.6894629499839495,2.5732548685175662,2.705424651325603,2.4450036163670825
1786995371.5845723,54.31581473350525,-9.262583649112504,-2.718091490946454,2.5774835884899248,2.704286357112791,1.8808481336206668
1786995371.5932457,54.324488162994385,-9.266046329147915,-2.7468198611879884,2.581702567557587,2.7031251808365053,3.3714749386925877
1786995371.604966,54.33620834350586,-9.269490365099506,-2.775639971998127,2.5859114686977835,2.7019711376317455,2.5024137192521096
1786995371.6194606,54.35070300102234,-9.272920782802586,-2.8045487192096616,2.590109146286559,2.7008306115502365,2.0292062150387835
1786995371.6304255,54.36166787147522,-9.276326215973638,-2.833549257904501,2.5942973034206545,2.6996840118122183,2.6902848672020525
1786995371.641526,54.37276840209961,-9.279719275758351,-2.8626361540145884,2.598475650708217,2.698552818933254,2.6648022963860014
1786995371.653024,54.38426637649536,-9.283127962726146,-2.8917997653508056,2.602647923029037,2.6974753674208882,2.579332068440425
1786995371.669577,54.400819301605225,-9.286550419470782,-2.9210435935144763,2.6068132667304256,2.696439996636617,1.7964552964792906
1786995371.6786966,54.40993905067444,-9.289976466097093,-2.9503748286381914,2.6109689992146805,2.695428718021669,3.270004891389905
1786995371.6981266,54.42936897277832,-9.293394281301191,-2.9797994842719193,2.6151167846917605,2.6944212310104114,1.5394538527264798
1786995371.7052326,54.43647503852844,-9.296793455278797,-3.009320396261414,2.6192586000819853,2.693401941622998,4.222198602518426
1786995371.7139173,54.445159673690796,-9.300186618037078,-3.038933416679463,2.623391736991967,2.692390859630253,3.4649678390733953
1786995371.727217,54.45845937728882,-9.303595997466243,-3.0686320027716243,2.627514697595105,2.691416487046869,2.2689697285530377
1786995371.7393785,54.47062087059021,-9.307033058992875,-3.098409190138279,2.6316258976848146,2.6904967173578593,2.4878125739355474
1786995371.7502422,54.48148465156555,-9.310513450002029,-3.128254952771747,2.635727718296665,2.6896600179273378,2.7915402021236666
1786995371.7627208,54.49396324157715,-9.314012369591563,-3.1581760854275327,2.639824503170785,2.6888721050375506,2.436357541835058
1786995371.7737682,54.5050106048584,-9.317496774303724,-3.1881867785687974,2.6439155336273203,2.6880761808116245,2.7597552767292317
1786995371.7937624,54.525004863739014,-9.320952807334825,-3.2182964120163104,2.647995633783213,2.687253837731578,1.529475839967111
1786995371.805124,54.53636646270752,-9.32436528040084,-3.248506673631938,2.6520630625964463,2.6863899118248353,2.699730884462832
1786995371.8116963,54.54293870925903,-9.327741192603472,-3.2788131434002175,2.6561207944805374,2.6854977086780236,4.680698718299147
1786995371.8221886,54.553431034088135,-9.331087063404079,-3.3092166906061897,2.6601686151045856,2.6845775782790513,2.9406041806665657
1786995371.846529,54.57777142524719,-9.334405439585515,-3.3397136164578063,2.6642082636115023,2.6836316450863893,1.2712107022057297
1786995371.850482,54.581724405288696,-9.337731458949495,-3.3702854262309114,2.6682448275774697,2.6827124850993647,7.846230546140619
1786995371.8616772,54.59291958808899,-9.341093103499354,-3.4009153881033,2.6722792234248036,2.681856840262067,2.775914072791652
1786995371.8737705,54.60501289367676,-9.344503212738948,-3.4315917901850033,2.676311215712629,2.6810865396097188,2.5739529434891772
1786995371.8872013,54.618443727493286,-9.347956278984597,-3.462313988783442,2.6803376736357616,2.680393301036246,2.321281525367621
1786995371.8982382,54.629480600357056,-9.351432153732553,-3.4930927813931794,2.6843575385143166,2.679744747704064,2.829986164081281
1786995371.9095278,54.64077019691467,-9.354897069328452,-3.523945788303955,2.6883708163133453,2.679095313700205,2.7729310030902035
1786995371.9214294,54.652671813964844,-9.358337730762463,-3.5548751066183186,2.6923767751206964,2.678430846598283,2.636354346405856
1786995371.9325306,54.66377305984497,-9.361731236720813,-3.585883556589336,2.696374487780778,2.677732148942355,2.8328994321757355
1786995371.9502048,54.68144726753235,-9.365080265501401,-3.6169618868401736,2.700365347736286,2.6770086642524435,1.7829365491339342
1786995371.9582107,54.689453125,-9.368405357456169,-3.6481013793286756,2.7043484941472555,2.676293316259456,3.9432139345471398
1786995371.972871,54.704113483428955,-9.37171781855047,-3.6792996413488415,2.708321977040812,2.6755905191016045,2.1571259364030624
1786995371.984563,54.715805530548096,-9.375021389675403,-3.7105604178186464,2.712284274815527,2.6748955549992317,2.709840650580788
1786995372.0003257,54.73156809806824,-9.375021389675403,-3.7105604178186464,2.712284274815527,2.6748955549992317,0.0
1786995372.0009463,54.73218870162964,-9.378306227654855,-3.7418883040626616,2.7162362992628006,2.674192755275224,51.15435745631056
1786995372.005471,54.73671340942383,-9.38157778331449,-3.773279042635763,2.7201767575323847,2.6734931188818085,7.029359456594963
1786995372.017224,54.74846649169922,-9.384835359038155,-3.8047272680175332,2.7241084782358755,2.6728009484195354,2.7107802789941715
1786995372.0403368,54.77157926559448,-9.388086808367056,-3.8362249719062738,2.728035702444637,2.6721316224929175,1.3805216612739946
1786995372.0549097,54.78615212440491,-9.391330259893858,-3.8677711054017134,2.731954833966794,2.6714800082175287,2.1926848631648106
1786995372.0632598,54.79450225830078,-9.394547390870793,-3.8993755363804405,2.735865498678071,2.6708197446189543,3.8331781117051325
1786995372.0742164,54.805458784103394,-9.397751210110012,-3.9310343183919785,2.7397670084545123,2.670166517012789,2.925997736693108
1786995372.090231,54.821473360061646,-9.400938595031159,-3.96275046950876,2.743658712991963,2.669512742974069,2.0052107093706963
1786995372.102235,54.83347749710083,-9.404110157562787,-3.9945260400664298,2.7475399885155394,2.668858268711526,2.6797813620990967
1786995372.1158056,54.84704804420471,-9.407280810124233,-4.026355303382914,2.7514122562316636,2.668217770589816,2.374283598159046
1786995372.1246994,54.85594177246094,-9.410438815970318,-4.058236963392329,2.7552754261479833,2.667575016460137,3.628372465153508
1786995372.1379535,54.86919593811035,-9.41359912423575,-4.090162296529569,2.7591278580088194,2.6669501486295855,2.437863781298244
1786995372.1528635,54.884105920791626,-9.416775932626786,-4.1221227527282425,2.7629702502667066,2.666359826291304,2.1694844720596493
1786995372.1662312,54.89747357368469,-9.41997523349989,-4.154111811541407,2.766800654635328,2.665809619309463,2.4219682865677097
1786995372.179071,54.91031336784363,-9.42318115655521,-4.186132236820493,2.770621099088429,2.665283508696549,2.523911335653987
1786995372.1895387,54.92078113555908,-9.42638875946746,-4.218183550749903,2.774433459581245,2.664777745785121,3.09867765989467
1786995372.2071307,54.93837308883667,-9.429596064322645,-4.250259460790995,2.7782364321215116,2.6642948198615017,1.8451283500431588
1786995372.2244473,54.955689668655396,-9.43277583811667,-4.282372009754166,2.7820302818600333,2.6638009237392133,1.8763431558328005
1786995372.2311378,54.962380170822144,-9.435902117765847,-4.314543456144823,2.785812005056608,2.663272162626677,4.864128686513768
1786995372.246456,54.97769832611084,-9.438991803042075,-4.346774554751604,2.7895784264935166,2.6627196240115616,2.1280091600488498
1786995372.2632902,54.99453258514404,-9.442055992130447,-4.37906109556297,2.7933264323366207,2.6621521637489907,1.9393472172895105
1786995372.281329,55.01257133483887,-9.445100154274462,-4.411406803067832,2.7970557002880043,2.661568974375882,1.8128736949738566
1786995372.3004873,55.03172969818115,-9.448152387125429,-4.443796604032311,2.8007706652766626,2.6609994379641067,1.7091602994877129
1786995372.307691,55.038933515548706,-9.451240029229416,-4.476208700524794,2.80447474444591,2.6604712785575377,4.548817863582102
1786995372.3171623,55.048404693603516,-9.454362463571165,-4.508639596309102,2.8081664466056355,2.6599779657287166,3.4620135523599394
1786995372.330054,55.061296463012695,-9.457509020107674,-4.541088013775221,2.8118444278345436,2.6595133877796364,2.5448361336892487
1786995372.3449538,55.07619619369507,-9.460658475738462,-4.573556788894771,2.815506973670518,2.6590646426016615,2.203135651485259
1786995372.3568523,55.08809471130371,-9.463789715385031,-4.6060541175171466,2.8191517298146382,2.6586115531642647,2.7609028422564506
1786995372.3878176,55.119060039520264,-9.466882346660528,-4.638592971831907,2.8227760788541794,2.6581416749759277,1.062020791779701
1786995372.4002578,55.131500244140625,-9.469924184997609,-4.6711778789488525,2.8263769270024643,2.6576530341693556,2.646586711805821
1786995372.4157948,55.14703726768494,-9.472927037020273,-4.703800595065884,2.829951837026167,2.657156862700159,2.1210691554812198
1786995372.4274726,55.15871500968933,-9.475921744188827,-4.736437983166521,2.8335054218144164,2.656676323104231,2.823026839680825
1786995372.4370785,55.16832089424133,-9.478942263364214,-4.769064393583009,2.8370461816341273,2.6562279218985543,3.430885113851713
1786995372.4515047,55.18274712562561,-9.482005111349444,-4.801659946641866,2.840577211326585,2.65581467554486,2.2825783718926886
1786995372.4643345,55.195576906204224,-9.485114174518234,-4.834213974069025,2.844096309602575,2.6554288073595367,2.5636413990733358
1786995372.472307,55.2035493850708,-9.488232220629152,-4.866742002140845,2.847601579443302,2.6550549032569846,4.122255773600088
1786995372.4901927,55.22143507003784,-9.491318520621563,-4.8992587320825,2.851093202268782,2.654685962090377,1.8366064017549661
1786995372.5076087,55.23885107040405,-9.494359269917986,-4.931764405733099,2.854569335860115,2.6543325208675923,1.8851702485137576
1786995372.5245645,55.2558069229126,-9.497360407068403,-4.9642463709680325,2.8580254944585195,2.6540002289394233,1.934606060520167
1786995372.53145,55.26269245147705,-9.50033681872499,-4.9966927909520695,2.8614587129243687,2.653692946018215,4.758244840932932
1786995372.5453615,55.27660393714905,-9.503294506879826,-5.02909417089332,2.864867007800277,2.653414822655474,2.351590860787905
1786995372.5646462,55.29588866233826,-9.506257847970172,-5.061424351362049,2.8682526893447724,2.6531546028304187,1.692622753179748
1786995372.5762572,55.3074996471405,-9.509239233897528,-5.093661616013857,2.87161703306226,2.6529060828061453,2.803308605424915
1786995372.587684,55.3189263343811,-9.512229033575185,-5.1258020658972,2.8749569446493153,2.6526633076278388,2.8399779426103793
1786995372.6041815,55.335423946380615,-9.515212691071229,-5.1578442163273595,2.878270738863705,2.6524260676298,1.96094639202561
1786995372.6201446,55.35138702392578,-9.51817812148513,-5.189785531746535,2.8815573402989165,2.652200738944557,2.020074078229343
1786995372.6332781,55.36452054977417,-9.521105081472788,-5.221625157135601,2.8848174199448327,2.652003369643756,2.4471454310274154
1786995372.6452367,55.376479148864746,-9.524000140959956,-5.25334874865484,2.8880502511312427,2.6518315803853016,2.6774907534743084
1786995372.6579454,55.389187812805176,-9.526864165925025,-5.284946220257681,2.891255751514944,2.651684430805473,2.509195776907308
1786995372.6699927,55.40123510360718,-9.529709707882953,-5.316403461394226,2.894438853508921,2.6515415724175635,2.6350874941101883
1786995372.6792438,55.41048622131348,-9.532549836329366,-5.34770541461286,2.8975991136453736,2.6513807643729144,3.4146160163459367
1786995372.7001567,55.43139910697937,-9.5353698878231,-5.378851929968177,2.9007342829687617,2.6512175800476228,1.5029334801117056
1786995372.703982,55.435224533081055,-9.538148507522175,-5.409845916275031,2.903841154440246,2.6510775905711506,8.175037170681406
1786995372.7346218,55.465864181518555,-9.540873243235609,-5.4406892058042375,2.906918596923835,2.650980210055838,1.0155457937759127
1786995372.7676923,55.498934745788574,-9.540873243235609,-5.4406892058042375,2.906918596923835,2.650980210055838,0.0
1786995372.7682657,55.49950814247131,-9.543553118854351,-5.471374336637476,2.9099674043144006,2.6509123962647085,53.980868374913605
1786995372.76849,55.49973249435425,-9.546226181635415,-5.501881910406195,2.912988369883735,2.650813994659548,137.16442895641822
1786995372.77331,55.504552364349365,-9.54889879495113,-5.532205839552353,2.915977141366264,2.6506696301232697,6.346197218433319
1786995372.7823896,55.51363205909729,-9.551567628836995,-5.562345259786422,2.918930522858118,2.6504849679548776,3.348256594636385
1786995372.805497,55.536739349365234,-9.554228716748238,-5.592300800796958,2.921846140531049,2.650260150243047,1.3075748076969078
1786995372.909939,55.64118146896362,-9.554228716748238,-5.592300800796958,2.921846140531049,2.650260150243047,0.0
1786995373.0135736,55.744816064834595,-9.554228716748238,-5.592300800796958,2.921846140531049,2.650260150243047,0.0
1786995373.1145833,55.84582567214966,-9.554228716748238,-5.592300800796958,2.921846140531049,2.650260150243047,0.0
1786995373.2150755,55.94631791114807,-9.554228716748238,-5.592300800796958,2.921846140531049,2.650260150243047,0.0
1786995373.3167071,56.04794955253601,-9.554228716748238,-5.592300800796958,2.921846140531049,2.650260150243047,0.0
1786995373.4176695,56.14891195297241,-9.554228716748238,-5.592300800796958,2.921846140531049,2.650260150243047,0.0
1786995373.5181575,56.2493999004364,-9.554228716748238,-5.592300800796958,2.921846140531049,2.650260150243047,0.0
1786995373.620991,56.35223340988159,-9.554228716748238,-5.592300800796958,2.921846140531049,2.650260150243047,0.0
1786995373.7214558,56.45269823074341,-9.554228716748238,-5.592300800796958,2.921846140531049,2.650260150243047,0.0
1786995373.8252182,56.55646061897278,-9.554228716748238,-5.592300800796958,2.921846140531049,2.650260150243047,0.0
1786995373.9257054,56.65694785118103,-9.554228716748238,-5.592300800796958,2.921846140531049,2.650260150243047,0.0
1786995374.0273545,56.758596897125244,-9.554228716748238,-5.592300800796958,2.921846140531049,2.650260150243047,0.0
1786995374.1375194,56.86876177787781,-9.554228716748238,-5.592300800796958,2.921846140531049,2.650260150243047,0.0
1786995374.2475722,56.97881460189819,-9.554228716748238,-5.592300800796958,2.921846140531049,2.650260150243047,0.0
1786995374.351475,57.082717418670654,-9.554228716748238,-5.592300800796958,2.921846140531049,2.650260150243047,0.0
1786995374.4591875,57.19042992591858,-9.554228716748238,-5.592300800796958,2.921846140531049,2.650260150243047,0.0
1786995374.5689378,57.300180196762085,-9.554228716748238,-5.592300800796958,2.921846140531049,2.650260150243047,0.0
1786995374.6744583,57.40570068359375,-9.554228716748238,-5.592300800796958,2.921846140531049,2.650260150243047,0.0
1786995374.7833247,57.514567136764526,-9.554228716748238,-5.592300800796958,2.921846140531049,2.650260150243047,0.0
1786995374.8934484,57.624690771102905,-9.554228716748238,-5.592300800796958,2.921846140531049,2.650260150243047,0.0
1786995375.0055952,57.73683762550354,-9.554228716748238,-5.592300800796958,2.921846140531049,2.650260150243047,0.0
1786995375.1132917,57.844534158706665,-9.554228716748238,-5.592300800796958,2.921846140531049,2.650260150243047,0.0
1786995375.223622,57.954864501953125,-9.554228716748238,-5.592300800796958,2.921846140531049,2.650260150243047,0.0
1786995375.3334818,58.06472420692444,-9.554228716748238,-5.592300800796958,2.921846140531049,2.650260150243047,0.0
1786995375.4362273,58.16746973991394,-9.554228716748238,-5.592300800796958,2.921846140531049,2.650260150243047,0.0
1786995375.5464199,58.27766227722168,-9.554228716748238,-5.592300800796958,2.921846140531049,2.650260150243047,0.0
1786995375.6564205,58.38766288757324,-9.554228716748238,-5.592300800796958,2.921846140531049,2.650260150243047,0.0
1786995375.767411,58.498653411865234,-9.554228716748238,-5.592300800796958,2.921846140531049,2.650260150243047,0.0
1786995375.8729408,58.604183197021484,-9.554228716748238,-5.592300800796958,2.921846140531049,2.650260150243047,0.0
1786995375.976415,58.70765733718872,-9.554228716748238,-5.592300800796958,2.921846140531049,2.650260150243047,0.0
1786995376.0856822,58.81692457199097,-9.554228716748238,-5.592300800796958,2.921846140531049,2.650260150243047,0.0
1786995376.2070143,58.93825674057007,-9.554228716748238,-5.592300800796958,2.921846140531049,2.650260150243047,0.0
1786995376.319297,59.05053949356079,-9.554228716748238,-5.592300800796958,2.921846140531049,2.650260150243047,0.0
1786995376.429582,59.16082453727722,-9.554228716748238,-5.592300800796958,2.921846140531049,2.650260150243047,0.0
1786995376.5394454,59.27068781852722,-9.554228716748238,-5.592300800796958,2.921846140531049,2.650260150243047,0.0
1786995376.6503327,59.38157510757446,-9.554228716748238,-5.592300800796958,2.921846140531049,2.650260150243047,0.0
1786995376.7617853,59.493027687072754,-9.554228716748238,-5.592300800796958,2.921846140531049,2.650260150243047,0.0
1786995376.8713372,59.60257959365845,-9.554228716748238,-5.592300800796958,2.921846140531049,2.650260150243047,0.0
1786995376.9797547,59.710997104644775,-9.554228716748238,-5.592300800796958,2.921846140531049,2.650260150243047,0.0
1786995377.087156,59.81839847564697,-9.554228716748238,-5.592300800796958,2.921846140531049,2.650260150243047,0.0
1786995377.2001324,59.9313747882843,-9.554228716748238,-5.592300800796958,2.921846140531049,2.650260150243047,0.0
1786995377.3088975,60.04013991355896,-9.554228716748238,-5.592300800796958,2.921846140531049,2.650260150243047,0.0
1786995377.4186153,60.14985775947571,-9.554228716748238,-5.592300800796958,2.921846140531049,2.650260150243047,0.0
1786995377.5294228,60.26066517829895,-9.554228716748238,-5.592300800796958,2.921846140531049,2.650260150243047,0.0
1786995377.6351454,60.36638784408569,-9.554228716748238,-5.592300800796958,2.921846140531049,2.650260150243047,0.0
1786995377.7463198,60.47756218910217,-9.554228716748238,-5.592300800796958,2.921846140531049,2.650260150243047,0.0
1786995377.8510838,60.58232617378235,-9.554228716748238,-5.592300800796958,2.921846140531049,2.650260150243047,0.0
1786995377.9623115,60.69355392456055,-9.554228716748238,-5.592300800796958,2.921846140531049,2.650260150243047,0.0
1786995378.072897,60.804139375686646,-9.554228716748238,-5.592300800796958,2.921846140531049,2.650260150243047,0.0
1786995378.183353,60.91459536552429,-9.554228716748238,-5.592300800796958,2.921846140531049,2.650260150243047,0.0
1786995378.2919493,61.023191690444946,-9.554228716748238,-5.592300800796958,2.921846140531049,2.650260150243047,0.0
1786995378.4000797,61.131322145462036,-9.554228716748238,-5.592300800796958,2.921846140531049,2.650260150243047,0.0
1786995378.5110195,61.24226188659668,-9.554228716748238,-5.592300800796958,2.921846140531049,2.650260150243047,0.0
1786995378.6208057,61.35204815864563,-9.554228716748238,-5.592300800796958,2.921846140531049,2.650260150243047,0.0
1786995378.730936,61.462178468704224,-9.554228716748238,-5.592300800796958,2.921846140531049,2.650260150243047,0.0
1786995378.8414857,61.57272815704346,-9.554228716748238,-5.592300800796958,2.921846140531049,2.650260150243047,0.0
1786995378.949952,61.68119430541992,-9.554228716748238,-5.592300800796958,2.921846140531049,2.650260150243047,0.0
1786995379.0589416,61.790184020996094,-9.554228716748238,-5.592300800796958,2.921846140531049,2.650260150243047,0.0
1786995379.16921,61.90045237541199,-9.554228716748238,-5.592300800796958,2.921846140531049,2.650260150243047,0.0
1786995379.2800462,62.0112886428833,-9.554228716748238,-5.592300800796958,2.921846140531049,2.650260150243047,0.0
1786995379.3853946,62.116636991500854,-9.554228716748238,-5.592300800796958,2.921846140531049,2.650260150243047,0.0
1786995379.4958055,62.22704792022705,-9.554228716748238,-5.592300800796958,2.921846140531049,2.650260150243047,0.0
1786995379.6063323,62.33757472038269,-9.554228716748238,-5.592300800796958,2.921846140531049,2.650260150243047,0.0
1786995379.7143478,62.44559025764465,-9.554228716748238,-5.592300800796958,2.921846140531049,2.650260150243047,0.0
1786995379.8266325,62.55787491798401,-9.554228716748238,-5.592300800796958,2.921846140531049,2.650260150243047,0.0
1786995379.9320488,62.663291215896606,-9.554228716748238,-5.592300800796958,2.921846140531049,2.650260150243047,0.0
1786995380.0426018,62.77384424209595,-9.554228716748238,-5.592300800796958,2.921846140531049,2.650260150243047,0.0
1786995380.152942,62.88418436050415,-9.554228716748238,-5.592300800796958,2.921846140531049,2.650260150243047,0.0
1786995380.2635472,62.994789600372314,-9.554228716748238,-5.592300800796958,2.921846140531049,2.650260150243047,0.0
1786995380.3750384,63.10628080368042,-9.554228716748238,-5.592300800796958,2.921846140531049,2.650260150243047,0.0
1786995380.483592,63.214834451675415,-9.554228716748238,-5.592300800796958,2.921846140531049,2.650260150243047,0.0
1786995380.5932682,63.32451057434082,-9.554228716748238,-5.592300800796958,2.921846140531049,2.650260150243047,0.0
1786995380.6951559,63.426398277282715,-9.554228716748238,-5.592300800796958,2.921846140531049,2.650260150243047,0.0
1786995380.803266,63.53450846672058,-9.554228716748238,-5.592300800796958,2.921846140531049,2.650260150243047,0.0
1786995380.9136634,63.64490580558777,-9.554228716748238,-5.592300800796958,2.921846140531049,2.650260150243047,0.0
1786995381.014091,63.745333433151245,-9.554228716748238,-5.592300800796958,2.921846140531049,2.650260150243047,0.0
1786995381.121601,63.85284352302551,-9.554228716748238,-5.592300800796958,2.921846140531049,2.650260150243047,0.0
1786995381.2296062,63.960848569869995,-9.554228716748238,-5.592300800796958,2.921846140531049,2.650260150243047,0.0
1786995381.338295,64.06953740119934,-9.554228716748238,-5.592300800796958,2.921846140531049,2.650260150243047,0.0
1786995381.4499855,64.18122792243958,-9.554228716748238,-5.592300800796958,2.921846140531049,2.650260150243047,0.0
1786995381.5580587,64.28930115699768,-9.554228716748238,-5.592300800796958,2.921846140531049,2.650260150243047,0.0
1786995381.6660905,64.39733290672302,-9.554228716748238,-5.592300800796958,2.921846140531049,2.650260150243047,0.0
1786995381.7684362,64.49967861175537,-9.554228716748238,-5.592300800796958,2.921846140531049,2.650260150243047,0.0
1786995381.8717632,64.6030056476593,-9.554228716748238,-5.592300800796958,2.921846140531049,2.650260150243047,0.0
1786995381.9833841,64.71462655067444,-9.554228716748238,-5.592300800796958,2.921846140531049,2.650260150243047,0.0
1786995382.094286,64.825528383255,-9.554228716748238,-5.592300800796958,2.921846140531049,2.650260150243047,0.0
1786995382.1999218,64.93116426467896,-9.554228716748238,-5.592300800796958,2.921846140531049,2.650260150243047,0.0
1786995382.3101537,65.04139614105225,-9.554228716748238,-5.592300800796958,2.921846140531049,2.650260150243047,0.0
1786995382.4233985,65.15464091300964,-9.554228716748238,-5.592300800796958,2.921846140531049,2.650260150243047,0.0
1786995382.5286987,65.25994110107422,-9.554228716748238,-5.592300800796958,2.921846140531049,2.650260150243047,0.0
1786995382.6356833,65.36692571640015,-9.554228716748238,-5.592300800796958,2.921846140531049,2.650260150243047,0.0
1786995382.7375562,65.46879863739014,-9.554228716748238,-5.592300800796958,2.921846140531049,2.650260150243047,0.0
1786995382.8461866,65.5774290561676,-9.554228716748238,-5.592300800796958,2.921846140531049,2.650260150243047,0.0
1786995382.9546418,65.68588423728943,-9.554228716748238,-5.592300800796958,2.921846140531049,2.650260150243047,0.0
1786995383.0621665,65.79340887069702,-9.554228716748238,-5.592300800796958,2.921846140531049,2.650260150243047,0.0
1786995383.173187,65.90442943572998,-9.554228716748238,-5.592300800796958,2.921846140531049,2.650260150243047,0.0
1786995383.279297,66.01053953170776,-9.554228716748238,-5.592300800796958,2.921846140531049,2.650260150243047,0.0
1786995383.3825574,66.11379981040955,-9.554228716748238,-5.592300800796958,2.921846140531049,2.650260150243047,0.0
1786995383.4886034,66.21984577178955,-9.554228716748238,-5.592300800796958,2.921846140531049,2.650260150243047,0.0
1786995383.5960686,66.32731103897095,-9.554228716748238,-5.592300800796958,2.921846140531049,2.650260150243047,0.0
1786995383.706685,66.43792748451233,-9.554228716748238,-5.592300800796958,2.921846140531049,2.650260150243047,0.0
1786995383.8167813,66.54802370071411,-9.554228716748238,-5.592300800796958,2.921846140531049,2.650260150243047,0.0
1786995383.929101,66.6603434085846,-9.554228716748238,-5.592300800796958,2.921846140531049,2.650260150243047,0.0
1786995384.0390284,66.77027082443237,-9.554228716748238,-5.592300800796958,2.921846140531049,2.650260150243047,0.0
1786995384.1451921,66.87643456459045,-9.554228716748238,-5.592300800796958,2.921846140531049,2.650260150243047,0.0
1786995384.2596407,66.99088311195374,-9.554228716748238,-5.592300800796958,2.921846140531049,2.650260150243047,0.0
1786995384.3703692,67.1016116142273,-9.554228716748238,-5.592300800796958,2.921846140531049,2.650260150243047,0.0
1786995384.4785502,67.20979261398315,-9.554228716748238,-5.592300800796958,2.921846140531049,2.650260150243047,0.0
1786995384.5946143,67.32585668563843,-9.554228716748238,-5.592300800796958,2.921846140531049,2.650260150243047,0.0
1786995384.706304,67.43754649162292,-9.554228716748238,-5.592300800796958,2.921846140531049,2.650260150243047,0.0
1786995384.8240395,67.5552818775177,-9.554228716748238,-5.592300800796958,2.921846140531049,2.650260150243047,0.0
1786995384.9341803,67.66542267799377,-9.554228716748238,-5.592300800796958,2.921846140531049,2.650260150243047,0.0
1786995385.0467923,67.77803468704224,-9.554228716748238,-5.592300800796958,2.921846140531049,2.650260150243047,0.0
1786995385.1588864,67.89012885093689,-9.554228716748238,-5.592300800796958,2.921846140531049,2.650260150243047,0.0
1786995385.261552,67.99279451370239,-9.554228716748238,-5.592300800796958,2.921846140531049,2.650260150243047,0.0
1786995385.3686025,68.09984493255615,-9.554228716748238,-5.592300800796958,2.921846140531049,2.650260150243047,0.0
1786995385.4791803,68.21042275428772,-9.554228716748238,-5.592300800796958,2.921846140531049,2.650260150243047,0.0
1786995385.5866916,68.31793403625488,-9.554228716748238,-5.592300800796958,2.921846140531049,2.650260150243047,0.0
1786995385.6954951,68.42673754692078,-9.554228716748238,-5.592300800796958,2.921846140531049,2.650260150243047,0.0
1786995385.79874,68.52998232841492,-9.554228716748238,-5.592300800796958,2.921846140531049,2.650260150243047,0.0
1786995385.9074986,68.63874101638794,-9.554228716748238,-5.592300800796958,2.921846140531049,2.650260150243047,0.0
1786995386.0137198,68.74496221542358,-9.554228716748238,-5.592300800796958,2.921846140531049,2.650260150243047,0.0
1786995386.1267307,68.85797309875488,-9.554228716748238,-5.592300800796958,2.921846140531049,2.650260150243047,0.0
1786995386.238281,68.9695234298706,-9.554228716748238,-5.592300800796958,2.921846140531049,2.650260150243047,0.0
1786995386.3422277,69.07347011566162,-9.554228716748238,-5.592300800796958,2.921846140531049,2.650260150243047,0.0
1786995386.4537492,69.18499159812927,-9.554228716748238,-5.592300800796958,2.921846140531049,2.650260150243047,0.0
1786995386.5622427,69.29348516464233,-9.554228716748238,-5.592300800796958,2.921846140531049,2.650260150243047,0.0
1786995386.6720328,69.40327525138855,-9.554228716748238,-5.592300800796958,2.921846140531049,2.650260150243047,0.0
1786995386.7808769,69.51211929321289,-9.554228716748238,-5.592300800796958,2.921846140531049,2.650260150243047,0.0
1786995386.8895335,69.62077593803406,-9.554228716748238,-5.592300800796958,2.921846140531049,2.650260150243047,0.0
1786995386.994147,69.72538948059082,-9.554228716748238,-5.592300800796958,2.921846140531049,2.650260150243047,0.0
1786995387.1080155,69.83925795555115,-9.554228716748238,-5.592300800796958,2.921846140531049,2.650260150243047,0.0
1786995387.2159998,69.94724225997925,-9.554228716748238,-5.592300800796958,2.921846140531049,2.650260150243047,0.0
1786995387.3271492,70.05839157104492,-9.554228716748238,-5.592300800796958,2.921846140531049,2.650260150243047,0.0
1786995387.4331696,70.16441202163696,-9.554228716748238,-5.592300800796958,2.921846140531049,2.650260150243047,0.0
1786995387.542395,70.27363753318787,-9.554228716748238,-5.592300800796958,2.921846140531049,2.650260150243047,0.0
1786995387.649909,70.3811514377594,-9.554228716748238,-5.592300800796958,2.921846140531049,2.650260150243047,0.0
1786995387.7616782,70.49292063713074,-9.554228716748238,-5.592300800796958,2.921846140531049,2.650260150243047,0.0
1786995387.8675697,70.59881210327148,-9.554228716748238,-5.592300800796958,2.921846140531049,2.650260150243047,0.0
1786995387.9704087,70.701651096344,-9.554228716748238,-5.592300800796958,2.921846140531049,2.650260150243047,0.0
1786995388.0807695,70.81201195716858,-9.554228716748238,-5.592300800796958,2.921846140531049,2.650260150243047,0.0
1786995388.191491,70.92273330688477,-9.554228716748238,-5.592300800796958,2.921846140531049,2.650260150243047,0.0
1786995388.3046284,71.03587079048157,-9.554228716748238,-5.592300800796958,2.921846140531049,2.650260150243047,0.0
1786995388.4141965,71.14543890953064,-9.554228716748238,-5.592300800796958,2.921846140531049,2.650260150243047,0.0
1786995388.5239663,71.25520873069763,-9.554228716748238,-5.592300800796958,2.921846140531049,2.650260150243047,0.0
1786995388.6285238,71.3597662448883,-9.554228716748238,-5.592300800796958,2.921846140531049,2.650260150243047,0.0
1786995388.7362843,71.46752667427063,-9.554228716748238,-5.592300800796958,2.921846140531049,2.650260150243047,0.0
1786995388.845997,71.57723951339722,-9.554228716748238,-5.592300800796958,2.921846140531049,2.650260150243047,0.0
1786995388.9566455,71.6878879070282,-9.554228716748238,-5.592300800796958,2.921846140531049,2.650260150243047,0.0
1786995389.067184,71.79842638969421,-9.554228716748238,-5.592300800796958,2.921846140531049,2.650260150243047,0.0
1786995389.1784241,71.90966653823853,-9.554228716748238,-5.592300800796958,2.921846140531049,2.650260150243047,0.0
1786995389.2897804,72.02102279663086,-9.554228716748238,-5.592300800796958,2.921846140531049,2.650260150243047,0.0
1786995389.392,72.12324237823486,-9.554228716748238,-5.592300800796958,2.921846140531049,2.650260150243047,0.0
1786995389.4950411,72.22628355026245,-9.554228716748238,-5.592300800796958,2.921846140531049,2.650260150243047,0.0
1786995389.602699,72.33394145965576,-9.554228716748238,-5.592300800796958,2.921846140531049,2.650260150243047,0.0
1786995389.712427,72.44366931915283,-9.554228716748238,-5.592300800796958,2.921846140531049,2.650260150243047,0.0
1786995389.8234608,72.55470323562622,-9.554228716748238,-5.592300800796958,2.921846140531049,2.650260150243047,0.0
1786995389.9331279,72.66437029838562,-9.554228716748238,-5.592300800796958,2.921846140531049,2.650260150243047,0.0
1786995390.0382416,72.76948404312134,-9.554228716748238,-5.592300800796958,2.921846140531049,2.650260150243047,0.0
1786995390.1481323,72.87937474250793,-9.554228716748238,-5.592300800796958,2.921846140531049,2.650260150243047,0.0
1786995390.2511969,72.98243927955627,-9.554228716748238,-5.592300800796958,2.921846140531049,2.650260150243047,0.0
1786995390.3635905,73.09483289718628,-9.554228716748238,-5.592300800796958,2.921846140531049,2.650260150243047,0.0
1786995390.4738488,73.20509123802185,-9.554228716748238,-5.592300800796958,2.921846140531049,2.650260150243047,0.0
1786995390.5842478,73.31549024581909,-9.554228716748238,-5.592300800796958,2.921846140531049,2.650260150243047,0.0
1786995390.6954017,73.42664408683777,-9.554228716748238,-5.592300800796958,2.921846140531049,2.650260150243047,0.0
1786995390.8057618,73.53700423240662,-9.554228716748238,-5.592300800796958,2.921846140531049,2.650260150243047,0.0
1786995390.910963,73.64220547676086,-9.554228716748238,-5.592300800796958,2.921846140531049,2.650260150243047,0.0
1786995391.0121975,73.74343991279602,-9.554228716748238,-5.592300800796958,2.921846140531049,2.650260150243047,0.0
1786995391.1235955,73.8548378944397,-9.554228716748238,-5.592300800796958,2.921846140531049,2.650260150243047,0.0
1786995391.2281258,73.95936822891235,-9.554228716748238,-5.592300800796958,2.921846140531049,2.650260150243047,0.0
1786995391.340274,74.07151651382446,-9.554228716748238,-5.592300800796958,2.921846140531049,2.650260150243047,0.0
1786995391.4482903,74.17953276634216,-9.554228716748238,-5.592300800796958,2.921846140531049,2.650260150243047,0.0
1786995391.5543852,74.28562760353088,-9.554228716748238,-5.592300800796958,2.921846140531049,2.650260150243047,0.0
1786995391.664577,74.39581942558289,-9.554228716748238,-5.592300800796958,2.921846140531049,2.650260150243047,0.0
1786995391.7738492,74.5050916671753,-9.554228716748238,-5.592300800796958,2.921846140531049,2.650260150243047,0.0
1786995391.8817098,74.61295223236084,-9.554228716748238,-5.592300800796958,2.921846140531049,2.650260150243047,0.0
1786995391.9900622,74.72130465507507,-9.554228716748238,-5.592300800796958,2.921846140531049,2.650260150243047,0.0
1786995392.098707,74.82994937896729,-9.554228716748238,-5.592300800796958,2.921846140531049,2.650260150243047,0.0
1786995392.2362835,74.96752595901489,-9.554228716748238,-5.592300800796958,2.921846140531049,2.650260150243047,0.0
1786995392.3376505,75.06889295578003,-9.554228716748238,-5.592300800796958,2.921846140531049,2.650260150243047,0.0
1786995392.443722,75.174964427948,-9.554228716748238,-5.592300800796958,2.921846140531049,2.650260150243047,0.0
1786995392.5545797,75.28582215309143,-9.554228716748238,-5.592300800796958,2.921846140531049,2.650260150243047,0.0
1786995392.6647902,75.3960325717926,-9.554228716748238,-5.592300800796958,2.921846140531049,2.650260150243047,0.0
1786995392.7701626,75.50140500068665,-9.554228716748238,-5.592300800796958,2.921846140531049,2.650260150243047,0.0
1786995392.874703,75.60594534873962,-9.554228716748238,-5.592300800796958,2.921846140531049,2.650260150243047,0.0
1786995392.982473,75.71371531486511,-9.554228716748238,-5.592300800796958,2.921846140531049,2.650260150243047,0.0
1786995393.0895905,75.82083296775818,-9.554228716748238,-5.592300800796958,2.921846140531049,2.650260150243047,0.0
1786995393.1984353,75.92967772483826,-9.554228716748238,-5.592300800796958,2.921846140531049,2.650260150243047,0.0
1786995393.3069642,76.03820657730103,-9.554228716748238,-5.592300800796958,2.921846140531049,2.650260150243047,0.0
1786995393.4141939,76.14543628692627,-9.554228716748238,-5.592300800796958,2.921846140531049,2.650260150243047,0.0
1786995393.522991,76.25423336029053,-9.554228716748238,-5.592300800796958,2.921846140531049,2.650260150243047,0.0
1786995393.629278,76.360520362854,-9.554228716748238,-5.592300800796958,2.921846140531049,2.650260150243047,0.0
1786995393.7397313,76.47097373008728,-9.554228716748238,-5.592300800796958,2.921846140531049,2.650260150243047,0.0
1786995393.8440332,76.57527565956116,-9.554228716748238,-5.592300800796958,2.921846140531049,2.650260150243047,0.0
1786995393.948381,76.67962336540222,-9.554228716748238,-5.592300800796958,2.921846140531049,2.650260150243047,0.0
1786995394.05874,76.78998231887817,-9.554228716748238,-5.592300800796958,2.921846140531049,2.650260150243047,0.0
1786995394.1607976,76.89204001426697,-9.554228716748238,-5.592300800796958,2.921846140531049,2.650260150243047,0.0
1786995394.268794,77.0000364780426,-9.554228716748238,-5.592300800796958,2.921846140531049,2.650260150243047,0.0
1786995394.3791058,77.11034822463989,-9.554228716748238,-5.592300800796958,2.921846140531049,2.650260150243047,0.0
1786995394.4916196,77.22286200523376,-9.554228716748238,-5.592300800796958,2.921846140531049,2.650260150243047,0.0
1786995394.6030107,77.33425307273865,-9.554228716748238,-5.592300800796958,2.921846140531049,2.650260150243047,0.0
1786995394.7113838,77.44262623786926,-9.554228716748238,-5.592300800796958,2.921846140531049,2.650260150243047,0.0
1786995394.8177838,77.54902625083923,-9.554228716748238,-5.592300800796958,2.921846140531049,2.650260150243047,0.0
1786995394.926562,77.65780448913574,-9.554228716748238,-5.592300800796958,2.921846140531049,2.650260150243047,0.0
1786995395.029199,77.76044130325317,-9.554228716748238,-5.592300800796958,2.921846140531049,2.650260150243047,0.0
1786995395.1396058,77.87084817886353,-9.554228716748238,-5.592300800796958,2.921846140531049,2.650260150243047,0.0
1786995395.245345,77.9765875339508,-9.554228716748238,-5.592300800796958,2.921846140531049,2.650260150243047,0.0
1786995395.3493748,78.08061718940735,-9.554228716748238,-5.592300800796958,2.921846140531049,2.650260150243047,0.0
1786995395.4606037,78.19184613227844,-9.554228716748238,-5.592300800796958,2.921846140531049,2.650260150243047,0.0
1786995395.5670877,78.29833006858826,-9.554228716748238,-5.592300800796958,2.921846140531049,2.650260150243047,0.0
1786995395.6767972,78.40803956985474,-9.554228716748238,-5.592300800796958,2.921846140531049,2.650260150243047,0.0
1786995395.783555,78.51479744911194,-9.554228716748238,-5.592300800796958,2.921846140531049,2.650260150243047,0.0
1786995395.8901203,78.62136268615723,-9.554228716748238,-5.592300800796958,2.921846140531049,2.650260150243047,0.0
1786995395.997296,78.7285385131836,-9.554228716748238,-5.592300800796958,2.921846140531049,2.650260150243047,0.0
1786995396.1037884,78.83503079414368,-9.554228716748238,-5.592300800796958,2.921846140531049,2.650260150243047,0.0
1786995396.2143571,78.94559955596924,-9.554228716748238,-5.592300800796958,2.921846140531049,2.650260150243047,0.0
1786995396.3250504,79.05629277229309,-9.554228716748238,-5.592300800796958,2.921846140531049,2.650260150243047,0.0
1786995396.4349096,79.16615200042725,-9.554228716748238,-5.592300800796958,2.921846140531049,2.650260150243047,0.0
1786995396.5452816,79.27652406692505,-9.554228716748238,-5.592300800796958,2.921846140531049,2.650260150243047,0.0
1786995396.6561127,79.38735508918762,-9.554228716748238,-5.592300800796958,2.921846140531049,2.650260150243047,0.0
1786995396.766461,79.49770331382751,-9.554228716748238,-5.592300800796958,2.921846140531049,2.650260150243047,0.0
1786995396.8699732,79.60121560096741,-9.554228716748238,-5.592300800796958,2.921846140531049,2.650260150243047,0.0
1786995396.982021,79.71326351165771,-9.554228716748238,-5.592300800796958,2.921846140531049,2.650260150243047,0.0
1786995397.0915208,79.82276320457458,-9.554228716748238,-5.592300800796958,2.921846140531049,2.650260150243047,0.0
1786995397.2022989,79.9335412979126,-9.554228716748238,-5.592300800796958,2.921846140531049,2.650260150243047,0.0
1786995397.3117232,80.04296565055847,-9.554228716748238,-5.592300800796958,2.921846140531049,2.650260150243047,0.0
1786995397.4214976,80.15274000167847,-9.554228716748238,-5.592300800796958,2.921846140531049,2.650260150243047,0.0
1786995397.5323827,80.2636251449585,-9.554228716748238,-5.592300800796958,2.921846140531049,2.650260150243047,0.0
1786995397.6455207,80.37676310539246,-9.554228716748238,-5.592300800796958,2.921846140531049,2.650260150243047,0.0
1786995397.7556303,80.48687267303467,-9.554228716748238,-5.592300800796958,2.921846140531049,2.650260150243047,0.0
1786995397.8645892,80.59583163261414,-9.554228716748238,-5.592300800796958,2.921846140531049,2.650260150243047,0.0
1786995397.9729743,80.7042167186737,-9.554228716748238,-5.592300800796958,2.921846140531049,2.650260150243047,0.0
1786995398.0832074,80.81444978713989,-9.554228716748238,-5.592300800796958,2.921846140531049,2.650260150243047,0.0
1786995398.1936092,80.92485165596008,-9.554228716748238,-5.592300800796958,2.921846140531049,2.650260150243047,0.0
1786995398.3042743,81.0355167388916,-9.554228716748238,-5.592300800796958,2.921846140531049,2.650260150243047,0.0
1786995398.4140406,81.14528298377991,-9.554228716748238,-5.592300800796958,2.921846140531049,2.650260150243047,0.0
1786995398.5253694,81.25661182403564,-9.554228716748238,-5.592300800796958,2.921846140531049,2.650260150243047,0.0
1786995398.628651,81.35989332199097,-9.554228716748238,-5.592300800796958,2.921846140531049,2.650260150243047,0.0
1786995398.7390945,81.4703369140625,-9.554228716748238,-5.592300800796958,2.921846140531049,2.650260150243047,0.0
1786995398.8504443,81.5816867351532,-9.554228716748238,-5.592300800796958,2.921846140531049,2.650260150243047,0.0
1786995398.9604943,81.69173669815063,-9.554228716748238,-5.592300800796958,2.921846140531049,2.650260150243047,0.0
1786995399.0721972,81.80343961715698,-9.554228716748238,-5.592300800796958,2.921846140531049,2.650260150243047,0.0
1786995399.1776643,81.90890669822693,-9.554228716748238,-5.592300800796958,2.921846140531049,2.650260150243047,0.0
1786995399.28643,82.01767230033875,-9.554228716748238,-5.592300800796958,2.921846140531049,2.650260150243047,0.0
1786995399.395638,82.12688040733337,-9.554228716748238,-5.592300800796958,2.921846140531049,2.650260150243047,0.0
1786995399.5078566,82.23909902572632,-9.554228716748238,-5.592300800796958,2.921846140531049,2.650260150243047,0.0
1786995399.6145074,82.3457498550415,-9.554228716748238,-5.592300800796958,2.921846140531049,2.650260150243047,0.0
1786995399.72526,82.45650243759155,-9.554228716748238,-5.592300800796958,2.921846140531049,2.650260150243047,0.0
1786995399.837403,82.56864547729492,-9.554228716748238,-5.592300800796958,2.921846140531049,2.650260150243047,0.0
1786995399.945705,82.67694735527039,-9.554228716748238,-5.592300800796958,2.921846140531049,2.650260150243047,0.0
1786995400.0596938,82.79093623161316,-9.554228716748238,-5.592300800796958,2.921846140531049,2.650260150243047,0.0
1786995400.1646018,82.89584422111511,-9.554228716748238,-5.592300800796958,2.921846140531049,2.650260150243047,0.0
1786995400.2727454,83.00398778915405,-9.554228716748238,-5.592300800796958,2.921846140531049,2.650260150243047,0.0
1786995400.3830662,83.11430859565735,-9.554228716748238,-5.592300800796958,2.921846140531049,2.650260150243047,0.0
1786995400.48851,83.21975231170654,-9.554228716748238,-5.592300800796958,2.921846140531049,2.650260150243047,0.0
1786995400.5976236,83.32886600494385,-9.554228716748238,-5.592300800796958,2.921846140531049,2.650260150243047,0.0
1786995400.700071,83.43131351470947,-9.554228716748238,-5.592300800796958,2.921846140531049,2.650260150243047,0.0
1786995400.8134587,83.54470109939575,-9.554228716748238,-5.592300800796958,2.921846140531049,2.650260150243047,0.0
1786995400.9186568,83.64989924430847,-9.554228716748238,-5.592300800796958,2.921846140531049,2.650260150243047,0.0
1786995401.0271943,83.75843667984009,-9.554228716748238,-5.592300800796958,2.921846140531049,2.650260150243047,0.0
1786995401.1371782,83.86842060089111,-9.554228716748238,-5.592300800796958,2.921846140531049,2.650260150243047,0.0
1786995401.2485123,83.97975468635559,-9.554228716748238,-5.592300800796958,2.921846140531049,2.650260150243047,0.0
1786995401.3580582,84.0893006324768,-9.554228716748238,-5.592300800796958,2.921846140531049,2.650260150243047,0.0
1786995401.4681385,84.19938087463379,-9.554228716748238,-5.592300800796958,2.921846140531049,2.650260150243047,0.0
1786995401.5787132,84.30995559692383,-9.554228716748238,-5.592300800796958,2.921846140531049,2.650260150243047,0.0
1786995401.6893191,84.42056155204773,-9.554228716748238,-5.592300800796958,2.921846140531049,2.650260150243047,0.0
1786995401.798194,84.52943634986877,-9.554228716748238,-5.592300800796958,2.921846140531049,2.650260150243047,0.0
1786995401.900425,84.63166737556458,-9.554228716748238,-5.592300800796958,2.921846140531049,2.650260150243047,0.0
1786995402.00264,84.73388242721558,-9.554228716748238,-5.592300800796958,2.921846140531049,2.650260150243047,0.0
1786995402.112382,84.84362435340881,-9.554228716748238,-5.592300800796958,2.921846140531049,2.650260150243047,0.0
1786995402.2222579,84.9535002708435,-9.554228716748238,-5.592300800796958,2.921846140531049,2.650260150243047,0.0
1786995402.3264246,85.05766701698303,-9.554228716748238,-5.592300800796958,2.921846140531049,2.650260150243047,0.0
1786995402.4278152,85.1590576171875,-9.554228716748238,-5.592300800796958,2.921846140531049,2.650260150243047,0.0
1786995402.5315742,85.26281666755676,-9.554228716748238,-5.592300800796958,2.921846140531049,2.650260150243047,0.0
1786995402.6429074,85.37414979934692,-9.554228716748238,-5.592300800796958,2.921846140531049,2.650260150243047,0.0
1786995402.7474399,85.47868227958679,-9.554228716748238,-5.592300800796958,2.921846140531049,2.650260150243047,0.0
1786995402.8518856,85.58312797546387,-9.554228716748238,-5.592300800796958,2.921846140531049,2.650260150243047,0.0
1786995402.964018,85.69526052474976,-9.554228716748238,-5.592300800796958,2.921846140531049,2.650260150243047,0.0
1786995403.0719376,85.80317997932434,-9.554228716748238,-5.592300800796958,2.921846140531049,2.650260150243047,0.0
1786995403.1790738,85.91031622886658,-9.554228716748238,-5.592300800796958,2.921846140531049,2.650260150243047,0.0
1786995403.2842352,86.01547765731812,-9.554228716748238,-5.592300800796958,2.921846140531049,2.650260150243047,0.0
1786995403.3930566,86.12429904937744,-9.554228716748238,-5.592300800796958,2.921846140531049,2.650260150243047,0.0
1786995403.494671,86.22591352462769,-9.554228716748238,-5.592300800796958,2.921846140531049,2.650260150243047,0.0
1786995403.6046917,86.33593416213989,-9.554228716748238,-5.592300800796958,2.921846140531049,2.650260150243047,0.0
1786995403.713646,86.44488835334778,-9.554228716748238,-5.592300800796958,2.921846140531049,2.650260150243047,0.0
1786995403.821478,86.55272030830383,-9.554228716748238,-5.592300800796958,2.921846140531049,2.650260150243047,0.0
1786995403.9253757,86.65661811828613,-9.554228716748238,-5.592300800796958,2.921846140531049,2.650260150243047,0.0
1786995404.0361843,86.76742672920227,-9.554228716748238,-5.592300800796958,2.921846140531049,2.650260150243047,0.0
1786995404.1474411,86.87868356704712,-9.554228716748238,-5.592300800796958,2.921846140531049,2.650260150243047,0.0
1786995404.255745,86.98698735237122,-9.554228716748238,-5.592300800796958,2.921846140531049,2.650260150243047,0.0
1786995404.3562794,87.08752179145813,-9.554228716748238,-5.592300800796958,2.921846140531049,2.650260150243047,0.0
1786995404.4573948,87.18863725662231,-9.554228716748238,-5.592300800796958,2.921846140531049,2.650260150243047,0.0
1786995404.5583043,87.28954672813416,-9.554228716748238,-5.592300800796958,2.921846140531049,2.650260150243047,0.0
1786995404.6621246,87.39336705207825,-9.554228716748238,-5.592300800796958,2.921846140531049,2.650260150243047,0.0
1786995404.9611857,87.69242811203003,-9.554228716748238,-5.592300800796958,2.921846140531049,2.650260150243047,0.0
1786995405.0633886,87.7946310043335,-9.554228716748238,-5.592300800796958,2.921846140531049,2.650260150243047,0.0
1786995405.1661673,87.8974096775055,-9.554228716748238,-5.592300800796958,2.921846140531049,2.650260150243047,0.0
1786995405.2766507,88.00789308547974,-9.554228716748238,-5.592300800796958,2.921846140531049,2.650260150243047,0.0
1786995405.3805904,88.11183285713196,-9.554228716748238,-5.592300800796958,2.921846140531049,2.650260150243047,0.0
1786995405.4931493,88.22439169883728,-9.554228716748238,-5.592300800796958,2.921846140531049,2.650260150243047,0.0
1786995405.6076496,88.33889198303223,-9.554228716748238,-5.592300800796958,2.921846140531049,2.650260150243047,0.0
1786995405.719736,88.45097851753235,-9.554228716748238,-5.592300800796958,2.921846140531049,2.650260150243047,0.0
1786995405.8305407,88.56178307533264,-9.554228716748238,-5.592300800796958,2.921846140531049,2.650260150243047,0.0
1786995405.9420028,88.6732451915741,-9.554228716748238,-5.592300800796958,2.921846140531049,2.650260150243047,0.0
1786995406.0446756,88.77591800689697,-9.554228716748238,-5.592300800796958,2.921846140531049,2.650260150243047,0.0
1786995406.1507552,88.88199758529663,-9.554228716748238,-5.592300800796958,2.921846140531049,2.650260150243047,0.0
1786995406.2556298,88.98687219619751,-9.554228716748238,-5.592300800796958,2.921846140531049,2.650260150243047,0.0
1786995406.3607614,89.09200382232666,-9.554228716748238,-5.592300800796958,2.921846140531049,2.650260150243047,0.0
1786995406.4752152,89.20645761489868,-9.554228716748238,-5.592300800796958,2.921846140531049,2.650260150243047,0.0
1786995406.586248,89.31749033927917,-9.554228716748238,-5.592300800796958,2.921846140531049,2.650260150243047,0.0
1786995406.6966894,89.4279317855835,-9.554228716748238,-5.592300800796958,2.921846140531049,2.650260150243047,0.0
1786995406.807652,89.53889441490173,-9.554228716748238,-5.592300800796958,2.921846140531049,2.650260150243047,0.0
1786995406.9132292,89.64447164535522,-9.554228716748238,-5.592300800796958,2.921846140531049,2.650260150243047,0.0
1786995407.0181005,89.749342918396,-9.554228716748238,-5.592300800796958,2.921846140531049,2.650260150243047,0.0
1786995407.129947,89.86118936538696,-9.554228716748238,-5.592300800796958,2.921846140531049,2.650260150243047,0.0
1786995407.242592,89.97383451461792,-9.554228716748238,-5.592300800796958,2.921846140531049,2.650260150243047,0.0
1786995407.3530803,90.08432269096375,-9.554228716748238,-5.592300800796958,2.921846140531049,2.650260150243047,0.0
1786995407.4633794,90.19462180137634,-9.554228716748238,-5.592300800796958,2.921846140531049,2.650260150243047,0.0
1786995407.5675778,90.29882025718689,-9.554228716748238,-5.592300800796958,2.921846140531049,2.650260150243047,0.0
1786995407.6714993,90.40274167060852,-9.554228716748238,-5.592300800796958,2.921846140531049,2.650260150243047,0.0
1786995407.7796457,90.51088809967041,-9.554228716748238,-5.592300800796958,2.921846140531049,2.650260150243047,0.0
1786995407.8878047,90.61904716491699,-9.554228716748238,-5.592300800796958,2.921846140531049,2.650260150243047,0.0
1786995407.994982,90.72622442245483,-9.554228716748238,-5.592300800796958,2.921846140531049,2.650260150243047,0.0
1786995408.0960073,90.82724976539612,-9.554228716748238,-5.592300800796958,2.921846140531049,2.650260150243047,0.0
1786995408.2077403,90.93898272514343,-9.554228716748238,-5.592300800796958,2.921846140531049,2.650260150243047,0.0
1786995408.3172922,91.04853463172913,-9.554228716748238,-5.592300800796958,2.921846140531049,2.650260150243047,0.0
1786995408.4212027,91.15244507789612,-9.554228716748238,-5.592300800796958,2.921846140531049,2.650260150243047,0.0
1786995408.5232227,91.25446510314941,-9.554228716748238,-5.592300800796958,2.921846140531049,2.650260150243047,0.0
1786995408.625134,91.35637640953064,-9.554228716748238,-5.592300800796958,2.921846140531049,2.650260150243047,0.0
1786995408.7310967,91.46233916282654,-9.554228716748238,-5.592300800796958,2.921846140531049,2.650260150243047,0.0
1786995408.8365965,91.56783890724182,-9.554228716748238,-5.592300800796958,2.921846140531049,2.650260150243047,0.0
1786995408.9468098,91.67805218696594,-9.554228716748238,-5.592300800796958,2.921846140531049,2.650260150243047,0.0
1786995409.0563989,91.78764128684998,-9.554228716748238,-5.592300800796958,2.921846140531049,2.650260150243047,0.0
1786995409.1589088,91.89015126228333,-9.554228716748238,-5.592300800796958,2.921846140531049,2.650260150243047,0.0
1786995409.2646298,91.99587225914001,-9.554228716748238,-5.592300800796958,2.921846140531049,2.650260150243047,0.0
1786995409.3757493,92.1069917678833,-9.554228716748238,-5.592300800796958,2.921846140531049,2.650260150243047,0.0
1786995409.483946,92.21518850326538,-9.554228716748238,-5.592300800796958,2.921846140531049,2.650260150243047,0.0
1786995409.589674,92.32091641426086,-9.554228716748238,-5.592300800796958,2.921846140531049,2.650260150243047,0.0
1786995409.7008371,92.43207955360413,-9.554228716748238,-5.592300800796958,2.921846140531049,2.650260150243047,0.0
1786995409.8101974,92.54143977165222,-9.554228716748238,-5.592300800796958,2.921846140531049,2.650260150243047,0.0
1786995409.9139862,92.64522862434387,-9.554228716748238,-5.592300800796958,2.921846140531049,2.650260150243047,0.0
1786995410.018367,92.74960947036743,-9.554228716748238,-5.592300800796958,2.921846140531049,2.650260150243047,0.0
1786995410.1250014,92.85624384880066,-9.554228716748238,-5.592300800796958,2.921846140531049,2.650260150243047,0.0
1786995410.2306197,92.96186208724976,-9.554228716748238,-5.592300800796958,2.921846140531049,2.650260150243047,0.0
1786995410.3352547,93.06649708747864,-9.554228716748238,-5.592300800796958,2.921846140531049,2.650260150243047,0.0
1786995410.4457011,93.17694354057312,-9.554228716748238,-5.592300800796958,2.921846140531049,2.650260150243047,0.0
1786995410.5572937,93.28853607177734,-9.554228716748238,-5.592300800796958,2.921846140531049,2.650260150243047,0.0
1786995410.6594357,93.39067816734314,-9.554228716748238,-5.592300800796958,2.921846140531049,2.650260150243047,0.0
1786995410.771178,93.50242042541504,-9.554228716748238,-5.592300800796958,2.921846140531049,2.650260150243047,0.0
1786995410.8763127,93.60755515098572,-9.554228716748238,-5.592300800796958,2.921846140531049,2.650260150243047,0.0
1786995410.9799836,93.71122598648071,-9.554228716748238,-5.592300800796958,2.921846140531049,2.650260150243047,0.0
1786995411.0882795,93.8195219039917,-9.554228716748238,-5.592300800796958,2.921846140531049,2.650260150243047,0.0
1786995411.1973853,93.9286277294159,-9.554228716748238,-5.592300800796958,2.921846140531049,2.650260150243047,0.0
1786995411.309526,94.04076838493347,-9.554228716748238,-5.592300800796958,2.921846140531049,2.650260150243047,0.0
1786995411.4212966,94.15253901481628,-9.554228716748238,-5.592300800796958,2.921846140531049,2.650260150243047,0.0
1786995411.5291147,94.26035714149475,-9.554228716748238,-5.592300800796958,2.921846140531049,2.650260150243047,0.0
1786995411.6362355,94.36747789382935,-9.554228716748238,-5.592300800796958,2.921846140531049,2.650260150243047,0.0
1786995411.7460606,94.47730302810669,-9.554228716748238,-5.592300800796958,2.921846140531049,2.650260150243047,0.0
1786995411.854287,94.58552932739258,-9.554228716748238,-5.592300800796958,2.921846140531049,2.650260150243047,0.0
1786995411.9645584,94.69580078125,-9.554228716748238,-5.592300800796958,2.921846140531049,2.650260150243047,0.0
1786995412.071213,94.80245542526245,-9.554228716748238,-5.592300800796958,2.921846140531049,2.650260150243047,0.0
1786995412.1814084,94.91265082359314,-9.554228716748238,-5.592300800796958,2.921846140531049,2.650260150243047,0.0
1786995412.2844706,95.01571297645569,-9.554228716748238,-5.592300800796958,2.921846140531049,2.650260150243047,0.0
1786995412.3923798,95.12362217903137,-9.554228716748238,-5.592300800796958,2.921846140531049,2.650260150243047,0.0
1786995412.4970083,95.22825074195862,-9.554228716748238,-5.592300800796958,2.921846140531049,2.650260150243047,0.0
1786995412.6066747,95.33791708946228,-9.554228716748238,-5.592300800796958,2.921846140531049,2.650260150243047,0.0
1786995412.7090368,95.44027924537659,-9.554228716748238,-5.592300800796958,2.921846140531049,2.650260150243047,0.0
1786995412.816085,95.54732751846313,-9.554228716748238,-5.592300800796958,2.921846140531049,2.650260150243047,0.0
1786995412.9196177,95.65086007118225,-9.554228716748238,-5.592300800796958,2.921846140531049,2.650260150243047,0.0
1786995413.0301018,95.76134419441223,-9.554228716748238,-5.592300800796958,2.921846140531049,2.650260150243047,0.0
1786995413.1378112,95.86905360221863,-9.554228716748238,-5.592300800796958,2.921846140531049,2.650260150243047,0.0
1786995413.2450647,95.97630715370178,-9.554228716748238,-5.592300800796958,2.921846140531049,2.650260150243047,0.0
1786995413.3523097,96.08355212211609,-9.554228716748238,-5.592300800796958,2.921846140531049,2.650260150243047,0.0
1786995413.4620516,96.19329404830933,-9.554228716748238,-5.592300800796958,2.921846140531049,2.650260150243047,0.0
1786995413.5703874,96.30162978172302,-9.554228716748238,-5.592300800796958,2.921846140531049,2.650260150243047,0.0
1786995413.676316,96.40755844116211,-9.554228716748238,-5.592300800796958,2.921846140531049,2.650260150243047,0.0
1786995413.785603,96.51684546470642,-9.554228716748238,-5.592300800796958,2.921846140531049,2.650260150243047,0.0
1786995413.8924928,96.62373518943787,-9.554228716748238,-5.592300800796958,2.921846140531049,2.650260150243047,0.0
1786995413.9980657,96.72930812835693,-9.554228716748238,-5.592300800796958,2.921846140531049,2.650260150243047,0.0
1786995414.1043997,96.8356420993805,-9.554228716748238,-5.592300800796958,2.921846140531049,2.650260150243047,0.0
1786995414.2077541,96.93899655342102,-9.554228716748238,-5.592300800796958,2.921846140531049,2.650260150243047,0.0
1786995414.308947,97.04018950462341,-9.554228716748238,-5.592300800796958,2.921846140531049,2.650260150243047,0.0
1786995414.4124582,97.14370059967041,-9.554228716748238,-5.592300800796958,2.921846140531049,2.650260150243047,0.0
1786995414.5149899,97.24623227119446,-9.554228716748238,-5.592300800796958,2.921846140531049,2.650260150243047,0.0
1786995414.6249104,97.35615277290344,-9.554228716748238,-5.592300800796958,2.921846140531049,2.650260150243047,0.0
1786995414.7300234,97.46126580238342,-9.554228716748238,-5.592300800796958,2.921846140531049,2.650260150243047,0.0
1786995414.8375604,97.56880283355713,-9.554228716748238,-5.592300800796958,2.921846140531049,2.650260150243047,0.0
1786995414.9451587,97.67640113830566,-9.554228716748238,-5.592300800796958,2.921846140531049,2.650260150243047,0.0
1786995415.0543876,97.78562998771667,-9.554228716748238,-5.592300800796958,2.921846140531049,2.650260150243047,0.0
1786995415.159148,97.89039039611816,-9.554228716748238,-5.592300800796958,2.921846140531049,2.650260150243047,0.0
1786995415.2661688,97.99741125106812,-9.554228716748238,-5.592300800796958,2.921846140531049,2.650260150243047,0.0
1786995415.3760862,98.10732865333557,-9.554228716748238,-5.592300800796958,2.921846140531049,2.650260150243047,0.0
1786995415.4860697,98.21731209754944,-9.554228716748238,-5.592300800796958,2.921846140531049,2.650260150243047,0.0
1786995415.5908375,98.32207989692688,-9.554228716748238,-5.592300800796958,2.921846140531049,2.650260150243047,0.0
1786995415.6994462,98.43068861961365,-9.554228716748238,-5.592300800796958,2.921846140531049,2.650260150243047,0.0
1786995415.8036582,98.5349006652832,-9.554228716748238,-5.592300800796958,2.921846140531049,2.650260150243047,0.0
1786995415.9090493,98.64029169082642,-9.554228716748238,-5.592300800796958,2.921846140531049,2.650260150243047,0.0
1786995416.0138016,98.74504399299622,-9.554228716748238,-5.592300800796958,2.921846140531049,2.650260150243047,0.0
1786995416.124283,98.85552549362183,-9.554228716748238,-5.592300800796958,2.921846140531049,2.650260150243047,0.0
1786995416.2330163,98.96425867080688,-9.554228716748238,-5.592300800796958,2.921846140531049,2.650260150243047,0.0
1786995416.3367,99.06794238090515,-9.554228716748238,-5.592300800796958,2.921846140531049,2.650260150243047,0.0
1786995416.4441152,99.17535758018494,-9.554228716748238,-5.592300800796958,2.921846140531049,2.650260150243047,0.0
1786995416.5537176,99.2849600315094,-9.554228716748238,-5.592300800796958,2.921846140531049,2.650260150243047,0.0
1786995416.6640964,99.39533877372742,-9.554228716748238,-5.592300800796958,2.921846140531049,2.650260150243047,0.0
1786995416.7682192,99.49946165084839,-9.554228716748238,-5.592300800796958,2.921846140531049,2.650260150243047,0.0
1786995416.8787067,99.60994911193848,-9.554228716748238,-5.592300800796958,2.921846140531049,2.650260150243047,0.0
1786995416.9896193,99.7208616733551,-9.554228716748238,-5.592300800796958,2.921846140531049,2.650260150243047,0.0
1786995417.1011996,99.83244204521179,-9.554228716748238,-5.592300800796958,2.921846140531049,2.650260150243047,0.0
1786995417.2070575,99.93829989433289,-9.554228716748238,-5.592300800796958,2.921846140531049,2.650260150243047,0.0
1786995417.317759,100.049001455307,-9.554228716748238,-5.592300800796958,2.921846140531049,2.650260150243047,0.0
1786995417.4286945,100.15993690490723,-9.554228716748238,-5.592300800796958,2.921846140531049,2.650260150243047,0.0
1786995417.5366247,100.26786708831787,-9.554228716748238,-5.592300800796958,2.921846140531049,2.650260150243047,0.0
1786995417.6480587,100.37930107116699,-9.554228716748238,-5.592300800796958,2.921846140531049,2.650260150243047,0.0
1786995417.7573872,100.48862957954407,-9.554228716748238,-5.592300800796958,2.921846140531049,2.650260150243047,0.0
1786995417.867388,100.59863042831421,-9.554228716748238,-5.592300800796958,2.921846140531049,2.650260150243047,0.0
1786995417.9787054,100.70994782447815,-9.554228716748238,-5.592300800796958,2.921846140531049,2.650260150243047,0.0
1786995418.0866456,100.81788802146912,-9.554228716748238,-5.592300800796958,2.921846140531049,2.650260150243047,0.0
1786995418.2006001,100.9318425655365,-9.554228716748238,-5.592300800796958,2.921846140531049,2.650260150243047,0.0
1786995418.3116887,101.0429310798645,-9.554228716748238,-5.592300800796958,2.921846140531049,2.650260150243047,0.0
1786995418.4159987,101.14724111557007,-9.554228716748238,-5.592300800796958,2.921846140531049,2.650260150243047,0.0
1786995418.5184412,101.24968361854553,-9.554228716748238,-5.592300800796958,2.921846140531049,2.650260150243047,0.0
1786995418.6242707,101.35551309585571,-9.554228716748238,-5.592300800796958,2.921846140531049,2.650260150243047,0.0
1786995418.7299185,101.46116089820862,-9.554228716748238,-5.592300800796958,2.921846140531049,2.650260150243047,0.0
1786995418.8354726,101.56671500205994,-9.554228716748238,-5.592300800796958,2.921846140531049,2.650260150243047,0.0
1786995418.939774,101.67101645469666,-9.554228716748238,-5.592300800796958,2.921846140531049,2.650260150243047,0.0
1786995419.044887,101.77612948417664,-9.554228716748238,-5.592300800796958,2.921846140531049,2.650260150243047,0.0
1786995419.146629,101.8778715133667,-9.554228716748238,-5.592300800796958,2.921846140531049,2.650260150243047,0.0
1786995419.2519598,101.9832022190094,-9.554228716748238,-5.592300800796958,2.921846140531049,2.650260150243047,0.0
1786995419.357864,102.08910632133484,-9.554228716748238,-5.592300800796958,2.921846140531049,2.650260150243047,0.0
1786995419.4633365,102.1945788860321,-9.554228716748238,-5.592300800796958,2.921846140531049,2.650260150243047,0.0
1786995419.5657196,102.29696202278137,-9.554228716748238,-5.592300800796958,2.921846140531049,2.650260150243047,0.0
1786995419.6674223,102.39866471290588,-9.554228716748238,-5.592300800796958,2.921846140531049,2.650260150243047,0.0
1786995419.7725694,102.50381183624268,-9.554228716748238,-5.592300800796958,2.921846140531049,2.650260150243047,0.0
1786995419.8793273,102.61056971549988,-9.554228716748238,-5.592300800796958,2.921846140531049,2.650260150243047,0.0
1786995419.981934,102.71317648887634,-9.554228716748238,-5.592300800796958,2.921846140531049,2.650260150243047,0.0
1786995420.084711,102.81595349311829,-9.554228716748238,-5.592300800796958,2.921846140531049,2.650260150243047,0.0
1786995420.191001,102.92224335670471,-9.554228716748238,-5.592300800796958,2.921846140531049,2.650260150243047,0.0
1786995420.295848,103.02709031105042,-9.554228716748238,-5.592300800796958,2.921846140531049,2.650260150243047,0.0
1786995420.4016058,103.13284826278687,-9.554228716748238,-5.592300800796958,2.921846140531049,2.650260150243047,0.0
1786995420.5050242,103.23626661300659,-9.554228716748238,-5.592300800796958,2.921846140531049,2.650260150243047,0.0
1786995420.6073546,103.33859705924988,-9.554228716748238,-5.592300800796958,2.921846140531049,2.650260150243047,0.0
1786995420.7140465,103.44528889656067,-9.554228716748238,-5.592300800796958,2.921846140531049,2.650260150243047,0.0
1786995420.82261,103.55385231971741,-9.554228716748238,-5.592300800796958,2.921846140531049,2.650260150243047,0.0
1786995420.9262025,103.65744495391846,-9.554228716748238,-5.592300800796958,2.921846140531049,2.650260150243047,0.0
1786995421.0320954,103.76333785057068,-9.554228716748238,-5.592300800796958,2.921846140531049,2.650260150243047,0.0
1786995421.1403399,103.87158226966858,-9.554228716748238,-5.592300800796958,2.921846140531049,2.650260150243047,0.0
1786995421.2494533,103.9806957244873,-9.554228716748238,-5.592300800796958,2.921846140531049,2.650260150243047,0.0
1786995421.3533955,104.08463788032532,-9.554228716748238,-5.592300800796958,2.921846140531049,2.650260150243047,0.0
1786995421.456002,104.1872444152832,-9.554228716748238,-5.592300800796958,2.921846140531049,2.650260150243047,0.0
1786995421.5581777,104.28942012786865,-9.554228716748238,-5.592300800796958,2.921846140531049,2.650260150243047,0.0
1786995421.6613512,104.39259362220764,-9.554228716748238,-5.592300800796958,2.921846140531049,2.650260150243047,0.0
1786995421.7646434,104.49588584899902,-9.554228716748238,-5.592300800796958,2.921846140531049,2.650260150243047,0.0
1786995421.866266,104.59750843048096,-9.554228716748238,-5.592300800796958,2.921846140531049,2.650260150243047,0.0
1786995421.9745686,104.70581102371216,-9.554228716748238,-5.592300800796958,2.921846140531049,2.650260150243047,0.0
1786995422.0825243,104.81376671791077,-9.554228716748238,-5.592300800796958,2.921846140531049,2.650260150243047,0.0
1786995422.1879404,104.91918277740479,-9.554228716748238,-5.592300800796958,2.921846140531049,2.650260150243047,0.0
1786995422.2948506,105.02609300613403,-9.554228716748238,-5.592300800796958,2.921846140531049,2.650260150243047,0.0
1786995422.4019332,105.13317561149597,-9.554228716748238,-5.592300800796958,2.921846140531049,2.650260150243047,0.0
1786995422.5060952,105.23733758926392,-9.554228716748238,-5.592300800796958,2.921846140531049,2.650260150243047,0.0
1786995422.6111994,105.34244179725647,-9.554228716748238,-5.592300800796958,2.921846140531049,2.650260150243047,0.0
1786995422.7206838,105.45192623138428,-9.554228716748238,-5.592300800796958,2.921846140531049,2.650260150243047,0.0
1786995422.8278928,105.55913519859314,-9.554228716748238,-5.592300800796958,2.921846140531049,2.650260150243047,0.0
1786995422.93029,105.66153240203857,-9.554228716748238,-5.592300800796958,2.921846140531049,2.650260150243047,0.0
1786995423.036021,105.76726341247559,-9.554228716748238,-5.592300800796958,2.921846140531049,2.650260150243047,0.0
1786995423.1439917,105.87523412704468,-9.554228716748238,-5.592300800796958,2.921846140531049,2.650260150243047,0.0
1786995423.2502851,105.98152756690979,-9.554228716748238,-5.592300800796958,2.921846140531049,2.650260150243047,0.0
1786995423.3570795,106.0883219242096,-9.554228716748238,-5.592300800796958,2.921846140531049,2.650260150243047,0.0
1786995423.4617593,106.19300174713135,-9.554228716748238,-5.592300800796958,2.921846140531049,2.650260150243047,0.0
1786995423.5707545,106.30199694633484,-9.554228716748238,-5.592300800796958,2.921846140531049,2.650260150243047,0.0
1786995423.6772692,106.40851163864136,-9.554228716748238,-5.592300800796958,2.921846140531049,2.650260150243047,0.0
1786995423.7821932,106.51343560218811,-9.554228716748238,-5.592300800796958,2.921846140531049,2.650260150243047,0.0
1786995423.8861263,106.61736869812012,-9.554228716748238,-5.592300800796958,2.921846140531049,2.650260150243047,0.0
1786995423.9927723,106.72401475906372,-9.554228716748238,-5.592300800796958,2.921846140531049,2.650260150243047,0.0
1786995424.0993702,106.83061265945435,-9.554228716748238,-5.592300800796958,2.921846140531049,2.650260150243047,0.0
1786995424.2038188,106.93506121635437,-9.554228716748238,-5.592300800796958,2.921846140531049,2.650260150243047,0.0
1786995424.3081298,107.03937220573425,-9.554228716748238,-5.592300800796958,2.921846140531049,2.650260150243047,0.0
1786995424.413939,107.14518141746521,-9.554228716748238,-5.592300800796958,2.921846140531049,2.650260150243047,0.0
1786995424.5201497,107.25139212608337,-9.554228716748238,-5.592300800796958,2.921846140531049,2.650260150243047,0.0
1786995424.6239154,107.35515785217285,-9.554228716748238,-5.592300800796958,2.921846140531049,2.650260150243047,0.0
1786995424.7303622,107.46160459518433,-9.554228716748238,-5.592300800796958,2.921846140531049,2.650260150243047,0.0
1786995424.836112,107.56735444068909,-9.554228716748238,-5.592300800796958,2.921846140531049,2.650260150243047,0.0
1786995424.9418166,107.67305898666382,-9.554228716748238,-5.592300800796958,2.921846140531049,2.650260150243047,0.0
1786995425.0439816,107.77522397041321,-9.554228716748238,-5.592300800796958,2.921846140531049,2.650260150243047,0.0
1786995425.1543336,107.88557600975037,-9.554228716748238,-5.592300800796958,2.921846140531049,2.650260150243047,0.0
1786995425.2612414,107.99248385429382,-9.554228716748238,-5.592300800796958,2.921846140531049,2.650260150243047,0.0
1786995425.3686278,108.09987020492554,-9.554228716748238,-5.592300800796958,2.921846140531049,2.650260150243047,0.0
1786995425.4763336,108.20757603645325,-9.554228716748238,-5.592300800796958,2.921846140531049,2.650260150243047,0.0
1786995425.5792694,108.31051182746887,-9.554228716748238,-5.592300800796958,2.921846140531049,2.650260150243047,0.0
1786995425.6863394,108.41758179664612,-9.554228716748238,-5.592300800796958,2.921846140531049,2.650260150243047,0.0
1786995425.7931414,108.52438378334045,-9.554228716748238,-5.592300800796958,2.921846140531049,2.650260150243047,0.0
1786995425.89597,108.62721252441406,-9.554228716748238,-5.592300800796958,2.921846140531049,2.650260150243047,0.0
1786995425.9995801,108.73082256317139,-9.554228716748238,-5.592300800796958,2.921846140531049,2.650260150243047,0.0
1786995426.1083016,108.83954405784607,-9.554228716748238,-5.592300800796958,2.921846140531049,2.650260150243047,0.0
1786995426.2136514,108.9448938369751,-9.554228716748238,-5.592300800796958,2.921846140531049,2.650260150243047,0.0
1786995426.319647,109.05088949203491,-9.554228716748238,-5.592300800796958,2.921846140531049,2.650260150243047,0.0
1786995426.4282951,109.15953755378723,-9.554228716748238,-5.592300800796958,2.921846140531049,2.650260150243047,0.0
1786995426.535337,109.26657938957214,-9.554228716748238,-5.592300800796958,2.921846140531049,2.650260150243047,0.0
1786995426.6420386,109.37328100204468,-9.554228716748238,-5.592300800796958,2.921846140531049,2.650260150243047,0.0
1786995426.7487795,109.48002195358276,-9.554228716748238,-5.592300800796958,2.921846140531049,2.650260150243047,0.0
1786995426.8538904,109.58513283729553,-9.554228716748238,-5.592300800796958,2.921846140531049,2.650260150243047,0.0
1786995426.9587257,109.68996810913086,-9.554228716748238,-5.592300800796958,2.921846140531049,2.650260150243047,0.0
1786995427.0676317,109.79887413978577,-9.554228716748238,-5.592300800796958,2.921846140531049,2.650260150243047,0.0
1786995427.176473,109.90771532058716,-9.554228716748238,-5.592300800796958,2.921846140531049,2.650260150243047,0.0
1786995427.2809002,110.01214265823364,-9.554228716748238,-5.592300800796958,2.921846140531049,2.650260150243047,0.0
1786995427.3882985,110.11954092979431,-9.554228716748238,-5.592300800796958,2.921846140531049,2.650260150243047,0.0
1786995427.49454,110.22578239440918,-9.554228716748238,-5.592300800796958,2.921846140531049,2.650260150243047,0.0
1786995427.6039562,110.33519864082336,-9.554228716748238,-5.592300800796958,2.921846140531049,2.650260150243047,0.0
1786995427.7102726,110.44151496887207,-9.554228716748238,-5.592300800796958,2.921846140531049,2.650260150243047,0.0
1786995427.8159096,110.54715204238892,-9.554228716748238,-5.592300800796958,2.921846140531049,2.650260150243047,0.0
1786995427.923192,110.65443444252014,-9.554228716748238,-5.592300800796958,2.921846140531049,2.650260150243047,0.0
1786995428.0281167,110.75935912132263,-9.554228716748238,-5.592300800796958,2.921846140531049,2.650260150243047,0.0
1786995428.1367164,110.8679587841034,-9.554228716748238,-5.592300800796958,2.921846140531049,2.650260150243047,0.0
1786995428.2449665,110.97620892524719,-9.554228716748238,-5.592300800796958,2.921846140531049,2.650260150243047,0.0
1786995428.3527215,111.0839638710022,-9.554228716748238,-5.592300800796958,2.921846140531049,2.650260150243047,0.0
1786995428.4594915,111.19073390960693,-9.554228716748238,-5.592300800796958,2.921846140531049,2.650260150243047,0.0
1786995428.5654228,111.29666519165039,-9.554228716748238,-5.592300800796958,2.921846140531049,2.650260150243047,0.0
1786995428.673222,111.40446448326111,-9.554228716748238,-5.592300800796958,2.921846140531049,2.650260150243047,0.0
1786995428.7773383,111.50858068466187,-9.554228716748238,-5.592300800796958,2.921846140531049,2.650260150243047,0.0
1786995428.882331,111.6135733127594,-9.554228716748238,-5.592300800796958,2.921846140531049,2.650260150243047,0.0
1786995428.9888334,111.72007584571838,-9.554228716748238,-5.592300800796958,2.921846140531049,2.650260150243047,0.0
1786995429.0952222,111.82646465301514,-9.554228716748238,-5.592300800796958,2.921846140531049,2.650260150243047,0.0
1786995429.2069697,111.93821215629578,-9.554228716748238,-5.592300800796958,2.921846140531049,2.650260150243047,0.0
1786995429.310569,112.04181146621704,-9.554228716748238,-5.592300800796958,2.921846140531049,2.650260150243047,0.0
1786995429.415464,112.14670634269714,-9.554228716748238,-5.592300800796958,2.921846140531049,2.650260150243047,0.0
1786995429.5222404,112.25348281860352,-9.554228716748238,-5.592300800796958,2.921846140531049,2.650260150243047,0.0
1786995429.629854,112.36109638214111,-9.554228716748238,-5.592300800796958,2.921846140531049,2.650260150243047,0.0
1786995429.7374203,112.46866273880005,-9.554228716748238,-5.592300800796958,2.921846140531049,2.650260150243047,0.0
1786995429.8407536,112.57199597358704,-9.554228716748238,-5.592300800796958,2.921846140531049,2.650260150243047,0.0
1786995429.9486108,112.67985320091248,-9.554228716748238,-5.592300800796958,2.921846140531049,2.650260150243047,0.0
1786995430.054483,112.78572535514832,-9.554228716748238,-5.592300800796958,2.921846140531049,2.650260150243047,0.0
1786995430.1584697,112.88971209526062,-9.554228716748238,-5.592300800796958,2.921846140531049,2.650260150243047,0.0
1786995430.2652445,112.99648690223694,-9.554228716748238,-5.592300800796958,2.921846140531049,2.650260150243047,0.0
1786995430.3727243,113.10396671295166,-9.554228716748238,-5.592300800796958,2.921846140531049,2.650260150243047,0.0
1786995430.4812305,113.21247291564941,-9.554228716748238,-5.592300800796958,2.921846140531049,2.650260150243047,0.0
1786995430.5870075,113.31824994087219,-9.554228716748238,-5.592300800796958,2.921846140531049,2.650260150243047,0.0
1786995430.6900673,113.42130970954895,-9.554228716748238,-5.592300800796958,2.921846140531049,2.650260150243047,0.0
1786995430.8000112,113.53125357627869,-9.554228716748238,-5.592300800796958,2.921846140531049,2.650260150243047,0.0
1786995430.9103472,113.64158964157104,-9.554228716748238,-5.592300800796958,2.921846140531049,2.650260150243047,0.0
1786995431.0308447,113.76208710670471,-9.554228716748238,-5.592300800796958,2.921846140531049,2.650260150243047,0.0
1786995431.135068,113.86631035804749,-9.554228716748238,-5.592300800796958,2.921846140531049,2.650260150243047,0.0
1786995431.2394722,113.9707145690918,-9.554228716748238,-5.592300800796958,2.921846140531049,2.650260150243047,0.0
1786995431.3572218,114.08846426010132,-9.554228716748238,-5.592300800796958,2.921846140531049,2.650260150243047,0.0
1786995431.4679837,114.19922614097595,-9.554228716748238,-5.592300800796958,2.921846140531049,2.650260150243047,0.0
1786995431.5736837,114.30492615699768,-9.554228716748238,-5.592300800796958,2.921846140531049,2.650260150243047,0.0
1786995431.6792574,114.41049981117249,-9.554228716748238,-5.592300800796958,2.921846140531049,2.650260150243047,0.0
1786995431.788135,114.51937747001648,-9.554228716748238,-5.592300800796958,2.921846140531049,2.650260150243047,0.0
1786995431.8990865,114.6303288936615,-9.554228716748238,-5.592300800796958,2.921846140531049,2.650260150243047,0.0
1786995432.0064743,114.73771667480469,-9.554228716748238,-5.592300800796958,2.921846140531049,2.650260150243047,0.0
1786995432.112024,114.84326648712158,-9.554228716748238,-5.592300800796958,2.921846140531049,2.650260150243047,0.0
1786995432.2182763,114.94951868057251,-9.554228716748238,-5.592300800796958,2.921846140531049,2.650260150243047,0.0
1786995432.3235378,115.05478024482727,-9.554228716748238,-5.592300800796958,2.921846140531049,2.650260150243047,0.0
1786995432.4350812,115.1663236618042,-9.554228716748238,-5.592300800796958,2.921846140531049,2.650260150243047,0.0
1786995432.5437396,115.27498197555542,-9.554228716748238,-5.592300800796958,2.921846140531049,2.650260150243047,0.0
1786995432.6512175,115.38245987892151,-9.554228716748238,-5.592300800796958,2.921846140531049,2.650260150243047,0.0
1786995432.7596729,115.49091529846191,-9.554228716748238,-5.592300800796958,2.921846140531049,2.650260150243047,0.0
1786995432.8697567,115.60099911689758,-9.554228716748238,-5.592300800796958,2.921846140531049,2.650260150243047,0.0
1786995432.974586,115.70582842826843,-9.554228716748238,-5.592300800796958,2.921846140531049,2.650260150243047,0.0
1786995433.0766218,115.80786418914795,-9.554228716748238,-5.592300800796958,2.921846140531049,2.650260150243047,0.0
1786995433.1835108,115.91475319862366,-9.554228716748238,-5.592300800796958,2.921846140531049,2.650260150243047,0.0
1786995433.290922,116.0221643447876,-9.554228716748238,-5.592300800796958,2.921846140531049,2.650260150243047,0.0
1786995433.3987877,116.13003015518188,-9.554228716748238,-5.592300800796958,2.921846140531049,2.650260150243047,0.0
1786995433.5041726,116.23541498184204,-9.554228716748238,-5.592300800796958,2.921846140531049,2.650260150243047,0.0
1786995433.6120658,116.34330821037292,-9.554228716748238,-5.592300800796958,2.921846140531049,2.650260150243047,0.0
1786995433.7166374,116.44787979125977,-9.554228716748238,-5.592300800796958,2.921846140531049,2.650260150243047,0.0
1786995433.825607,116.5568494796753,-9.554228716748238,-5.592300800796958,2.921846140531049,2.650260150243047,0.0
1786995433.93467,116.66591238975525,-9.554228716748238,-5.592300800796958,2.921846140531049,2.650260150243047,0.0
1786995434.03912,116.77036237716675,-9.554228716748238,-5.592300800796958,2.921846140531049,2.650260150243047,0.0
1786995434.1453834,116.8766257762909,-9.554228716748238,-5.592300800796958,2.921846140531049,2.650260150243047,0.0
1786995434.2515755,116.98281788825989,-9.554228716748238,-5.592300800796958,2.921846140531049,2.650260150243047,0.0
1786995434.3562825,117.08752489089966,-9.554228716748238,-5.592300800796958,2.921846140531049,2.650260150243047,0.0
1786995434.462635,117.19387745857239,-9.554228716748238,-5.592300800796958,2.921846140531049,2.650260150243047,0.0
1786995434.5689406,117.30018305778503,-9.554228716748238,-5.592300800796958,2.921846140531049,2.650260150243047,0.0
1786995434.672306,117.4035484790802,-9.554228716748238,-5.592300800796958,2.921846140531049,2.650260150243047,0.0
1786995434.779261,117.51050353050232,-9.554228716748238,-5.592300800796958,2.921846140531049,2.650260150243047,0.0
1786995434.886101,117.61734342575073,-9.554228716748238,-5.592300800796958,2.921846140531049,2.650260150243047,0.0
1786995434.9931922,117.72443461418152,-9.554228716748238,-5.592300800796958,2.921846140531049,2.650260150243047,0.0
1786995435.0982757,117.82951807975769,-9.554228716748238,-5.592300800796958,2.921846140531049,2.650260150243047,0.0
1786995435.2056527,117.93689513206482,-9.554228716748238,-5.592300800796958,2.921846140531049,2.650260150243047,0.0
1786995435.3118,118.04304242134094,-9.554228716748238,-5.592300800796958,2.921846140531049,2.650260150243047,0.0
1786995435.4237788,118.15502119064331,-9.554228716748238,-5.592300800796958,2.921846140531049,2.650260150243047,0.0
1786995435.5316358,118.26287817955017,-9.554228716748238,-5.592300800796958,2.921846140531049,2.650260150243047,0.0
1786995435.6360223,118.36726474761963,-9.554228716748238,-5.592300800796958,2.921846140531049,2.650260150243047,0.0
1786995435.742771,118.47401332855225,-9.554228716748238,-5.592300800796958,2.921846140531049,2.650260150243047,0.0
1786995435.8495448,118.58078718185425,-9.554228716748238,-5.592300800796958,2.921846140531049,2.650260150243047,0.0
1786995435.95745,118.68869233131409,-9.554228716748238,-5.592300800796958,2.921846140531049,2.650260150243047,0.0
1786995436.063687,118.79492950439453,-9.554228716748238,-5.592300800796958,2.921846140531049,2.650260150243047,0.0
1786995436.1776805,118.90892291069031,-9.554228716748238,-5.592300800796958,2.921846140531049,2.650260150243047,0.0
1786995436.2838743,119.01511669158936,-9.554228716748238,-5.592300800796958,2.921846140531049,2.650260150243047,0.0
1786995436.390155,119.12139749526978,-9.554228716748238,-5.592300800796958,2.921846140531049,2.650260150243047,0.0
1786995436.508938,119.24018049240112,-9.554228716748238,-5.592300800796958,2.921846140531049,2.650260150243047,0.0
1786995436.6155257,119.34676814079285,-9.554228716748238,-5.592300800796958,2.921846140531049,2.650260150243047,0.0
1786995436.7239592,119.45520162582397,-9.554228716748238,-5.592300800796958,2.921846140531049,2.650260150243047,0.0
1786995436.8328166,119.56405901908875,-9.554228716748238,-5.592300800796958,2.921846140531049,2.650260150243047,0.0
1786995436.9424572,119.67369961738586,-9.554228716748238,-5.592300800796958,2.921846140531049,2.650260150243047,0.0
1786995437.0473144,119.77855682373047,-9.554228716748238,-5.592300800796958,2.921846140531049,2.650260150243047,0.0
1786995437.1531255,119.88436794281006,-9.554228716748238,-5.592300800796958,2.921846140531049,2.650260150243047,0.0
1786995437.261119,119.99236130714417,-9.554228716748238,-5.592300800796958,2.921846140531049,2.650260150243047,0.0
1786995437.3680701,120.09931254386902,-9.554228716748238,-5.592300800796958,2.921846140531049,2.650260150243047,0.0
1786995437.4751163,120.20635867118835,-9.554228716748238,-5.592300800796958,2.921846140531049,2.650260150243047,0.0
1786995437.58385,120.31509232521057,-9.554228716748238,-5.592300800796958,2.921846140531049,2.650260150243047,0.0
1786995437.6958802,120.42712259292603,-9.554228716748238,-5.592300800796958,2.921846140531049,2.650260150243047,0.0
1786995437.8096411,120.54088354110718,-9.554228716748238,-5.592300800796958,2.921846140531049,2.650260150243047,0.0
1786995437.918117,120.64935946464539,-9.554228716748238,-5.592300800796958,2.921846140531049,2.650260150243047,0.0
1786995438.0243692,120.75561165809631,-9.554228716748238,-5.592300800796958,2.921846140531049,2.650260150243047,0.0
1786995438.1345177,120.86576008796692,-9.554228716748238,-5.592300800796958,2.921846140531049,2.650260150243047,0.0
1786995438.2416534,120.972895860672,-9.554228716748238,-5.592300800796958,2.921846140531049,2.650260150243047,0.0
1786995438.3492806,121.0805230140686,-9.554228716748238,-5.592300800796958,2.921846140531049,2.650260150243047,0.0
1786995438.4536655,121.18490791320801,-9.554228716748238,-5.592300800796958,2.921846140531049,2.650260150243047,0.0
1786995438.5559552,121.28719758987427,-9.554228716748238,-5.592300800796958,2.921846140531049,2.650260150243047,0.0
1786995438.6635332,121.39477562904358,-9.554228716748238,-5.592300800796958,2.921846140531049,2.650260150243047,0.0
1786995438.7675838,121.49882626533508,-9.554228716748238,-5.592300800796958,2.921846140531049,2.650260150243047,0.0
1786995438.8736,121.6048424243927,-9.554228716748238,-5.592300800796958,2.921846140531049,2.650260150243047,0.0
1786995438.9856768,121.71691918373108,-9.554228716748238,-5.592300800796958,2.921846140531049,2.650260150243047,0.0
1786995439.089529,121.82077145576477,-9.554228716748238,-5.592300800796958,2.921846140531049,2.650260150243047,0.0
1786995439.1946726,121.92591500282288,-9.554228716748238,-5.592300800796958,2.921846140531049,2.650260150243047,0.0
1786995439.3029392,122.03418159484863,-9.554228716748238,-5.592300800796958,2.921846140531049,2.650260150243047,0.0
1786995439.410461,122.14170336723328,-9.554228716748238,-5.592300800796958,2.921846140531049,2.650260150243047,0.0
1786995439.5140274,122.24526977539062,-9.554228716748238,-5.592300800796958,2.921846140531049,2.650260150243047,0.0
1786995439.6183343,122.34957671165466,-9.554228716748238,-5.592300800796958,2.921846140531049,2.650260150243047,0.0
1786995439.7262146,122.45745706558228,-9.554228716748238,-5.592300800796958,2.921846140531049,2.650260150243047,0.0
1786995439.8345537,122.56579613685608,-9.554228716748238,-5.592300800796958,2.921846140531049,2.650260150243047,0.0
1786995439.9386284,122.66987085342407,-9.554228716748238,-5.592300800796958,2.921846140531049,2.650260150243047,0.0
1786995440.0435817,122.77482414245605,-9.554228716748238,-5.592300800796958,2.921846140531049,2.650260150243047,0.0
1786995440.1473713,122.87861371040344,-9.554228716748238,-5.592300800796958,2.921846140531049,2.650260150243047,0.0
1786995440.2528055,122.98404788970947,-9.554228716748238,-5.592300800796958,2.921846140531049,2.650260150243047,0.0
1786995440.3601873,123.09142971038818,-9.554228716748238,-5.592300800796958,2.921846140531049,2.650260150243047,0.0
1786995440.4662974,123.19753980636597,-9.554228716748238,-5.592300800796958,2.921846140531049,2.650260150243047,0.0
1786995440.57316,123.3044023513794,-9.554228716748238,-5.592300800796958,2.921846140531049,2.650260150243047,0.0
1786995440.680753,123.41199541091919,-9.554228716748238,-5.592300800796958,2.921846140531049,2.650260150243047,0.0
1786995440.7876506,123.51889300346375,-9.554228716748238,-5.592300800796958,2.921846140531049,2.650260150243047,0.0
1786995440.893168,123.62441039085388,-9.554228716748238,-5.592300800796958,2.921846140531049,2.650260150243047,0.0
1786995441.0004401,123.7316825389862,-9.554228716748238,-5.592300800796958,2.921846140531049,2.650260150243047,0.0
1786995441.1062562,123.83749866485596,-9.554228716748238,-5.592300800796958,2.921846140531049,2.650260150243047,0.0
1786995441.2138631,123.94510555267334,-9.554228716748238,-5.592300800796958,2.921846140531049,2.650260150243047,0.0
1786995441.317743,124.0489854812622,-9.554228716748238,-5.592300800796958,2.921846140531049,2.650260150243047,0.0
1786995441.426273,124.15751552581787,-9.554228716748238,-5.592300800796958,2.921846140531049,2.650260150243047,0.0
1786995441.5338378,124.26508021354675,-9.554228716748238,-5.592300800796958,2.921846140531049,2.650260150243047,0.0
1786995441.6527271,124.38396954536438,-9.554228716748238,-5.592300800796958,2.921846140531049,2.650260150243047,0.0
1786995441.755673,124.48691534996033,-9.554228716748238,-5.592300800796958,2.921846140531049,2.650260150243047,0.0
1786995441.860709,124.59195137023926,-9.554228716748238,-5.592300800796958,2.921846140531049,2.650260150243047,0.0
1786995441.9656122,124.69685459136963,-9.554228716748238,-5.592300800796958,2.921846140531049,2.650260150243047,0.0
1786995442.073935,124.80517745018005,-9.554228716748238,-5.592300800796958,2.921846140531049,2.650260150243047,0.0
1786995442.1793287,124.91057109832764,-9.554228716748238,-5.592300800796958,2.921846140531049,2.650260150243047,0.0
1786995442.2860265,125.0172688961029,-9.554228716748238,-5.592300800796958,2.921846140531049,2.650260150243047,0.0
1786995442.3961813,125.12742376327515,-9.554228716748238,-5.592300800796958,2.921846140531049,2.650260150243047,0.0
1786995442.5086277,125.23987007141113,-9.554228716748238,-5.592300800796958,2.921846140531049,2.650260150243047,0.0
1786995442.6155825,125.34682488441467,-9.554228716748238,-5.592300800796958,2.921846140531049,2.650260150243047,0.0
1786995442.7228897,125.45413208007812,-9.554228716748238,-5.592300800796958,2.921846140531049,2.650260150243047,0.0
1786995442.8298047,125.56104707717896,-9.554228716748238,-5.592300800796958,2.921846140531049,2.650260150243047,0.0
1786995442.9354293,125.66667175292969,-9.554228716748238,-5.592300800796958,2.921846140531049,2.650260150243047,0.0
1786995443.0437658,125.77500820159912,-9.554228716748238,-5.592300800796958,2.921846140531049,2.650260150243047,0.0
1786995443.1502821,125.8815245628357,-9.554228716748238,-5.592300800796958,2.921846140531049,2.650260150243047,0.0
1786995443.256124,125.98736643791199,-9.554228716748238,-5.592300800796958,2.921846140531049,2.650260150243047,0.0
1786995443.3643904,126.09563279151917,-9.554228716748238,-5.592300800796958,2.921846140531049,2.650260150243047,0.0
1786995443.4682667,126.19950914382935,-9.554228716748238,-5.592300800796958,2.921846140531049,2.650260150243047,0.0
1786995443.576107,126.30734944343567,-9.554228716748238,-5.592300800796958,2.921846140531049,2.650260150243047,0.0
1786995443.6804628,126.41170525550842,-9.554228716748238,-5.592300800796958,2.921846140531049,2.650260150243047,0.0
1786995443.7897491,126.520991563797,-9.554228716748238,-5.592300800796958,2.921846140531049,2.650260150243047,0.0
1786995443.8956144,126.62685680389404,-9.554228716748238,-5.592300800796958,2.921846140531049,2.650260150243047,0.0
1786995444.0011003,126.73234272003174,-9.554228716748238,-5.592300800796958,2.921846140531049,2.650260150243047,0.0
1786995444.108224,126.83946633338928,-9.554228716748238,-5.592300800796958,2.921846140531049,2.650260150243047,0.0
1786995444.2167535,126.94799590110779,-9.554228716748238,-5.592300800796958,2.921846140531049,2.650260150243047,0.0
1786995444.3253572,127.0565996170044,-9.554228716748238,-5.592300800796958,2.921846140531049,2.650260150243047,0.0
1786995444.4305644,127.16180682182312,-9.554228716748238,-5.592300800796958,2.921846140531049,2.650260150243047,0.0
1786995444.5364578,127.2677001953125,-9.554228716748238,-5.592300800796958,2.921846140531049,2.650260150243047,0.0
1786995444.6417925,127.37303495407104,-9.554228716748238,-5.592300800796958,2.921846140531049,2.650260150243047,0.0
1786995444.7507198,127.48196220397949,-9.554228716748238,-5.592300800796958,2.921846140531049,2.650260150243047,0.0
1786995444.8566668,127.58790922164917,-9.554228716748238,-5.592300800796958,2.921846140531049,2.650260150243047,0.0
1786995444.9689076,127.70015001296997,-9.554228716748238,-5.592300800796958,2.921846140531049,2.650260150243047,0.0
1786995445.0768373,127.80807971954346,-9.554228716748238,-5.592300800796958,2.921846140531049,2.650260150243047,0.0
1786995445.1840131,127.91525554656982,-9.554228716748238,-5.592300800796958,2.921846140531049,2.650260150243047,0.0
1786995445.2883086,128.01955103874207,-9.554228716748238,-5.592300800796958,2.921846140531049,2.650260150243047,0.0
1786995445.3938136,128.1250560283661,-9.554228716748238,-5.592300800796958,2.921846140531049,2.650260150243047,0.0
1786995445.4997342,128.2309765815735,-9.554228716748238,-5.592300800796958,2.921846140531049,2.650260150243047,0.0
1786995445.604125,128.33536744117737,-9.554228716748238,-5.592300800796958,2.921846140531049,2.650260150243047,0.0
1786995445.7092636,128.4405059814453,-9.554228716748238,-5.592300800796958,2.921846140531049,2.650260150243047,0.0
1786995445.8139908,128.5452332496643,-9.554228716748238,-5.592300800796958,2.921846140531049,2.650260150243047,0.0
1786995445.918105,128.64934730529785,-9.554228716748238,-5.592300800796958,2.921846140531049,2.650260150243047,0.0
1786995446.0217633,128.75300574302673,-9.554228716748238,-5.592300800796958,2.921846140531049,2.650260150243047,0.0
1786995446.124011,128.85525345802307,-9.554228716748238,-5.592300800796958,2.921846140531049,2.650260150243047,0.0
1786995446.226346,128.95758843421936,-9.554228716748238,-5.592300800796958,2.921846140531049,2.650260150243047,0.0
1786995446.3336937,129.06493616104126,-9.554228716748238,-5.592300800796958,2.921846140531049,2.650260150243047,0.0
1786995446.4412823,129.17252469062805,-9.554228716748238,-5.592300800796958,2.921846140531049,2.650260150243047,0.0
1786995446.545931,129.27717351913452,-9.554228716748238,-5.592300800796958,2.921846140531049,2.650260150243047,0.0
1786995446.6478956,129.3791379928589,-9.554228716748238,-5.592300800796958,2.921846140531049,2.650260150243047,0.0
1786995446.7504025,129.4816448688507,-9.554228716748238,-5.592300800796958,2.921846140531049,2.650260150243047,0.0
1786995446.8539443,129.5851867198944,-9.554228716748238,-5.592300800796958,2.921846140531049,2.650260150243047,0.0
1786995446.9594214,129.69066381454468,-9.554228716748238,-5.592300800796958,2.921846140531049,2.650260150243047,0.0
1786995447.063198,129.7944405078888,-9.554228716748238,-5.592300800796958,2.921846140531049,2.650260150243047,0.0
1786995447.1685507,129.89979314804077,-9.554228716748238,-5.592300800796958,2.921846140531049,2.650260150243047,0.0
1786995447.273396,130.00463843345642,-9.554228716748238,-5.592300800796958,2.921846140531049,2.650260150243047,0.0
1786995447.3767245,130.10796689987183,-9.554228716748238,-5.592300800796958,2.921846140531049,2.650260150243047,0.0
1786995447.4852743,130.21651673316956,-9.554228716748238,-5.592300800796958,2.921846140531049,2.650260150243047,0.0
1786995447.5920172,130.32325959205627,-9.554228716748238,-5.592300800796958,2.921846140531049,2.650260150243047,0.0
1786995447.6967514,130.42799377441406,-9.554228716748238,-5.592300800796958,2.921846140531049,2.650260150243047,0.0
1786995447.7994106,130.53065299987793,-9.554228716748238,-5.592300800796958,2.921846140531049,2.650260150243047,0.0
1786995447.9055064,130.63674879074097,-9.554228716748238,-5.592300800796958,2.921846140531049,2.650260150243047,0.0
1786995448.0094566,130.74069905281067,-9.554228716748238,-5.592300800796958,2.921846140531049,2.650260150243047,0.0
1786995448.1221085,130.85335087776184,-9.554228716748238,-5.592300800796958,2.921846140531049,2.650260150243047,0.0
1786995448.2264254,130.9576678276062,-9.554228716748238,-5.592300800796958,2.921846140531049,2.650260150243047,0.0
1786995448.3293176,131.06055998802185,-9.554228716748238,-5.592300800796958,2.921846140531049,2.650260150243047,0.0
1786995448.4373035,131.16854596138,-9.554228716748238,-5.592300800796958,2.921846140531049,2.650260150243047,0.0
1786995448.543512,131.27475452423096,-9.554228716748238,-5.592300800796958,2.921846140531049,2.650260150243047,0.0
1786995448.6511269,131.38236927986145,-9.554228716748238,-5.592300800796958,2.921846140531049,2.650260150243047,0.0
1786995448.7590542,131.49029660224915,-9.554228716748238,-5.592300800796958,2.921846140531049,2.650260150243047,0.0
1786995448.860473,131.59171533584595,-9.554228716748238,-5.592300800796958,2.921846140531049,2.650260150243047,0.0
1786995448.9656825,131.69692492485046,-9.554228716748238,-5.592300800796958,2.921846140531049,2.650260150243047,0.0
1786995449.0685833,131.79982566833496,-9.554228716748238,-5.592300800796958,2.921846140531049,2.650260150243047,0.0
1786995449.186662,131.91790437698364,-9.554228716748238,-5.592300800796958,2.921846140531049,2.650260150243047,0.0
1786995449.2910628,132.02230525016785,-9.554228716748238,-5.592300800796958,2.921846140531049,2.650260150243047,0.0
1786995449.3939636,132.12520599365234,-9.554228716748238,-5.592300800796958,2.921846140531049,2.650260150243047,0.0
1786995449.5018446,132.2330870628357,-9.554228716748238,-5.592300800796958,2.921846140531049,2.650260150243047,0.0
1786995449.6043189,132.33556127548218,-9.554228716748238,-5.592300800796958,2.921846140531049,2.650260150243047,0.0
1786995449.7093415,132.44058394432068,-9.554228716748238,-5.592300800796958,2.921846140531049,2.650260150243047,0.0
1786995449.813187,132.54442930221558,-9.554228716748238,-5.592300800796958,2.921846140531049,2.650260150243047,0.0
1786995449.9171088,132.64835119247437,-9.554228716748238,-5.592300800796958,2.921846140531049,2.650260150243047,0.0
1786995450.0197153,132.75095772743225,-9.554228716748238,-5.592300800796958,2.921846140531049,2.650260150243047,0.0
1786995450.122429,132.85367131233215,-9.554228716748238,-5.592300800796958,2.921846140531049,2.650260150243047,0.0
1786995450.2260482,132.95729064941406,-9.554228716748238,-5.592300800796958,2.921846140531049,2.650260150243047,0.0
1786995450.3371868,133.06842923164368,-9.554228716748238,-5.592300800796958,2.921846140531049,2.650260150243047,0.0
1786995450.4421444,133.17338681221008,-9.554228716748238,-5.592300800796958,2.921846140531049,2.650260150243047,0.0
1786995450.5496855,133.28092789649963,-9.554228716748238,-5.592300800796958,2.921846140531049,2.650260150243047,0.0
1786995450.6551394,133.38638186454773,-9.554228716748238,-5.592300800796958,2.921846140531049,2.650260150243047,0.0
1786995450.7582629,133.4895052909851,-9.554228716748238,-5.592300800796958,2.921846140531049,2.650260150243047,0.0
1786995450.8685172,133.59975957870483,-9.554228716748238,-5.592300800796958,2.921846140531049,2.650260150243047,0.0
1786995450.9727292,133.7039716243744,-9.554228716748238,-5.592300800796958,2.921846140531049,2.650260150243047,0.0
1786995451.080675,133.81191730499268,-9.554228716748238,-5.592300800796958,2.921846140531049,2.650260150243047,0.0
1786995451.1857615,133.91700387001038,-9.554228716748238,-5.592300800796958,2.921846140531049,2.650260150243047,0.0
1786995451.291001,134.02224349975586,-9.554228716748238,-5.592300800796958,2.921846140531049,2.650260150243047,0.0
1786995451.3926735,134.12391591072083,-9.554228716748238,-5.592300800796958,2.921846140531049,2.650260150243047,0.0
1786995451.4973776,134.22862005233765,-9.554228716748238,-5.592300800796958,2.921846140531049,2.650260150243047,0.0
1786995451.6050062,134.33624863624573,-9.554228716748238,-5.592300800796958,2.921846140531049,2.650260150243047,0.0
1786995451.7068655,134.4381079673767,-9.554228716748238,-5.592300800796958,2.921846140531049,2.650260150243047,0.0
1786995451.8123796,134.54362201690674,-9.554228716748238,-5.592300800796958,2.921846140531049,2.650260150243047,0.0
1786995451.9260297,134.6572721004486,-9.554228716748238,-5.592300800796958,2.921846140531049,2.650260150243047,0.0
1786995452.0301816,134.76142406463623,-9.554228716748238,-5.592300800796958,2.921846140531049,2.650260150243047,0.0
1786995452.1497796,134.88102197647095,-9.554228716748238,-5.592300800796958,2.921846140531049,2.650260150243047,0.0
1786995452.2575598,134.98880219459534,-9.554228716748238,-5.592300800796958,2.921846140531049,2.650260150243047,0.0
1786995452.3616922,135.09293460845947,-9.554228716748238,-5.592300800796958,2.921846140531049,2.650260150243047,0.0
1786995452.4710753,135.20231771469116,-9.554228716748238,-5.592300800796958,2.921846140531049,2.650260150243047,0.0
1786995452.578959,135.31020140647888,-9.554228716748238,-5.592300800796958,2.921846140531049,2.650260150243047,0.0
1786995452.6871386,135.41838097572327,-9.554228716748238,-5.592300800796958,2.921846140531049,2.650260150243047,0.0
1786995452.7927895,135.5240318775177,-9.554228716748238,-5.592300800796958,2.921846140531049,2.650260150243047,0.0
1786995452.9007347,135.63197708129883,-9.554228716748238,-5.592300800796958,2.921846140531049,2.650260150243047,0.0
1786995453.0103858,135.74162817001343,-9.554228716748238,-5.592300800796958,2.921846140531049,2.650260150243047,0.0
1786995453.114184,135.84542632102966,-9.554228716748238,-5.592300800796958,2.921846140531049,2.650260150243047,0.0
1786995453.219631,135.95087337493896,-9.554228716748238,-5.592300800796958,2.921846140531049,2.650260150243047,0.0
1786995453.322111,136.05335330963135,-9.554228716748238,-5.592300800796958,2.921846140531049,2.650260150243047,0.0
1786995453.4250395,136.1562819480896,-9.554228716748238,-5.592300800796958,2.921846140531049,2.650260150243047,0.0
1786995453.5320704,136.26331281661987,-9.554228716748238,-5.592300800796958,2.921846140531049,2.650260150243047,0.0
1786995453.6353707,136.36661314964294,-9.554228716748238,-5.592300800796958,2.921846140531049,2.650260150243047,0.0
1786995453.741368,136.4726104736328,-9.554228716748238,-5.592300800796958,2.921846140531049,2.650260150243047,0.0
1786995453.8455193,136.5767617225647,-9.554228716748238,-5.592300800796958,2.921846140531049,2.650260150243047,0.0
1786995453.9497414,136.68098378181458,-9.554228716748238,-5.592300800796958,2.921846140531049,2.650260150243047,0.0
1786995454.0557873,136.78702974319458,-9.554228716748238,-5.592300800796958,2.921846140531049,2.650260150243047,0.0
1786995454.1590602,136.89030265808105,-9.554228716748238,-5.592300800796958,2.921846140531049,2.650260150243047,0.0
1786995454.2633607,136.99460315704346,-9.554228716748238,-5.592300800796958,2.921846140531049,2.650260150243047,0.0
1786995454.367963,137.099205493927,-9.554228716748238,-5.592300800796958,2.921846140531049,2.650260150243047,0.0
1786995454.4889803,137.2202227115631,-9.554228716748238,-5.592300800796958,2.921846140531049,2.650260150243047,0.0
1786995454.5960648,137.32730722427368,-9.554228716748238,-5.592300800796958,2.921846140531049,2.650260150243047,0.0
1786995454.7101839,137.44142627716064,-9.554228716748238,-5.592300800796958,2.921846140531049,2.650260150243047,0.0
1786995454.8178825,137.54912495613098,-9.554228716748238,-5.592300800796958,2.921846140531049,2.650260150243047,0.0
1786995454.924056,137.6552984714508,-9.554228716748238,-5.592300800796958,2.921846140531049,2.650260150243047,0.0
1786995455.0297697,137.76101207733154,-9.554228716748238,-5.592300800796958,2.921846140531049,2.650260150243047,0.0
1786995455.1371107,137.86835312843323,-9.554228716748238,-5.592300800796958,2.921846140531049,2.650260150243047,0.0
1786995455.2443907,137.97563314437866,-9.554228716748238,-5.592300800796958,2.921846140531049,2.650260150243047,0.0
1786995455.3520267,138.0832691192627,-9.554228716748238,-5.592300800796958,2.921846140531049,2.650260150243047,0.0
1786995455.4583163,138.18955874443054,-9.554228716748238,-5.592300800796958,2.921846140531049,2.650260150243047,0.0
1786995455.5649996,138.29624199867249,-9.554228716748238,-5.592300800796958,2.921846140531049,2.650260150243047,0.0
1786995455.671258,138.40250039100647,-9.554228716748238,-5.592300800796958,2.921846140531049,2.650260150243047,0.0
1786995455.776065,138.50730752944946,-9.554228716748238,-5.592300800796958,2.921846140531049,2.650260150243047,0.0
1786995455.881011,138.6122534275055,-9.554228716748238,-5.592300800796958,2.921846140531049,2.650260150243047,0.0
1786995455.9842927,138.7155351638794,-9.554228716748238,-5.592300800796958,2.921846140531049,2.650260150243047,0.0
1786995456.087764,138.81900644302368,-9.554228716748238,-5.592300800796958,2.921846140531049,2.650260150243047,0.0
1786995456.2014468,138.9326891899109,-9.554228716748238,-5.592300800796958,2.921846140531049,2.650260150243047,0.0
1786995456.3065534,139.03779578208923,-9.554228716748238,-5.592300800796958,2.921846140531049,2.650260150243047,0.0
1786995456.410896,139.14213848114014,-9.554228716748238,-5.592300800796958,2.921846140531049,2.650260150243047,0.0
1786995456.5178366,139.24907898902893,-9.554228716748238,-5.592300800796958,2.921846140531049,2.650260150243047,0.0
1786995456.6253142,139.35655665397644,-9.554228716748238,-5.592300800796958,2.921846140531049,2.650260150243047,0.0
1786995456.7330594,139.4643018245697,-9.554228716748238,-5.592300800796958,2.921846140531049,2.650260150243047,0.0
1786995456.837765,139.569007396698,-9.554228716748238,-5.592300800796958,2.921846140531049,2.650260150243047,0.0
1786995456.94558,139.67682242393494,-9.554228716748238,-5.592300800796958,2.921846140531049,2.650260150243047,0.0
1786995457.05506,139.78630232810974,-9.554228716748238,-5.592300800796958,2.921846140531049,2.650260150243047,0.0
1786995457.1624153,139.89365768432617,-9.554228716748238,-5.592300800796958,2.921846140531049,2.650260150243047,0.0
1786995457.2652414,139.9964838027954,-9.554228716748238,-5.592300800796958,2.921846140531049,2.650260150243047,0.0
1786995457.3698764,140.1011188030243,-9.554228716748238,-5.592300800796958,2.921846140531049,2.650260150243047,0.0
1786995457.4717493,140.20299172401428,-9.554228716748238,-5.592300800796958,2.921846140531049,2.650260150243047,0.0
1786995457.5764782,140.30772066116333,-9.554228716748238,-5.592300800796958,2.921846140531049,2.650260150243047,0.0
1786995457.6853862,140.41662859916687,-9.554228716748238,-5.592300800796958,2.921846140531049,2.650260150243047,0.0
1786995457.7921748,140.52341723442078,-9.554228716748238,-5.592300800796958,2.921846140531049,2.650260150243047,0.0
1786995457.9000542,140.63129663467407,-9.554228716748238,-5.592300800796958,2.921846140531049,2.650260150243047,0.0
1786995458.0031784,140.7344207763672,-9.554228716748238,-5.592300800796958,2.921846140531049,2.650260150243047,0.0
1786995458.1067946,140.83803701400757,-9.554228716748238,-5.592300800796958,2.921846140531049,2.650260150243047,0.0
1786995458.2095125,140.9407548904419,-9.554228716748238,-5.592300800796958,2.921846140531049,2.650260150243047,0.0
1786995458.3171902,141.04843258857727,-9.554228716748238,-5.592300800796958,2.921846140531049,2.650260150243047,0.0
1786995458.4245362,141.15577864646912,-9.554228716748238,-5.592300800796958,2.921846140531049,2.650260150243047,0.0
1786995458.5301752,141.2614176273346,-9.554228716748238,-5.592300800796958,2.921846140531049,2.650260150243047,0.0
1786995458.6374354,141.36867785453796,-9.554228716748238,-5.592300800796958,2.921846140531049,2.650260150243047,0.0
1786995458.7410207,141.47226309776306,-9.554228716748238,-5.592300800796958,2.921846140531049,2.650260150243047,0.0
1786995458.8450973,141.5763397216797,-9.554228716748238,-5.592300800796958,2.921846140531049,2.650260150243047,0.0
1786995458.95705,141.68829250335693,-9.554228716748238,-5.592300800796958,2.921846140531049,2.650260150243047,0.0
1786995459.0599353,141.7911777496338,-9.554228716748238,-5.592300800796958,2.921846140531049,2.650260150243047,0.0
1786995459.1665359,141.89777827262878,-9.554228716748238,-5.592300800796958,2.921846140531049,2.650260150243047,0.0
1786995459.2747424,142.0059847831726,-9.554228716748238,-5.592300800796958,2.921846140531049,2.650260150243047,0.0
1786995459.3774648,142.10870718955994,-9.554228716748238,-5.592300800796958,2.921846140531049,2.650260150243047,0.0
1786995459.484405,142.21564745903015,-9.554228716748238,-5.592300800796958,2.921846140531049,2.650260150243047,0.0
1786995459.5931728,142.32441520690918,-9.554228716748238,-5.592300800796958,2.921846140531049,2.650260150243047,0.0
1786995459.7045095,142.43575191497803,-9.554228716748238,-5.592300800796958,2.921846140531049,2.650260150243047,0.0
1786995459.8093402,142.54058265686035,-9.554228716748238,-5.592300800796958,2.921846140531049,2.650260150243047,0.0
1786995459.916944,142.6481864452362,-9.554228716748238,-5.592300800796958,2.921846140531049,2.650260150243047,0.0
1786995460.0200367,142.75127911567688,-9.554228716748238,-5.592300800796958,2.921846140531049,2.650260150243047,0.0
1786995460.1265604,142.8578028678894,-9.554228716748238,-5.592300800796958,2.921846140531049,2.650260150243047,0.0
1786995460.2295523,142.96079468727112,-9.554228716748238,-5.592300800796958,2.921846140531049,2.650260150243047,0.0
1786995460.3359308,143.06717324256897,-9.554228716748238,-5.592300800796958,2.921846140531049,2.650260150243047,0.0
1786995460.4394524,143.17069482803345,-9.554228716748238,-5.592300800796958,2.921846140531049,2.650260150243047,0.0
1786995460.5413642,143.27260661125183,-9.554228716748238,-5.592300800796958,2.921846140531049,2.650260150243047,0.0
1786995460.6454418,143.37668418884277,-9.554228716748238,-5.592300800796958,2.921846140531049,2.650260150243047,0.0
1786995460.7500944,143.4813368320465,-9.554228716748238,-5.592300800796958,2.921846140531049,2.650260150243047,0.0
1786995460.855012,143.58625435829163,-9.554228716748238,-5.592300800796958,2.921846140531049,2.650260150243047,0.0
1786995460.9586115,143.68985390663147,-9.554228716748238,-5.592300800796958,2.921846140531049,2.650260150243047,0.0
1786995461.0660543,143.79729676246643,-9.554228716748238,-5.592300800796958,2.921846140531049,2.650260150243047,0.0
1786995461.172115,143.90335750579834,-9.554228716748238,-5.592300800796958,2.921846140531049,2.650260150243047,0.0
1786995461.2763836,144.00762605667114,-9.554228716748238,-5.592300800796958,2.921846140531049,2.650260150243047,0.0
1786995461.3918521,144.12309455871582,-9.554228716748238,-5.592300800796958,2.921846140531049,2.650260150243047,0.0
1786995461.5017996,144.23304200172424,-9.554228716748238,-5.592300800796958,2.921846140531049,2.650260150243047,0.0
1786995461.6064134,144.33765578269958,-9.554228716748238,-5.592300800796958,2.921846140531049,2.650260150243047,0.0
1786995461.7113507,144.44259309768677,-9.554228716748238,-5.592300800796958,2.921846140531049,2.650260150243047,0.0
1786995461.8148067,144.546049118042,-9.554228716748238,-5.592300800796958,2.921846140531049,2.650260150243047,0.0
1786995461.9189634,144.6502058506012,-9.554228716748238,-5.592300800796958,2.921846140531049,2.650260150243047,0.0
1786995462.0235207,144.7547631263733,-9.554228716748238,-5.592300800796958,2.921846140531049,2.650260150243047,0.0
1786995462.1255481,144.85679054260254,-9.554228716748238,-5.592300800796958,2.921846140531049,2.650260150243047,0.0
1786995462.2286632,144.95990562438965,-9.554228716748238,-5.592300800796958,2.921846140531049,2.650260150243047,0.0
1786995462.3333743,145.06461668014526,-9.554228716748238,-5.592300800796958,2.921846140531049,2.650260150243047,0.0
1786995462.4371529,145.168395280838,-9.554228716748238,-5.592300800796958,2.921846140531049,2.650260150243047,0.0
1786995462.5419645,145.273206949234,-9.554228716748238,-5.592300800796958,2.921846140531049,2.650260150243047,0.0
1786995462.6492403,145.38048267364502,-9.554228716748238,-5.592300800796958,2.921846140531049,2.650260150243047,0.0
1786995462.754442,145.48568439483643,-9.554228716748238,-5.592300800796958,2.921846140531049,2.650260150243047,0.0
1786995462.858623,145.5898654460907,-9.554228716748238,-5.592300800796958,2.921846140531049,2.650260150243047,0.0
1786995462.9705517,145.70179414749146,-9.554228716748238,-5.592300800796958,2.921846140531049,2.650260150243047,0.0
1786995463.074017,145.80525946617126,-9.554228716748238,-5.592300800796958,2.921846140531049,2.650260150243047,0.0
1786995463.179104,145.91034650802612,-9.554228716748238,-5.592300800796958,2.921846140531049,2.650260150243047,0.0
1786995463.2917323,146.02297472953796,-9.554228716748238,-5.592300800796958,2.921846140531049,2.650260150243047,0.0
1786995463.3958178,146.12706017494202,-9.554228716748238,-5.592300800796958,2.921846140531049,2.650260150243047,0.0
1786995463.4993727,146.23061513900757,-9.554228716748238,-5.592300800796958,2.921846140531049,2.650260150243047,0.0
1786995463.6017356,146.3329780101776,-9.554228716748238,-5.592300800796958,2.921846140531049,2.650260150243047,0.0
1786995463.7224505,146.45369291305542,-9.554228716748238,-5.592300800796958,2.921846140531049,2.650260150243047,0.0
1786995463.827657,146.5588994026184,-9.554228716748238,-5.592300800796958,2.921846140531049,2.650260150243047,0.0
1786995463.9332726,146.66451501846313,-9.554228716748238,-5.592300800796958,2.921846140531049,2.650260150243047,0.0
1786995464.0398386,146.77108097076416,-9.554228716748238,-5.592300800796958,2.921846140531049,2.650260150243047,0.0
1786995464.1491885,146.88043093681335,-9.554228716748238,-5.592300800796958,2.921846140531049,2.650260150243047,0.0
1786995464.2577837,146.9890260696411,-9.554228716748238,-5.592300800796958,2.921846140531049,2.650260150243047,0.0
1786995464.3652172,147.0964596271515,-9.554228716748238,-5.592300800796958,2.921846140531049,2.650260150243047,0.0
1786995464.4688725,147.20011496543884,-9.554228716748238,-5.592300800796958,2.921846140531049,2.650260150243047,0.0
1786995464.5716207,147.30286312103271,-9.554228716748238,-5.592300800796958,2.921846140531049,2.650260150243047,0.0
1786995464.677572,147.40881443023682,-9.554228716748238,-5.592300800796958,2.921846140531049,2.650260150243047,0.0
1786995464.7849596,147.51620197296143,-9.554228716748238,-5.592300800796958,2.921846140531049,2.650260150243047,0.0
1786995464.8905668,147.62180924415588,-9.554228716748238,-5.592300800796958,2.921846140531049,2.650260150243047,0.0
1786995464.998493,147.72973537445068,-9.554228716748238,-5.592300800796958,2.921846140531049,2.650260150243047,0.0
1786995465.1594832,147.89072561264038,-9.554228716748238,-5.592300800796958,2.921846140531049,2.650260150243047,0.0
1786995465.2646067,147.99584913253784,-9.554228716748238,-5.592300800796958,2.921846140531049,2.650260150243047,0.0
1786995465.3708367,148.1020791530609,-9.554228716748238,-5.592300800796958,2.921846140531049,2.650260150243047,0.0
1786995465.4734354,148.2046778202057,-9.554228716748238,-5.592300800796958,2.921846140531049,2.650260150243047,0.0
1786995465.5757952,148.3070375919342,-9.554228716748238,-5.592300800796958,2.921846140531049,2.650260150243047,0.0
1786995465.679884,148.41112637519836,-9.554228716748238,-5.592300800796958,2.921846140531049,2.650260150243047,0.0
1786995465.7822294,148.51347184181213,-9.554228716748238,-5.592300800796958,2.921846140531049,2.650260150243047,0.0
1786995465.8852885,148.61653089523315,-9.554228716748238,-5.592300800796958,2.921846140531049,2.650260150243047,0.0
1786995465.9870248,148.71826720237732,-9.554228716748238,-5.592300800796958,2.921846140531049,2.650260150243047,0.0
1786995466.0912375,148.8224799633026,-9.554228716748238,-5.592300800796958,2.921846140531049,2.650260150243047,0.0
1786995466.1948884,148.92613077163696,-9.554228716748238,-5.592300800796958,2.921846140531049,2.650260150243047,0.0
1786995466.2999141,149.031156539917,-9.554228716748238,-5.592300800796958,2.921846140531049,2.650260150243047,0.0
1786995466.4058576,149.13709998130798,-9.554228716748238,-5.592300800796958,2.921846140531049,2.650260150243047,0.0
1786995466.5104396,149.2416820526123,-9.554228716748238,-5.592300800796958,2.921846140531049,2.650260150243047,0.0
1786995466.6159286,149.34717106819153,-9.554228716748238,-5.592300800796958,2.921846140531049,2.650260150243047,0.0
1786995466.7212348,149.45247721672058,-9.554228716748238,-5.592300800796958,2.921846140531049,2.650260150243047,0.0
1786995466.8283525,149.55959486961365,-9.554228716748238,-5.592300800796958,2.921846140531049,2.650260150243047,0.0
1786995466.9327295,149.66397190093994,-9.554228716748238,-5.592300800796958,2.921846140531049,2.650260150243047,0.0
1786995467.0368867,149.7681291103363,-9.554228716748238,-5.592300800796958,2.921846140531049,2.650260150243047,0.0
1786995467.1404202,149.87166261672974,-9.554228716748238,-5.592300800796958,2.921846140531049,2.650260150243047,0.0
1786995467.244263,149.97550535202026,-9.554228716748238,-5.592300800796958,2.921846140531049,2.650260150243047,0.0
1786995467.348556,150.0797984600067,-9.554228716748238,-5.592300800796958,2.921846140531049,2.650260150243047,0.0
1786995467.4519978,150.1832401752472,-9.554228716748238,-5.592300800796958,2.921846140531049,2.650260150243047,0.0
1786995467.5558062,150.28704857826233,-9.554228716748238,-5.592300800796958,2.921846140531049,2.650260150243047,0.0
1786995467.6580122,150.38925457000732,-9.554228716748238,-5.592300800796958,2.921846140531049,2.650260150243047,0.0
1786995467.7611592,150.49240159988403,-9.554228716748238,-5.592300800796958,2.921846140531049,2.650260150243047,0.0
1786995467.863941,150.59518337249756,-9.554228716748238,-5.592300800796958,2.921846140531049,2.650260150243047,0.0
1786995467.966915,150.69815731048584,-9.554228716748238,-5.592300800796958,2.921846140531049,2.650260150243047,0.0
1786995468.0695152,150.80075764656067,-9.554228716748238,-5.592300800796958,2.921846140531049,2.650260150243047,0.0
1786995468.1727324,150.90397477149963,-9.554228716748238,-5.592300800796958,2.921846140531049,2.650260150243047,0.0
1786995468.2786667,151.00990915298462,-9.554228716748238,-5.592300800796958,2.921846140531049,2.650260150243047,0.0
1786995468.3833773,151.11461973190308,-9.554228716748238,-5.592300800796958,2.921846140531049,2.650260150243047,0.0
1786995468.487353,151.21859550476074,-9.554228716748238,-5.592300800796958,2.921846140531049,2.650260150243047,0.0
1786995468.592969,151.32421135902405,-9.554228716748238,-5.592300800796958,2.921846140531049,2.650260150243047,0.0
1786995468.6991882,151.43043065071106,-9.554228716748238,-5.592300800796958,2.921846140531049,2.650260150243047,0.0
1786995468.803095,151.53433752059937,-9.554228716748238,-5.592300800796958,2.921846140531049,2.650260150243047,0.0
1786995468.9078667,151.63910913467407,-9.554228716748238,-5.592300800796958,2.921846140531049,2.650260150243047,0.0
1786995469.0116723,151.74291467666626,-9.554228716748238,-5.592300800796958,2.921846140531049,2.650260150243047,0.0
1786995469.114236,151.8454785346985,-9.554228716748238,-5.592300800796958,2.921846140531049,2.650260150243047,0.0
1786995469.2190552,151.95029759407043,-9.554228716748238,-5.592300800796958,2.921846140531049,2.650260150243047,0.0
1786995469.323262,152.05450439453125,-9.554228716748238,-5.592300800796958,2.921846140531049,2.650260150243047,0.0
1786995469.4270728,152.15831518173218,-9.554228716748238,-5.592300800796958,2.921846140531049,2.650260150243047,0.0
1786995469.5311193,152.26236176490784,-9.554228716748238,-5.592300800796958,2.921846140531049,2.650260150243047,0.0
1786995469.635391,152.36663341522217,-9.554228716748238,-5.592300800796958,2.921846140531049,2.650260150243047,0.0
1786995469.7390752,152.4703176021576,-9.554228716748238,-5.592300800796958,2.921846140531049,2.650260150243047,0.0
1786995469.8451562,152.57639861106873,-9.554228716748238,-5.592300800796958,2.921846140531049,2.650260150243047,0.0
1786995469.9482057,152.67944812774658,-9.554228716748238,-5.592300800796958,2.921846140531049,2.650260150243047,0.0
1786995470.0516312,152.78287363052368,-9.554228716748238,-5.592300800796958,2.921846140531049,2.650260150243047,0.0
1786995470.153814,152.8850564956665,-9.554228716748238,-5.592300800796958,2.921846140531049,2.650260150243047,0.0
1786995470.256428,152.98767042160034,-9.554228716748238,-5.592300800796958,2.921846140531049,2.650260150243047,0.0
1786995470.362873,153.09411549568176,-9.554228716748238,-5.592300800796958,2.921846140531049,2.650260150243047,0.0
1786995470.4648197,153.1960620880127,-9.554228716748238,-5.592300800796958,2.921846140531049,2.650260150243047,0.0
1786995470.5706425,153.30188488960266,-9.554228716748238,-5.592300800796958,2.921846140531049,2.650260150243047,0.0
1786995470.6732328,153.40447521209717,-9.554228716748238,-5.592300800796958,2.921846140531049,2.650260150243047,0.0
1786995470.7770908,153.50833320617676,-9.554228716748238,-5.592300800796958,2.921846140531049,2.650260150243047,0.0
1786995470.8811915,153.61243391036987,-9.554228716748238,-5.592300800796958,2.921846140531049,2.650260150243047,0.0
1786995470.9855206,153.71676301956177,-9.554228716748238,-5.592300800796958,2.921846140531049,2.650260150243047,0.0
1786995471.0874956,153.8187379837036,-9.554228716748238,-5.592300800796958,2.921846140531049,2.650260150243047,0.0
1786995471.188616,153.91985845565796,-9.554228716748238,-5.592300800796958,2.921846140531049,2.650260150243047,0.0
1786995471.2982855,154.02952790260315,-9.554228716748238,-5.592300800796958,2.921846140531049,2.650260150243047,0.0
1786995471.4036446,154.13488698005676,-9.554228716748238,-5.592300800796958,2.921846140531049,2.650260150243047,0.0
1786995471.5109186,154.24216103553772,-9.554228716748238,-5.592300800796958,2.921846140531049,2.650260150243047,0.0
1786995471.6141675,154.3454098701477,-9.554228716748238,-5.592300800796958,2.921846140531049,2.650260150243047,0.0
1786995471.7170227,154.4482650756836,-9.554228716748238,-5.592300800796958,2.921846140531049,2.650260150243047,0.0
1786995471.8238132,154.55505561828613,-9.554228716748238,-5.592300800796958,2.921846140531049,2.650260150243047,0.0
1786995471.9278767,154.6591191291809,-9.554228716748238,-5.592300800796958,2.921846140531049,2.650260150243047,0.0
1786995472.0315092,154.76275157928467,-9.554228716748238,-5.592300800796958,2.921846140531049,2.650260150243047,0.0
1786995472.1353705,154.86661291122437,-9.554228716748238,-5.592300800796958,2.921846140531049,2.650260150243047,0.0
1786995472.2386432,154.96988558769226,-9.554228716748238,-5.592300800796958,2.921846140531049,2.650260150243047,0.0
1786995472.3466873,155.07792973518372,-9.554228716748238,-5.592300800796958,2.921846140531049,2.650260150243047,0.0
1786995472.4496887,155.1809310913086,-9.554228716748238,-5.592300800796958,2.921846140531049,2.650260150243047,0.0
1786995472.5535104,155.28475284576416,-9.554228716748238,-5.592300800796958,2.921846140531049,2.650260150243047,0.0
1786995472.6574504,155.38869285583496,-9.554228716748238,-5.592300800796958,2.921846140531049,2.650260150243047,0.0
1786995472.7635171,155.49475955963135,-9.554228716748238,-5.592300800796958,2.921846140531049,2.650260150243047,0.0
1786995472.8655355,155.5967779159546,-9.554228716748238,-5.592300800796958,2.921846140531049,2.650260150243047,0.0
1786995472.9667602,155.698002576828,-9.554228716748238,-5.592300800796958,2.921846140531049,2.650260150243047,0.0
1786995473.070213,155.8014554977417,-9.554228716748238,-5.592300800796958,2.921846140531049,2.650260150243047,0.0
1786995473.174038,155.9052803516388,-9.554228716748238,-5.592300800796958,2.921846140531049,2.650260150243047,0.0
1786995473.2780347,156.00927710533142,-9.554228716748238,-5.592300800796958,2.921846140531049,2.650260150243047,0.0
1786995473.3821046,156.11334705352783,-9.554228716748238,-5.592300800796958,2.921846140531049,2.650260150243047,0.0
1786995473.4884248,156.2196671962738,-9.554228716748238,-5.592300800796958,2.921846140531049,2.650260150243047,0.0
1786995473.5916245,156.3228669166565,-9.554228716748238,-5.592300800796958,2.921846140531049,2.650260150243047,0.0
1786995473.7029517,156.43419408798218,-9.554228716748238,-5.592300800796958,2.921846140531049,2.650260150243047,0.0
1786995473.8069382,156.5381805896759,-9.554228716748238,-5.592300800796958,2.921846140531049,2.650260150243047,0.0
1786995473.911794,156.64303636550903,-9.554228716748238,-5.592300800796958,2.921846140531049,2.650260150243047,0.0
1786995474.0167334,156.74797582626343,-9.554228716748238,-5.592300800796958,2.921846140531049,2.650260150243047,0.0
1786995474.1230562,156.85429859161377,-9.554228716748238,-5.592300800796958,2.921846140531049,2.650260150243047,0.0
1786995474.2275045,156.95874691009521,-9.554228716748238,-5.592300800796958,2.921846140531049,2.650260150243047,0.0
1786995474.3332367,157.06447911262512,-9.554228716748238,-5.592300800796958,2.921846140531049,2.650260150243047,0.0
1786995474.4429383,157.1741807460785,-9.554228716748238,-5.592300800796958,2.921846140531049,2.650260150243047,0.0
1786995474.5476475,157.27888989448547,-9.554228716748238,-5.592300800796958,2.921846140531049,2.650260150243047,0.0
1786995474.6544297,157.38567209243774,-9.554228716748238,-5.592300800796958,2.921846140531049,2.650260150243047,0.0
1786995474.7605393,157.49178171157837,-9.554228716748238,-5.592300800796958,2.921846140531049,2.650260150243047,0.0
1786995474.8663378,157.59758019447327,-9.554228716748238,-5.592300800796958,2.921846140531049,2.650260150243047,0.0
1786995474.968957,157.70019936561584,-9.554228716748238,-5.592300800796958,2.921846140531049,2.650260150243047,0.0
1786995475.0746355,157.80587792396545,-9.554228716748238,-5.592300800796958,2.921846140531049,2.650260150243047,0.0
1786995475.1788113,157.910053730011,-9.554228716748238,-5.592300800796958,2.921846140531049,2.650260150243047,0.0
1786995475.2831624,158.01440477371216,-9.554228716748238,-5.592300800796958,2.921846140531049,2.650260150243047,0.0
1786995475.3882966,158.11953902244568,-9.554228716748238,-5.592300800796958,2.921846140531049,2.650260150243047,0.0
1786995475.4936469,158.22488927841187,-9.554228716748238,-5.592300800796958,2.921846140531049,2.650260150243047,0.0
1786995475.598985,158.33022737503052,-9.554228716748238,-5.592300800796958,2.921846140531049,2.650260150243047,0.0
1786995475.7056234,158.4368658065796,-9.554228716748238,-5.592300800796958,2.921846140531049,2.650260150243047,0.0
1786995475.810896,158.542138338089,-9.554228716748238,-5.592300800796958,2.921846140531049,2.650260150243047,0.0
1786995475.9181643,158.64940667152405,-9.554228716748238,-5.592300800796958,2.921846140531049,2.650260150243047,0.0
1786995476.0252368,158.75647926330566,-9.554228716748238,-5.592300800796958,2.921846140531049,2.650260150243047,0.0
1786995476.1325157,158.8637580871582,-9.554228716748238,-5.592300800796958,2.921846140531049,2.650260150243047,0.0
1786995476.2386394,158.969881772995,-9.554228716748238,-5.592300800796958,2.921846140531049,2.650260150243047,0.0
1786995476.3458872,159.07712960243225,-9.554228716748238,-5.592300800796958,2.921846140531049,2.650260150243047,0.0
1786995476.4516308,159.18287324905396,-9.554228716748238,-5.592300800796958,2.921846140531049,2.650260150243047,0.0
1786995476.5545316,159.28577399253845,-9.554228716748238,-5.592300800796958,2.921846140531049,2.650260150243047,0.0
1786995476.6583705,159.3896129131317,-9.554228716748238,-5.592300800796958,2.921846140531049,2.650260150243047,0.0
1786995476.7645109,159.49575328826904,-9.554228716748238,-5.592300800796958,2.921846140531049,2.650260150243047,0.0
1786995476.870813,159.602055311203,-9.554228716748238,-5.592300800796958,2.921846140531049,2.650260150243047,0.0
1786995476.9721649,159.70340728759766,-9.554228716748238,-5.592300800796958,2.921846140531049,2.650260150243047,0.0
1786995477.0754533,159.80669569969177,-9.554228716748238,-5.592300800796958,2.921846140531049,2.650260150243047,0.0
1786995477.1791573,159.91039967536926,-9.554228716748238,-5.592300800796958,2.921846140531049,2.650260150243047,0.0
1786995477.29052,160.02176237106323,-9.554228716748238,-5.592300800796958,2.921846140531049,2.650260150243047,0.0
1786995477.402485,160.133727312088,-9.554228716748238,-5.592300800796958,2.921846140531049,2.650260150243047,0.0
1786995477.5066793,160.23792171478271,-9.554228716748238,-5.592300800796958,2.921846140531049,2.650260150243047,0.0
1786995477.6101701,160.3414125442505,-9.554228716748238,-5.592300800796958,2.921846140531049,2.650260150243047,0.0
1786995477.7137227,160.44496512413025,-9.554228716748238,-5.592300800796958,2.921846140531049,2.650260150243047,0.0
1786995477.8185782,160.5498206615448,-9.554228716748238,-5.592300800796958,2.921846140531049,2.650260150243047,0.0
1786995477.9343784,160.665620803833,-9.554228716748238,-5.592300800796958,2.921846140531049,2.650260150243047,0.0
1786995478.0397623,160.77100467681885,-9.554228716748238,-5.592300800796958,2.921846140531049,2.650260150243047,0.0
1786995478.144247,160.8754894733429,-9.554228716748238,-5.592300800796958,2.921846140531049,2.650260150243047,0.0
1786995478.2495959,160.9808382987976,-9.554228716748238,-5.592300800796958,2.921846140531049,2.650260150243047,0.0
1786995478.3520894,161.083331823349,-9.554228716748238,-5.592300800796958,2.921846140531049,2.650260150243047,0.0
1786995478.4551487,161.1863911151886,-9.554228716748238,-5.592300800796958,2.921846140531049,2.650260150243047,0.0
1786995478.558775,161.2900173664093,-9.554228716748238,-5.592300800796958,2.921846140531049,2.650260150243047,0.0
1786995478.6649423,161.39618468284607,-9.554228716748238,-5.592300800796958,2.921846140531049,2.650260150243047,0.0
1786995478.7707007,161.50194311141968,-9.554228716748238,-5.592300800796958,2.921846140531049,2.650260150243047,0.0
1786995478.8737667,161.6050090789795,-9.554228716748238,-5.592300800796958,2.921846140531049,2.650260150243047,0.0
1786995478.9825273,161.71376967430115,-9.554228716748238,-5.592300800796958,2.921846140531049,2.650260150243047,0.0
1786995479.0850823,161.81632471084595,-9.554228716748238,-5.592300800796958,2.921846140531049,2.650260150243047,0.0
1786995479.1893084,161.92055082321167,-9.554228716748238,-5.592300800796958,2.921846140531049,2.650260150243047,0.0
1786995479.294914,162.02615642547607,-9.554228716748238,-5.592300800796958,2.921846140531049,2.650260150243047,0.0
1786995479.4014704,162.13271284103394,-9.554228716748238,-5.592300800796958,2.921846140531049,2.650260150243047,0.0
1786995479.5074713,162.2387137413025,-9.554228716748238,-5.592300800796958,2.921846140531049,2.650260150243047,0.0
1786995479.6147516,162.3459939956665,-9.554228716748238,-5.592300800796958,2.921846140531049,2.650260150243047,0.0
1786995479.7205482,162.45179057121277,-9.554228716748238,-5.592300800796958,2.921846140531049,2.650260150243047,0.0
1786995479.8274527,162.55869507789612,-9.554228716748238,-5.592300800796958,2.921846140531049,2.650260150243047,0.0
1786995479.9334764,162.66471886634827,-9.554228716748238,-5.592300800796958,2.921846140531049,2.650260150243047,0.0
1786995480.0397358,162.77097821235657,-9.554228716748238,-5.592300800796958,2.921846140531049,2.650260150243047,0.0
1786995480.1442254,162.8754677772522,-9.554228716748238,-5.592300800796958,2.921846140531049,2.650260150243047,0.0
1786995480.2472267,162.97846913337708,-9.554228716748238,-5.592300800796958,2.921846140531049,2.650260150243047,0.0
1786995480.3525538,163.0837962627411,-9.554228716748238,-5.592300800796958,2.921846140531049,2.650260150243047,0.0
1786995480.4576442,163.18888664245605,-9.554228716748238,-5.592300800796958,2.921846140531049,2.650260150243047,0.0
1786995480.5616655,163.29290795326233,-9.554228716748238,-5.592300800796958,2.921846140531049,2.650260150243047,0.0
1786995480.671728,163.40297031402588,-9.554228716748238,-5.592300800796958,2.921846140531049,2.650260150243047,0.0
1786995480.7770379,163.5082802772522,-9.554228716748238,-5.592300800796958,2.921846140531049,2.650260150243047,0.0
1786995480.887078,163.6183204650879,-9.554228716748238,-5.592300800796958,2.921846140531049,2.650260150243047,0.0
1786995480.9938002,163.72504258155823,-9.554228716748238,-5.592300800796958,2.921846140531049,2.650260150243047,0.0
1786995481.1038594,163.83510184288025,-9.554228716748238,-5.592300800796958,2.921846140531049,2.650260150243047,0.0
1786995481.211607,163.9428493976593,-9.554228716748238,-5.592300800796958,2.921846140531049,2.650260150243047,0.0
1786995481.3166428,164.04788517951965,-9.554228716748238,-5.592300800796958,2.921846140531049,2.650260150243047,0.0
1786995481.4267688,164.15801119804382,-9.554228716748238,-5.592300800796958,2.921846140531049,2.650260150243047,0.0
1786995481.5310352,164.2622776031494,-9.554228716748238,-5.592300800796958,2.921846140531049,2.650260150243047,0.0
1786995481.6376257,164.3688681125641,-9.554228716748238,-5.592300800796958,2.921846140531049,2.650260150243047,0.0
1786995481.743204,164.47444653511047,-9.554228716748238,-5.592300800796958,2.921846140531049,2.650260150243047,0.0
1786995481.8479724,164.57921481132507,-9.554228716748238,-5.592300800796958,2.921846140531049,2.650260150243047,0.0
1786995481.9564729,164.68771529197693,-9.554228716748238,-5.592300800796958,2.921846140531049,2.650260150243047,0.0
1786995482.0619576,164.79320001602173,-9.554228716748238,-5.592300800796958,2.921846140531049,2.650260150243047,0.0
1786995482.1703634,164.90160584449768,-9.554228716748238,-5.592300800796958,2.921846140531049,2.650260150243047,0.0
1786995482.2834952,165.01473760604858,-9.554228716748238,-5.592300800796958,2.921846140531049,2.650260150243047,0.0
1786995482.3875625,165.11880493164062,-9.554228716748238,-5.592300800796958,2.921846140531049,2.650260150243047,0.0
1786995482.4932787,165.22452116012573,-9.554228716748238,-5.592300800796958,2.921846140531049,2.650260150243047,0.0
1786995482.5997753,165.33101773262024,-9.554228716748238,-5.592300800796958,2.921846140531049,2.650260150243047,0.0
1786995482.7061996,165.43744206428528,-9.554228716748238,-5.592300800796958,2.921846140531049,2.650260150243047,0.0
1786995482.8150244,165.5462667942047,-9.554228716748238,-5.592300800796958,2.921846140531049,2.650260150243047,0.0
1786995482.9212668,165.6525092124939,-9.554228716748238,-5.592300800796958,2.921846140531049,2.650260150243047,0.0
1786995483.0320487,165.76329112052917,-9.554228716748238,-5.592300800796958,2.921846140531049,2.650260150243047,0.0
1786995483.1383553,165.86959767341614,-9.554228716748238,-5.592300800796958,2.921846140531049,2.650260150243047,0.0
1786995483.243512,165.9747543334961,-9.554228716748238,-5.592300800796958,2.921846140531049,2.650260150243047,0.0
1786995483.348653,166.0798954963684,-9.554228716748238,-5.592300800796958,2.921846140531049,2.650260150243047,0.0
1786995483.4526265,166.18386888504028,-9.554228716748238,-5.592300800796958,2.921846140531049,2.650260150243047,0.0
1786995483.5562186,166.28746104240417,-9.554228716748238,-5.592300800796958,2.921846140531049,2.650260150243047,0.0
1786995483.658673,166.3899154663086,-9.554228716748238,-5.592300800796958,2.921846140531049,2.650260150243047,0.0
1786995483.7636614,166.4949038028717,-9.554228716748238,-5.592300800796958,2.921846140531049,2.650260150243047,0.0
1786995483.8676538,166.5988962650299,-9.554228716748238,-5.592300800796958,2.921846140531049,2.650260150243047,0.0
1786995483.973325,166.70456743240356,-9.554228716748238,-5.592300800796958,2.921846140531049,2.650260150243047,0.0
1786995484.0788763,166.81011867523193,-9.554228716748238,-5.592300800796958,2.921846140531049,2.650260150243047,0.0
1786995484.1877644,166.9190068244934,-9.554228716748238,-5.592300800796958,2.921846140531049,2.650260150243047,0.0
1786995484.2940552,167.02529764175415,-9.554228716748238,-5.592300800796958,2.921846140531049,2.650260150243047,0.0
1786995484.3982217,167.1294641494751,-9.554228716748238,-5.592300800796958,2.921846140531049,2.650260150243047,0.0
1786995484.5047696,167.2360119819641,-9.554228716748238,-5.592300800796958,2.921846140531049,2.650260150243047,0.0
1786995484.606205,167.33744740486145,-9.554228716748238,-5.592300800796958,2.921846140531049,2.650260150243047,0.0
1786995484.7101607,167.44140315055847,-9.554228716748238,-5.592300800796958,2.921846140531049,2.650260150243047,0.0
1786995484.8221881,167.55343055725098,-9.554228716748238,-5.592300800796958,2.921846140531049,2.650260150243047,0.0
1786995484.9315813,167.662823677063,-9.554228716748238,-5.592300800796958,2.921846140531049,2.650260150243047,0.0
1786995485.036148,167.76739048957825,-9.554228716748238,-5.592300800796958,2.921846140531049,2.650260150243047,0.0
1786995485.1391246,167.8703670501709,-9.554228716748238,-5.592300800796958,2.921846140531049,2.650260150243047,0.0
1786995485.2413476,167.972589969635,-9.554228716748238,-5.592300800796958,2.921846140531049,2.650260150243047,0.0
1786995485.3432312,168.07447361946106,-9.554228716748238,-5.592300800796958,2.921846140531049,2.650260150243047,0.0
1786995485.44908,168.18032240867615,-9.554228716748238,-5.592300800796958,2.921846140531049,2.650260150243047,0.0
1786995485.5537364,168.28497886657715,-9.554228716748238,-5.592300800796958,2.921846140531049,2.650260150243047,0.0
1786995485.656105,168.3873474597931,-9.554228716748238,-5.592300800796958,2.921846140531049,2.650260150243047,0.0
1786995485.7602472,168.49148964881897,-9.554228716748238,-5.592300800796958,2.921846140531049,2.650260150243047,0.0
1786995485.8712595,168.60250186920166,-9.554228716748238,-5.592300800796958,2.921846140531049,2.650260150243047,0.0
1786995485.9775853,168.70882773399353,-9.554228716748238,-5.592300800796958,2.921846140531049,2.650260150243047,0.0
1786995486.0831985,168.81444096565247,-9.554228716748238,-5.592300800796958,2.921846140531049,2.650260150243047,0.0
1786995486.1860135,168.9172558784485,-9.554228716748238,-5.592300800796958,2.921846140531049,2.650260150243047,0.0
1786995486.2890456,169.02028799057007,-9.554228716748238,-5.592300800796958,2.921846140531049,2.650260150243047,0.0
1786995486.3921452,169.12338757514954,-9.554228716748238,-5.592300800796958,2.921846140531049,2.650260150243047,0.0
1786995486.498604,169.22984647750854,-9.554228716748238,-5.592300800796958,2.921846140531049,2.650260150243047,0.0
1786995486.60179,169.33303236961365,-9.554228716748238,-5.592300800796958,2.921846140531049,2.650260150243047,0.0
1786995486.7033188,169.434561252594,-9.554228716748238,-5.592300800796958,2.921846140531049,2.650260150243047,0.0
1786995486.8055565,169.53679895401,-9.554228716748238,-5.592300800796958,2.921846140531049,2.650260150243047,0.0
1786995486.9111133,169.6423556804657,-9.554228716748238,-5.592300800796958,2.921846140531049,2.650260150243047,0.0
1786995487.0222888,169.75353121757507,-9.554228716748238,-5.592300800796958,2.921846140531049,2.650260150243047,0.0
1786995487.124399,169.85564136505127,-9.554228716748238,-5.592300800796958,2.921846140531049,2.650260150243047,0.0
1786995487.2285295,169.95977187156677,-9.554228716748238,-5.592300800796958,2.921846140531049,2.650260150243047,0.0
1786995487.3335176,170.0647599697113,-9.554228716748238,-5.592300800796958,2.921846140531049,2.650260150243047,0.0
1786995487.438761,170.17000341415405,-9.554228716748238,-5.592300800796958,2.921846140531049,2.650260150243047,0.0
1786995487.5400796,170.27132201194763,-9.554228716748238,-5.592300800796958,2.921846140531049,2.650260150243047,0.0
1786995487.6428564,170.374098777771,-9.554228716748238,-5.592300800796958,2.921846140531049,2.650260150243047,0.0
1786995487.7456324,170.47687482833862,-9.554228716748238,-5.592300800796958,2.921846140531049,2.650260150243047,0.0
1786995487.8541522,170.58539462089539,-9.554228716748238,-5.592300800796958,2.921846140531049,2.650260150243047,0.0
1786995487.9620433,170.69328570365906,-9.554228716748238,-5.592300800796958,2.921846140531049,2.650260150243047,0.0
1786995488.0648932,170.7961356639862,-9.554228716748238,-5.592300800796958,2.921846140531049,2.650260150243047,0.0
1786995488.1694298,170.90067219734192,-9.554228716748238,-5.592300800796958,2.921846140531049,2.650260150243047,0.0
1786995488.2709572,171.0021996498108,-9.554228716748238,-5.592300800796958,2.921846140531049,2.650260150243047,0.0
1786995488.3802989,171.11154127120972,-9.554228716748238,-5.592300800796958,2.921846140531049,2.650260150243047,0.0
1786995488.4891899,171.22043228149414,-9.554228716748238,-5.592300800796958,2.921846140531049,2.650260150243047,0.0
1786995488.593653,171.3248953819275,-9.554228716748238,-5.592300800796958,2.921846140531049,2.650260150243047,0.0
1786995488.700767,171.43200945854187,-9.554228716748238,-5.592300800796958,2.921846140531049,2.650260150243047,0.0
1786995488.8084416,171.53968405723572,-9.554228716748238,-5.592300800796958,2.921846140531049,2.650260150243047,0.0
1786995488.9119132,171.64315557479858,-9.554228716748238,-5.592300800796958,2.921846140531049,2.650260150243047,0.0
1786995489.0195932,171.75083565711975,-9.554228716748238,-5.592300800796958,2.921846140531049,2.650260150243047,0.0
1786995489.1271014,171.85834383964539,-9.554228716748238,-5.592300800796958,2.921846140531049,2.650260150243047,0.0
1786995489.2330332,171.964275598526,-9.554228716748238,-5.592300800796958,2.921846140531049,2.650260150243047,0.0
1786995489.341793,172.07303547859192,-9.554228716748238,-5.592300800796958,2.921846140531049,2.650260150243047,0.0
1786995489.4484186,172.17966103553772,-9.554228716748238,-5.592300800796958,2.921846140531049,2.650260150243047,0.0
1786995489.5546415,172.28588390350342,-9.554228716748238,-5.592300800796958,2.921846140531049,2.650260150243047,0.0
1786995489.6606176,172.39186000823975,-9.554228716748238,-5.592300800796958,2.921846140531049,2.650260150243047,0.0
1786995489.7653878,172.49663019180298,-9.554228716748238,-5.592300800796958,2.921846140531049,2.650260150243047,0.0
1786995489.8723788,172.60362124443054,-9.554228716748238,-5.592300800796958,2.921846140531049,2.650260150243047,0.0
1786995489.9766037,172.70784616470337,-9.554228716748238,-5.592300800796958,2.921846140531049,2.650260150243047,0.0
1786995490.0815568,172.81279921531677,-9.554228716748238,-5.592300800796958,2.921846140531049,2.650260150243047,0.0
1786995490.1889353,172.92017769813538,-9.554228716748238,-5.592300800796958,2.921846140531049,2.650260150243047,0.0
1786995490.2922406,173.0234830379486,-9.554228716748238,-5.592300800796958,2.921846140531049,2.650260150243047,0.0
1786995490.3969777,173.12822008132935,-9.554228716748238,-5.592300800796958,2.921846140531049,2.650260150243047,0.0
1786995490.5012436,173.23248600959778,-9.554228716748238,-5.592300800796958,2.921846140531049,2.650260150243047,0.0
1786995490.6052117,173.3364541530609,-9.554228716748238,-5.592300800796958,2.921846140531049,2.650260150243047,0.0
1786995490.7115793,173.44282174110413,-9.554228716748238,-5.592300800796958,2.921846140531049,2.650260150243047,0.0
1786995490.821936,173.5531783103943,-9.554228716748238,-5.592300800796958,2.921846140531049,2.650260150243047,0.0
1786995490.9265535,173.6577959060669,-9.554228716748238,-5.592300800796958,2.921846140531049,2.650260150243047,0.0
1786995491.0305269,173.76176929473877,-9.554228716748238,-5.592300800796958,2.921846140531049,2.650260150243047,0.0
1786995491.13576,173.86700248718262,-9.554228716748238,-5.592300800796958,2.921846140531049,2.650260150243047,0.0
1786995491.2380352,173.96927762031555,-9.554228716748238,-5.592300800796958,2.921846140531049,2.650260150243047,0.0
1786995491.344155,174.07539749145508,-9.554228716748238,-5.592300800796958,2.921846140531049,2.650260150243047,0.0
1786995491.4485347,174.17977714538574,-9.554228716748238,-5.592300800796958,2.921846140531049,2.650260150243047,0.0
1786995491.5535898,174.284832239151,-9.554228716748238,-5.592300800796958,2.921846140531049,2.650260150243047,0.0
1786995491.6572108,174.38845324516296,-9.554228716748238,-5.592300800796958,2.921846140531049,2.650260150243047,0.0
1786995491.76238,174.49362230300903,-9.554228716748238,-5.592300800796958,2.921846140531049,2.650260150243047,0.0
1786995491.8704004,174.60164284706116,-9.554228716748238,-5.592300800796958,2.921846140531049,2.650260150243047,0.0
1786995491.9773252,174.70856761932373,-9.554228716748238,-5.592300800796958,2.921846140531049,2.650260150243047,0.0
1786995492.08064,174.81188249588013,-9.554228716748238,-5.592300800796958,2.921846140531049,2.650260150243047,0.0
1786995492.1839201,174.91516256332397,-9.554228716748238,-5.592300800796958,2.921846140531049,2.650260150243047,0.0
1786995492.2899601,175.0212025642395,-9.554228716748238,-5.592300800796958,2.921846140531049,2.650260150243047,0.0
1786995492.3959181,175.12716054916382,-9.554228716748238,-5.592300800796958,2.921846140531049,2.650260150243047,0.0
1786995492.5014594,175.23270177841187,-9.554228716748238,-5.592300800796958,2.921846140531049,2.650260150243047,0.0
1786995492.6075003,175.3387427330017,-9.554228716748238,-5.592300800796958,2.921846140531049,2.650260150243047,0.0
1786995492.7221081,175.45335054397583,-9.554228716748238,-5.592300800796958,2.921846140531049,2.650260150243047,0.0
1786995492.8275666,175.55880904197693,-9.554228716748238,-5.592300800796958,2.921846140531049,2.650260150243047,0.0
1786995492.9332957,175.6645381450653,-9.554228716748238,-5.592300800796958,2.921846140531049,2.650260150243047,0.0
1786995493.0399072,175.77114963531494,-9.554228716748238,-5.592300800796958,2.921846140531049,2.650260150243047,0.0
1786995493.1423209,175.87356328964233,-9.554228716748238,-5.592300800796958,2.921846140531049,2.650260150243047,0.0
1786995493.2466896,175.97793197631836,-9.554228716748238,-5.592300800796958,2.921846140531049,2.650260150243047,0.0
1786995493.355018,176.0862603187561,-9.554228716748238,-5.592300800796958,2.921846140531049,2.650260150243047,0.0
1786995493.4574187,176.18866109848022,-9.554228716748238,-5.592300800796958,2.921846140531049,2.650260150243047,0.0
1786995493.5595267,176.2907691001892,-9.554228716748238,-5.592300800796958,2.921846140531049,2.650260150243047,0.0
1786995493.6632762,176.3945186138153,-9.554228716748238,-5.592300800796958,2.921846140531049,2.650260150243047,0.0
1786995493.7738178,176.50506019592285,-9.554228716748238,-5.592300800796958,2.921846140531049,2.650260150243047,0.0
1786995493.8810298,176.61227226257324,-9.554228716748238,-5.592300800796958,2.921846140531049,2.650260150243047,0.0
1786995493.9867828,176.71802520751953,-9.554228716748238,-5.592300800796958,2.921846140531049,2.650260150243047,0.0
1786995494.0897326,176.82097506523132,-9.554228716748238,-5.592300800796958,2.921846140531049,2.650260150243047,0.0
1786995494.191963,176.9232053756714,-9.554228716748238,-5.592300800796958,2.921846140531049,2.650260150243047,0.0
1786995494.2962,177.02744245529175,-9.554228716748238,-5.592300800796958,2.921846140531049,2.650260150243047,0.0
1786995494.3980787,177.12932109832764,-9.554228716748238,-5.592300800796958,2.921846140531049,2.650260150243047,0.0
1786995494.5020304,177.2332727909088,-9.554228716748238,-5.592300800796958,2.921846140531049,2.650260150243047,0.0
1786995494.6063242,177.337566614151,-9.554228716748238,-5.592300800796958,2.921846140531049,2.650260150243047,0.0
1786995494.7148201,177.44606256484985,-9.554228716748238,-5.592300800796958,2.921846140531049,2.650260150243047,0.0
1786995494.8182957,177.54953813552856,-9.554228716748238,-5.592300800796958,2.921846140531049,2.650260150243047,0.0
1786995494.9227517,177.65399408340454,-9.554228716748238,-5.592300800796958,2.921846140531049,2.650260150243047,0.0
1786995495.0265534,177.75779581069946,-9.554228716748238,-5.592300800796958,2.921846140531049,2.650260150243047,0.0
1786995495.1305685,177.86181092262268,-9.554228716748238,-5.592300800796958,2.921846140531049,2.650260150243047,0.0
1786995495.235974,177.96721649169922,-9.554228716748238,-5.592300800796958,2.921846140531049,2.650260150243047,0.0
1786995495.3414762,178.0727186203003,-9.554228716748238,-5.592300800796958,2.921846140531049,2.650260150243047,0.0
1786995495.4482713,178.17951369285583,-9.554228716748238,-5.592300800796958,2.921846140531049,2.650260150243047,0.0
1786995495.552962,178.28420448303223,-9.554228716748238,-5.592300800796958,2.921846140531049,2.650260150243047,0.0
1786995495.6571345,178.38837695121765,-9.554228716748238,-5.592300800796958,2.921846140531049,2.650260150243047,0.0
1786995495.7604308,178.49167323112488,-9.554228716748238,-5.592300800796958,2.921846140531049,2.650260150243047,0.0
1786995495.8748977,178.60614013671875,-9.554228716748238,-5.592300800796958,2.921846140531049,2.650260150243047,0.0
1786995495.9881732,178.71941566467285,-9.554228716748238,-5.592300800796958,2.921846140531049,2.650260150243047,0.0
1786995496.0916216,178.82286405563354,-9.554228716748238,-5.592300800796958,2.921846140531049,2.650260150243047,0.0
1786995496.2098777,178.94112014770508,-9.554228716748238,-5.592300800796958,2.921846140531049,2.650260150243047,0.0
1786995496.316766,179.04800844192505,-9.554228716748238,-5.592300800796958,2.921846140531049,2.650260150243047,0.0
1786995496.4199715,179.15121388435364,-9.554228716748238,-5.592300800796958,2.921846140531049,2.650260150243047,0.0
1786995496.5265567,179.25779914855957,-9.554228716748238,-5.592300800796958,2.921846140531049,2.650260150243047,0.0
1786995496.6340272,179.3652696609497,-9.554228716748238,-5.592300800796958,2.921846140531049,2.650260150243047,0.0
1786995496.7382586,179.46950101852417,-9.554228716748238,-5.592300800796958,2.921846140531049,2.650260150243047,0.0
1786995496.841051,179.57229351997375,-9.554228716748238,-5.592300800796958,2.921846140531049,2.650260150243047,0.0
1786995496.946502,179.67774438858032,-9.554228716748238,-5.592300800796958,2.921846140531049,2.650260150243047,0.0
1786995497.047567,179.77880930900574,-9.554228716748238,-5.592300800796958,2.921846140531049,2.650260150243047,0.0
1786995497.1497955,179.88103795051575,-9.554228716748238,-5.592300800796958,2.921846140531049,2.650260150243047,0.0
1786995497.251241,179.9824833869934,-9.554228716748238,-5.592300800796958,2.921846140531049,2.650260150243047,0.0
1786995497.3548534,180.08609580993652,-9.554228716748238,-5.592300800796958,2.921846140531049,2.650260150243047,0.0
1786995497.4589915,180.19023394584656,-9.554228716748238,-5.592300800796958,2.921846140531049,2.650260150243047,0.0
1786995497.5624113,180.29365372657776,-9.554228716748238,-5.592300800796958,2.921846140531049,2.650260150243047,0.0
1786995497.6656125,180.39685487747192,-9.554228716748238,-5.592300800796958,2.921846140531049,2.650260150243047,0.0
1786995497.7674196,180.49866199493408,-9.554228716748238,-5.592300800796958,2.921846140531049,2.650260150243047,0.0
1786995497.8694694,180.60071182250977,-9.554228716748238,-5.592300800796958,2.921846140531049,2.650260150243047,0.0
1786995497.9698734,180.7011158466339,-9.554228716748238,-5.592300800796958,2.921846140531049,2.650260150243047,0.0
1786995498.0701346,180.80137705802917,-9.554228716748238,-5.592300800796958,2.921846140531049,2.650260150243047,0.0
1786995498.1738029,180.9050452709198,-9.554228716748238,-5.592300800796958,2.921846140531049,2.650260150243047,0.0
1786995498.275076,181.00631833076477,-9.554228716748238,-5.592300800796958,2.921846140531049,2.650260150243047,0.0
1786995498.3757339,181.10697627067566,-9.554228716748238,-5.592300800796958,2.921846140531049,2.650260150243047,0.0
1786995498.4766722,181.20791459083557,-9.554228716748238,-5.592300800796958,2.921846140531049,2.650260150243047,0.0
1786995498.5791383,181.31038069725037,-9.554228716748238,-5.592300800796958,2.921846140531049,2.650260150243047,0.0
1786995498.6813152,181.4125576019287,-9.554228716748238,-5.592300800796958,2.921846140531049,2.650260150243047,0.0
1786995498.7820613,181.51330375671387,-9.554228716748238,-5.592300800796958,2.921846140531049,2.650260150243047,0.0
1786995498.8837495,181.61499190330505,-9.554228716748238,-5.592300800796958,2.921846140531049,2.650260150243047,0.0
1786995498.985613,181.71685552597046,-9.554228716748238,-5.592300800796958,2.921846140531049,2.650260150243047,0.0
1786995499.086963,181.8182053565979,-9.554228716748238,-5.592300800796958,2.921846140531049,2.650260150243047,0.0
1786995499.1881056,181.9193480014801,-9.554228716748238,-5.592300800796958,2.921846140531049,2.650260150243047,0.0
1786995499.2897146,182.02095699310303,-9.554228716748238,-5.592300800796958,2.921846140531049,2.650260150243047,0.0
1786995499.3915281,182.12277054786682,-9.554228716748238,-5.592300800796958,2.921846140531049,2.650260150243047,0.0
1786995499.491908,182.22315049171448,-9.554228716748238,-5.592300800796958,2.921846140531049,2.650260150243047,0.0
1786995499.5930393,182.32428169250488,-9.554228716748238,-5.592300800796958,2.921846140531049,2.650260150243047,0.0
1786995499.6947546,182.4259970188141,-9.554228716748238,-5.592300800796958,2.921846140531049,2.650260150243047,0.0
1786995499.7956102,182.52685260772705,-9.554228716748238,-5.592300800796958,2.921846140531049,2.650260150243047,0.0
1786995499.8959336,182.62717604637146,-9.554228716748238,-5.592300800796958,2.921846140531049,2.650260150243047,0.0
1786995499.9960954,182.72733783721924,-9.554228716748238,-5.592300800796958,2.921846140531049,2.650260150243047,0.0
1786995500.09772,182.8289623260498,-9.554228716748238,-5.592300800796958,2.921846140531049,2.650260150243047,0.0
1786995500.1983593,182.92960166931152,-9.554228716748238,-5.592300800796958,2.921846140531049,2.650260150243047,0.0
1786995500.3011599,183.0324022769928,-9.554228716748238,-5.592300800796958,2.921846140531049,2.650260150243047,0.0
1786995500.406367,183.13760948181152,-9.554228716748238,-5.592300800796958,2.921846140531049,2.650260150243047,0.0
1786995500.507171,183.23841333389282,-9.554228716748238,-5.592300800796958,2.921846140531049,2.650260150243047,0.0
1786995500.6123924,183.3436348438263,-9.554228716748238,-5.592300800796958,2.921846140531049,2.650260150243047,0.0
1786995500.7136703,183.44491267204285,-9.554228716748238,-5.592300800796958,2.921846140531049,2.650260150243047,0.0
1786995500.8177135,183.5489559173584,-9.554228716748238,-5.592300800796958,2.921846140531049,2.650260150243047,0.0
1786995500.9228952,183.65413761138916,-9.554228716748238,-5.592300800796958,2.921846140531049,2.650260150243047,0.0
1786995501.0248358,183.75607824325562,-9.554228716748238,-5.592300800796958,2.921846140531049,2.650260150243047,0.0
1786995501.1251864,183.85642886161804,-9.554228716748238,-5.592300800796958,2.921846140531049,2.650260150243047,0.0
1786995501.2281063,183.95934867858887,-9.554228716748238,-5.592300800796958,2.921846140531049,2.650260150243047,0.0
1786995501.3298151,184.06105756759644,-9.554228716748238,-5.592300800796958,2.921846140531049,2.650260150243047,0.0
1786995501.4301534,184.16139578819275,-9.554228716748238,-5.592300800796958,2.921846140531049,2.650260150243047,0.0
1786995501.5309148,184.26215720176697,-9.554228716748238,-5.592300800796958,2.921846140531049,2.650260150243047,0.0
1786995501.6325002,184.36374258995056,-9.554228716748238,-5.592300800796958,2.921846140531049,2.650260150243047,0.0
1786995501.7376742,184.4689166545868,-9.554228716748238,-5.592300800796958,2.921846140531049,2.650260150243047,0.0
1786995501.8396077,184.57085013389587,-9.554228716748238,-5.592300800796958,2.921846140531049,2.650260150243047,0.0
1786995501.943774,184.67501640319824,-9.554228716748238,-5.592300800796958,2.921846140531049,2.650260150243047,0.0
1786995502.0448623,184.7761046886444,-9.554228716748238,-5.592300800796958,2.921846140531049,2.650260150243047,0.0
1786995502.1459093,184.8771517276764,-9.554228716748238,-5.592300800796958,2.921846140531049,2.650260150243047,0.0
1786995502.2474115,184.97865390777588,-9.554228716748238,-5.592300800796958,2.921846140531049,2.650260150243047,0.0
1786995502.3541968,185.08543920516968,-9.554228716748238,-5.592300800796958,2.921846140531049,2.650260150243047,0.0
1786995502.4570775,185.18831992149353,-9.554228716748238,-5.592300800796958,2.921846140531049,2.650260150243047,0.0
1786995502.5616071,185.29284954071045,-9.554228716748238,-5.592300800796958,2.921846140531049,2.650260150243047,0.0
1786995502.665191,185.39643335342407,-9.554228716748238,-5.592300800796958,2.921846140531049,2.650260150243047,0.0
1786995502.769744,185.50098633766174,-9.554228716748238,-5.592300800796958,2.921846140531049,2.650260150243047,0.0
1786995502.872576,185.60381841659546,-9.554228716748238,-5.592300800796958,2.921846140531049,2.650260150243047,0.0
1786995502.9764416,185.70768404006958,-9.554228716748238,-5.592300800796958,2.921846140531049,2.650260150243047,0.0
1786995503.0833504,185.81459283828735,-9.554228716748238,-5.592300800796958,2.921846140531049,2.650260150243047,0.0
1786995503.1874878,185.91873025894165,-9.554228716748238,-5.592300800796958,2.921846140531049,2.650260150243047,0.0
1786995503.2985446,186.02978706359863,-9.554228716748238,-5.592300800796958,2.921846140531049,2.650260150243047,0.0
1786995503.4025972,186.13383960723877,-9.554228716748238,-5.592300800796958,2.921846140531049,2.650260150243047,0.0
1786995503.50509,186.23633241653442,-9.554228716748238,-5.592300800796958,2.921846140531049,2.650260150243047,0.0
1786995503.610171,186.3414134979248,-9.554228716748238,-5.592300800796958,2.921846140531049,2.650260150243047,0.0
1786995503.7150443,186.4462866783142,-9.554228716748238,-5.592300800796958,2.921846140531049,2.650260150243047,0.0
1786995503.823315,186.5545573234558,-9.554228716748238,-5.592300800796958,2.921846140531049,2.650260150243047,0.0
1786995503.9369152,186.66815757751465,-9.554228716748238,-5.592300800796958,2.921846140531049,2.650260150243047,0.0
1786995504.0455673,186.7768096923828,-9.554228716748238,-5.592300800796958,2.921846140531049,2.650260150243047,0.0
1786995504.1537247,186.88496708869934,-9.554228716748238,-5.592300800796958,2.921846140531049,2.650260150243047,0.0
1786995504.2603686,186.99161100387573,-9.554228716748238,-5.592300800796958,2.921846140531049,2.650260150243047,0.0
1786995504.3637397,187.0949821472168,-9.554228716748238,-5.592300800796958,2.921846140531049,2.650260150243047,0.0
1786995504.4655435,187.19678592681885,-9.554228716748238,-5.592300800796958,2.921846140531049,2.650260150243047,0.0
1786995504.5686598,187.29990220069885,-9.554228716748238,-5.592300800796958,2.921846140531049,2.650260150243047,0.0
1786995504.6740267,187.40526914596558,-9.554228716748238,-5.592300800796958,2.921846140531049,2.650260150243047,0.0
1786995504.7789004,187.51014280319214,-9.554228716748238,-5.592300800796958,2.921846140531049,2.650260150243047,0.0
1786995504.883015,187.61425733566284,-9.554228716748238,-5.592300800796958,2.921846140531049,2.650260150243047,0.0
1786995504.9880812,187.71932363510132,-9.554228716748238,-5.592300800796958,2.921846140531049,2.650260150243047,0.0
1786995505.0943923,187.82563471794128,-9.554228716748238,-5.592300800796958,2.921846140531049,2.650260150243047,0.0
1786995505.1984243,187.92966675758362,-9.554228716748238,-5.592300800796958,2.921846140531049,2.650260150243047,0.0
1786995505.3058689,188.03711128234863,-9.554228716748238,-5.592300800796958,2.921846140531049,2.650260150243047,0.0
1786995505.4115262,188.1427686214447,-9.554228716748238,-5.592300800796958,2.921846140531049,2.650260150243047,0.0
1786995505.5150192,188.2462615966797,-9.554228716748238,-5.592300800796958,2.921846140531049,2.650260150243047,0.0
1786995505.6237698,188.35501217842102,-9.554228716748238,-5.592300800796958,2.921846140531049,2.650260150243047,0.0
1786995505.7282734,188.45951581001282,-9.554228716748238,-5.592300800796958,2.921846140531049,2.650260150243047,0.0
1786995505.8306916,188.5619339942932,-9.554228716748238,-5.592300800796958,2.921846140531049,2.650260150243047,0.0
1786995505.9353461,188.66658854484558,-9.554228716748238,-5.592300800796958,2.921846140531049,2.650260150243047,0.0
1786995506.0386677,188.7699100971222,-9.554228716748238,-5.592300800796958,2.921846140531049,2.650260150243047,0.0
1786995506.140134,188.87137651443481,-9.554228716748238,-5.592300800796958,2.921846140531049,2.650260150243047,0.0
1786995506.256172,188.9874143600464,-9.554228716748238,-5.592300800796958,2.921846140531049,2.650260150243047,0.0
1786995506.363323,189.09456539154053,-9.554228716748238,-5.592300800796958,2.921846140531049,2.650260150243047,0.0
1786995506.4709234,189.20216584205627,-9.554228716748238,-5.592300800796958,2.921846140531049,2.650260150243047,0.0
1786995506.5726366,189.30387902259827,-9.554228716748238,-5.592300800796958,2.921846140531049,2.650260150243047,0.0
1786995506.6794152,189.41065764427185,-9.554228716748238,-5.592300800796958,2.921846140531049,2.650260150243047,0.0
1786995506.7872953,189.51853775978088,-9.554228716748238,-5.592300800796958,2.921846140531049,2.650260150243047,0.0
1786995506.8943017,189.6255440711975,-9.554228716748238,-5.592300800796958,2.921846140531049,2.650260150243047,0.0
1786995507.0008616,189.73210406303406,-9.554228716748238,-5.592300800796958,2.921846140531049,2.650260150243047,0.0
1786995507.1125755,189.84381794929504,-9.554228716748238,-5.592300800796958,2.921846140531049,2.650260150243047,0.0
1786995507.216691,189.94793343544006,-9.554228716748238,-5.592300800796958,2.921846140531049,2.650260150243047,0.0
1786995507.3243234,190.0555658340454,-9.554228716748238,-5.592300800796958,2.921846140531049,2.650260150243047,0.0
1786995507.427819,190.15906143188477,-9.554228716748238,-5.592300800796958,2.921846140531049,2.650260150243047,0.0
1786995507.5332472,190.26448965072632,-9.554228716748238,-5.592300800796958,2.921846140531049,2.650260150243047,0.0
1786995507.6370606,190.36830306053162,-9.554228716748238,-5.592300800796958,2.921846140531049,2.650260150243047,0.0
1786995507.7414544,190.47269678115845,-9.554228716748238,-5.592300800796958,2.921846140531049,2.650260150243047,0.0
1786995507.8451483,190.57639074325562,-9.554228716748238,-5.592300800796958,2.921846140531049,2.650260150243047,0.0
1786995507.9506779,190.6819202899933,-9.554228716748238,-5.592300800796958,2.921846140531049,2.650260150243047,0.0
1786995508.0555265,190.78676891326904,-9.554228716748238,-5.592300800796958,2.921846140531049,2.650260150243047,0.0
1786995508.1585197,190.88976216316223,-9.554228716748238,-5.592300800796958,2.921846140531049,2.650260150243047,0.0
1786995508.2606046,190.99184703826904,-9.554228716748238,-5.592300800796958,2.921846140531049,2.650260150243047,0.0
1786995508.3641686,191.0954110622406,-9.554228716748238,-5.592300800796958,2.921846140531049,2.650260150243047,0.0
1786995508.4678195,191.19906187057495,-9.554228716748238,-5.592300800796958,2.921846140531049,2.650260150243047,0.0
1786995508.5720453,191.3032877445221,-9.554228716748238,-5.592300800796958,2.921846140531049,2.650260150243047,0.0
1786995508.6740885,191.40533089637756,-9.554228716748238,-5.592300800796958,2.921846140531049,2.650260150243047,0.0
1786995508.7786548,191.50989723205566,-9.554228716748238,-5.592300800796958,2.921846140531049,2.650260150243047,0.0
1786995508.8838024,191.61504483222961,-9.554228716748238,-5.592300800796958,2.921846140531049,2.650260150243047,0.0
1786995508.9878516,191.71909403800964,-9.554228716748238,-5.592300800796958,2.921846140531049,2.650260150243047,0.0
1786995509.0909383,191.82218074798584,-9.554228716748238,-5.592300800796958,2.921846140531049,2.650260150243047,0.0
1786995509.1971283,191.92837071418762,-9.554228716748238,-5.592300800796958,2.921846140531049,2.650260150243047,0.0
1786995509.300956,192.03219842910767,-9.554228716748238,-5.592300800796958,2.921846140531049,2.650260150243047,0.0
1786995509.4020908,192.13333320617676,-9.554228716748238,-5.592300800796958,2.921846140531049,2.650260150243047,0.0
1786995509.5076663,192.2389087677002,-9.554228716748238,-5.592300800796958,2.921846140531049,2.650260150243047,0.0
1786995509.616448,192.3476903438568,-9.554228716748238,-5.592300800796958,2.921846140531049,2.650260150243047,0.0
1786995509.722618,192.45386052131653,-9.554228716748238,-5.592300800796958,2.921846140531049,2.650260150243047,0.0
1786995509.8298547,192.56109714508057,-9.554228716748238,-5.592300800796958,2.921846140531049,2.650260150243047,0.0
1786995509.9400208,192.67126321792603,-9.554228716748238,-5.592300800796958,2.921846140531049,2.650260150243047,0.0
1786995510.049111,192.780353307724,-9.554228716748238,-5.592300800796958,2.921846140531049,2.650260150243047,0.0
1786995510.1524901,192.88373255729675,-9.554228716748238,-5.592300800796958,2.921846140531049,2.650260150243047,0.0
1786995510.257137,192.9883794784546,-9.554228716748238,-5.592300800796958,2.921846140531049,2.650260150243047,0.0
1786995510.3637314,193.09497380256653,-9.554228716748238,-5.592300800796958,2.921846140531049,2.650260150243047,0.0
1786995510.4713678,193.20261025428772,-9.554228716748238,-5.592300800796958,2.921846140531049,2.650260150243047,0.0
1786995510.5769854,193.30822777748108,-9.554228716748238,-5.592300800796958,2.921846140531049,2.650260150243047,0.0
1786995510.6834679,193.41471028327942,-9.554228716748238,-5.592300800796958,2.921846140531049,2.650260150243047,0.0
1786995510.7855916,193.51683402061462,-9.554228716748238,-5.592300800796958,2.921846140531049,2.650260150243047,0.0
1786995510.889428,193.62067031860352,-9.554228716748238,-5.592300800796958,2.921846140531049,2.650260150243047,0.0
1786995510.9949164,193.72615885734558,-9.554228716748238,-5.592300800796958,2.921846140531049,2.650260150243047,0.0
1786995511.1016378,193.83288025856018,-9.554228716748238,-5.592300800796958,2.921846140531049,2.650260150243047,0.0
1786995511.2052453,193.93648767471313,-9.554228716748238,-5.592300800796958,2.921846140531049,2.650260150243047,0.0
1786995511.3073835,194.03862595558167,-9.554228716748238,-5.592300800796958,2.921846140531049,2.650260150243047,0.0
1786995511.4113753,194.14261770248413,-9.554228716748238,-5.592300800796958,2.921846140531049,2.650260150243047,0.0
1786995511.5138655,194.24510788917542,-9.554228716748238,-5.592300800796958,2.921846140531049,2.650260150243047,0.0
1786995511.6217518,194.3529942035675,-9.554228716748238,-5.592300800796958,2.921846140531049,2.650260150243047,0.0
1786995511.7273023,194.45854473114014,-9.554228716748238,-5.592300800796958,2.921846140531049,2.650260150243047,0.0
1786995511.8327348,194.5639772415161,-9.554228716748238,-5.592300800796958,2.921846140531049,2.650260150243047,0.0
1786995511.9356132,194.66685557365417,-9.554228716748238,-5.592300800796958,2.921846140531049,2.650260150243047,0.0
1786995512.0373936,194.76863598823547,-9.554228716748238,-5.592300800796958,2.921846140531049,2.650260150243047,0.0
1786995512.1405911,194.87183356285095,-9.554228716748238,-5.592300800796958,2.921846140531049,2.650260150243047,0.0
1786995512.242444,194.9736864566803,-9.554228716748238,-5.592300800796958,2.921846140531049,2.650260150243047,0.0
1786995512.3480587,195.0793011188507,-9.554228716748238,-5.592300800796958,2.921846140531049,2.650260150243047,0.0
1786995512.4546013,195.18584370613098,-9.554228716748238,-5.592300800796958,2.921846140531049,2.650260150243047,0.0
1786995512.5605574,195.29179978370667,-9.554228716748238,-5.592300800796958,2.921846140531049,2.650260150243047,0.0
1786995512.6636138,195.39485621452332,-9.554228716748238,-5.592300800796958,2.921846140531049,2.650260150243047,0.0
1786995512.7715955,195.50283789634705,-9.554228716748238,-5.592300800796958,2.921846140531049,2.650260150243047,0.0
1786995512.8766196,195.60786199569702,-9.554228716748238,-5.592300800796958,2.921846140531049,2.650260150243047,0.0
1786995512.9823115,195.71355390548706,-9.554228716748238,-5.592300800796958,2.921846140531049,2.650260150243047,0.0
1786995513.08527,195.8165123462677,-9.554228716748238,-5.592300800796958,2.921846140531049,2.650260150243047,0.0
1786995513.188814,195.9200563430786,-9.554228716748238,-5.592300800796958,2.921846140531049,2.650260150243047,0.0
1786995513.2959888,196.02723121643066,-9.554228716748238,-5.592300800796958,2.921846140531049,2.650260150243047,0.0
1786995513.4014192,196.13266158103943,-9.554228716748238,-5.592300800796958,2.921846140531049,2.650260150243047,0.0
1786995513.5072906,196.23853302001953,-9.554228716748238,-5.592300800796958,2.921846140531049,2.650260150243047,0.0
1786995513.608188,196.33943033218384,-9.554228716748238,-5.592300800796958,2.921846140531049,2.650260150243047,0.0
1786995513.7175987,196.4488410949707,-9.554228716748238,-5.592300800796958,2.921846140531049,2.650260150243047,0.0
1786995513.8248446,196.55608701705933,-9.554228716748238,-5.592300800796958,2.921846140531049,2.650260150243047,0.0
1786995513.929915,196.66115736961365,-9.554228716748238,-5.592300800796958,2.921846140531049,2.650260150243047,0.0
1786995514.0326226,196.76386499404907,-9.554228716748238,-5.592300800796958,2.921846140531049,2.650260150243047,0.0
1786995514.138876,196.8701183795929,-9.554228716748238,-5.592300800796958,2.921846140531049,2.650260150243047,0.0
1786995514.2432995,196.97454190254211,-9.554228716748238,-5.592300800796958,2.921846140531049,2.650260150243047,0.0
1786995514.3467243,197.07796669006348,-9.554228716748238,-5.592300800796958,2.921846140531049,2.650260150243047,0.0
1786995514.4539807,197.18522310256958,-9.554228716748238,-5.592300800796958,2.921846140531049,2.650260150243047,0.0
1786995514.556232,197.2874743938446,-9.554228716748238,-5.592300800796958,2.921846140531049,2.650260150243047,0.0
1786995514.6657426,197.3969850540161,-9.554228716748238,-5.592300800796958,2.921846140531049,2.650260150243047,0.0
1786995514.772371,197.50361347198486,-9.554228716748238,-5.592300800796958,2.921846140531049,2.650260150243047,0.0
1786995514.8761759,197.6074182987213,-9.554228716748238,-5.592300800796958,2.921846140531049,2.650260150243047,0.0
1786995514.9832838,197.71452617645264,-9.554228716748238,-5.592300800796958,2.921846140531049,2.650260150243047,0.0
1786995515.088538,197.81978034973145,-9.554228716748238,-5.592300800796958,2.921846140531049,2.650260150243047,0.0
1786995515.1924253,197.92366766929626,-9.554228716748238,-5.592300800796958,2.921846140531049,2.650260150243047,0.0
1786995515.2930882,198.02433061599731,-9.554228716748238,-5.592300800796958,2.921846140531049,2.650260150243047,0.0
1786995515.3942952,198.12553763389587,-9.554228716748238,-5.592300800796958,2.921846140531049,2.650260150243047,0.0
1786995515.4960182,198.2272605895996,-9.554228716748238,-5.592300800796958,2.921846140531049,2.650260150243047,0.0
1786995515.5996811,198.3309235572815,-9.554228716748238,-5.592300800796958,2.921846140531049,2.650260150243047,0.0
1786995515.7048976,198.4361400604248,-9.554228716748238,-5.592300800796958,2.921846140531049,2.650260150243047,0.0
1786995515.8099325,198.54117488861084,-9.554228716748238,-5.592300800796958,2.921846140531049,2.650260150243047,0.0
1786995515.9140892,198.64533162117004,-9.554228716748238,-5.592300800796958,2.921846140531049,2.650260150243047,0.0
1786995516.0179214,198.7491638660431,-9.554228716748238,-5.592300800796958,2.921846140531049,2.650260150243047,0.0
1786995516.1188586,198.8501009941101,-9.554228716748238,-5.592300800796958,2.921846140531049,2.650260150243047,0.0
1786995516.2217534,198.95299577713013,-9.554228716748238,-5.592300800796958,2.921846140531049,2.650260150243047,0.0
1786995516.3287396,199.0599820613861,-9.554228716748238,-5.592300800796958,2.921846140531049,2.650260150243047,0.0
1786995516.4351637,199.16640615463257,-9.554228716748238,-5.592300800796958,2.921846140531049,2.650260150243047,0.0
1786995516.5380948,199.2693371772766,-9.554228716748238,-5.592300800796958,2.921846140531049,2.650260150243047,0.0
1786995516.6513267,199.38256907463074,-9.554228716748238,-5.592300800796958,2.921846140531049,2.650260150243047,0.0
1786995516.7628624,199.49410486221313,-9.554228716748238,-5.592300800796958,2.921846140531049,2.650260150243047,0.0
1786995516.8701568,199.60139918327332,-9.554228716748238,-5.592300800796958,2.921846140531049,2.650260150243047,0.0
1786995516.974109,199.70535135269165,-9.554228716748238,-5.592300800796958,2.921846140531049,2.650260150243047,0.0
1786995517.077495,199.8087375164032,-9.554228716748238,-5.592300800796958,2.921846140531049,2.650260150243047,0.0
1786995517.1845653,199.91580772399902,-9.554228716748238,-5.592300800796958,2.921846140531049,2.650260150243047,0.0
1786995517.2871406,200.01838302612305,-9.554228716748238,-5.592300800796958,2.921846140531049,2.650260150243047,0.0
1786995517.389139,200.12038135528564,-9.554228716748238,-5.592300800796958,2.921846140531049,2.650260150243047,0.0
1786995517.4971151,200.22835755348206,-9.554228716748238,-5.592300800796958,2.921846140531049,2.650260150243047,0.0
1786995517.6038063,200.3350486755371,-9.554228716748238,-5.592300800796958,2.921846140531049,2.650260150243047,0.0
1786995517.70775,200.43899250030518,-9.554228716748238,-5.592300800796958,2.921846140531049,2.650260150243047,0.0
1786995517.8136876,200.5449299812317,-9.554228716748238,-5.592300800796958,2.921846140531049,2.650260150243047,0.0
1786995517.9165514,200.64779376983643,-9.554228716748238,-5.592300800796958,2.921846140531049,2.650260150243047,0.0
1786995518.0240436,200.75528597831726,-9.554228716748238,-5.592300800796958,2.921846140531049,2.650260150243047,0.0
1786995518.127667,200.85890936851501,-9.554228716748238,-5.592300800796958,2.921846140531049,2.650260150243047,0.0
1786995518.2354674,200.96670985221863,-9.554228716748238,-5.592300800796958,2.921846140531049,2.650260150243047,0.0
1786995518.3385925,201.06983494758606,-9.554228716748238,-5.592300800796958,2.921846140531049,2.650260150243047,0.0
1786995518.4426785,201.17392086982727,-9.554228716748238,-5.592300800796958,2.921846140531049,2.650260150243047,0.0
1786995518.5472078,201.2784502506256,-9.554228716748238,-5.592300800796958,2.921846140531049,2.650260150243047,0.0
1786995518.6509511,201.38219356536865,-9.554228716748238,-5.592300800796958,2.921846140531049,2.650260150243047,0.0
1786995518.7551734,201.4864158630371,-9.554228716748238,-5.592300800796958,2.921846140531049,2.650260150243047,0.0
1786995518.8635085,201.59475088119507,-9.554228716748238,-5.592300800796958,2.921846140531049,2.650260150243047,0.0
1786995518.969373,201.70061540603638,-9.554228716748238,-5.592300800796958,2.921846140531049,2.650260150243047,0.0
1786995519.080127,201.8113694190979,-9.554228716748238,-5.592300800796958,2.921846140531049,2.650260150243047,0.0
1786995519.1850483,201.91629076004028,-9.554228716748238,-5.592300800796958,2.921846140531049,2.650260150243047,0.0
1786995519.2860773,202.01731967926025,-9.554228716748238,-5.592300800796958,2.921846140531049,2.650260150243047,0.0
1786995519.3898528,202.12109518051147,-9.554228716748238,-5.592300800796958,2.921846140531049,2.650260150243047,0.0
1786995519.4902446,202.2214870452881,-9.554228716748238,-5.592300800796958,2.921846140531049,2.650260150243047,0.0
1786995519.593901,202.32514333724976,-9.554228716748238,-5.592300800796958,2.921846140531049,2.650260150243047,0.0
1786995519.6962986,202.42754101753235,-9.554228716748238,-5.592300800796958,2.921846140531049,2.650260150243047,0.0
1786995519.7999692,202.53121161460876,-9.554228716748238,-5.592300800796958,2.921846140531049,2.650260150243047,0.0
1786995519.903583,202.63482546806335,-9.554228716748238,-5.592300800796958,2.921846140531049,2.650260150243047,0.0
1786995520.0058284,202.7370707988739,-9.554228716748238,-5.592300800796958,2.921846140531049,2.650260150243047,0.0
1786995520.108393,202.83963537216187,-9.554228716748238,-5.592300800796958,2.921846140531049,2.650260150243047,0.0
1786995520.209579,202.94082140922546,-9.554228716748238,-5.592300800796958,2.921846140531049,2.650260150243047,0.0
1786995520.3100348,203.04127717018127,-9.554228716748238,-5.592300800796958,2.921846140531049,2.650260150243047,0.0
1786995520.411771,203.14301347732544,-9.554228716748238,-5.592300800796958,2.921846140531049,2.650260150243047,0.0
1786995520.5161276,203.24737000465393,-9.554228716748238,-5.592300800796958,2.921846140531049,2.650260150243047,0.0
1786995520.6178765,203.3491189479828,-9.554228716748238,-5.592300800796958,2.921846140531049,2.650260150243047,0.0
1786995520.7221766,203.45341897010803,-9.554228716748238,-5.592300800796958,2.921846140531049,2.650260150243047,0.0
1786995520.825145,203.556387424469,-9.554228716748238,-5.592300800796958,2.921846140531049,2.650260150243047,0.0
1786995520.9260495,203.65729188919067,-9.554228716748238,-5.592300800796958,2.921846140531049,2.650260150243047,0.0
1786995521.028971,203.76021337509155,-9.554228716748238,-5.592300800796958,2.921846140531049,2.650260150243047,0.0
1786995521.1301467,203.86138916015625,-9.554228716748238,-5.592300800796958,2.921846140531049,2.650260150243047,0.0
1786995521.2325523,203.96379470825195,-9.554228716748238,-5.592300800796958,2.921846140531049,2.650260150243047,0.0
1786995521.332897,204.0641393661499,-9.554228716748238,-5.592300800796958,2.921846140531049,2.650260150243047,0.0
1786995521.4353356,204.1665780544281,-9.554228716748238,-5.592300800796958,2.921846140531049,2.650260150243047,0.0
1786995521.5391278,204.27037024497986,-9.554228716748238,-5.592300800796958,2.921846140531049,2.650260150243047,0.0
1786995521.6444788,204.37572121620178,-9.554228716748238,-5.592300800796958,2.921846140531049,2.650260150243047,0.0
1786995521.7498794,204.48112177848816,-9.554228716748238,-5.592300800796958,2.921846140531049,2.650260150243047,0.0
1786995521.8535209,204.58476328849792,-9.554228716748238,-5.592300800796958,2.921846140531049,2.650260150243047,0.0
1786995521.9588068,204.69004917144775,-9.554228716748238,-5.592300800796958,2.921846140531049,2.650260150243047,0.0
1786995522.061606,204.79284834861755,-9.554228716748238,-5.592300800796958,2.921846140531049,2.650260150243047,0.0
1786995522.1660821,204.89732456207275,-9.554228716748238,-5.592300800796958,2.921846140531049,2.650260150243047,0.0
1786995522.270263,205.00150537490845,-9.554228716748238,-5.592300800796958,2.921846140531049,2.650260150243047,0.0
1786995522.3730273,205.1042697429657,-9.554228716748238,-5.592300800796958,2.921846140531049,2.650260150243047,0.0
1786995522.4739408,205.20518326759338,-9.554228716748238,-5.592300800796958,2.921846140531049,2.650260150243047,0.0
1786995522.5762944,205.30753684043884,-9.554228716748238,-5.592300800796958,2.921846140531049,2.650260150243047,0.0
1786995522.6788518,205.41009426116943,-9.554228716748238,-5.592300800796958,2.921846140531049,2.650260150243047,0.0
1786995522.780787,205.51202940940857,-9.554228716748238,-5.592300800796958,2.921846140531049,2.650260150243047,0.0
1786995522.881132,205.6123743057251,-9.554228716748238,-5.592300800796958,2.921846140531049,2.650260150243047,0.0
1786995522.9836502,205.71489262580872,-9.554228716748238,-5.592300800796958,2.921846140531049,2.650260150243047,0.0
1786995523.0842595,205.81550192832947,-9.554228716748238,-5.592300800796958,2.921846140531049,2.650260150243047,0.0
1786995523.1858356,205.91707801818848,-9.554228716748238,-5.592300800796958,2.921846140531049,2.650260150243047,0.0
