t_wall,t_rel,x,y,z,yaw,speed_est
1786995096.21353,3.0468132495880127,-1.5450197851739227e-05,1.0529254635945894e-05,-0.004175216991844824,2.4051055251898296e-05,0.0
1786995096.228168,3.0614511966705322,-1.9311143028736314e-05,1.1268611455048545e-05,-0.0041368268120374335,4.050103977551364e-05,0.0026363617969867143
1786995096.236179,3.069462299346924,-2.5050409867156252e-05,5.348300729256644e-06,-0.004098480905413898,6.558184020827244e-05,0.004896006994326415
1786995096.2512226,3.084505796432495,-2.8652123685111343e-05,-1.6505319735283041e-06,-0.004054861608660275,8.818243232542819e-05,0.0029463759352070847
1786995096.2665577,3.0998408794403076,-2.504914797336837e-05,-5.069034698930356e-06,-0.004004914209218204,0.00010242069535414842,0.0032731304896679277
1786995096.2843738,3.117656946182251,-2.543025155100559e-05,-5.076257716227906e-06,-0.0039442854961630885,0.00010239013423601819,0.0034031030604855907
1786995096.291177,3.124460220336914,-2.587461339251939e-05,-5.039100606315898e-06,-0.0038714336282812956,0.00010254847257822314,0.010708554570457348
1786995096.3021617,3.1354448795318604,-3.2209152195394094e-05,-1.0079211205732783e-05,-0.0037904659258292048,8.652148304481508e-05,0.007407727155361652
1786995096.3182364,3.151519536972046,-4.881974329792048e-05,-2.093996994811664e-05,-0.0037060350793482605,6.632534990549141e-05,0.00539557227190288
1786995096.3321948,3.165477991104126,-6.109546955886612e-05,-2.85227750120422e-05,-0.0036203526303324324,4.994660542527762e-05,0.0062248198729140634
1786995096.3434496,3.1767327785491943,-7.078545452291743e-05,-3.204736700236738e-05,-0.003535897213499853,3.381969674681248e-05,0.007559674049797302
1786995096.352813,3.18609619140625,-8.15127652302128e-05,-2.953868712483368e-05,-0.0034543709401267247,1.6463912852683825e-05,0.008786033506804534
1786995096.3745093,3.2077925205230713,-9.606409546659099e-05,-2.3292982677831244e-05,-0.003375830319117361,-3.3355729958353535e-06,0.0036928379875166874
1786995096.3894563,3.2227394580841064,-0.00010107888246736953,-1.796530319643492e-05,-0.0032982496023959904,-1.9740537183935488e-05,0.005213440058795896
1786995096.4040992,3.237382411956787,-0.00010478570062870645,-1.1872761205675198e-05,-0.0032212292063214035,-2.1690446785981798e-05,0.005282394629271058
1786995096.4095597,3.24284291267395,-0.00012566992963663142,-4.046904038281269e-06,-0.0031440114985776604,-4.418408933736287e-05,0.014719151101546894
1786995096.4219372,3.255220413208008,-0.00015105959626015317,9.908617878294442e-06,-0.003062760844041265,-0.00010260836334907182,0.006969224709218233
1786995096.4364161,3.2696993350982666,-0.00017249461900448507,2.4262226601529498e-05,-0.0029827202208874345,-0.00016017498155188848,0.005808105831739969
1786995096.4493365,3.2826197147369385,-0.00017860814716541624,3.3002087313186866e-05,-0.002903030240587405,-0.0001954030690098381,0.006222772301895026
1786995096.4593027,3.292585849761963,-0.0001824341586702749,3.0123044670857273e-05,-0.0028157904684004906,-0.0002107557959044533,0.008766796437434015
1786995096.47772,3.3110032081604004,-0.0001874733980461523,2.628250818952085e-05,-0.002727162218371215,-0.00023000004120276473,0.00482449391512142
1786995096.5044844,3.3377676010131836,-0.00018718316211278397,2.8266012816120767e-05,-0.0026354534956289505,-0.00022514821734315115,0.003427338322954695
1786995096.519912,3.3531951904296875,-0.0001890428666061905,3.474390881048542e-05,-0.002544953370626865,-0.00021798601242121663,0.005882365903862912
1786995096.5263104,3.359593629837036,-0.00020880021067839214,4.808909914873945e-05,-0.0024555277303608264,-0.00021418917554912308,0.014464371156875828
1786995096.5402474,3.373530626296997,-0.00023105298703311215,6.61514425799776e-05,-0.0023638561030672745,-0.00021142119133398337,0.006891549167894293
1786995096.552987,3.38627028465271,-0.00024708793735131674,8.811655761260478e-05,-0.0022715986295641505,-0.00020927540487684302,0.007549830481692109
1786995096.5691793,3.4024624824523926,-0.00025899458192262545,0.00011542048548018186,-0.0021818185742419685,-0.00020784201618388124,0.005841853464940808
1786995096.5771656,3.4104487895965576,-0.0002653992297535257,0.00014190893825716003,-0.002094637141795072,-0.00020619209631184696,0.011437256873228361
1786995096.5881133,3.421396493911743,-0.0002858028831069974,0.00017109846148543844,-0.0020103021723631223,-0.00020825416332295572,0.008362145512797606
1786995096.6109707,3.444253921508789,-0.0003168758562535491,0.00020639043111040983,-0.0019290744702694165,-0.0002535559821097651,0.004106159017250829
1786995096.6202097,3.4534928798675537,-0.0003426758585073057,0.00023940199080282066,-0.0018460864304362043,-0.0003630114784029794,0.010062238865275732
1786995096.6363106,3.4695937633514404,-0.00036562581623851873,0.0002719576372146259,-0.0017630792382740262,-0.0004619431919680185,0.005718279180880148
1786995096.647935,3.481218099594116,-0.0003825259604550604,0.00030936310528821554,-0.001681004185235986,-0.000551883160075733,0.007894346840656893
1786995096.659627,3.492910146713257,-0.0003983681240844188,0.00035169456468245075,-0.0015932632426277349,-0.0006370343512969082,0.008441509679440568
1786995096.6713846,3.5046677589416504,-0.0004056206245772196,0.00039630868118129025,-0.0014965534577842873,-0.0007158359409713067,0.009079319280556197
1786995096.6842504,3.517533540725708,-0.00041086993054097485,0.00043669567959449425,-0.0013913871992567925,-0.0007909401652167197,0.008765639169022775
1786995096.6932826,3.5265657901763916,-0.0004153481121134332,0.00047357068250794944,-0.0012842798015867823,-0.0008593351794635552,0.012551230412581013
1786995096.7121596,3.545442819595337,-0.0004075646773548083,0.0005106479160570858,-0.0011758366860747382,-0.0009170454399068093,0.006085195565701555
1786995096.7508116,3.584094762802124,-0.0004075646773548083,0.0005106479160570858,-0.0011758366860747382,-0.0009170454399068093,0.0
1786995096.751434,3.584717273712158,-0.0003767672675649753,0.0005437498436548429,-0.0010608077247821895,-0.0009695836818813356,0.19854371864706544
1786995096.7518792,3.585162401199341,-0.0003540425344934019,0.0005634012761869457,-0.000934578189354246,-0.001015833076453836,0.2915018652456136
1786995096.752168,3.585451126098633,-0.0003352298348041057,0.0005798421235831127,-0.0008034272763220718,-0.0010250580410463904,0.4624106886799405
1786995096.763766,3.5970492362976074,-0.00032259950052971226,0.0005967793694813715,-0.0006719565422006121,-0.0010203760329373871,0.011480974873320313
1786995096.786348,3.619631290435791,-0.0003172396088352906,0.000617690097195851,-0.0005437030079161603,-0.0010153879646424093,0.005759330381175951
1786995096.792253,3.6255362033843994,-0.0003196997505267109,0.0006433709548652138,-0.00042074810619149167,-0.0010101700991891544,0.021275888140750106
1786995096.8053184,3.638601541519165,-0.0003345867185882549,0.0006744315821036807,-0.00030267605700522865,-0.0010085620146131626,0.009413722536349171
1786995096.8178775,3.651160717010498,-0.0003610245198214262,0.0007084283281937888,-0.00019062369331468432,-0.0010081480976562526,0.009558239712688212
1786995096.838183,3.671466112136841,-0.00038498049912397754,0.0007468659209717022,-8.45960695395262e-05,-0.001003169327176686,0.005678102583577581
1786995096.8513887,3.6846718788146973,-0.0004101285383929078,0.0007932180762280406,1.7390033649249126e-05,-0.0009899958580357256,0.0086941848424689
1786995096.861133,3.6944162845611572,-0.0004306629014126461,0.0008358248818928011,0.00012230042951018316,-0.0009188272840849036,0.011809757065943366
1786995096.8758159,3.709099054336548,-0.00044743835528983594,0.0008715968580188784,0.0002291085046673344,-0.0008481036577168244,0.007756137648773463
1786995096.894045,3.727328300476074,-0.00046423310420921524,0.0008974980067751442,0.00033512511764587777,-0.0007841439574518704,0.0060572692314653925
1786995096.9112816,3.7445647716522217,-0.0004877031019436702,0.0009130668706857397,0.00043675668959478747,-0.0007213068300777676,0.006118530428214167
1786995096.9180725,3.7513556480407715,-0.0005151084872449531,0.000919643468538491,0.0005324099556981224,-0.0006622065103529575,0.014684242450368394
1786995096.9302065,3.7634897232055664,-0.0005382797681484002,0.0009178957374170825,0.0006267647130000983,-0.0006386757968782304,0.008008355154586885
1786995096.9465835,3.7798666954040527,-0.0005508036968138948,0.0009187202494365665,0.0007275708299098044,-0.0006421839962481433,0.0062028838624309185
1786995096.9624212,3.7957043647766113,-0.0005564171789989514,0.0009192653419732113,0.0008302986071274804,-0.0006453013831453082,0.006496061809979975
1786995096.9701855,3.803468704223633,-0.0005476407693061899,0.000918150892276262,0.0009312429085678031,-0.0006490832297574511,0.013050850821178496
1786995096.991115,3.8243982791900635,-0.0005416341733538698,0.0009145464792318299,0.0010310293734494894,-0.0006520671150823033,0.00477945886795811
1786995097.0034401,3.8367233276367188,-0.0005267951919525607,0.0009028657017852116,0.0011297557391192342,-0.0006551446751959462,0.008155450547156275
1786995097.0147555,3.848038673400879,-0.0005077462402534284,0.0008907869001122349,0.001227513912706417,-0.0006602409643866859,0.008866416583494408
1786995097.023499,3.8567821979522705,-0.00049407518185348,0.0008801611503597533,0.0013222174045858792,-0.000662165460192537,0.011010815863272362
1786995097.0365815,3.8698647022247314,-0.0004881273152988811,0.000873951200537821,0.001414822873038707,-0.0006378593716599514,0.007109023881372091
1786995097.0591207,3.8924038410186768,-0.00047999752447708163,0.0008703970285370472,0.0015039121869796293,-0.0006147368766828952,0.003972204084348803
1786995097.0935383,3.92682147026062,-0.00047999752447708163,0.0008703970285370472,0.0015039121869796293,-0.0006147368766828952,0.0
1786995097.0944464,3.927729606628418,-0.00046157284048531204,0.0008706170945014266,0.0015873205335973015,-0.0005903148701896021,0.09406007559519498
1786995097.0947187,3.928001880645752,-0.00044102300339111423,0.0008799463542124475,0.0016707149928303286,-0.0005496472467243627,0.31730626564685555
1786995097.0949426,3.9282257556915283,-0.00042331965046057013,0.0008965790082879023,0.0017575690771410996,-0.00048153380353565725,0.4028450295578728
1786995097.108288,3.9415712356567383,-0.000413476354641301,0.0009107580588529062,0.0018445854471452125,-0.0004192863435246941,0.006647329780528366
1786995097.1372278,3.970510959625244,-0.0004087206899170034,0.0009270584786768951,0.0019299673842955098,-0.0003634757777856323,0.003008113653569647
1786995097.1541836,3.987466812133789,-0.00042293304747797626,0.0009450845564541063,0.002014698272445263,-0.00031107151157000414,0.005177284482482834
1786995097.165256,3.9985392093658447,-0.0004371065073682591,0.000965985247368808,0.002100793582132103,-0.0002924437932741571,0.008103259371030085
1786995097.1732628,4.0065460205078125,-0.00044848823152553305,0.0009871231390920672,0.00218466224541302,-0.00028807651492074467,0.01089535781487315
1786995097.190258,4.023541212081909,-0.0004519206714259421,0.0010031038241396387,0.0022659794793831733,-0.00030444886033662206,0.004880421280809019
1786995097.1991043,4.0323874950408936,-0.00044538831869005434,0.001019832862095575,0.002344810260889285,-0.0003160539906467132,0.009139503099601189
1786995097.2114196,4.044702768325806,-0.00043304837019701264,0.0010411675626136381,0.0024215608890955226,-0.0003229344739593915,0.0065455965316869305
1786995097.2204545,4.053737640380859,-0.0004181986127370255,0.001067177661804755,0.0024964953166405277,-0.00032643976241685153,0.008931865155293336
1786995097.235183,4.0684661865234375,-0.00041680799378058977,0.001097265940932624,0.002570825111413655,-0.00032931824277033746,0.005445257604293895
1786995097.2441883,4.077471494674683,-0.000412956141620526,0.0011310432764451192,0.002644437380276171,-0.0003300519656447614,0.009003951752303261
1786995097.257305,4.090588092803955,-0.00041832301499214204,0.0011665185743512591,0.002716264419825448,-0.00032812085269017557,0.0061212231313394014
1786995097.2683241,4.101607322692871,-0.0004220467263137951,0.001205715417402181,0.0027947410071528372,-0.0003260792297389093,0.007967885475813683
1786995097.287734,4.121017217636108,-0.0003950017331150271,0.001252018682548313,0.002977031804604166,-0.00032672088825751026,0.009789548180675761
1786995097.2996175,4.132900714874268,-0.0003363015856504341,0.0013059980354661784,0.0033447871692307354,-0.0003267780900571368,0.0316659632203929
1786995097.317318,4.150601148605347,-0.0002793740972082176,0.0013686768570525228,0.003932647073111348,-0.0003284789373582049,0.03355434501161544
1786995097.3272612,4.160544395446777,-0.00023817274116737927,0.0014371558023557466,0.004752840760744802,-0.00032950279093036283,0.08287816295839047
1786995097.3379254,4.171208620071411,-0.00022127245102446108,0.0015101263518794137,0.005805551427028009,-0.0003289078962080548,0.09896378232960407
1786995097.3533237,4.1866068840026855,-0.00021986827451733943,0.0015862314955920856,0.007088386430948751,-0.0003309609238873276,0.0834568943075985
1786995097.3642452,4.19752836227417,-0.0002199065161792432,0.001662018962381382,0.008601820025439098,-0.00033082563172570666,0.13874770016902113
1786995097.3802474,4.213530540466309,-0.00022090306795004888,0.001741622619469573,0.010341897114232099,-0.00033106579281772636,0.10885375875404983
1786995097.3935184,4.226801633834839,-0.0002079047691413897,0.0018242018671433156,0.012307087131528713,-0.00033334617481557276,0.14821440686454448
1786995097.4134076,4.24669075012207,-0.0002079047691413897,0.0018242018671433156,0.012307087131528713,-0.00033334617481557276,0.0
1786995097.413935,4.247218132019043,-0.0001716698044461002,0.0019073163836419316,0.014491873978427411,-0.0003354204111994855,4.146269464824699
1786995097.4216912,4.254974365234375,-0.00011902581858568073,0.00198952547364482,0.01688995636754269,-0.0003380456009359265,0.30943738367647317
1786995097.4283733,4.2616565227508545,-6.894929500560494e-05,0.0020694862782304688,0.019498927005300495,-0.0003395818704797834,0.39069357368454743
1786995097.4425151,4.275798320770264,-3.476598680435108e-05,0.0021423786235082822,0.022312194550070108,-0.0003423284775832112,0.19901424906693088
1786995097.4632854,4.2965686321258545,-3.089954224595204e-05,0.0022134719733246364,0.025323496069734164,-0.00034984977108129295,0.1450215670163378
1786995097.475168,4.308451175689697,-5.533684101865428e-05,0.002282620930482293,0.02852621407328272,-0.0003599238726227642,0.26960200854914007
1786995097.4842038,4.317487001419067,-7.48248035858028e-05,0.0023472574865099397,0.03191930763180321,-0.0003702388775310454,0.37558992424355114
1786995097.4970696,4.330352783203125,-6.478304151301796e-05,0.0024092203856696773,0.03549913674103213,-0.0003820559093219809,0.2782869681646246
1786995097.517337,4.350620269775391,-1.7429064634176617e-05,0.002472903636740099,0.039259874443838,-0.00039791272356221394,0.18559651814798173
1786995097.532503,4.365786075592041,5.520718347153384e-05,0.00253719284555199,0.043197126462109166,-0.0004162194857311415,0.2596925458262535
1786995097.5463283,4.379611492156982,0.00013631833812346132,0.002602718190462608,0.047304617163548474,-0.0004319996821044628,0.2971927808878958
1786995097.5544908,4.3877739906311035,0.0002047347593756356,0.002671041494404597,0.05157925033225942,-0.0004446073902296939,0.5238257100551929
1786995097.5697885,4.403071641921997,0.0002443782277510797,0.00273763037315198,0.05601584497938206,-0.0004566532216663789,0.2900622681176068
1786995097.5814364,4.414719581604004,0.00025111572128726277,0.0027988695442863164,0.06061035093793336,-0.00046765958374624025,0.39448341313904417
1786995097.5923429,4.425626039505005,0.00023913624746233698,0.0028555109739087604,0.0653584429853093,-0.0004766147489522321,0.43537920706313443
1786995097.6040242,4.437307357788086,0.00023100493278785703,0.0029086579329351977,0.07025644381326426,-0.00048518237988732284,0.419327321791519
1786995097.6222548,4.455538034439087,0.00023689945192913048,0.0029575385987883787,0.07530063124079295,-0.0004933675184509502,0.2766999712277036
1786995097.633714,4.466997146606445,0.00027245796681212394,0.003002885049767416,0.08048631530294717,-0.000505470261483729,0.45256597168354773
1786995097.6433864,4.476669549942017,0.0003498642693031865,0.0030435677518943836,0.08580864415674162,-0.0005207800777992201,0.5503334581973767
1786995097.6562119,4.489495038986206,0.00046842759813487593,0.0030788345612582004,0.09126222675917439,-0.0005368963830688786,0.42532376298049235
1786995097.7042613,4.53754448890686,0.00046842759813487593,0.0030788345612582004,0.09126222675917439,-0.0005368963830688786,0.0
1786995097.7047858,4.538069009780884,0.0006150528392035662,0.0031077791936380155,0.09684392643092157,-0.0005506392293709774,10.6453345928999
1786995097.7052093,4.538492441177368,0.000773618200361846,0.0031285840137276633,0.1025485946885421,-0.0005615727698336531,13.477766460700892
1786995097.7054152,4.538698434829712,0.0009404673422682139,0.0031420932845297018,0.108370346712241,-0.000573258302080963,28.273483429662903
1786995097.7056181,4.538901329040527,0.001081339169208678,0.0031534295175938676,0.11430916660144118,-0.0005821742551148582,29.278810974934697
1786995097.7231178,4.556401014328003,0.001193956759500668,0.0031679285238238406,0.12036365260538472,-0.0005889081725441912,0.3460376888972644
1786995097.7405057,4.57378888130188,0.0012883334985081454,0.0031856416463638703,0.12652650387111242,-0.0005967347002712972,0.354477022321252
1786995097.7504804,4.583763599395752,0.0013682340709427628,0.0032035146597772604,0.13279104293891597,-0.0006050021114508421,0.6280953531767376
1786995097.757647,4.590930223464966,0.0014401707520963294,0.0032195882156394297,0.13915528063598687,-0.0006077915954804717,0.8880980052527797
1786995097.7711308,4.604413986206055,0.0014923577576070933,0.0032294822655212704,0.14561619545215998,-0.000611430018518823,0.4791787929205003
1786995097.7880256,4.62130880355835,0.0015416393339502535,0.0032328943690508836,0.15216993396141867,-0.0006142862271765548,0.3879251576011426
1786995097.7989001,4.632183313369751,0.0016000031531435204,0.0032326501381596214,0.15881187614049078,-0.0006148791233881707,0.610804415092218
1786995097.8096995,4.642982721328735,0.001672945115156467,0.0032303272315195026,0.16553530479998085,-0.0006161329807485591,0.6226104936042313
1786995097.8252933,4.658576488494873,0.001776706385397277,0.0032220901758923384,0.1723368350543785,-0.0006142816703727812,0.43622086902516416
1786995097.8444388,4.677721977233887,0.0018920278421382093,0.0032088606882487653,0.17921630353949636,-0.000614656712311671,0.3593769688612233
1786995097.8554296,4.68871283531189,0.001995772503201246,0.0031971656865774647,0.1861719905638641,-0.0006162000166686945,0.6329324282799572
1786995097.8695233,4.70280647277832,0.0020893809225945616,0.0031863087888634096,0.19319897171698083,-0.0006166222224286837,0.49863727662834356
1786995097.8812194,4.714502573013306,0.0021740225559558376,0.003171116397496156,0.20029301787758025,-0.0006151767653961346,0.6065754577751542
1786995097.8944821,4.727765321731567,0.0022506273340017393,0.0031488384886937493,0.2074485952778043,-0.0006133747776089109,0.5395579957243147
1786995097.9279711,4.76125431060791,0.0022506273340017393,0.0031488384886937493,0.2074485952778043,-0.0006133747776089109,0.0
1786995097.9285114,4.761794567108154,0.0023350043809734536,0.0031202176643472116,0.2146634413550299,-0.0006154153536262066,13.355500975677987
1786995097.9306366,4.763919830322266,0.0024393869373744645,0.0030811288653973144,0.22193593213404736,-0.0006186286881896192,3.4223266249749247
1786995097.9308994,4.7641825675964355,0.0025509310279896364,0.003031812997519795,0.22926466187289954,-0.0006216542409472863,27.897619302950897
1786995097.94912,4.782403230667114,0.002662859162680989,0.002975011570340258,0.2366465747369203,-0.0006256810045853058,0.4051981998032669
1786995097.9624827,4.7957658767700195,0.002771562610895459,0.002915026303239558,0.24407926276444067,-0.000626039290053507,0.5563063519987171
1786995097.9742482,4.807531356811523,0.0028801115807681864,0.002853692263864327,0.25156163539585147,-0.0006194022847167622,0.6360481077306893
1786995097.9896781,4.822961330413818,0.0030151490361020683,0.002795869791628951,0.2590925785241389,-0.0006125385698823846,0.48816516771628987
1786995098.0010574,4.834340572357178,0.0031729757961365458,0.002739290843599759,0.26666777941488473,-0.0006040585304208718,0.6658665074723569
1786995098.013371,4.846654176712036,0.0033341786283847884,0.0026868754150359106,0.2742863800409108,-0.0005958183399949874,0.6188672248006342
1786995098.0221872,4.855470418930054,0.0034834221630893657,0.0026394506896213997,0.28194280168694896,-0.0005898228832940349,0.8686266482013375
1786995098.0332527,4.866535902023315,0.003624326725480822,0.0025992040628469797,0.2896325919208214,-0.0005852453699961191,0.6950610562501484
1786995098.057349,4.890632152557373,0.003761481511867044,0.0025685043748036947,0.2973531997501509,-0.0005773058667560226,0.3204601068449994
1786995098.0843027,4.917585849761963,0.003888834130448364,0.0025468048999753505,0.3051005928010797,-0.0005688727761764685,0.28747336683202823
1786995098.0847926,4.918075799942017,0.004029660088408166,0.002533518644776764,0.312872280970679,-0.0005625590257976042,15.864827989509955
1786995098.097918,4.931201219558716,0.004190800615626124,0.002523148644170833,0.3206639114918964,-0.0005556306949745116,0.5937565245448532
1786995098.1084094,4.941692590713501,0.004361978528859847,0.0025130983327989096,0.32847197358592456,-0.0005499485268367699,0.7444160163767652
1786995098.1310751,4.964358329772949,0.004527700020188026,0.002508021524883226,0.3362962220100977,-0.0005463425376036014,0.345279052474064
1786995098.1445255,4.977808713912964,0.004673317148279876,0.002505068670011798,0.34413404275755605,-0.0005401944239650545,0.5828215610351098
1786995098.1504123,4.9836955070495605,0.0047827578776590465,0.0025005679725872082,0.35198367931378294,-0.0005388978479972718,1.333561507276901
1786995098.1615252,4.9948084354400635,0.004832967336251916,0.0025002481077923988,0.3598441055278023,-0.0005414551887051711,0.7073371034422647
1786995098.1763523,5.0096354484558105,0.00483232032568906,0.002506834919637987,0.3677121737537016,-0.0005484426961003155,0.530657860841179
1786995098.1885283,5.021811485290527,0.00482313524025064,0.002523625226215359,0.37558835138557084,-0.0005536317980048114,0.6468607964281015
1786995098.1995656,5.032848834991455,0.00485236207700047,0.0025552078920041007,0.3834729345562148,-0.0005562241653701448,0.7143653872575515
1786995098.2111278,5.044410943984985,0.00493396493051878,0.002604813898858311,0.3913605169104103,-0.0005559601006635218,0.6822423528006779
1786995098.2294006,5.062683820724487,0.005066754639922001,0.0026696462978193893,0.3992452061060451,-0.0005503663217660129,0.4315726482190074
1786995098.2443366,5.077619791030884,0.00523135145319583,0.0027481478991988016,0.407125476727375,-0.000541185398072991,0.52774477780804
1786995098.254465,5.087748289108276,0.005403578491090616,0.0028337740497468115,0.41500033487508375,-0.0005312368474048527,0.7777270237311521
1786995098.2663343,5.0996174812316895,0.005565230409169641,0.002922881872167806,0.4228670820267202,-0.0005219271430793918,0.662969502396213
1786995098.2849352,5.118218421936035,0.005671974581055667,0.003013364226989232,0.43072892330283097,-0.0005139848268527681,0.42272520757244963
1786995098.3002467,5.133529901504517,0.005726906666623018,0.003103079653296743,0.4385837940098529,-0.0005025781848881872,0.5130513396136017
1786995098.306879,5.140162229537964,0.005765316613918252,0.0031920500811117186,0.4464306219265699,-0.000491040001409769,1.183208407800143
1786995098.3227909,5.156074047088623,0.005804751691493509,0.0032776306157024774,0.4542671732454473,-0.0004806991789136395,0.4925344194766826
1786995098.3325002,5.165783405303955,0.005855367992297062,0.0033614331479798185,0.4620886049078258,-0.00046887869782965663,0.8056190941104235
1786995098.3465018,5.1797850131988525,0.005925491405851073,0.00344269471185124,0.4698899645172784,-0.00045963476450885287,0.5572287135177476
1786995098.3601637,5.19344687461853,0.006001726792572018,0.003522300445025136,0.4776688285853957,-0.0004514631233311137,0.5694425292454707
1786995098.366974,5.200257301330566,0.006060839651549667,0.0036018010344641394,0.48542489320321813,-0.00044609813269807044,1.1389443906585675
1786995098.387501,5.2207841873168945,0.006101239694743878,0.003681389553567318,0.4931567856014589,-0.00044432857050258654,0.37669657040934496
1786995098.4022617,5.235544919967651,0.006140895772617945,0.003759206786287824,0.5008628850375887,-0.0004438892252819741,0.5221010733944205
1786995098.4192607,5.252543926239014,0.0061852796716079,0.0038359570428082236,0.5085418850835915,-0.00044172252588922195,0.45176239871938395
1786995098.424882,5.258165121078491,0.006232148101417855,0.003910414495360145,0.5161912482245794,-0.000440176147977032,1.3608973365829333
1786995098.4369702,5.270253419876099,0.006300051719596065,0.0039792804639248785,0.5238097735432578,-0.00044185021045378193,0.6302904388765153
1786995098.4489706,5.282253742218018,0.006396329207417324,0.004041670411641833,0.5313980360180686,-0.0004469909242169615,0.632410485341576
1786995098.4624376,5.295720815658569,0.006516211502338293,0.004098969174116656,0.5389558901992704,-0.00045382786072853274,0.5612965659404145
1786995098.4765835,5.309866666793823,0.006650685699065497,0.0041523461896518,0.5464813658786452,-0.00046028163113817427,0.5320900276107534
1786995098.485373,5.3186562061309814,0.006798686013493576,0.0042015992553710935,0.5539736824093229,-0.00047124759663968237,0.8525975853652243
1786995098.5064266,5.339709758758545,0.006918529727566083,0.004253501392979206,0.5614361744384034,-0.0004845932324819334,0.35450714084729107
1786995098.5302672,5.363550424575806,0.007023575612414931,0.004310231679350821,0.5688660855804686,-0.0004932129529869752,0.31168887220718144
1786995098.5311928,5.364475965499878,0.007120503284691604,0.004369943078069332,0.5762623787497644,-0.0004982555563781792,7.992266001724369
1786995098.5414863,5.374769449234009,0.007212140446449427,0.004432865732479612,0.5836209987879558,-0.0004991665002157683,0.7149629593604094
1786995098.5530486,5.386331796646118,0.007293440361868678,0.004498496509275266,0.5909401765890143,-0.0004995124037697483,0.6330828237370234
1786995098.5752876,5.408570766448975,0.007375136944613262,0.00456432801365908,0.59821919599648,-0.0005007445983106208,0.32734319919859073
1786995098.5859025,5.419185638427734,0.007483968614666118,0.004630786918901729,0.6054589831657924,-0.0004984569229189301,0.6821476636878875
1786995098.5962334,5.429516553878784,0.0076168694139414515,0.004699082650459823,0.6126594421001106,-0.0004953833084156268,0.6971317482900999
1786995098.612138,5.44542121887207,0.007753653443315252,0.004770242839569272,0.6198177461469108,-0.0004927392355303535,0.4501801465925313
1786995098.6263027,5.459585905075073,0.007885903461951659,0.004843345195422324,0.6269312190474409,-0.0004889846551336895,0.5023110008680324
1786995098.636106,5.469389200210571,0.00801990152240962,0.00491401678691916,0.6339980257373466,-0.0004855786066740282,0.7210259602537931
1786995098.6462033,5.479486465454102,0.00815664877974489,0.00498475379076706,0.6410205333560434,-0.00048368143539879126,0.6956532219096426
1786995098.6585355,5.49181866645813,0.008272879127506582,0.005055808957274509,0.6480008034544223,-0.0004747566638735993,0.5661275964767083
1786995098.6718194,5.505102634429932,0.008360107605613697,0.00512650071085722,0.654936847283745,-0.0004648378981345231,0.5222048506350497
1786995098.6834228,5.5167059898376465,0.008440816916470072,0.005202765590976518,0.6618277999017886,-0.00045533618452225927,0.5939529552199682
1786995098.6948016,5.528084754943848,0.008510595985546019,0.005287855155505998,0.6686703235243928,-0.0004446256026374286,0.601419254342682
1786995098.715525,5.5488080978393555,0.008577939778869307,0.005381393112355198,0.6754646206370133,-0.0004393836139440345,0.327904368545249
1786995098.7266138,5.559896945953369,0.008664089891203187,0.005479833964486745,0.6822133635657136,-0.00043312373952610755,0.6087206321820205
1786995098.7394242,5.572707414627075,0.008786811749739635,0.005581052094322257,0.6889148431843183,-0.0004271640066060803,0.5232726137010831
1786995098.7474308,5.580713987350464,0.008945953046010667,0.005683126665877505,0.6955647808563983,-0.0004213772784649198,0.8308954394097948
1786995098.75912,5.592403173446655,0.009113066679560808,0.005781483896250564,0.7021629343890056,-0.0004153489121953293,0.5647101713935261
1786995098.77294,5.606223106384277,0.009266807916666023,0.005876387061311552,0.7087102454463492,-0.0004118690492289511,0.4739388726656268
1786995098.7903414,5.623624563217163,0.009429080048269102,0.005958518603861554,0.7152063446979584,-0.0004094270142898764,0.37345406146296145
1786995098.802056,5.635339260101318,0.009607103669751732,0.0060185592467835464,0.7216473705650026,-0.0004049638777284593,0.5500582204083849
1786995098.8124068,5.645689964294434,0.00981722618959305,0.006059153822678904,0.7280311863132316,-0.00040228517589226587,0.6170982930733775
1786995098.8315215,5.664804697036743,0.010040332300657187,0.006081612483068024,0.7343585462595087,-0.00040024860729017444,0.33122785777536135
1786995098.8442464,5.677529573440552,0.010255914779041975,0.006092133414194977,0.7406297240990243,-0.0003969167686597089,0.4931200017048282
1786995098.8561277,5.689410924911499,0.010445970756338359,0.006093313575020128,0.7468432807283422,-0.00039127411086444734,0.5232117514130722
1786995098.8684046,5.701687812805176,0.010609392626055742,0.00608951981753597,0.752997806543474,-0.00038367349983880794,0.501486723292955
1786995098.8781986,5.711481809616089,0.010757331579404285,0.006082594645634045,0.7590909047004932,-0.00037528508274613595,0.6223095540472705
1786995098.9004304,5.733713626861572,0.010757331579404285,0.006082594645634045,0.7590909047004932,-0.00037528508274613595,0.0
1786995098.9010153,5.734298467636108,0.010900802310499565,0.00607274899354029,0.7651217824255773,-0.000370743260714214,10.314930694557946
1786995098.9047542,5.738037347793579,0.011043457949543457,0.0060639620744720735,0.7710905076734963,-0.0003663614581057522,1.5968514611595315
1786995098.9139438,5.74722695350647,0.01118203477537825,0.006057406435422963,0.7769963051201774,-0.00036160182427972084,0.6428378829092215
1786995098.9397337,5.773016929626465,0.011328288662092706,0.0060491857170244315,0.7828392131665117,-0.00035784257530489187,0.22662851469926149
1786995098.9513588,5.784641981124878,0.011468951232653549,0.006029286368063515,0.788621052507415,-0.0003482598556720239,0.4975104295900415
1786995098.964266,5.797549247741699,0.011602360297537914,0.005996204700506443,0.7943391698127348,-0.00033717483675074056,0.44314332474153784
1786995098.9772904,5.810573577880859,0.011736933065970985,0.005951369745475901,0.7999915377562304,-0.0003311527106441899,0.43412193858005427
1786995098.9946425,5.827925682067871,0.011884967422625374,0.005898209232556935,0.8055790566651281,-0.00031869465685676403,0.32213570710860984
1786995099.010286,5.843569278717041,0.012063703003491636,0.005842611780480577,0.8111052952524299,-0.0003103520252871112,0.35346141331701875
1786995099.02015,5.853433132171631,0.012290178266031656,0.0057832588914051245,0.81657159921744,-0.0003076988947171252,0.5546833683023212
1786995099.034227,5.867510080337524,0.01254610343473305,0.00571405588455804,0.8219767829206749,-0.0003090207695810311,0.3844357118168963
1786995099.049571,5.882854223251343,0.012813120997307918,0.005630999484031546,0.8273190064841679,-0.00031486654107727876,0.3486370879209242
1786995099.062308,5.8955912590026855,0.013050528324430748,0.005538760618012777,0.8326008866758587,-0.0003194651576356794,0.41516861210555817
1786995099.0742068,5.907490015029907,0.013238423597483964,0.005437575392619952,0.8378206669546369,-0.00031969998349785385,0.4390493420695962
1786995099.0857651,5.919048309326172,0.013375322305535085,0.005329173620718042,0.8429780094156982,-0.0003193730448168463,0.4464584198267278
1786995099.0986567,5.9319398403167725,0.013482267106677208,0.005214252741916486,0.8480738154990507,-0.00031957423337831015,0.395470761418177
1786995099.110381,5.943664073944092,0.013592434345819035,0.005093681816976964,0.8531104129367488,-0.00032063491538520967,0.42981442853577806
1786995099.12597,5.9592530727386475,0.013724329023447265,0.004971596459117396,0.8580876914271015,-0.000324963578862799,0.3194895546919344
1786995099.1393335,5.972616672515869,0.013865082314733943,0.004848877695649404,0.8630040110040956,-0.00033189916640269585,0.3681541555837033
1786995099.1512587,5.984541893005371,0.014016920702849614,0.004730166728978933,0.8678567800633569,-0.00033751875235739484,0.40725410295965014
1786995099.1722639,6.005547046661377,0.014177309600895603,0.00461952863178347,0.8726463991791287,-0.00034110454236048276,0.2282097458107359
1786995099.1864867,6.019769906997681,0.014333844710806192,0.0045241121592724766,0.8773746942679214,-0.00035045836593851213,0.3326931093886727
1786995099.1966856,6.029968738555908,0.014471459932326954,0.004451341647050235,0.8820418578027907,-0.0003625044047852895,0.4578719587811352
1786995099.210538,6.043821096420288,0.014602432317106477,0.00439667688267379,0.8866483065997028,-0.000373851647002271,0.3326967586694848
1786995099.2437022,6.0769853591918945,0.014602432317106477,0.00439667688267379,0.8866483065997028,-0.000373851647002271,0.0
1786995099.2442327,6.0775158405303955,0.01474767937684816,0.004354303640631517,0.891195522148172,-0.0003817115518630457,8.576610879102653
1786995099.2444584,6.077741622924805,0.014904438984078144,0.004322339183221333,0.8956799042671323,-0.00039062782220041176,19.874158258186366
1786995099.2505906,6.083873748779297,0.015053889483468853,0.00429896877559852,0.9000991830280665,-0.00040031137114720296,0.721098514591248
1786995099.2622135,6.095496654510498,0.015180621592137053,0.004281018874384244,0.9044517507340317,-0.00040986531620357394,0.3746437782865015
1786995099.283817,6.117100238800049,0.015280049017010994,0.004266373328291791,0.9087381733178093,-0.0004212110892096452,0.19846709409973468
1786995099.2943778,6.1276609897613525,0.015369830754033656,0.004247888755830701,0.9129607571633798,-0.0004323031367975791,0.3999316605798648
1786995099.3086865,6.141969680786133,0.015457090215320607,0.004225049195847827,0.9171199975075199,-0.00044541658830765847,0.29074764898113464
1786995099.3274171,6.16070032119751,0.015529684377992245,0.004199188702518608,0.921218520258831,-0.00045572878024059015,0.21885248380551273
1786995099.3355107,6.1687939167022705,0.015594380122167744,0.00417221931191419,0.9252544816129114,-0.0004688304515345703,0.49873630883421993
1786995099.3579905,6.1912736892700195,0.015594380122167744,0.00417221931191419,0.9252544816129114,-0.0004688304515345703,0.0
1786995099.3585162,6.1917994022369385,0.015659338453789726,0.004144630371868356,0.9292283793746838,-0.0004804719822225574,7.56025558379042
1786995099.369472,6.2027552127838135,0.01571992742666477,0.004121726208314972,0.9331414109010994,-0.0004926881326739011,0.3572138804466678
1786995099.383437,6.216720104217529,0.015774324074591867,0.0041005730764590055,0.9369945980577202,-0.000503160492061992,0.2759512438585969
1786995099.3958158,6.2290990352630615,0.015819914428504413,0.0040726464581808544,0.9407873209223424,-0.0005076717286629302,0.30641576851334806
1786995099.4112973,6.244580507278442,0.015872358150018438,0.004037981268579831,0.9445171534479724,-0.0005121080884558994,0.24095656210150004
1786995099.4192142,6.252497434616089,0.0159460471741928,0.003997095031218092,0.948183710860662,-0.0005182578116968051,0.4632511552314132
1786995099.4320655,6.265348672866821,0.01603755955527127,0.003953441983598912,0.951789392978454,-0.0005251996110186329,0.2806816983690134
1786995099.4432847,6.2765679359436035,0.016122398730742626,0.0039107568531812865,0.9553389768780858,-0.000528363362004067,0.3164962063979938
1786995099.4623106,6.295593738555908,0.016177077684813756,0.0038738018571385143,0.9588343096379254,-0.000534981295750021,0.18374813483124974
1786995099.4759998,6.309283018112183,0.01619150883111528,0.003840438873899516,0.9622759559959326,-0.0005399866355600342,0.2514258184902486
1786995099.489207,6.322490215301514,0.01616884493591945,0.0038088971982598863,0.9656622918989856,-0.0005441500343128991,0.25641766264984134
1786995099.498725,6.332008123397827,0.016139364784266995,0.0037814784469255235,0.9689921621082473,-0.0005511032412359998,0.34987872856297875
1786995099.5174267,6.350709915161133,0.016118265333589083,0.003761689304332337,0.9722657607813953,-0.0005611608314704865,0.17504881468250783
1786995099.5343804,6.367663621902466,0.016125446689532887,0.003750628658037249,0.9754816888878787,-0.0005731529592365138,0.18969038418861986
1786995099.5432618,6.376544952392578,0.016167652330895087,0.003750316669088635,0.9786412599378227,-0.0005821452646078983,0.35578598818932733
1786995099.5538108,6.387094020843506,0.016217075781219784,0.0037554211046589557,0.9817470834983522,-0.0005870962827325931,0.2944545279649054
1786995099.5732427,6.4065258502960205,0.016246962237215615,0.003752449548405734,0.984798674689738,-0.0005872555480107473,0.15704846483932028
1786995099.5844295,6.417712688446045,0.016245809838210105,0.0037366750042280247,0.9877952274099321,-0.0005925232118878743,0.2678678659444832
1786995099.5963442,6.429627418518066,0.016212187212978797,0.0037112272937893883,0.9907341719718656,-0.0005982659959937189,0.24669019184863447
1786995099.60731,6.440593242645264,0.016151834528323566,0.0036833822129916888,0.9936160898465263,-0.0006029945161170121,0.26287894163028885
1786995099.628209,6.461492300033569,0.01608727510489218,0.0036551226062188314,0.9964441555059496,-0.000602035733416094,0.13536225814384784
1786995099.6403213,6.473604440689087,0.016021929275954177,0.0036287461814276984,0.9992164654227935,-0.000598936243178688,0.22896079700543642
1786995099.6503322,6.483615398406982,0.015940175837481255,0.0035997211214429782,1.0019326775126645,-0.0005956459490614503,0.27146225296496823
1786995099.662346,6.495629072189331,0.015834785243185562,0.0035613353545840432,1.0045925532539617,-0.0005930234045661036,0.22160078860283133
1786995099.6798863,6.513169527053833,0.01571131542720101,0.0035100259365317735,1.0071982941924194,-0.0005911890841641622,0.14875150619357794
1786995099.6933007,6.526583909988403,0.015577692668245442,0.003451990990311004,1.009752888947086,-0.0005859107941508003,0.1907464027322167
1786995099.7033339,6.536617040634155,0.015468481651020877,0.0033932912953569994,1.0122573969760424,-0.0005797266724512128,0.24992948317452363
1786995099.7154152,6.548698425292969,0.015378402712949777,0.003336680472670966,1.0147076376330622,-0.0005753093597413544,0.20300233887186672
1786995099.7386782,6.571961402893066,0.015308594693581291,0.0032838847499780735,1.017102579507761,-0.0005723323635991563,0.10301951454258658
1786995099.7545035,6.587786674499512,0.015254336174618808,0.003236110290676736,1.0194431747269812,-0.0005699181447019155,0.14797290538984995
1786995099.7604983,6.593781471252441,0.015203237826857249,0.003196280582914806,1.0217308228491573,-0.000573019511312136,0.3817586230047285
1786995099.7717896,6.605072736740112,0.015142607406575368,0.003162685928876827,1.0239661505037412,-0.0005770555393264883,0.19806478792954546
1786995099.785657,6.618940114974976,0.015062163573579439,0.003132861991486368,1.0261481133120036,-0.0005788075270999377,0.15746659750464573
1786995099.8046691,6.6379523277282715,0.014962956354070729,0.0031082352650361766,1.028278398330341,-0.0005813599575358333,0.11217715784579967
1786995099.8213158,6.654598951339722,0.014859962253887117,0.003088504362371485,1.0303582394585107,-0.0005850230645569229,0.12509943353088462
1786995099.8327444,6.666027545928955,0.014743405986917623,0.0030756793571671895,1.0323886149550339,-0.0005909795410878013,0.17795352671794465
1786995099.8481183,6.681401491165161,0.014614835174006285,0.0030621729723002717,1.034369893342407,-0.0005970406852039199,0.1291465253253445
1786995099.8634915,6.69677472114563,0.014493927589578973,0.003047774625946795,1.0363037635817434,-0.0006072468515953706,0.1260437581953688
1786995099.8724356,6.705718755722046,0.014370587923700457,0.0030347114389072762,1.038191846132083,-0.0006174640282109689,0.21155463377224507
1786995099.8834217,6.716704845428467,0.014241188866426394,0.0030204394428496395,1.0400316842120878,-0.0006262521653448173,0.16788849955183638
1786995099.8985178,6.7318010330200195,0.014113980200864552,0.003002314616136148,1.0418225830707584,-0.0006421693783904668,0.11893748024753113
1786995099.91259,6.745873212814331,0.014017762639341385,0.0029749199151440885,1.0435689483219612,-0.0006582123203180387,0.12430400921669954
1786995099.92906,6.762343168258667,0.013948947328037427,0.002933717029513584,1.0452707990400085,-0.0006769554662652705,0.10344531548615307
1786995099.9377813,6.771064519882202,0.01389117569591178,0.0028790420686843274,1.0469259439770306,-0.0006998641055123612,0.1899998065588812
1786995099.9447103,6.777993440628052,0.01381754342622661,0.002816709600146539,1.0485358497612212,-0.0007232218931017389,0.23276262057035874
1786995099.9646714,6.797954559326172,0.013705179035367507,0.002747219785916313,1.050100677848658,-0.0007438658545736,0.0786727120317439
1786995099.9772758,6.810559034347534,0.013570687144644034,0.0026701664305662054,1.051622402885549,-0.0007592844148551258,0.12135362722595845
1786995099.9975073,6.8307905197143555,0.013409385554166361,0.002584941928514921,1.0531020790202168,-0.0007702671881204785,0.07369107482825382
1786995100.0012496,6.834532737731934,0.013216014097022449,0.0024957206890099744,1.0545394660976337,-0.0007777711789439685,0.3882931485923598
1786995100.016196,6.8494791984558105,0.013009948202484037,0.0024025782544060724,1.0559344029794189,-0.0007851174642647327,0.09454734015968538
1786995100.0314708,6.86475396156311,0.012808590749528885,0.0023046716503648725,1.0572881840207198,-0.0007900001860169562,0.08983256430110466
1786995100.0453658,6.878648996353149,0.012614892043259059,0.002197687685560884,1.0585985960392401,-0.000795638101011827,0.0956430611668572
1786995100.0552902,6.888573408126831,0.012425650612926255,0.002080164313998053,1.0598647354400608,-0.0008006009962631097,0.12953781876447623
1786995100.0781524,6.911435604095459,0.012239066428538309,0.0019516797495851405,1.0610873513167036,-0.0008060111539147392,0.054387921916850525
1786995100.0894196,6.922702789306641,0.012044708898949956,0.0018195397333606897,1.062268031435942,-0.0008164805765536872,0.10684517855300968
1786995100.1012802,6.934563398361206,0.011850772405125916,0.0016868319255029284,1.0634067238297602,-0.0008261925270519504,0.09802935660455879
1786995100.1096587,6.942941904067993,0.011678042159682333,0.001555066653484108,1.064507004984714,-0.0008312468387214232,0.1338573011254804
1786995100.1209884,6.954271554946899,0.011503424256412365,0.001421778501159381,1.0655709770558244,-0.0008347608568965004,0.09589114829151937
1786995100.1379998,6.971282958984375,0.011329360927489174,0.0012909196642136042,1.0665956290231284,-0.000837953442275535,0.061578514106414635
1786995100.154337,6.987620115280151,0.011142617338654565,0.001159852989777299,1.0675793317233713,-0.0008385371202750148,0.061810828906284795
1786995100.169385,7.002668142318726,0.010923537239842414,0.0010242564838535855,1.0685225615913596,-0.0008358796348923378,0.064977674835131
1786995100.1773202,7.010603427886963,0.010682672270085224,0.0008821910106893354,1.069425959076929,-0.0008345722675368712,0.11917502688642942
1786995100.1993496,7.032632827758789,0.010436416178376621,0.0007306883192041705,1.0702851044979724,-0.000509520114557887,0.041149147623624094
1786995100.2134516,7.046734809875488,0.010263931971579017,0.000536927269086394,1.071022328245783,0.0007341870750946801,0.055420043988882
1786995100.2244968,7.057780027389526,0.010224953165922751,0.00028036042805760705,1.0715694148710213,0.0028108306761023827,0.0548215580764923
1786995100.2383971,7.071680307388306,0.010326803240148555,-3.565194731553278e-05,1.0718958183529879,0.005606142017491915,0.033495197550350034
1786995100.2561543,7.089437484741211,0.01053149282502974,-0.00038781216870235294,1.0719980131408364,0.009017468035380996,0.02364962018083851
1786995100.2663848,7.099668025970459,0.010780796985995999,-0.0007396214263070224,1.0718872609059806,0.013028896709086283,0.04351514945750666
1786995100.277187,7.110470294952393,0.01101619524870921,-0.0010570145077302376,1.0715799598408484,0.017633869223577295,0.04634066363929071
1786995100.2904048,7.123687982559204,0.01117823332136936,-0.001312772307860782,1.0710930511438956,0.022802047281692467,0.04337868533217586
1786995100.3094926,7.142775774002075,0.011227108832390696,-0.001487242058161509,1.0704432936490187,0.028491674523134492,0.035339172017145246
1786995100.323322,7.156605243682861,0.01114913655979771,-0.0015761140403242752,1.0696492400479531,0.03465851171535025,0.05805045206262708
1786995100.3342564,7.167539596557617,0.01094013135721809,-0.0015856199442099818,1.0687322645153212,0.04127763430475538,0.08601708448886657
1786995100.3461876,7.179470777511597,0.010605482240986423,-0.0015243082673163683,1.0677131075126711,0.04833568754666429,0.09005345871956222
1786995100.3588176,7.192100763320923,0.010155746520142781,-0.00140339700077125,1.066612411306848,0.05582248698111604,0.09462898238006814
1786995100.3707209,7.2040040493011475,0.009594116748487626,-0.0012340439142839298,1.065449715712769,0.0637252790294186,0.10940625510584574
1786995100.3810384,7.214321613311768,0.008919608484184638,-0.0010239999350059726,1.0642456101161053,0.07202707440302034,0.1353079127230266
1786995100.3922327,7.225515842437744,0.008131570554393276,-0.0007810212145751691,1.0630202222312208,0.08071629540249962,0.13194567306237265
1786995100.4127061,7.2459893226623535,0.007223027880195063,-0.0005131610720687692,1.0617912670085277,0.08977960317243648,0.07578690317056604
1786995100.4255927,7.258875846862793,0.0061857206406667805,-0.00022615291238109486,1.0605760936139506,0.09919950039407746,0.1259669718428331
1786995100.4401267,7.273409843444824,0.005015383323542698,7.394681736574223e-05,1.0593929576469117,0.10896460280969864,0.11634950849874218
1786995100.4517944,7.2850775718688965,0.0037027127838874523,0.00037845792941462687,1.05825724808607,0.11906129299778916,0.1510397101547807
1786995100.4587412,7.292024374008179,0.0022342673133981263,0.0006789443713344916,1.0571836042864464,0.12947223621028595,0.2654068129757856
1786995100.4775653,7.3108484745025635,0.000602169561897784,0.0009626567744734208,1.0561875097877196,0.14017100942372132,0.10268683693502369
1786995100.4910924,7.324375629425049,-0.001202074426096717,0.0012098844544298779,1.0552803572271678,0.15113413287008978,0.15040396254461189
1786995100.502902,7.3361852169036865,-0.0031930201160823993,0.0013993395503941715,1.0544715275651415,0.1623541618937393,0.18267400651348897
1786995100.513295,7.346578121185303,-0.005377127342430965,0.0015105678401202405,1.0537674803124306,0.17381992613727099,0.22106161729855567
1786995100.5443676,7.377650737762451,-0.005377127342430965,0.0015105678401202405,1.0537674803124306,0.17381992613727099,0.0
1786995100.547128,7.380411148071289,-0.007757161998928259,0.0015188058066592295,1.0531765035991905,0.18552679744435285,0.8883906233371146
1786995100.5474682,7.380751371383667,-0.010335894981532093,0.001400782549056454,1.052706305245891,0.19747053773315398,7.712303501913416
1786995100.558726,7.392009258270264,-0.01310510614690532,0.0011381776421765725,1.052366178137421,0.20964732028206806,0.24892347043884955
1786995100.5699468,7.4032299518585205,-0.016052516721057487,0.0007140795686008507,1.0521674371256016,0.2220416707189209,0.2659720105386565
1786995100.5961277,7.429410934448242,-0.016052516721057487,0.0007140795686008507,1.0521674371256016,0.2220416707189209,0.0
1786995100.5967271,7.4300103187561035,-0.01916993378553898,0.00011461971509596405,1.0521214974747652,0.23464871459943598,5.296872859687143
1786995100.5969863,7.430269479751587,-0.022445064165680005,-0.0006682490312838645,1.0522402598605132,0.247456152753835,13.001534454857502
1786995100.6105912,7.443874359130859,-0.02586446555726258,-0.001639798294127825,1.0525377507833706,0.26043782141843125,0.2621979737499366
1786995100.6212263,7.454509496688843,-0.029419612984459206,-0.00280254969002656,1.0530298580500326,0.27358027321559225,0.3547387872958784
1786995100.6386728,7.471956014633179,-0.033099902870500256,-0.004152956788419221,1.0537328470785168,0.28686465328953187,0.2282835836895394
1786995100.6529794,7.486262559890747,-0.03689561173067445,-0.005686169514229296,1.0546638995269433,0.300269036793137,0.29344712551475866
1786995100.667043,7.500326156616211,-0.04080197665853553,-0.007395142999768284,1.0558399164061818,0.3137847310523405,0.31450284286608726
1786995100.6779866,7.511269807815552,-0.04480997279038697,-0.00926625195587098,1.05727631727429,0.3273992105407364,0.4249611638552544
1786995100.6888182,7.522101402282715,-0.04890554065794951,-0.011280448502914974,1.058986041667863,0.34108420084066915,0.4499604594450688
1786995100.7093856,7.54266881942749,-0.05307902897193344,-0.013415102436701331,1.0609791275726885,0.35481008751562015,0.24766521918291218
1786995100.715205,7.548488140106201,-0.05732171162025246,-0.015643636487345642,1.0632642809700845,0.3685372581950372,0.9123570214962429
1786995100.726992,7.560275077819824,-0.06162553861535576,-0.017940076975432317,1.0658471411749466,0.3822649953105373,0.4682945233616732
1786995100.7416523,7.574935436248779,-0.06599072627178908,-0.020280344098720503,1.0687285272296065,0.3960007286603585,0.39085706250594787
1786995100.7500181,7.583301305770874,-0.07042299136511096,-0.022640646191396264,1.0719089518187945,0.40973583808779657,0.7105055833291254
1786995100.7664099,7.599693059921265,-0.07492883037197377,-0.025000008500886503,1.0753897547211275,0.423468560974746,0.37599457090829086
1786995100.7784028,7.6116859912872314,-0.07951562898126296,-0.027342156423370595,1.0791710783356903,0.43718399957796533,0.5327530875829563
1786995100.785971,7.619254112243652,-0.08419230834784067,-0.029651589034967694,1.0832545579455555,0.45087528402388094,0.8752726090336315
1786995100.7981503,7.631433486938477,-0.08896344725521757,-0.03191271930523133,1.0876389034329024,0.46455004013797574,0.5634828156015897
1786995100.8122878,7.645570993423462,-0.0938322171286973,-0.03411376532916414,1.0923219569974874,0.47820412792217715,0.5025613302346988
1786995100.823449,7.656732082366943,-0.09880307327479848,-0.0362449049777607,1.0973039575724624,0.4918272460833645,0.6588364625065966
1786995100.837166,7.670449256896973,-0.10387773349427985,-0.03829451919106112,1.1025845455143457,0.5054180977576586,0.5544225128790891
1786995100.8615968,7.69488000869751,-0.10905731008842626,-0.04025260256778424,1.1081634852798523,0.5189675679372939,0.32174408691179257
1786995100.866294,7.69957709312439,-0.1143455435204992,-0.04211314270001441,1.1140435144386385,0.5324502424055622,1.7296148661057886
1786995100.8803265,7.71360969543457,-0.11974580433714517,-0.04387014724165675,1.1202248263152934,0.5458679293106848,0.5981752974987278
1786995100.8902986,7.723581790924072,-0.12525881345193313,-0.04551644616218059,1.12670575307195,0.5592241877384152,0.8690621462482674
1786995100.9026508,7.735934019088745,-0.13088726364360206,-0.04704820585233854,1.1334840628473994,0.5725251738907288,0.7239716549316974
1786995100.924413,7.757696151733398,-0.1366356967469863,-0.04846370343772681,1.1405577836628658,0.5857644370029619,0.42386415283414836
1786995100.9320686,7.76535177230835,-0.1425066299951484,-0.04975941168899446,1.1479280692073097,0.5989097301054113,1.2424149718844262
1786995100.941196,7.774479150772095,-0.14850005597504132,-0.050931139661912456,1.1555966357550695,0.6119668095800573,1.074033745834368
1786995100.9617326,7.795015811920166,-0.15461678467503562,-0.05197688432217969,1.1635615825435723,0.6249398271907395,0.4916547269827245
1786995100.9723241,7.805607318878174,-0.16085792203899024,-0.052894720477267176,1.1718219805936796,0.6378204456962425,0.9813212548377701
1786995100.9822278,7.815510988235474,-0.1672235946405039,-0.05368159830363984,1.1803767963656497,0.6506176410557496,1.0796327812539361
1786995100.9973333,7.830616474151611,-0.1737138422854953,-0.05433559491149453,1.1892249557572483,0.6633377060073389,0.7277334982135873
1786995101.0054023,7.838685512542725,-0.180329327646424,-0.05485568641508161,1.1983657895907147,0.6759740222147533,1.3998661474696061
1786995101.0176332,7.850916385650635,-0.1870700803722286,-0.05524025147035793,1.207800978524289,0.6885107220773982,0.948590269494364
1786995101.029071,7.862354278564453,-0.19393636760096394,-0.05548786636709655,1.217531429267192,0.7009368504989288,1.04142539082241
1786995101.0402725,7.873555660247803,-0.20092927441991273,-0.05559833462583723,1.2275580127168613,0.7132502710989084,1.0913638658137546
1786995101.0601,7.893383264541626,-0.20804983855697828,-0.05557151083699198,1.2378799616769098,0.7254428749865918,0.6324399001186422
1786995101.077884,7.911167144775391,-0.21529848586364386,-0.05540688476553625,1.2484964131644523,0.7375169621686444,0.7229068749978976
1786995101.0884016,7.921684741973877,-0.22267531036695914,-0.05510413853024853,1.2594060451603462,0.7494773237827805,1.2524772030428504
1786995101.0998826,7.933165788650513,-0.2301805261140351,-0.05466361470135757,1.270608321333707,0.7613162696598597,1.1750872078446322
1786995101.1075916,7.940874814987183,-0.23781414149340543,-0.05408522568415697,1.2821035045553097,0.7730348257176708,1.791546253801041
1786995101.1300278,7.963310956954956,-0.24557567671079975,-0.053368489430205675,1.2938908805547893,0.7846424788774465,0.629851250905399
1786995101.1392562,7.97253942489624,-0.2534646644242704,-0.05251276152549216,1.3059703976290085,0.7961363951696971,1.5661093252737
1786995101.150864,7.984147071838379,-0.2614809004038827,-0.05151790689924978,1.3183416558339573,0.8075207690515924,1.27285957504681
1786995101.1614475,7.994730710983276,-0.2696242999851583,-0.05038354416026515,1.3310052853965801,0.8187838042030872,1.4266029265405553
1786995101.180495,8.01377820968628,-0.2778944022954442,-0.04910914132424955,1.3439627220168313,0.8299181524686073,0.809789083012091
1786995101.189984,8.023267269134521,-0.2862910320725747,-0.04769459539125266,1.3572146347041547,0.8409228012150382,1.6599902982135928
1786995101.2019238,8.035207033157349,-0.29481448301988744,-0.046140378418190305,1.3707598971946566,0.8518039024016297,1.3466887758500958
1786995101.2204442,8.053727388381958,-0.3034657938907676,-0.04444714404917559,1.3845977471279525,0.8625595596226663,0.8859043921301861
1786995101.2343388,8.067621946334839,-0.31224501265392895,-0.04261501532630477,1.3987280628741647,0.8731876743335785,1.2045078919332528
1786995101.252388,8.085671186447144,-0.31224501265392895,-0.04261501532630477,1.3987280628741647,0.8731876743335785,0.0
1786995101.252954,8.08623719215393,-0.3211519107755073,-0.04064406846857859,1.4131505401650275,0.8836946593191434,30.15044686144636
1786995101.2601326,8.0934157371521,-0.33018609128856424,-0.038533792172892496,1.42786524629437,0.8940880293016694,2.4232179673445486
1786995101.2690616,8.102344751358032,-0.33934663588184444,-0.03628278163634024,1.4428728174043803,0.9043623007244717,1.9852095717044616
1786995101.291957,8.125240087509155,-0.3486330069697267,-0.033890800435799395,1.4581728109910117,0.9145198631149268,0.7886672192166579
1786995101.303527,8.136810302734375,-0.3580459425610108,-0.03135849647227247,1.473765676650946,0.9245528497869622,1.5893349299709687
1786995101.3162057,8.149488925933838,-0.3675860055570503,-0.028686922508912804,1.4896510103056197,0.934461113849691,1.4766180007191827
1786995101.3282015,8.161484718322754,-0.37725295686886806,-0.025876550902182528,1.5058287504139647,0.9442406905579008,1.588417610924333
1786995101.345035,8.17831826210022,-0.38704624142393873,-0.0229273903463695,1.5222985551860861,0.9538966957393108,1.151695728049142
1786995101.3641963,8.197479486465454,-0.39696562835941207,-0.01983948503074886,1.5390599567007828,0.9634319623382558,1.0291559392338347
1786995101.369345,8.202628135681152,-0.4070104267197139,-0.016612462749254438,1.556113131304625,0.9728461597046967,3.8948060424263025
1786995101.3833086,8.216591835021973,-0.4171801086173348,-0.013246298193499415,1.573457938665739,0.9821428419013217,1.459940325740672
1786995101.3987844,8.232067584991455,-0.4274748244098297,-0.00974168477710024,1.5910949184497765,0.9913175706333385,1.3388815775293854
1786995101.4111412,8.24442434310913,-0.43789463771938636,-0.006099158828783019,1.609023953605258,1.0003658716486619,1.7038831834399977
1786995101.4243994,8.25768256187439,-0.448439671097987,-0.0023191577032418455,1.6272455370034238,1.0092931933690827,1.6133038769912615
1786995101.4350803,8.26836347579956,-0.45910969074914,0.0015981945733200302,1.6457598193820242,1.018103112386194,2.033997653381947
1786995101.4460592,8.279342412948608,-0.46990438325199346,0.005652843753825656,1.664566336193742,1.0267948705328165,2.0093165014826764
1786995101.4631364,8.296419620513916,-0.48082341198132195,0.009844926024634394,1.6836651929580122,1.035371413071313,1.3114350468081366
1786995101.470322,8.303605079650879,-0.4918665566177581,0.014173863914088747,1.7030564181168975,1.0438353405834977,3.1635089000077063
1786995101.4834893,8.3167724609375,-0.5030339951607532,0.018638954500309696,1.7227399925418871,1.0521899178889997,1.7518377455438958
1786995101.4995065,8.332789659500122,-0.5143253311802706,0.02323983397205889,1.7427163088205542,1.0604399065463161,1.461137157264001
1786995101.5323384,8.365621566772461,-0.5143253311802706,0.02323983397205889,1.7427163088205542,1.0604399065463161,0.0
1786995101.532898,8.366181135177612,-0.5257399938253746,0.027976948798975762,1.762985806136433,1.0685776956621853,42.42554350315325
1786995101.5331423,8.366425514221191,-0.5372776590127869,0.03285081357732643,1.7835483971281518,1.0766036305499431,98.52237025760357
1786995101.544108,8.37739109992981,-0.5489381968958892,0.03786147125923253,1.8044034627504193,1.0845256809710433,2.2263550655074673
1786995101.5541937,8.387476921081543,-0.5607215272702085,0.043008659878809204,1.8255509628562256,1.0923455487609892,2.4539293604687153
1786995101.565336,8.398619174957275,-0.5726272160389672,0.0482921001719215,1.8469906503397662,1.1000639511636652,2.2514527836840754
1786995101.5823777,8.415660858154297,-0.5726272160389672,0.0482921001719215,1.8469906503397662,1.1000639511636652,0.0
1786995101.582951,8.416234254837036,-0.5846548295193068,0.05371183763367515,1.868722941781959,1.107690254413209,44.33756353167308
1786995101.590944,8.424227237701416,-0.5968044382091251,0.059267014418070973,1.890748435860001,1.1152278434139788,3.2228700280681744
1786995101.6006908,8.433974027633667,-0.6090758367712915,0.06495728018661732,1.9130666722013547,1.122673603524591,2.6775295708106235
1786995101.6249166,8.458199739456177,-0.6214684112369563,0.07078235448412921,1.9356737678241267,1.1300281287235885,1.091023399556652
1786995101.6403043,8.47358751296997,-0.6339817143493842,0.07674168574869022,1.9585661146570097,1.137279977837302,1.739113834667632
1786995101.651542,8.484825134277344,-0.6466155456895356,0.08283407320643976,1.9817390930466052,1.1444303067895654,2.4104056503205675
1786995101.6612298,8.494513034820557,-0.659369435541104,0.08905769583431962,2.0051865771662003,1.1514791998635154,2.8290605898485435
1786995101.6740062,8.507289409637451,-0.6722424472546512,0.09541151394645901,2.0289019707309506,1.158425666206129,2.1697804760650903
1786995101.685754,8.519037246704102,-0.6852335550838845,0.10189512519427073,2.052878603519749,1.1652741323774742,2.385977374897114
1786995101.6982908,8.531574010848999,-0.6983416093523465,0.10850786447251456,2.0771080892329996,1.1720226594190224,2.2597938679150826
1786995101.7089708,8.542253971099854,-0.7115653801972973,0.11524929369760095,2.1015805744465132,1.1786754056409132,2.679970283404586
1786995101.7240086,8.557291746139526,-0.7249035697319252,0.12211941184526395,2.126286024906291,1.185237970627354,1.922120339126581
1786995101.741107,8.574390172958374,-0.7249035697319252,0.12211941184526395,2.126286024906291,1.185237970627354,0.0
1786995101.7416563,8.574939489364624,-0.7383551713216803,0.1291172046630335,2.1512147604131773,1.1917077383900578,53.116954816335756
1786995101.7476153,8.580898523330688,-0.7519191904019193,0.13624113720109302,2.17635571163188,1.1980840599888125,4.940645627583025
1786995101.7654781,8.598761320114136,-0.7655949383535428,0.14349011213855933,2.20169905038289,1.2043668984319882,1.6624554066172634
1786995101.7712922,8.604575395584106,-0.7793816095695876,0.1508633519804636,2.227233654944868,1.2105575275458835,5.149713847354914
1786995101.793907,8.627190113067627,-0.7932786921812156,0.15835962878505952,2.2529492110461673,1.21665537201323,1.334368348091441
1786995101.7997723,8.633055448532104,-0.8072856187072404,0.16597841314674017,2.278836519333184,1.222661613047145,5.18364644936141
1786995101.8122823,8.645565509796143,-0.8214015547548711,0.17371993714333767,2.304884870106218,1.228581417687528,2.447790473834465
1786995101.8260381,8.659321308135986,-0.8356259293124672,0.18158469090599327,2.3310858822790603,1.2344225420278254,2.2414622502790413
1786995101.8455558,8.678838968276978,-0.8499584583369835,0.18957307974816828,2.357431964645938,1.2401840141340756,1.5902474407665317
1786995101.859577,8.692860126495361,-0.8643987755809682,0.19768559697304416,2.3839137446395986,1.2458689016200586,2.227699152061277
1786995101.8728118,8.706094980239868,-0.8789466465260185,0.2059224057179278,2.4105222545079754,1.2514798644512235,2.3743735528062535
1786995101.8822927,8.715575933456421,-0.8936018736839638,0.21428207322643458,2.437246433430995,1.257010069245849,3.3334679006463572
1786995101.9044118,8.73769497871399,-0.9083639504340305,0.2227633335247692,2.46407415416522,1.2624580409430861,1.4364926502530004
1786995101.9141917,8.747474908828735,-0.9232328469445023,0.2313656313631958,2.490994809469469,1.2678249772808832,3.2652984303025594
1786995101.9262927,8.759575843811035,-0.9382086065533441,0.24008878772129666,2.517999112015075,1.2731140065856945,2.651643703708564
1786995101.9386687,8.771951913833618,-0.953291170097452,0.24893265520917912,2.5450791290756047,1.2783262299270155,2.604535306003185
1786995101.966085,8.799368143081665,-0.968480231626176,0.2578968194718904,2.5722254973656953,1.2834618113517378,1.1807845682518952
1786995101.9750211,8.80830430984497,-0.9837757227345644,0.2669812811275103,2.599428540097978,1.2885178717407806,3.637310766464666
1786995101.9895773,8.822860479354858,-0.9991777092880371,0.27618619113248427,2.6266786267572932,1.2934979835023968,2.2414526015464027
1786995101.9986765,8.83195972442627,-1.0146860985290622,0.2855114509876799,2.6539659818092454,1.2984007214613658,3.598373843188257
1786995102.0240347,8.857317924499512,-1.0303007421396218,0.29495725305293974,2.681281933606511,1.3032316950227563,1.2954863607095433
1786995102.0364025,8.869685649871826,-1.0460218348784005,0.3045241717360088,2.708619114992588,1.307995170250393,2.6645576115865173
1786995102.0505922,8.883875370025635,-1.0618497227595092,0.31421338569770957,2.735971690596358,1.312691213463987,2.3294321688426844
1786995102.060149,8.893432140350342,-1.0777843182983717,0.3240247811916964,2.763332069188381,1.3173239742785527,3.4684967026094187
1786995102.0850463,8.91832947731018,-1.0938258703169677,0.33395839176933056,2.790694081878809,1.3218947782452855,1.3349557543597732
1786995102.099293,8.932576179504395,-1.1099747269315974,0.344013400518451,2.818049430808843,1.3264015016142643,2.338767366884098
1786995102.1082144,8.941497564315796,-1.1262322802265352,0.3541893277371806,2.8453923527902574,1.330846723687254,3.743700831782913
1786995102.1202822,8.9535653591156,-1.1425996335543154,0.36448605192016265,2.8727191713692353,1.3352308913772706,2.7740260141546296
1786995102.1323156,8.965598821640015,-1.1590769346679173,0.3749039273611921,2.90002627778394,1.3395556041838086,2.7881938753281013
1786995102.1550922,8.988375425338745,-1.1756648693085454,0.3854432303136024,2.9273081777621357,1.3438185483596161,1.47622896497411
1786995102.1674488,9.000731945037842,-1.1923635132863777,0.39610326896923026,2.9545575789826524,1.3480178685574442,2.7264897524266836
1786995102.1819317,9.015214920043945,-1.2091752704446477,0.4068812556183098,2.9817650377392813,1.3521478577645,2.3303054342849543
1786995102.1912034,9.024486541748047,-1.226098615598224,0.4177777137180687,3.008922816226749,1.3562082438958203,3.6459113500199734
1786995102.2258852,9.059168338775635,-1.226098615598224,0.4177777137180687,3.008922816226749,1.3562082438958203,0.0
1786995102.2271252,9.060408353805542,-1.2431342565152366,0.42879207523937896,3.036022524279526,1.3601961696929614,27.29925808631831
1786995102.23102,9.064303159713745,-1.2602854288871181,0.4399228282062356,3.06305498489228,1.364111872287182,8.702385956370897
1786995102.2481754,9.081458568572998,-1.2775518672637685,0.45117153751710387,3.090013102428158,1.3679570514855408,1.9779380789453305
1786995102.2576213,9.090904474258423,-1.2949337467710011,0.46254031837194565,3.1168904577876027,1.3717445541259559,3.5959714218138803
1786995102.2855728,9.118855953216553,-1.312428582491582,0.474032710663185,3.1436827706349137,1.3754814513676783,1.2163790670297943
1786995102.2985554,9.13183856010437,-1.3300337285745616,0.48565020043595936,3.170384759362711,1.3791670171327353,2.6210437190668805
1786995102.3124712,9.145754337310791,-1.3477491320541275,0.49739206593579316,3.1969902566339714,1.3828017150940448,2.447028544788229
1786995102.3215938,9.154876947402954,-1.3655739557720008,0.5092570227594222,3.223492312155781,1.386383552935271,3.7348305411376974
1786995102.3517964,9.185079574584961,-1.3835028318021847,0.5212460994584779,3.249886396117317,1.3899212950626947,1.128565093018274
1786995102.3654041,9.198687314987183,-1.4015321466480277,0.533362329102504,3.276167301858452,1.3934180125945246,2.5056413764247276
1786995102.3824642,9.215747356414795,-1.4196610931606075,0.5456019558539569,3.3023298817028897,1.3968700975335149,1.9989412019793387
1786995102.388335,9.221618175506592,-1.4378845226882608,0.5579650086628241,3.328373359689827,1.400277476383687,5.809365799853491
1786995102.4134552,9.24673843383789,-1.4561941136570065,0.5704689208767917,3.354293331818154,1.4036706364890152,1.3578342378742703
1786995102.4302359,9.263519048690796,-1.4745866254520175,0.5831072110015594,3.380088208186903,1.4070448381820582,2.032610398375221
1786995102.4396584,9.272941589355469,-1.493058043094606,0.5958625950436917,3.40575711538646,1.4103672945070118,3.6189439422163554
1786995102.4496403,9.282923460006714,-1.5116024771719765,0.6087237772671285,3.4312960991237547,1.4136228091047915,3.41433570131587
1786995102.4773717,9.310654878616333,-1.5302185309929281,0.6217034659676569,3.456699367932045,1.416832531115116,1.2283539039945537
1786995102.4963613,9.329644441604614,-1.5489002251228698,0.6348153434519567,3.481960645418702,1.4200203596075103,1.7928247241349506
1786995102.5040882,9.337371349334717,-1.5676460554563203,0.6480586772086891,3.5070774246439145,1.4231886051417222,4.4033368213779385
1786995102.5182683,9.351551532745361,-1.5864483186213982,0.6614234872959014,3.5320518795188,1.426322261043368,2.397573984575981
1786995102.5262184,9.359501600265503,-1.605291060047594,0.6749258014906067,3.5568864561054303,1.429444440928228,4.273209767797078
1786995102.5571282,9.390411376953125,-1.6241649072520792,0.6885809473408664,3.581578983992531,1.432570579593375,1.098264377437802
1786995102.5688455,9.40212869644165,-1.6430701077142742,0.7023530231160363,3.606127797415053,1.43565210810499,2.8937962160994233
1786995102.5785897,9.411872863769531,-1.6620143157770433,0.7161978647471847,3.630533624114297,1.4386464872215179,3.4744558853753493
1786995102.592377,9.425660133361816,-1.6809914571733446,0.7301217019411536,3.6547925379143766,1.4415683899055174,2.451601303403057
1786995102.6247962,9.45807933807373,-1.6999911348447405,0.7441559015726699,3.6788946960727724,1.444453199459231,1.0409573013763729
1786995102.633361,9.466644287109375,-1.7190105764731054,0.7582948282425223,3.702830600263856,1.447292530507158,3.9327106767250695
1786995102.6482313,9.48151445388794,-1.7380428152985667,0.7725489129179768,3.7265939878305825,1.4500953437520916,2.2607018835389243
1786995102.6590524,9.492335557937622,-1.7570823516127265,0.7869307979882028,3.750180430698729,1.452872654603239,3.100506123403826
1786995102.6839175,9.517200708389282,-1.7761210972621135,0.8014340476311695,3.773590763788685,1.4556128643499073,1.3464335948556625
1786995102.696735,9.530018091201782,-1.7951503633933537,0.8160565633869161,3.796822865860917,1.4583046379973608,2.6059547384410178
1786995102.7111943,9.544477462768555,-1.8141724950997655,0.8307325606988746,3.8198879427225125,1.4609299683963988,2.303351630569095
1786995102.7193475,9.55263066291809,-1.8331776688843362,0.8454317226079231,3.8427854252665625,1.4634834107841825,4.070758365690746
1786995102.7494338,9.582716941833496,-1.8521527371433575,0.8601719876406744,3.865507925251911,1.4659796250286354,1.0991800609607374
1786995102.7584112,9.591694355010986,-1.8710905151100308,0.8749706784311354,3.888046970936672,1.4684278937393624,3.670232338167328
1786995102.7692006,9.602483749389648,-1.889987553354301,0.8898325569811585,3.9104012397818915,1.470829742950674,3.04263052973883
1786995102.7872798,9.62056303024292,-1.9088404366538219,0.9047598633674669,3.9325748929945767,1.4731801803345215,1.8092385686446153
1786995102.8103988,9.64368200302124,-1.9276383166082764,0.9197726912679206,3.954566154937712,1.4754709660325973,1.4098324559299364
1786995102.826227,9.659510135650635,-1.9463726125844087,0.9348871168955463,3.9763706721920733,1.4776893943905047,2.0519512946768526
1786995102.8437274,9.677010536193848,-1.9650425972689047,0.9500634378666598,3.9979938934546135,1.4798402840701803,1.8484675112728788
1786995102.8506505,9.683933734893799,-1.9836487680762522,0.9652507586123584,4.0194379931528665,1.48194549248818,4.650701188211141
1786995102.874795,9.708078145980835,-2.0021896415271017,0.9804219357218004,4.040694777620954,1.4840196339494638,1.3265095732972545
1786995102.8953097,9.728592872619629,-2.0206659076510465,0.9955868222242495,4.061757421338972,1.4860645257399678,1.552970673953935
1786995102.899252,9.732535123825073,-2.0390737523857894,1.0107419080649365,4.082625533754928,1.4880927424693478,8.037543135270896
1786995102.9111836,9.744466781616211,-2.0574055332077323,1.0258963297422878,4.103299996959904,1.4900959591958058,2.6412246839814384
1786995102.9223418,9.755625009536743,-2.075650603629233,1.0410955299223716,4.12377955184725,1.4920336138471642,2.810283276275127
1786995102.9502501,9.783533334732056,-2.0938021119324763,1.0563297408088712,4.144058880524258,1.4939090939939847,1.117583935524692
1786995102.961678,9.794961214065552,-2.1118531655697232,1.071592960277069,4.164135774586708,1.495716401484478,2.713917401174006
1786995102.9723687,9.805651903152466,-2.129798063514698,1.0868984945639593,4.184007174514277,1.4974334478516598,2.88482251150546
1786995102.9843125,9.817595720291138,-2.147635564578679,1.1022337862776357,4.203672172600281,1.499065880119264,2.5670515326859884
1786995103.0142958,9.847579002380371,-2.1653662528203848,1.1175668362689175,4.223129916598115,1.5006422806871869,1.0160483195121086
1786995103.0258446,9.859127759933472,-2.182991070927161,1.1328506557930114,4.242381918790203,1.5022246472325504,2.6190523412168543
1786995103.036404,9.8696870803833,-2.200508025736851,1.1480316537145752,4.261429244831986,1.5038810173121664,2.841260853246683
1786995103.0493186,9.882601737976074,-2.217909313024174,1.1631534238097856,4.280273853786859,1.505554444411464,2.30557371368378
1786995103.0744483,9.907731533050537,-2.235187221030264,1.1782533910163762,4.2989111574402115,1.5071941076173576,1.1763539012466397
1786995103.0873573,9.920640468597412,-2.2523365059396054,1.1933710905196337,4.317337885576727,1.5087326006970654,2.274627750317717
1786995103.1083803,9.94166350364685,-2.2693545852824353,1.2085033981379198,4.335547910201592,1.510169950868869,1.3869693416143127
1786995103.115858,9.949141263961792,-2.2862425083578097,1.2236224723538662,4.353540688939707,1.5115416487601574,3.870153944759498
1786995103.1399996,9.973282814025879,-2.3029974628379337,1.2387006711790884,4.371315032834689,1.5128853124715027,1.189051132782612
1786995103.1586678,9.991950988769531,-2.3029974628379337,1.2387006711790884,4.371315032834689,1.5128853124715027,0.0
1786995103.159248,9.992531299591064,-2.3196180250831464,1.2537171198673465,4.3888699563231315,1.5142278195585412,49.04088402077399
1786995103.165346,9.998629093170166,-2.3361005012051446,1.2686582501298,4.406208139195314,1.515590422896015,4.625443416522783
1786995103.1748743,10.00815749168396,-2.352439864946957,1.2835441341858265,4.423333944705539,1.5169359234724284,2.9345661851651665
1786995103.206491,10.039774179458618,-2.368634488212185,1.2983904217773536,4.440250661779093,1.5182299703338846,0.8770117209802486
1786995103.2179663,10.051249504089355,-2.3846829553129427,1.3132053440683655,4.456959327560971,1.5194536173054038,2.3963904832823713
1786995103.2324152,10.065698385238647,-2.4005876060677935,1.3279532160653638,4.473459770984974,1.5206630693489471,1.8861620670564023
1786995103.2398171,10.073100328445435,-2.41634895108141,1.3425812560938257,4.4897492364477865,1.52195008539771,3.644552709680562
1786995103.2725945,10.10587763786316,-2.4319648649262526,1.3570999163307003,4.505823758676183,1.5232956398285082,0.8146727629401349
1786995103.2928154,10.1260986328125,-2.447435607404586,1.3715295431814454,4.521680260532928,1.5246603650391,1.3074705681398098
1786995103.2962594,10.129542589187622,-2.462758790349303,1.3859072741841674,4.5373215314239115,1.525970572435176,7.606024635771327
1786995103.3197618,10.153044939041138,-2.477931229944643,1.400252440769557,4.552747572560866,1.527183626707202,1.1045932426957026
1786995103.3264878,10.159770965576172,-2.492950051968499,1.4145916051845098,4.56795995098335,1.5282387828905821,3.8270565618134005
1786995103.354705,10.18798828125,-2.5078148290602362,1.4289062692103693,4.582957981204574,1.5291626276576689,0.9040909408373115
1786995103.3704746,10.203757762908936,-2.522526565916274,1.4431477077382924,4.597742782047216,1.530042479106887,1.6015476183024935
1786995103.3790379,10.212321043014526,-2.5370838988475413,1.4572488734666869,4.61231537629837,1.5310052377488312,2.915046309065755
1786995103.3917897,10.225072860717773,-2.5514852708986497,1.4711860906356256,4.626673599981111,1.532092430099555,1.9333466341712264
1786995103.4295094,10.262792587280273,-2.5514852708986497,1.4711860906356256,4.626673599981111,1.532092430099555,0.0
1786995103.4300873,10.263370513916016,-2.565730397116124,1.4849488725868403,4.640812331003882,1.5333276036824608,42.10917262602317
1786995103.4361494,10.269432544708252,-2.579817604634038,1.4985371329908954,4.654731860107748,1.5347094705227928,3.9619671809274477
1786995103.4461524,10.279435634613037,-2.593742315459141,1.5120112055343558,4.668443483879717,1.5361088273097658,2.372991328818229
1786995103.457203,10.290486097335815,-2.60750181192599,1.5254250949992771,4.681952337496846,1.537410678135907,2.1256358063319523
1786995103.486291,10.319574117660522,-2.621092193071237,1.5388156462911524,4.695258020859306,1.5385342261643513,0.7996558971634847
1786995103.498261,10.331544160842896,-2.6345139241899846,1.5521681962799732,4.708355150659442,1.5395112048163138,1.9232211025702413
1786995103.51225,10.3455331325531,-2.647768489157536,1.565430324553047,4.721243240756621,1.540445932582582,1.626450599071607
1786995103.521981,10.35526418685913,-2.6608572250422493,1.5785758010834783,4.733921660143959,1.541388695632651,2.3090107937088864
1786995103.549452,10.382735252380371,-2.6737807498271478,1.5915767370639087,4.7463874802712915,1.5423937554914786,0.8069731481720032
1786995103.5660324,10.399315595626831,-2.6737807498271478,1.5915767370639087,4.7463874802712915,1.5423937554914786,0.0
1786995103.5665445,10.399827718734741,-2.6865407898260774,1.6044182708826118,4.758639642690951,1.5434957435946273,42.68413329249558
1786995103.5723698,10.40565299987793,-2.699138258925897,1.6171209676556018,4.77068220549788,1.544646543656171,3.70208198263917
1786995103.584867,10.418150186538696,-2.711572352461853,1.6297053257892373,4.7825174580128955,1.545799271896912,1.7031734223793524
1786995103.6089187,10.442201852798462,-2.7238428504458807,1.6421752023481422,4.794142607978841,1.546948046277313,0.873325325963269
1786995103.625191,10.458474159240723,-2.7238428504458807,1.6421752023481422,4.794142607978841,1.546948046277313,0.0
1786995103.625708,10.458991289138794,-2.7359480938920693,1.6545492588202297,4.805559505096955,1.5480486254087114,40.09908337374957
1786995103.6305475,10.463830709457397,-2.7478861287847907,1.6668312049974714,4.816770250498738,1.54909152971465,4.229960480554878
1786995103.6518128,10.485095977783203,-2.759659033986301,1.6790049269235428,4.8277725183446325,1.5501091930418553,0.9496853511394806
1786995103.6701686,10.503451824188232,-2.77126872840723,1.6910711570898254,4.838567991637483,1.5511003949557873,1.0853697420892374
1786995103.6813858,10.514668941497803,-2.782715660397057,1.703037042678798,4.849160439969654,1.552044911750579,1.7524495309736103
1786995103.6967585,10.530041694641113,-2.794001125035327,1.714905813697955,4.8595498222534905,1.5529330738693632,1.2616522770999197
1786995103.707045,10.54032826423645,-2.805125901725932,1.7266804932316708,4.869737336089511,1.5537523602125254,1.8602965508849214
1786995103.7211134,10.554396629333496,-2.8160891230429335,1.7383461660782757,4.879725387098735,1.5545321800698164,1.3412402045781266
1786995103.7485046,10.581787824630737,-2.8160891230429335,1.7383461660782757,4.879725387098735,1.5545321800698164,0.0
1786995103.749088,10.582371234893799,-2.826890401946901,1.7498519138761246,4.8895181862002985,1.555378341044858,31.83488147242654
1786995103.7592633,10.592546463012695,-2.8375303860133245,1.7611836824438554,4.89911604542917,1.5563201360196164,1.7953871664828323
1786995103.7638745,10.597157716751099,-2.8480089452779787,1.7723472561601805,4.908520164537736,1.557339456496104,3.896638745689384
1786995103.774288,10.607571125030518,-2.858324955004273,1.783376661314231,4.917736122850882,1.558359637731912,1.698949490387246
1786995103.797729,10.631012201309204,-2.868477567031567,1.79430673447193,4.9267678053606465,1.5593037466338537,0.7439438750178247
1786995103.8114111,10.644694328308105,-2.878467392807632,1.805138745356856,4.935613419752599,1.560166257411063,1.2561239462421687
1786995103.8207774,10.65406060218811,-2.8882950036474115,1.8158624200776332,4.944271531275148,1.5609676982669032,1.8072877852759675
1786995103.8343265,10.667609691619873,-2.897960527310897,1.8264641675856292,4.9527404577537615,1.5617348969779523,1.229573051788482
1786995103.8513842,10.684667348861694,-2.9074602947907904,1.836910913862013,4.961019270534672,1.5625401953177385,0.9595823172517791
1786995103.8670375,10.700320720672607,-2.9167900584922344,1.8471823871477648,4.969107942443573,1.5634264694655253,1.0260778034584492
1786995103.8772905,10.710573673248291,-2.92595239546713,1.8572864906971802,4.977011161347948,1.5643712286466243,1.5375036917828648
1786995103.8890243,10.722307443618774,-2.9349479183839957,1.8672434532079325,4.984733299097838,1.5653317207006974,1.3194384513158492
1786995103.9077857,10.741068840026855,-2.9437792242491057,1.8770574239052118,4.992275500363998,1.566301474472386,0.810438565582194
1786995103.9222062,10.755489349365234,-2.952450138840435,1.8867325039597242,4.999640077062487,1.567271310474317,1.035618963496724
1786995103.9337463,10.767029523849487,-2.960963293742589,1.8962666921559193,5.006828049583499,1.5682461019169929,1.2707167803723265
1786995103.945802,10.779085159301758,-2.9693193671381817,1.905672826599975,5.01384412924001,1.5691959422689472,1.194936403363982
1786995103.9547899,10.788073062896729,-2.977516422878793,1.9149642454610187,5.020687333188831,1.570094799853887,1.574845783113607
1786995103.973775,10.807058095932007,-2.985554085395556,1.924133982579977,5.027356538192678,1.570961682266347,0.7320730644316699
1786995103.9787931,10.812076330184937,-2.993433829172881,1.9331747387631677,5.0338519781890385,1.5718127885488382,2.71784483084718
1786995103.990732,10.824015140533447,-3.001157257258658,1.942090336650152,5.0401755659708645,1.5726390045232337,1.1210357438530587
1786995104.0064578,10.839740991592407,-3.0087253199962474,1.9508599061098246,5.046331105072363,1.5734853572360792,0.8341428276258193
1786995104.0223227,10.855605840682983,-3.016139132690937,1.9594919481376203,5.052321692164972,1.574330888981495,0.8105585857280981
1786995104.0304227,10.86370587348938,-3.0233995972302155,1.967994282943365,5.05815110010617,1.5751593984314494,1.5566562419110899
1786995104.0435555,10.876838684082031,-3.0305077712197193,1.9763619384837539,5.063820702947929,1.5759860727017576,0.9409034200444644
1786995104.0575905,10.890873670578003,-3.037463017332469,1.98460609338395,5.0693340259352055,1.5767850011818667,0.863097177742674
1786995104.073643,10.906926155090332,-3.037463017332469,1.98460609338395,5.0693340259352055,1.5767850011818667,0.0
1786995104.0741894,10.907472610473633,-3.044264477896328,1.9927128290746443,5.074690860813534,1.5775846282328223,21.70467586178805
1786995104.0817232,10.915006399154663,-3.0509110483841053,2.0006785870717843,5.079892829801734,1.5783900747181705,1.5404774316426721
1786995104.0941732,10.927456378936768,-3.057399154998572,2.008521015426599,5.084942522543852,1.5791678768813993,0.9126245167069109
1786995104.1052532,10.938536405563354,-3.0637286184674983,2.0162578192273153,5.0898438691235635,1.5798804068905818,1.0047799661530288
1786995104.126336,10.959619283676147,-3.0698992396138887,2.023875715201785,5.094598871452329,1.5805580402067425,0.5168090716621593
1786995104.1392407,10.972523927688599,-3.075911018356134,2.0313476265699486,5.099206826715528,1.5812576071646687,0.8244896941870982
1786995104.149624,10.98290729522705,-3.0817625475822976,2.038643630058165,5.10366475356442,1.5820394031030554,0.9978219037145645
1786995104.161163,10.994446277618408,-3.087454938313861,2.045759584220145,5.107967734600895,1.582915806664516,0.8733428584574876
1786995104.1726642,11.005947351455688,-3.09298952754279,2.0527161961568745,5.112118800522022,1.5838426440976163,0.8530585553420685
1786995104.1846104,11.017893552780151,-3.098371725467844,2.05955042352696,5.1161291026648295,1.5847506244461678,0.8018448515426487
1786995104.1965885,11.029871702194214,-3.103609322306863,2.0663163089673073,5.120012230054319,1.585535952896178,0.784443850619856
1786995104.207045,11.04032826423645,-3.108705374495302,2.0730167220677584,5.123771297013092,1.586194459390301,0.8816779673374573
1786995104.230978,11.064261198043823,-3.108705374495302,2.0730167220677584,5.123771297013092,1.586194459390301,0.0
1786995104.2315497,11.064832925796509,-3.1136607028492134,2.07963995598862,5.127404340088709,1.5867533816727375,15.802035559206784
1786995104.232231,11.065514087677002,-3.1184756447262787,2.086147066555244,5.130909858597395,1.58728827911849,12.95032906544932
1786995104.2429981,11.076281309127808,-3.1231499214406053,2.0925075315592196,5.134285897547468,1.587854219790796,0.7973262105720569
1786995104.2633533,11.096636533737183,-3.127684814170786,2.09872026312571,5.137531653842615,1.5884521955933217,0.4101426593217025
1786995104.2769408,11.11022400856018,-3.132083381669012,2.1047735445360978,5.140646927050906,1.5891045041405587,0.5965211994452246
1786995104.291258,11.124541282653809,-3.1363445981100666,2.1106682360080073,5.143631558535669,1.5898097691524047,0.5491372446892043
1786995104.301318,11.13460111618042,-3.1404667830143365,2.1164213312337306,5.146488482631848,1.5905372651062994,0.7586939065276649
1786995104.312349,11.145632266998291,-3.14444709931274,2.1220328382613247,5.149217934010912,1.5912912122765548,0.6709612832821849
1786995104.3243706,11.15765380859375,-3.148285677029184,2.127513741718217,5.151819717457902,1.5920553354632603,0.597214007645317
1786995104.3400226,11.173305749893188,-3.148285677029184,2.127513741718217,5.151819717457902,1.5920553354632603,0.0
1786995104.3423672,11.175650358200073,-3.151983585118718,2.132870427561732,5.1542975667698565,1.5928183124350128,2.9705572590962728
1786995104.3528624,11.186145544052124,-3.1555373662644324,2.1381198953880047,5.156655853512588,1.5935512978916737,0.6444584497489627
1786995104.3624468,11.195729970932007,-3.158949471832026,2.1432769332377792,5.15889809869489,1.594238211261765,0.6862826901069763
1786995104.3744016,11.207684755325317,-3.162222238284051,2.1483500529097213,5.161023896685152,1.5948616079330897,0.5353933882811543
1786995104.3851738,11.218456983566284,-3.1653583666697065,2.153344772939282,5.16303546476242,1.5954149906389237,0.578458485129632
1786995104.40432,11.237603187561035,-3.168355111000218,2.1582566828101886,5.16493684830799,1.5959072837550468,0.316507493764821
1786995104.4201975,11.253480672836304,-3.1712122700161642,2.163061419166856,5.166729840579074,1.5963857240494372,0.3697422207335047
1786995104.4290652,11.262348413467407,-3.173935719443351,2.1677689696706928,5.168418996058132,1.5968387146369982,0.6421998989423562
1786995104.4420774,11.275360584259033,-3.176527799224498,2.1723601827513406,5.170005034335044,1.5972939334929264,0.4231255358814464
1786995104.4544396,11.287722826004028,-3.178995861751803,2.176816530897453,5.171488687311605,1.5977725810494534,0.42919464130120194
1786995104.467586,11.300869226455688,-3.1813441228459465,2.181125724364756,5.172871771560715,1.598299550625774,0.3878374589704038
1786995104.4746387,11.307921886444092,-3.1835700323056457,2.1852829612653246,5.174151407602483,1.5988784213702698,0.692813848583427
1786995104.4873314,11.320614576339722,-3.185673900205062,2.18927861075384,5.175327919044706,1.5995291540895247,0.3676477695127262
1786995104.5022717,11.335554838180542,-3.1876586918011,2.1931079823041046,5.17640056574976,1.6002590014627252,0.2974883216498391
1786995104.5162728,11.349555969238281,-3.1895278183230347,2.1967991735904677,5.177375117095543,1.6010299619693316,0.3035954467844804
1786995104.524517,11.357800245285034,-3.191286693962242,2.200414729594079,5.178264475651183,1.601743072505665,0.49948221676797494
1786995104.5394764,11.372759580612183,-3.1929344696823296,2.203996633050436,5.179072530185227,1.6023508716428205,0.2690421975901507
1786995104.5476534,11.380936622619629,-3.1944726336419107,2.2075434222201156,5.179796641181215,1.602870338028149,0.48100424279682175
1786995104.5602775,11.393560647964478,-3.195899389310522,2.211028345133025,5.18043566463402,1.603340737426,0.3025589461011767
1786995104.5719783,11.405261516571045,-3.197216569618601,2.214436953905884,5.180990965935131,1.6037784005180638,0.3158915733050276
1786995104.5840178,11.417300939559937,-3.198428921020745,2.2177525125256774,5.181462676622409,1.6042124141039522,0.2958309445391417
1786995104.5954702,11.42875337600708,-3.1995374613040846,2.220976374185631,5.181853225780766,1.6046393203082063,0.2996239736062426
1786995104.60822,11.441503286361694,-3.2005440809563526,2.2240920588911597,5.182161668420484,1.6050833820059136,0.2579434027466076
1786995104.6199715,11.453254699707031,-3.201449372262933,2.227097306027202,5.18238811513759,1.6055507897112196,0.2677804286035022
1786995104.6322565,11.465539693832397,-3.2022620233164547,2.230017621956681,5.182539971865127,1.6060031867074895,0.24705583323998517
1786995104.64155,11.474833250045776,-3.202978512739214,2.232869398736752,5.182617531861728,1.60642941464536,0.3165019658055698
1786995104.6562335,11.489516735076904,-3.203603738466502,2.235665393253013,5.182621464108818,1.606815463741891,0.19512053058282627
1786995104.6671565,11.500439643859863,-3.2041435024159095,2.2384046792592156,5.182554494060488,1.607161489302063,0.25567930291631796
1786995104.680006,11.513289213180542,-3.2046033617372256,2.241057818839655,5.182417075350097,1.6075007051196462,0.20982818410546725
1786995104.6947517,11.528034925460815,-3.204985241397529,2.2436024570021567,5.182209448344919,1.607862070058298,0.17506760600852958
1786995104.7064605,11.539743661880493,-3.2052875804453227,2.2460358227200765,5.181932409444274,1.6082407331661461,0.21075516485837273
1786995104.7193413,11.552624464035034,-3.2055092436108343,2.2483883747057445,5.181592636474891,1.6086054817722242,0.18533588150698455
1786995104.7267253,11.560008525848389,-3.2056497630428935,2.250659177599053,5.181189530607697,1.6089561703326547,0.31291467135791484
1786995104.7417223,11.575005531311035,-3.2057119595809747,2.2528194605689857,5.18072133083201,1.6093212628963185,0.1474502542629805
1786995104.7560744,11.589357614517212,-3.2057018448304797,2.2548761349867523,5.180186279692859,1.6096995238042668,0.1480730589424408
1786995104.7628515,11.596134662628174,-3.205623009081944,2.256839030333806,5.17958598860052,1.6100817075311964,0.30310359726393576
1786995104.7748582,11.608141422271729,-3.2054759507258286,2.258709123815671,5.178924562089578,1.6104662472799105,0.16566170597323682
1786995104.7912014,11.624484539031982,-3.2054759507258286,2.258709123815671,5.178924562089578,1.6104662472799105,0.0
1786995104.7918122,11.62509536743164,-3.205266897049275,2.260506626278873,5.178206157344916,1.6108362260685385,3.187480859023502
1786995104.8033187,11.63660192489624,-3.20500180204066,2.262252453299248,5.1774338337163766,1.6111768794068748,0.16749998593177684
1786995104.8152661,11.648549318313599,-3.2046832967731858,2.2639757489309758,5.176612356532191,1.61146835304384,0.1619987922970498
1786995104.8241177,11.657400846481323,-3.2043131469657418,2.265634656294257,5.175746874716118,1.6117480342662045,0.2154843210587878
1786995104.8446631,11.677946329116821,-3.2038901507983493,2.267187059979225,5.17483478600356,1.612042073436376,0.09002161120469634
1786995104.8562768,11.689559936523438,-3.203412695948306,2.268617668084593,5.17387246863296,1.6123647082918147,0.15404671956724017
1786995104.864058,11.697341203689575,-3.2028828045471913,2.2699565909842483,5.172865307652593,1.6126936586490956,0.22582881979767766
1786995104.875725,11.70900821685791,-3.2022998670390743,2.2712331621198043,5.1718130279527355,1.6130092757186536,0.1503439277854816
1786995104.8892527,11.722535848617554,-3.2016601908259985,2.2724688736051832,5.170716488148536,1.6133020128189262,0.13096160946860647
1786995104.9027774,11.736060619354248,-3.2009607733599585,2.2736427467773415,5.169574778304917,1.6135902204646602,0.1316573850854235
1786995104.9142299,11.747513055801392,-3.2002023535631343,2.2747605664468273,5.168389161757728,1.6138676594938486,0.15693897002089832
1786995104.926751,11.760034084320068,-3.1993838962238894,2.2758230295955078,5.167160974628186,1.6141362934605898,0.145240102559105
1786995104.9389768,11.772259950637817,-3.1985077177470034,2.2768262546210236,5.1658902434770075,1.614398261136526,0.1505740639533378
1786995104.9503982,11.783681392669678,-3.197578078552879,2.277763851353863,5.16457520816495,1.6146570982462303,0.16315808532194445
1786995104.961281,11.794564247131348,-3.19659458456732,2.2786402458196484,5.163215047139402,1.614910833426801,0.17398984774617565
1786995104.9733746,11.806657791137695,-3.195559871509989,2.279454478661345,5.161810549606347,1.6151639269258018,0.15918860690064973
1786995104.9835513,11.816834449768066,-3.1944782517307315,2.2802031330672348,5.160367370899271,1.6154163499649565,0.1918830939244455
1786995104.9981775,11.83146071434021,-3.19335154324486,2.280886549099595,5.158886667973814,1.615666342247506,0.13552149295142513
1786995105.0111773,11.844460487365723,-3.1921834733659193,2.2815165193777607,5.157370966138567,1.6159086697410565,0.15497172052537586
1786995105.0233474,11.856630563735962,-3.190974695974449,2.282065203543712,5.155822944941131,1.6161624880815653,0.16756315674563516
1786995105.032585,11.865868091583252,-3.1897284196514883,2.2825554849753806,5.154245009497603,1.6164121913899336,0.2240482926649163
1786995105.0483992,11.881682395935059,-3.188446095072505,2.282996671286511,5.152636699599359,1.6166520876315298,0.13302677086532336
1786995105.0592396,11.892522811889648,-3.187129806459426,2.283387748052262,5.150997219712412,1.616883248968581,0.19727682550835446
1786995105.071288,11.904571294784546,-3.1857776749792497,2.283728159000729,5.149326174146092,1.6171096660389905,0.18063333176990573
1786995105.0807703,11.914053440093994,-3.184387588235733,2.2839914949406017,5.147626132256366,1.6173432059085522,0.23325397040446574
1786995105.0947723,11.92805552482605,-3.182959005021267,2.284190998209069,5.14589903260506,1.6175749068949719,0.1607066201964888
1786995105.111318,11.94460129737854,-3.181496428377131,2.2843508127051124,5.144149666817642,1.6177997772500454,0.13815101914068806
1786995105.118216,11.951499223709106,-3.179999643166605,2.284452024716958,5.142378982022723,1.6180300089257895,0.33644337519873746
1786995105.129486,11.962769269943237,-3.178464611021175,2.284472750619568,5.14058506429189,1.6182663967286135,0.20950414139513085
1786995105.1439724,11.977255582809448,-3.1768919718295026,2.284438671571513,5.138771353905065,1.6184967400987516,0.16572971647749019
1786995105.1552808,11.988564014434814,-3.1752862277517924,2.2843835942323345,5.136938628912685,1.618712847111495,0.21552758016096016
1786995105.1647959,11.998079061508179,-3.173653314565689,2.284299145504987,5.135086977990203,1.6189197948205098,0.25961539023624747
1786995105.1806147,12.013897895812988,-3.1720030168462183,2.284191696956947,5.1332152881512725,1.6191197647765974,0.1578908387149308
1786995105.1919632,12.025246381759644,-3.1703412789886793,2.284110767779237,5.1313320130233615,1.619296262386224,0.2214300866703722
1786995105.2053866,12.03866982460022,-3.168669073172393,2.2840697834270007,5.129436536929639,1.6194479619213862,0.18832720945561754
1786995105.2173111,12.050594329833984,-3.1669854110897178,2.284032230136704,5.127527885808652,1.619587868012691,0.21345985701619527
1786995105.2236788,12.056962013244629,-3.165287167032834,2.2839476816940114,5.125607217882028,1.619728114869025,0.4028434640131844
1786995105.2441044,12.077387571334839,-3.163567454603115,2.28379019889462,5.123675624615219,1.6198736196774373,0.12685072058724214
1786995105.2594135,12.09269666671753,-3.1618256647420164,2.2835439513306306,5.121728712761014,1.620028126643136,0.17139589283717202
1786995105.2681441,12.10142731666565,-3.1600619427931425,2.2832059335961254,5.119763899510224,1.6201895617233877,0.30488602447602947
1786995105.2811913,12.114474534988403,-3.1582743960940616,2.2827550641117056,5.117785543408036,1.6203608466470971,0.20725976000780308
1786995105.293609,12.12689208984375,-3.1564713010749776,2.282222687645246,5.115798863536309,1.6205338187801932,0.22027107783439384
1786995105.3102615,12.143544673919678,-3.154656227777987,2.281654497582478,5.113806468149954,1.6206992357011292,0.1654064953008102
1786995105.31804,12.151323080062866,-3.1528358484833556,2.281069624745575,5.11180516232604,1.6208582026355707,0.35583973326524415
1786995105.3291392,12.16242241859436,-3.151014711629198,2.2804827053634007,5.109794342197038,1.6210134830838028,0.2500763573814889
1786995105.3411608,12.17444396018982,-3.149189996840767,2.2798869147884915,5.107772142380704,1.6211637196281143,0.23193041607489168
1786995105.3575385,12.190821647644043,-3.1473618048434733,2.279275700888653,5.10573661839616,1.6213120494143605,0.1711738103283929
1786995105.369404,12.20268726348877,-3.145527627570074,2.278621669629522,5.103690564094258,1.621464055229427,0.23804821798578324
1786995105.3852224,12.218505620956421,-3.1436811711971204,2.2779063816341836,5.101635339090559,1.6216171098776297,0.1804196497110684
1786995105.3936286,12.226911783218384,-3.1418241373730567,2.277148812048981,5.099570867002424,1.6217670998836669,0.34240192907211137
1786995105.4132705,12.246553659439087,-3.139955752135867,2.2763718276399687,5.097498285162081,1.621912222066345,0.14746951300685648
1786995105.4278514,12.261134624481201,-3.138079150193737,2.2755830142223616,5.095421342637232,1.6220501539972176,0.19945092835919168
1786995105.4329696,12.266252756118774,-3.1362018276802206,2.274787690318603,5.093339638408805,1.6221804486354434,0.569314072143406
1786995105.451895,12.285178184509277,-3.134327275063268,2.2739858044905925,5.091252200867306,1.6223071295237979,0.15418083190882556
1786995105.4670224,12.300305604934692,-3.1324524649409966,2.2731632939291604,5.089160779260307,1.6224307663285862,0.19346882757580813
1786995105.4803357,12.313618898391724,-3.1305782739843067,2.272291995784272,5.08706524605278,1.622547910961147,0.22107973917620982
1786995105.4922376,12.325520753860474,-3.128707043073179,2.2713954720564637,5.084966394897237,1.6226636616686487,0.2479735030640832
1786995105.5024133,12.335696458816528,-3.126841805331813,2.2705162382785757,5.0828687265398536,1.6227759762069605,0.2890701155346135
1786995105.514546,12.347829103469849,-3.1249831712539886,2.2696446332730567,5.080774546638819,1.6228876112596635,0.24170678040032395
1786995105.5295908,12.362874031066895,-3.123132601295723,2.268770964075814,5.0786794756773075,1.6229952399499954,0.1946629990357472
1786995105.538588,12.37187123298645,-3.1212882165450764,2.2678852635192412,5.076582882397266,1.6230981728621028,0.3256003507071099
1786995105.5493731,12.382656335830688,-3.119454526337672,2.266986309608419,5.074489015004304,1.6231983151327631,0.2711946457702346
1786995105.5708523,12.404135465621948,-3.117633122390156,2.2660895013026328,5.072397003720768,1.6233013438371096,0.1357216271496114
1786995105.5883362,12.421619415283203,-3.1158229841882505,2.2651992372098473,5.070305441099742,1.6234069894035816,0.16619943440817622
1786995105.5951657,12.428448915481567,-3.114023584685222,2.2643036582731755,5.068213466002376,1.6235115466734058,0.4247864451657094
1786995105.6076546,12.440937757492065,-3.112235027179159,2.263384604898699,5.066120722602521,1.6236153615627664,0.23238905117728573
1786995105.6192892,12.452572345733643,-3.1104630304206964,2.2624484649907415,5.0640315453301,1.6237192966435605,0.2488265386141168
1786995105.6313117,12.464594841003418,-3.108707728173029,2.261519673147468,5.061946288944162,1.6238210739895376,0.2395167744089017
1786995105.6524365,12.485719680786133,-3.1069621504722003,2.2606098783233004,5.059864949614674,1.6239215478835318,0.13561007437494624
1786995105.659397,12.492680072784424,-3.1052289567927454,2.259711809003444,5.057791345026517,1.6240205070552798,0.4091527033948505
1786995105.6723785,12.505661725997925,-3.103511675372486,2.2588244591023776,5.055726138027364,1.624121553519717,0.21789957704388518
1786995105.6873922,12.520675420761108,-3.101809979559446,2.2579452454045112,5.0536662343643615,1.6242237260141363,0.18735066571292205
1786995105.7016344,12.53491759300232,-3.1001223088902976,2.257069287600793,5.051608739212978,1.6243251555972462,0.19670978748952983
1786995105.7111764,12.544459581375122,-3.098452242133905,2.256191814326305,5.0495523831722515,1.6244235059801388,0.29245916463383437
1786995105.7223158,12.555598974227905,-3.096801691057388,2.2552970673640753,5.047496487427778,1.6245179109453158,0.2499390465552019
1786995105.7453182,12.578601360321045,-3.0951682955106414,2.2543640704020467,5.045442855325212,1.6246056948145011,0.1210716184907662
1786995105.7551458,12.588428974151611,-3.0935455705805017,2.2533923387159236,5.043395097749949,1.624683980814599,0.283651481057315
1786995105.766179,12.599462270736694,-3.0919303797662625,2.252395793629013,5.041353056173531,1.6247619870694503,0.2526723237891061
1786995105.7780192,12.611302375793457,-3.0903268064986813,2.251404586219887,5.039320842911134,1.6248382611264258,0.2341171996497292
1786995105.798698,12.631981134414673,-3.0887363991731775,2.2504189475993854,5.037296557195391,1.6249108809959458,0.13330383987036137
1786995105.8112814,12.644564628601074,-3.0871622398616245,2.2494491094732307,5.035280318221993,1.6249843816063885,0.21739990199750006
1786995105.8256724,12.658955574035645,-3.085604654252224,2.248498223716265,5.033271278319387,1.6250628365688358,0.18859979253303646
1786995105.8355324,12.668815612792969,-3.0840672990096762,2.2475686940989865,5.031270452128637,1.6251421609692003,0.27271831773591315
1786995105.8477495,12.681032657623291,-3.0825518585797544,2.2466734545460434,5.0292760860007295,1.6252237834681336,0.21772720679335195
1786995105.8606029,12.693886041641235,-3.08105605237986,2.245809571018109,5.027286955448544,1.62530770111093,0.2049622449569308
1786995105.8750067,12.708289861679077,-3.0795768995717583,2.2449579047620736,5.025305670988374,1.6253911755538173,0.18155558586022624
1786995105.885215,12.718498229980469,-3.078113348158976,2.244089679266084,5.023332539584833,1.6254707154785712,0.2552395900910234
1786995105.9072096,12.740492820739746,-3.076666078159681,2.243206749806204,5.021369780041967,1.6255486261395913,0.11791831564322643
1786995105.9201944,12.753477573394775,-3.0752294197272536,2.2422888695963468,5.019419758527672,1.6256235082435952,0.19947921768966057
1786995105.9308589,12.764142036437988,-3.0737977238135987,2.241325328970652,5.017483452524344,1.6256939583725147,0.243212601734416
1786995105.9412205,12.774503707885742,-3.072373223818737,2.240302560128065,5.015560239609881,1.6257601255602978,0.2511845454423073
1786995105.9536333,12.786916494369507,-3.0709628035410743,2.2392727872668368,5.013653984774709,1.6258208650536858,0.20827325453583234
1786995105.9701521,12.803435325622559,-3.0695612936331194,2.238283376145548,5.011765467116543,1.6258848018501268,0.15445428006600642
1786995105.9831984,12.816481590270996,-3.068169986534197,2.2373456380263055,5.009889097031168,1.6259545167619953,0.19293737232843858
1786995105.994889,12.828172206878662,-3.0667943612410093,2.236455822719021,5.008024095031664,1.626025484410215,0.21234190836904582
1786995106.0095427,12.842825889587402,-3.0654394579233086,2.235597108394653,5.006172141746952,1.6261031640969965,0.16719881737857512
1786995106.0263426,12.859625816345215,-3.0641033712652455,2.2347468555603305,5.004332193033993,1.6261819558750805,0.14450341227749872
1786995106.0388913,12.872174501419067,-3.0627813628438822,2.2338783528849064,5.0025043723370075,1.626255252930515,0.19262700991573029
1786995106.0523107,12.885593891143799,-3.0614693103179222,2.232970323052952,5.000688466994062,1.626322397559364,0.18013753373311842
1786995106.0674355,12.900718688964844,-3.0601647721642373,2.232028148225921,4.998889158249434,1.6263831813706686,0.15960036071687872
1786995106.083472,12.916755199432373,-3.0588716405219314,2.2310768012605715,4.997107166653507,1.6264403719088392,0.1495642069108975
1786995106.092292,12.925575256347656,-3.0575935286315614,2.2301466765116125,4.9953413063446135,1.6264985611695895,0.2687072962253445
1786995106.109297,12.942580223083496,-3.0563321813711566,2.229265007405613,4.993591136371861,1.6265622759399891,0.1370507438039964
1786995106.1200166,12.953299760818481,-3.055086184128586,2.2284353522205835,4.991856181460322,1.6266288949484549,0.2137671856758432
1786995106.1446128,12.977895975112915,-3.0538558832462446,2.2276249392434435,4.990137904901253,1.626697396362118,0.09202143127195037
1786995106.1603053,12.9935884475708,-3.052639327292892,2.2268105085453085,4.9884362083126135,1.626763538688782,0.1430487685612542
1786995106.1741805,13.007463693618774,-3.0514340028318934,2.225997273581955,4.986753421869239,1.6268290073785197,0.16028143362139632
1786995106.1849258,13.018208980560303,-3.050242171145544,2.225186276364768,4.985087674451542,1.6268918561328023,0.20501345870008697
1786995106.205916,13.039199113845825,-3.0490670243189895,2.2243894724451523,4.983436045419465,1.626954371359412,0.10376370536900273
1786995106.2085903,13.041873455047607,-3.0479087587565603,2.2236180861801,4.981796929650215,1.6270213710963846,0.804007300140041
1786995106.2200913,13.053374528884888,-3.0467649758174304,2.222867591757893,4.980169271151656,1.627091483069782,0.1848702467487839
1786995106.2370186,13.07030177116394,-3.0456353470339117,2.2221288342786325,4.978552151063424,1.6271641288286987,0.1244381849333159
1786995106.256202,13.089485168457031,-3.0445141243743707,2.2213934304465246,4.976947028490248,1.6272325760752706,0.10902663531043662
1786995106.2780793,13.11136245727539,-3.0445141243743707,2.2213934304465246,4.976947028490248,1.6272325760752706,0.0
1786995106.278591,13.111874103546143,-3.043401773989066,2.2206787639420766,4.975353845301471,1.6273020533287625,4.046426769965982
1786995106.2845411,13.11782431602478,-3.042300992972075,2.2199738198514085,4.973771015381725,1.6273724922787185,0.34499721855682747
1786995106.2940733,13.12735652923584,-3.0412147475906335,2.219242027437006,4.972201528737256,1.6274358387501746,0.2144513561988055
1786995106.3100693,13.143352508544922,-3.0401441077433176,2.2184818388960728,4.970646943482697,1.6274921086918028,0.12721434843337132
1786995106.3278193,13.161102533340454,-3.03909053271757,2.217695972795849,4.969107361511792,1.6275392263294175,0.11404669251227256
1786995106.343719,13.177002191543579,-3.038055139208891,2.2168992995008767,4.967582271879854,1.6275820164719925,0.1263008311125755
1786995106.3532214,13.186504602432251,-3.037043439757962,2.216108618961204,4.966074018380434,1.6276245712790052,0.2084516047980615
1786995106.364484,13.19776725769043,-3.036057878456471,2.2153280952266203,4.9645823274269585,1.6276634366918172,0.17321118371
1786995106.3960662,13.229349374771118,-3.0351032173508234,2.2145672474837923,4.963106555797738,1.6277067416712239,0.06064338431219559
1786995106.42114,13.254423141479492,-3.0341725985486097,2.213816225873949,4.961646417999264,1.62775364260722,0.07527186781605379
1786995106.4215143,13.254797458648682,-3.0332636342817416,2.2130648358046745,4.960203634828773,1.6277977710714915,4.978250819128554
1786995106.4282122,13.261495351791382,-3.0323760740609425,2.212311239537092,4.958779640999612,1.6278398637155804,0.27462515374287116
1786995106.4602683,13.293551445007324,-3.031510748407648,2.211541925940844,4.957375794612396,1.6278728532128823,0.056767048805697384
1786995106.4661667,13.299449920654297,-3.0306648636614977,2.210776338868993,4.955992942409445,1.6279045520373985,0.3039331447144705
1786995106.4794805,13.312763690948486,-3.0298390850839625,2.2100184219048233,4.954625710803686,1.6279356793054391,0.13279158281059109
1786995106.4884088,13.321691989898682,-3.029036732853806,2.2092711036946713,4.95327028531764,1.6279672297523806,0.19526638313293668
1786995106.513445,13.346728086471558,-3.0282601081054072,2.2085244053448165,4.95193063318543,1.628000838777486,0.06866564094566278
1786995106.526321,13.359604120254517,-3.02750866045373,2.207793646368964,4.9506085162208535,1.6280374947581129,0.13103486813942744
1786995106.5412698,13.374552965164185,-3.0267834948008616,2.207086651738859,4.949306341366243,1.6280756388243651,0.11035343082924108
1786995106.5550253,13.38830852508545,-3.0260824626839127,2.206380694171936,4.948024258035704,1.6281097209037119,0.11797590500897093
1786995106.5751064,13.408389568328857,-3.0254038993371473,2.2056656937760746,4.946760802420099,1.6281397116783376,0.0798014385600347
1786995106.5892653,13.422548532485962,-3.024742170333384,2.204939221799963,4.945512535632145,1.6281655139143238,0.112201181314068
1786995106.601075,13.4343581199646,-3.0240956050945647,2.2042054802751654,4.944283120801552,1.628190299248614,0.13302327897854044
1786995106.6141489,13.447432041168213,-3.0234696458847528,2.2035153719338014,4.943075718848895,1.628220626275534,0.11665116743605683
1786995106.6338987,13.467181921005249,-3.022867605418277,2.202891942104018,4.9418871629862435,1.6282597650551187,0.07448045924975132
1786995106.6455755,13.478858709335327,-3.022287027021886,2.202343267991711,4.940716428613333,1.628310506099028,0.12137737938896094
1786995106.6572,13.490483283996582,-3.0217248016101563,2.2018422888923066,4.93956998828188,1.6283632779179698,0.11799506231756968
1786995106.6732843,13.506567478179932,-3.021180076832427,2.2013467481705242,4.938448769389171,1.6284154777470077,0.08340011735363585
1786995106.6852758,13.518558979034424,-3.0206505627158817,2.2008079948832875,4.9373517394689985,1.6284515895375047,0.1110752591193305
1786995106.71671,13.54999327659607,-3.0206505627158817,2.2008079948832875,4.9373517394689985,1.6284515895375047,0.0
1786995106.7172582,13.550541400909424,-3.0201368790970706,2.2001985355870692,4.936276588306045,1.6284712529343608,2.44174569798874
1786995106.7216341,13.554917335510254,-3.0196387389568886,2.1995238453744026,4.935224493145515,1.6284765922857425,0.3074673609217171
1786995106.7264452,13.559728384017944,-3.019155915760698,2.198826142692859,4.934196032138873,1.62847819012629,0.27712907193167075
1786995106.7401776,13.573460817337036,-3.0186857686373347,2.1981158609743066,4.933187078570592,1.6284786502001993,0.09615385104963993
1786995106.7621472,13.595430374145508,-3.018228490624594,2.1974062823302054,4.932194747211985,1.6284814006484722,0.059300916761803
1786995106.779224,13.612507104873657,-3.0177853793798435,2.1967204848031,4.931218961983556,1.6284914145492924,0.07450662716652208
1786995106.7882082,13.621491432189941,-3.0173572375708186,2.1960816846534637,4.930260388487417,1.6285104481579216,0.13678440413542367
1786995106.804272,13.637555122375488,-3.016943761106742,2.195483376298775,4.9293164265616465,1.6285341266109077,0.07418204829010877
1786995106.8209457,13.654228925704956,-3.016543821706234,2.1949332400307062,4.928383014433073,1.6285647031921762,0.06926604507912842
1786995106.8353765,13.668659687042236,-3.0161590502056708,2.194436561530256,4.927460559319931,1.6285961972477452,0.07734119483716685
1786995106.8425944,13.675877571105957,-3.015792958428964,2.1939818366095634,4.92655125147528,1.6286302508615702,0.14970776891962007
1786995106.8562942,13.689577341079712,-3.015441595746087,2.1935376283230608,4.9256586805363725,1.6286648901194585,0.07716185215315537
1786995106.8811414,13.71442461013794,-3.015097852567581,2.193082698038617,4.9247849713206255,1.628696293574531,0.0419887847798449
1786995106.8958175,13.729100704193115,-3.015097852567581,2.193082698038617,4.9247849713206255,1.628696293574531,0.0
1786995106.8985631,13.731846332550049,-3.0147601347776845,2.1926173619336113,4.923926410908898,1.6287208513502125,0.3763451490028047
1786995106.9103231,13.743606328964233,-3.0144285829782547,2.1921416040577895,4.923081989662266,1.6287420233874432,0.0871057171193374
1786995106.9212606,13.754543781280518,-3.014097282197318,2.191647897983443,4.922252949083207,1.6287599182964996,0.09327611021727972
1786995106.9407508,13.774034023284912,-3.01376560061277,2.191136927134426,4.921444447273076,1.6287740197179776,0.05193951493797407
1786995106.9563234,13.78960657119751,-3.013435917269367,2.190632514669839,4.920653021765722,1.628790532880255,0.06387681573332848
1786995106.9625218,13.795804977416992,-3.0131129391832325,2.1901790273926625,4.91988036534126,1.6288078081896071,0.15364374033185213
1786995106.97614,13.809423208236694,-3.012800751180342,2.189771745398662,4.919126278865325,1.628826486938481,0.06697880869369063
1786995106.9985282,13.831811428070068,-3.01249962393844,2.189412159975332,4.9183878515620565,1.6288459006408946,0.039073587836564984
1786995107.0172913,13.850574493408203,-3.0122053726820233,2.18907345269276,4.917665500471006,1.6288673818751767,0.04532049516898643
1786995107.032325,13.865608215332031,-3.0119174631273316,2.1887595351484475,4.916958103086194,1.628891988784324,0.05492587910119057
1786995107.042026,13.875309228897095,-3.0116223416566577,2.188433041672535,4.916233464029014,1.6282243289380793,0.08739485084729642
1786995107.0525799,13.885863065719604,-3.011270133102258,2.1880328960543256,4.9153493059206514,1.6265988209312072,0.09782468438760306
1786995107.0656817,13.898964881896973,-3.0108386926387958,2.1875391850369312,4.914228769306625,1.6241013595191243,0.09909051163301602
1786995107.0790837,13.91236686706543,-3.0103271348433154,2.1869551983338016,4.91283792321815,1.6207782709224332,0.11885211322447763
1786995107.0922441,13.925527334213257,-3.009745677088581,2.1862884208517497,4.911158248390921,1.616682124521873,0.14425160544935603
1786995107.1037486,13.937031745910645,-3.0091139743949125,2.1855546907197643,4.9091835186983115,1.6119299297506458,0.19117103107577224
1786995107.1312895,13.964572668075562,-3.0084651452236835,2.1847937162514444,4.906922940327214,1.6065375868288214,0.08975361222903094
1786995107.1427476,13.976030826568604,-3.0078374951364064,2.184051978646075,4.904388664216552,1.6005231959877901,0.23687592399123766
1786995107.1548383,13.988121509552002,-3.00726164733849,2.183369838731908,4.901587918161906,1.5939376513604395,0.24312719013621023
1786995107.1652362,13.99851942062378,-3.0067609404705937,2.1827838065181853,4.898523652665687,1.5868543750331232,0.3038807802006105
1786995107.1865945,14.019877672195435,-3.0063537903006923,2.182309381701317,4.895196750215708,1.5793504081832042,0.15849301501674348
1786995107.2019246,14.035207748413086,-3.0063537903006923,2.182309381701317,4.895196750215708,1.5793504081832042,0.0
1786995107.2028487,14.036131858825684,-3.006051618270611,2.1819378240498786,4.891608853815205,1.571464000288238,3.9169764453233813
1786995107.2102716,14.043554782867432,-3.005861314426227,2.1816540134623748,4.887761546733745,1.5632153296017868,0.5203410436282434
1786995107.2251685,14.058451652526855,-3.0057908750723406,2.1814455519670526,4.883654823593734,1.5546113595057052,0.27607235374539113
1786995107.25965,14.092933177947998,-3.0058501581642028,2.1813014279964174,4.879288336670892,1.5456552751306807,0.12671327506438332
1786995107.2709286,14.104211807250977,-3.0060469872887703,2.181217357655454,4.874661464752262,1.5363636910716671,0.41067221259034764
1786995107.2826526,14.115935802459717,-3.006387748395892,2.1812032023994767,4.869772585176067,1.5267598055521585,0.418011205530731
1786995107.2927756,14.12605881690979,-3.006878614598378,2.1812739239581727,4.864618776848772,1.5168943605359209,0.5114696299498803
1786995107.3226647,14.155947923660278,-3.0075231041687585,2.1814396284504105,4.8591984840951525,1.5068009675457434,0.18270832959990793
1786995107.3363166,14.169599771499634,-3.0083214907773552,2.1817102699863002,4.853509273583486,1.4965085939850056,0.42128574684742853
1786995107.354753,14.1880362033844,-3.0092736438503938,2.1820954103558097,4.847549588396751,1.4860680716157526,0.328021333982873
1786995107.3663607,14.199643850326538,-3.0103797865637443,2.1825992958891205,4.841319102241253,1.4755002701583446,0.5468761561912796
1786995107.3949246,14.22820782661438,-3.0116387651535286,2.1832215148643392,4.834817564451014,1.4648227288670372,0.23286251380731807
1786995107.4061186,14.239401817321777,-3.0130485215424474,2.183960988142134,4.828044584596496,1.4540423246095864,0.621543229144974
1786995107.417285,14.250568151473999,-3.01460837790848,2.1848171080716194,4.820999385696512,1.443166274726467,0.6507439333251598
1786995107.4305158,14.263798952102661,-3.0163183786637418,2.1857890736045733,4.8136800583357715,1.4321917324068583,0.5728306921245482
1786995107.4462755,14.279558658599854,-3.018178114072297,2.1868769203033187,4.806084620607617,1.421123141917107,0.500967839275514
1786995107.4733863,14.306669473648071,-3.020186946459154,2.1880831606679294,4.798212605573968,1.40998692864728,0.30295457628198263
1786995107.488123,14.321406126022339,-3.022344278206867,2.189411581761169,4.790064075742707,1.3987950518181487,0.5790532590949252
1786995107.4982762,14.331559419631958,-3.0246496097387214,2.1908639944010093,4.7816393059607485,1.387577036740859,0.8720739365341863
1786995107.511035,14.344318151473999,-3.0271024300279956,2.1924421680710235,4.772938803056345,1.376330968670948,0.7192224946617165
1786995107.5603232,14.393606424331665,-3.029701550850998,2.1941481416315756,4.763961072079686,1.365085888215813,0.19276009143519593
1786995107.5650864,14.398369550704956,-3.0324465319606198,2.195983610894231,4.754708775825139,1.3538670434256679,2.062488219650847
1786995107.5808506,14.414133787155151,-3.0353365914329578,2.1979492097487783,4.745181169417575,1.3426679755199329,0.6437649732381149
1786995107.5902,14.42348313331604,-3.0383708290451494,2.2000446810354064,4.7353758639797325,1.3314853024060942,1.1204808250588667
1786995107.6264968,14.459779977798462,-3.0415481468370316,2.2022695308769116,4.725290828367159,1.3203224270157408,0.29769093889574066
1786995107.6379232,14.471206426620483,-3.044867783322236,2.2046242052208114,4.714924791165541,1.3091806622726092,0.9746152275589104
1786995107.6453557,14.478638887405396,-3.048329105419549,2.207109750067842,4.704277840983474,1.2980789198001799,1.5429684731934825
1786995107.6633303,14.496613502502441,-3.0519314758655884,2.209725718077728,4.693350273160599,1.287012637963309,0.6564627495527896
1786995107.701979,14.535262107849121,-3.055674258102616,2.2124724969481147,4.682141221394519,1.2759836167120404,0.3139165825713256
1786995107.7165205,14.549803733825684,-3.0595567933199135,2.2153505858081575,4.6706503713793674,1.2650001303695855,0.8572519818879316
1786995107.7260609,14.559344053268433,-3.0635785398532427,2.218359886756004,4.658877639719358,1.2540623992086106,1.3416231674084376
1786995107.7374442,14.570727348327637,-3.067739088397821,2.2215004610372153,4.646822306437579,1.2431649784351684,1.1538042520294078
1786995107.7736442,14.606927394866943,-3.072037947893384,2.224772252184529,4.63448388786374,1.232315098294816,0.3720789560508719
1786995107.786572,14.619855165481567,-3.0764749125612942,2.228175506340867,4.621864670450479,1.2215374522628515,1.0676752483419327
1786995107.8034565,14.636739730834961,-3.08105010917846,2.231710631171481,4.608966762969438,1.2108491340282406,0.8371285436172626
1786995107.8117986,14.645081758499146,-3.085763250958067,2.235379010667845,4.595791424387318,1.2002471368835794,1.734090483504869
1786995107.85675,14.690033197402954,-3.0906140588787623,2.2391813961206095,4.5823397659225105,1.189722250968798,0.3291657065992511
1786995107.8683357,14.701618909835815,-3.0956024650772043,2.2431181150417023,4.5686138878771185,1.179285278334302,1.3055330722859542
1786995107.8782175,14.711500644683838,-3.100729512471128,2.24719020943028,4.5546204514397175,1.168932223547611,1.5634327792907368
1786995107.891341,14.724624156951904,-3.1059962601981734,2.2513986706415134,4.540365531921625,1.1586794651728034,1.2015624294617158
1786995107.9032001,14.736483335494995,-3.1114036701881713,2.2557445606985285,4.525858205072767,1.1485373894407231,1.355972029396121
1786995107.9412675,14.774550676345825,-3.116952104011398,2.260229797595913,4.511106741613885,1.138507855404534,0.4304534461090468
1786995107.951115,14.784398078918457,-3.1226418392327333,2.2648552987246737,4.496117278614008,1.1285822736769517,1.6945475110910082
1786995107.9682531,14.801536321640015,-3.128474145905257,2.269618494648108,4.4808960373492965,1.1187521898018022,0.9908863046712876
1786995107.974342,14.80762529373169,-3.134450658959158,2.2745171088249245,4.46545021206513,1.1090142863457977,2.836445081113366
1786995108.018564,14.851847171783447,-3.140571373807805,2.279551043940258,4.449785722400363,1.0993700816899885,0.39697665220827566
1786995108.0251265,14.858409643173218,-3.1468359872635387,2.2847224583901045,4.433910801109512,1.0898258782368921,2.7173621801501264
1786995108.0372632,14.870546340942383,-3.1532434274610086,2.2900329451182424,4.417831762231178,1.0803830383540372,1.4917590157684162
1786995108.0474162,14.880699396133423,-3.1597930113937,2.2954835987848936,4.40155508330794,1.071040643604215,1.8095221979762839
1786995108.0812452,14.914528369903564,-3.1664837396084042,2.301075224393927,4.385085987279105,1.0618094096547763,0.5508591736565307
1786995108.0927114,14.925994634628296,-3.1733155296894315,2.3068076563515683,4.368430703147337,1.052684454072181,1.6476734986921573
1786995108.10516,14.938443183898926,-3.1802888256754427,2.312680474598231,4.351596180942564,1.0436622139512648,1.5379028611697152
1786995108.1219497,14.955232858657837,-3.187403089208487,2.3186931597241505,4.33458786718702,1.0347373481950521,1.1549928089362178
1786995108.159227,14.992510080337524,-3.194657013506908,2.32484835032503,4.3174122239898125,1.0259269087449003,0.5267122843663651
1786995108.174379,15.007662296295166,-3.2020495915671496,2.331147653900777,4.300076508190611,1.0172396523771883,1.3114283932685133
1786995108.182205,15.015488147735596,-3.2095830014496243,2.3375850601213664,4.282587264565317,1.0086502898851288,2.5685889610215678
1786995108.1975286,15.030811786651611,-3.21725850356392,2.3441569031893024,4.264949702435723,1.0001420111235593,1.3265111855239589
1786995108.3014867,15.134769916534424,-3.21725850356392,2.3441569031893024,4.264949702435723,1.0001420111235593,0.0
1786995108.3069158,15.140198945999146,-3.2250756416401103,2.350861684196956,4.247168941475494,0.9917120563460156,3.784824620130771
1786995108.32533,15.158613204956055,-3.23303293212385,2.357700762910276,4.229249698935509,0.9833741830972432,1.1276659260134827
1786995108.332167,15.165450096130371,-3.241126622080573,2.3646814190555374,4.211197871486719,0.9751561707607658,3.0684560298980013
1786995108.3422592,15.17554235458374,-3.249350703459509,2.371816303109724,4.193019575750778,0.9670913602086645,2.0995740166886474
1786995108.3840137,15.217296838760376,-3.2577060403036557,2.3791011477582527,4.1747201187608685,0.959160705284067,0.5124026950632485
1786995108.397401,15.230684280395508,-3.266198226369338,2.386522716615827,4.156305449666124,0.9513262959351644,1.6129975035672255
1786995108.406739,15.2400221824646,-3.274833106250423,2.3940685246098603,4.137780572947236,0.9435499442529907,2.3331745454897157
1786995108.4212933,15.254576444625854,-3.2836122037915745,2.401733285633939,4.1191501701912285,0.9358305657100711,1.5098863704842211
1786995108.4324577,15.265740871429443,-3.2925323369438178,2.409520506089195,4.100419629621887,0.9281846369017772,1.984829522950054
1786995108.4694974,15.302780628204346,-3.3015883257661285,2.417436303863315,4.081593993745862,0.9206338045510634,0.6031355613887247
1786995108.4823213,15.315604448318481,-3.310772179124842,2.4254944504184386,4.062679761585422,0.9132199705577567,1.755889970018831
1786995108.4911432,15.324426412582397,-3.32007675708877,2.433706111488788,4.043679876570766,0.9059766184380093,2.5724043727894492
1786995108.5032866,15.336569786071777,-3.3295057544430247,2.4420629475781754,4.024599128858245,0.8988822084104665,1.8829368763015084
1786995108.5437624,15.377045631408691,-3.3390692779708053,2.4505463907894356,4.0054449913713706,0.8918797360796079,0.5689437061129664
1786995108.5544958,15.387778997421265,-3.348769508106983,2.459154841774013,3.986221357467341,0.8849660676232161,2.160495967500715
1786995108.5668073,15.400090456008911,-3.358608835877272,2.467883223789014,3.96693229822654,0.8781314968064835,1.8963328640290777
1786995108.579411,15.412694215774536,-3.368582326543327,2.4767381780233055,3.947579546518697,0.871393400237035,1.864792624221379
1786995108.6230493,15.456332445144653,-3.3786897350207936,2.4857158680315794,3.9281663250359515,0.8647503550041471,0.542105818410256
1786995108.6326447,15.465927839279175,-3.3889260299197903,2.4948238798442413,3.908697517663196,0.8582293855934496,2.4810836289465312
1786995108.6452737,15.478556871414185,-3.399284397161195,2.504073001925037,3.889179213838943,0.8518696613189515,1.8967607569940566
1786995108.657166,15.49044919013977,-3.409758924120372,2.513471977991967,3.8696134106161693,0.8456923555426391,2.026635266509397
1786995108.6959538,15.529237031936646,-3.420362476831791,2.52299591468017,3.850004962937266,0.839629998323556,0.6249669825365536
1786995108.7068858,15.54016900062561,-3.4311125943892677,2.532614230819368,3.830359629540067,0.8335996617553272,2.2294654670940943
1786995108.7192194,15.552502632141113,-3.4420153162729448,2.5423149428478977,3.8106783813207765,0.827572406534028,1.986562044072241
1786995108.7308013,15.564084529876709,-3.453070327238581,2.5520908240272884,3.7909633546742967,0.8215439208551089,2.1262903628336187
1786995108.76612,15.599403142929077,-3.4642637064268156,2.561956435246634,3.771219884576967,0.8155716531105993,0.7006859255976231
1786995108.7832844,15.616567611694336,-3.47558536120168,2.5719178960056683,3.751452212853085,0.8096872966264458,1.4485186523904088
1786995108.793968,15.627251148223877,-3.4870274351376893,2.5819803602307463,3.7316643716412417,0.8039144408471036,2.3376758356067606
1786995108.802358,15.635641098022461,-3.4985823190134213,2.592151698257434,3.7118584643967396,0.7982768482052035,2.98985873686329
1786995108.8464284,15.67971158027649,-3.5102581686514163,2.602414441041691,3.6920407610435517,0.7927398503502231,0.5715189143820079
1786995108.8614216,15.69470477104187,-3.522067795947201,2.612746458890469,3.6722145413298013,0.787241342688283,1.6863869196381294
1786995108.8703606,15.703643798828125,-3.5340134019260736,2.62314189181321,3.6523786201415214,0.7817723515494359,2.839415423741985
1786995108.8822806,15.715563774108887,-3.5460953226029757,2.633595172801373,3.6325345905401583,0.776322062997542,2.1372574064663965
1786995108.901967,15.735250234603882,-3.558314156115701,2.6440993949791527,3.6126868169331257,0.7708807278798515,1.2986116948761757
1786995108.9281197,15.76140284538269,-3.570666337511321,2.654653361596506,3.592836141000942,0.765461853485476,0.9808482779361598
1786995108.9442286,15.777511835098267,-3.583142036548416,2.6652655179731917,3.572986090763874,0.7600976713917077,1.5975493915817167
1786995108.9553673,15.788650512695312,-3.595722031777869,2.675962116849323,3.553141408058251,0.7548571688771765,2.3177230306045624
1786995108.9637883,15.79707145690918,-3.6083973396940348,2.686753365131832,3.5333027781820747,0.7497615251006466,3.075379639844434
1786995109.0096395,15.842922687530518,-3.621168866083481,2.6976367195898634,3.5134720761834934,0.7448110419838992,0.5665545081522116
1786995109.018255,15.851538181304932,-3.6340506887102446,2.708593261715199,3.4936527849777823,0.739957270042939,3.0240433756724476
1786995109.0303164,15.8635995388031,-3.647051642598247,2.7196155741603874,3.4738457269445697,0.7351821193305688,2.166516126891373
1786995109.0422382,15.875521421432495,-3.660180990742101,2.730693277626754,3.454052587985553,0.7304619328334867,2.198317533134089
1786995109.0754442,15.908727407455444,-3.6734443715473524,2.741817967649791,3.4342746509967377,0.725786886309709,0.7915406696045243
1786995109.0932624,15.9265456199646,-3.6734443715473524,2.741817967649791,3.4342746509967377,0.725786886309709,0.0
1786995109.0971696,15.930452823638916,-3.6868448982542694,2.752982394623281,3.414513296139681,0.7211477229196938,6.7459307621578946
1786995109.1059077,15.939190864562988,-3.7003810788544205,2.7641850650422013,3.3947716712248184,0.7165512731781423,3.0245211240356786
1786995109.1247573,15.958040475845337,-3.7140513145478513,2.7754209932248557,3.3750536067803463,0.7119943705018468,1.4055376712397256
1786995109.1488075,15.982090711593628,-3.727853743463179,2.78668351687793,3.355362131982687,0.7074699538469545,1.1040983565369127
1786995109.1601882,15.993471384048462,-3.741780725579131,2.7979747569627453,3.3357001523060394,0.7029901819503066,2.338099175119403
1786995109.1742203,16.007503509521484,-3.7558273574604977,2.8092945126898914,3.3160685479713923,0.6985667952227348,1.9000449823503418
1786995109.1839962,16.017279386520386,-3.7699824448393415,2.8206555093655235,3.2964719469769586,0.6942311267464802,2.732314988987331
1786995109.2153223,16.04860544204712,-3.784239308816401,2.832062320776985,3.276912719877216,0.6899942427063688,0.854145101425465
1786995109.2312427,16.064525842666626,-3.798604545223817,2.8435039316939847,3.2573934865609537,0.6858378131827757,1.6834109893076261
1786995109.2492454,16.082528591156006,-3.813087905911575,2.8549675469582296,3.237915259030952,0.681740644676623,1.4910882930842542
1786995109.2602043,16.09348750114441,-3.82769764914304,2.866441890737746,3.218479317301251,0.6776819831839399,2.453352967383128
1786995109.2858546,16.11913776397705,-3.8424346983842463,2.8779238531168065,3.199086252713145,0.673662990171568,1.04980645692968
1786995109.3016284,16.13491153717041,-3.857299460785228,2.8894080288864474,3.179737763206338,0.6696788911701458,1.709601055503679
1786995109.3063357,16.13961887359619,-3.872298848514593,2.900879043863084,3.160436098432817,0.6657095404924301,5.736200085895896
1786995109.3218122,16.15509533882141,-3.8874230813722046,2.912343929041852,3.141182773878289,0.6617713198616636,1.7468283362976424
1786995109.33185,16.165133237838745,-3.902657416174243,2.9238142178393645,3.1219796314190336,0.6578879321993544,2.6960953533738166
1786995109.3626463,16.195929527282715,-3.9179953879666147,2.9352926179782886,3.1028272351689266,0.6540774501560441,0.8796233978921287
1786995109.374255,16.20753812789917,-3.9334248453661718,2.9467957281482473,3.0837312445670175,0.6503661868462521,2.335487534891453
1786995109.390357,16.223640203475952,-3.948943860901305,2.9583276718826115,3.064696103895643,0.6467514588103558,1.6850193069799315
1786995109.3962612,16.229544401168823,-3.9562415540549707,2.9667918553436188,3.0459621993404595,0.6596678817537364,3.6946878658021243
1786995109.4335353,16.266818523406982,-3.9579391558772405,2.9735577785857443,3.0277963117065627,0.680894479669645,0.5220555789769944
1786995109.4475522,16.280835390090942,-3.9565640025848117,2.9801869123848315,3.010215517428106,0.7014736424637461,1.3440479920595034
1786995109.4621913,16.295474529266357,-3.954983832330986,2.9869096632023266,2.9925422282021863,0.7231482043466276,1.296159090608453
1786995109.4711983,16.304481506347656,-3.953088279623484,2.993771666064538,2.9746926500966944,0.7457156828833391,2.133552478232958
1786995109.4997034,16.33298659324646,-3.9508049122003404,3.000808964820677,2.9565982813582834,0.7688004960770167,0.6857895780848788
1786995109.5122073,16.34549045562744,-3.9481244443581036,3.0080085135861996,2.9382094894642736,0.7920662933086602,1.5938296024164214
1786995109.5255394,16.35882258415222,-3.9450371366960555,3.0153435991400976,2.9194874592121822,0.8152443279818832,1.5258844776742342
1786995109.5331202,16.366403341293335,-3.9415244066092265,3.0228036477903935,2.9003984428923415,0.8380231565471782,2.742971472843177
1786995109.578957,16.412240266799927,-3.937585789636876,3.0303670065046093,2.8809173793685274,0.8602028243152686,0.4639420030996418
1786995109.599573,16.43285608291626,-3.933220686658353,3.0379960097754957,2.8610171986236717,0.8816681117600176,1.0552499409735143
1786995109.60316,16.436443090438843,-3.928414934041988,3.0456666461699524,2.8406675863367314,0.902294728092163,6.209066948651347
1786995109.6163468,16.44963002204895,-3.923161182939187,3.0533558429547725,2.819840230652293,0.9220368700912568,1.7300890029947489
1786995109.6611123,16.49439549446106,-3.9174495336430524,3.0610470216369063,2.798514786900545,0.9408712923969664,0.5222427986284642
1786995109.6737645,16.507047653198242,-3.911262580474475,3.0687317460492727,2.776667689199933,0.9587223324736165,1.8946507204894165
1786995109.6832933,16.516576528549194,-3.904581736117142,3.0764133736523323,2.754276758653784,0.9754806301494371,2.5812745211683725
1786995109.6959202,16.529203414916992,-3.8973924015013877,3.0840958203860125,2.7313266183801783,0.9910322892117504,1.9994706047104642
1786995109.7335699,16.566853046417236,-3.8896817668187174,3.091780060785782,2.7078041606281067,1.005274588036787,0.6884330000056929
1786995109.7493737,16.582656860351562,-3.881434656661817,3.0994771383908772,2.683699221623534,1.0180546294204744,1.6840273450166343
1786995109.7577505,16.591033697128296,-3.8726433295390996,3.1071894284091197,2.65900717383973,1.0292407308324423,3.26155271337568
1786995109.7697792,16.603062391281128,-3.8633053770240346,3.114908655821397,2.6337233916711345,1.0387843792966496,2.3308136998905513
1786995109.780716,16.613999128341675,-3.853423042369965,3.1226186962550746,2.607844886422435,1.0467321231649642,2.629136084815899
1786995109.8203464,16.653629541397095,-3.8430009328746504,3.130299532437764,2.5813728190317016,1.053272824013761,0.743580168356425
1786995109.8291445,16.6624276638031,-3.8320390982165926,3.137933387743826,2.5543122989597165,1.0585818770067634,3.430045561428185
1786995109.8433495,16.67663264274597,-3.8205336188375743,3.1454947868672183,2.52667358879953,1.0628138444029374,2.1737428423347165
1786995109.8555238,16.688807010650635,-3.8084778515542537,3.1529506728716545,2.4984726960587182,1.0661728674754651,2.5925770171864895
1786995109.8932757,16.726558923721313,-3.7958647363979994,3.160267793036332,2.4697267208515314,1.0688891916617438,0.8538092783666039
1786995109.9063833,16.73966646194458,-3.7826867255915673,3.167420783071332,2.4404537579579983,1.071185804576615,2.5092193262448124
1786995109.9176657,16.750948905944824,-3.7689351470538046,3.174392413085865,2.4106732737291394,1.0731207924986665,2.9723045068774763
1786995109.9272115,16.760494709014893,-3.754603444986761,3.181180222686814,2.3804063248491225,1.0746996070079828,3.579539651199115
1786995109.956346,16.789629220962524,-3.73968808876642,3.1877920426998227,2.3496777372182196,1.0758433218893633,1.194158879773468
1786995109.9869995,16.820282697677612,-3.73968808876642,3.1877920426998227,2.3496777372182196,1.0758433218893633,0.0
1786995109.9929729,16.826256036758423,-3.7241863379226765,3.1942368519230078,2.318516045972106,1.0764807306465038,5.925697120715993
1786995109.9935343,16.826817512512207,-3.7080967992922713,3.2005288706354182,2.2869535618336636,1.076488565358508,64.08342435695731
1786995109.9937809,16.827064037322998,-3.691426606360425,3.2066557129883617,2.2550287872066765,1.0759695955819044,148.19001957899494
1786995110.019794,16.853077173233032,-3.674186877167686,3.2125864932608876,2.2227821030150263,1.0751818644295315,1.4240358159864204
1786995110.0306854,16.86396861076355,-3.6563832941988808,3.2183205112267825,2.1902518461822624,1.0741281549158805,3.4452918274236484
1786995110.043376,16.876659154891968,-3.6380293225485967,3.2238597582501645,2.1574786576734684,1.0728084248692868,2.9919007104306146
1786995110.056221,16.889504194259644,-3.619145612877716,3.2291833902788674,2.1245040292508484,1.0713914266438596,2.98715021731813
1786995110.0779588,16.91124200820923,-3.5997490417895697,3.2342863394341124,2.091367658677863,1.0699233771486305,1.781850148413393
1786995110.0932252,16.92650842666626,-3.5798593345841887,3.2391821097331746,2.058109563448249,1.0683327321437524,2.558545409106618
1786995110.1064634,16.939746618270874,-3.559499064463191,3.243879506971844,2.0247666418437875,1.0665980258619963,2.9723970854953206
1786995110.1151412,16.948424339294434,-3.5386831795512723,3.2483918690200797,1.9913720279776304,1.064648915439546,4.564432471929549
1786995110.1441932,16.977476358413696,-3.51743212241587,3.2527309566417157,1.9579574792336518,1.0624477910045642,1.3712216167498803
1786995110.1563342,16.989617347717285,-3.4957766535604398,3.2568919461892674,1.9245534838674616,1.0600720515441173,3.2967858951407
1786995110.167258,17.00054121017456,-3.4737416303641724,3.260872962801246,1.8911878647026683,1.0575568087057199,3.678440076953968
1786995110.1775572,17.01084041595459,-3.4513480121907856,3.264693109198666,1.8578890818543963,1.0548387365599494,3.9138705345420792
1786995110.192957,17.02624011039734,-3.4286247987666965,3.26836003405954,1.8246859736172232,1.051925520385573,2.6234906883912132
1786995110.219545,17.052828073501587,-3.4056030754817828,3.271870462071787,1.79160100998588,1.0488746994247626,1.5217068779292253
1786995110.2339802,17.06726336479187,-3.3823175057132335,3.2752147198011277,1.7586535216827244,1.0457638378925331,2.804502406856969
1786995110.2459786,17.079261779785156,-3.358814391322318,3.2783850352431094,1.7258582114334873,1.0426623114354538,3.3731089842455466
1786995110.2563238,17.089607000350952,-3.3351367954666524,3.2813825969206825,1.6932270959740268,1.039591505419262,3.9078681553472236
1786995110.2922583,17.12554144859314,-3.311321646356234,3.2842215381460336,1.6607721930364074,1.0365341932640066,1.123022487701356
1786995110.3007898,17.13407301902771,-3.287418264174575,3.286903101206224,1.628503198860805,1.0335033260984563,4.7174627464250305
1786995110.3112063,17.144489526748657,-3.2634745650702515,3.289449173914428,1.5964321852916736,1.0304589587893005,3.8500455099101325
1786995110.3273444,17.160627603530884,-3.239521743902734,3.2919005639023324,1.5645697031983923,1.027334103392157,2.4747068650117257
1786995110.349531,17.182814121246338,-3.2155902940169128,3.2942885679692386,1.5329212790341022,1.024110659258591,1.7916156367329827
1786995110.359431,17.19271421432495,-3.191722239675018,3.296613509883525,1.5014894378438102,1.0208095406911382,3.993439961494112
1786995110.374617,17.207900285720825,-3.1679587142574257,3.298868804263855,1.4702745769576804,1.0174270361768385,2.5876204566614724
1786995110.3851266,17.218409776687622,-3.1443267760592906,3.301085126561907,1.4392825011715948,1.0139388897159707,3.7144544378642532
1786995110.4145417,17.247824907302856,-3.1208527553274474,3.3032774755899776,1.408514872489407,1.0103382331606383,1.3177529735550122
1786995110.430867,17.264150142669678,-3.0975668497980258,3.305437925592737,1.3779708119140122,1.0066073628562275,2.356394575700456
1786995110.4394917,17.272774934768677,-3.074497583128618,3.307562211607302,1.3476511997170255,1.0027070980684551,4.424145976325022
1786995110.4521272,17.285410404205322,-3.0516663630661642,3.3096607183017452,1.3175582399517216,0.9986119228793704,2.9941052391551994
1786995110.4746838,17.307966947555542,-3.0290864068455257,3.3117531878411954,1.2876987503410378,0.9943019549617931,1.662235739624699
1786995110.4879181,17.32120132446289,-3.00676627025692,3.3138664606160178,1.2580817207080701,0.989791090896578,2.806778683086579
1786995110.5018384,17.335121631622314,-2.984715368546236,3.316028517494154,1.228718158973717,0.9851020834294476,2.642541569912159
1786995110.513251,17.346534252166748,-2.9629375174429122,3.318271223299316,1.1996183202118098,0.980282539511002,3.1908295260107558
1786995110.543642,17.376925230026245,-2.9414377359618964,3.3206006731285256,1.1707885696355274,0.9753475294024088,1.1858508069673226
1786995110.5643742,17.39765739440918,-2.9202187835950792,3.3230213751864612,1.1422346727869823,0.9703062015756134,1.719892776295353
1786995110.5705645,17.403847694396973,-2.899283445157211,3.325527097433368,1.1139587115305334,0.9651449142597208,5.697907962129334
1786995110.5793333,17.41261649131775,-2.8786287274134668,3.3281162243939915,1.0859618501696449,0.9598742024774413,3.978608272112632
1786995110.592544,17.425827264785767,-2.8582499384780222,3.330782464860743,1.0582457784700428,0.9544853861158443,2.611871869032781
1786995110.62157,17.454853296279907,-2.838138543503975,3.333523373045791,1.030812231563154,0.9489823666123026,1.1757014506054972
1786995110.6326199,17.46590304374695,-2.8182794415431114,3.336351261731251,1.0036633634615897,0.9434107253715099,3.0548771122131946
1786995110.6436675,17.476950645446777,-2.798656092980607,3.3392825774135915,0.9768000872054596,0.9378219189175993,3.0229337394676565
1786995110.6563876,17.489670753479004,-2.7792552328544717,3.3423240419053784,0.9502233913919205,0.9322560413920997,2.597846510294645
1786995110.6910403,17.52432346343994,-2.7600696631103743,3.3454738221706535,0.9239353778717073,0.9267270849843787,0.9435506742706897
1786995110.7032428,17.53652596473694,-2.7411009265223156,3.3487128496709344,0.8979378443279191,0.9211986771930241,2.650656906257946
1786995110.7105553,17.543838500976562,-2.722347044196839,3.3520362721372816,0.8722292166368262,0.9156674664823068,4.375377361113111
1786995110.7242935,17.557576656341553,-2.703803492907522,3.3554463269406454,0.8468076875220263,0.9101453891215276,2.303829662316441
1786995110.746022,17.579305171966553,-2.685468912754992,3.3589356594845774,0.8216726503001855,0.9046304791972224,1.4408065042902767
1786995110.7667532,17.60003638267517,-2.667348474267834,3.3624836185234037,0.7968266680013583,0.8990893489707121,1.4931975640634385
1786995110.7742674,17.607550621032715,-2.649447481267617,3.3660706813939343,0.7722704930926972,0.8934951686666353,4.07217832439273
1786995110.781366,17.614649295806885,-2.6317608098932883,3.3697011370203334,0.7480050046411684,0.8878650595612595,4.26077657498759
1786995110.8161302,17.649413347244263,-2.614282125995832,3.37337622942472,0.7240290476072192,0.8822090530583249,0.8600103741943064
1786995110.8265486,17.659831762313843,-2.597002078256473,3.3771038264251234,0.700344632967955,0.8765571099453914,2.836720225774544
1786995110.8365595,17.66984272003174,-2.579910982190621,3.3808929826610035,0.676951841319668,0.8709324810268964,2.918592385757936
1786995110.8499522,17.68323540687561,-2.5630098754826043,3.384731139532208,0.6538501472300757,0.8653134078369223,2.156417204416019
1786995110.8760202,17.709303379058838,-2.5462998263712127,3.388609147976037,0.6310396233362922,0.859695749869272,1.0948657571709415
1786995110.8880255,17.721308708190918,-2.5297736724849904,3.3925371722620423,0.608520434431028,0.8541058618137405,2.349572630978341
1786995110.9017813,17.73506450653076,-2.513423827965862,3.3965251005041632,0.586294274624576,0.8485672262218358,2.026688803720426
1786995110.91374,17.747023105621338,-2.497250233554613,3.400567520837157,0.5643597893446615,0.8430704621310757,2.3038505493475085
1786995110.9326932,17.765976428985596,-2.4812511071128074,3.4046657025067053,0.5427164714892687,0.8376180399301149,1.4364232796427345
1786995110.9462466,17.779529809951782,-2.4654319935525253,3.4088089626739024,0.5213635868014181,0.8322033253570748,1.9843971345215927
1786995110.9582343,17.79151749610901,-2.4497994412434,3.4129845476905887,0.5003010165492315,0.8268125174235352,2.2156233242875416
1786995110.9685616,17.801844835281372,-2.4343586717619745,3.4171814457170604,0.4795295823676419,0.8214385537672624,2.5388836091225992
1786995110.9794354,17.812718629837036,-2.4191105829647483,3.4213958830997764,0.45905008812341014,0.8160789415271938,2.3798579893779066
1786995111.0155964,17.84887957572937,-2.4191105829647483,3.4213958830997764,0.45905008812341014,0.8160789415271938,0.0
1786995111.0161502,17.849433422088623,-2.4040543114940434,3.425625645204227,0.4388602359355063,0.8107353325347844,46.11106967773032
1786995111.0163713,17.84965443611145,-2.3891887592518843,3.429866464490434,0.41896005977933476,0.8054060476286141,114.01508487511434
1786995111.0224075,17.855690717697144,-2.3745057633173627,3.4341252722818334,0.39935224965035865,0.8001058133881503,4.119010631841128
1786995111.0362933,17.869576454162598,-2.359991670412045,3.43841803416145,0.38003845261107516,0.794867425664489,1.7671312391770253
1786995111.064619,17.897902250289917,-2.359991670412045,3.43841803416145,0.38003845261107516,0.794867425664489,0.0
1786995111.0663407,17.89962387084961,-2.3456411420180756,3.442749083660096,0.3610174752315108,0.7897062503372058,14.066759529754659
1786995111.0666764,17.899959564208984,-2.3314543332938564,3.4471153541827317,0.3422889615426431,0.7846187693657515,71.18826676716313
1786995111.078886,17.912169218063354,-2.317439059477656,3.451503274210304,0.3238526689067129,0.7795857121447556,1.9304982570363514
1786995111.0886996,17.921982765197754,-2.303602247509165,3.4559033716258587,0.3057081060172197,0.7745895024912569,2.368036066921357
1786995111.1005712,17.933854341506958,-2.2899462969632087,3.460313603448586,0.28785552374534357,0.7696330409973152,1.929418228277666
1786995111.1145399,17.94782304763794,-2.276470478131576,3.4647324958576946,0.27029477432416593,0.7647198977031312,1.6159120268803115
1786995111.1250548,17.958338022232056,-2.263173622905191,3.4691588762853316,0.25302485741462427,0.7598550010620055,2.115146447152039
1786995111.140883,17.97416615486145,-2.250056565666612,3.4735878148225976,0.23604509866486587,0.7550302335448517,1.3841530187507938
1786995111.1511674,17.984450578689575,-2.237121130091695,3.478012051278626,0.21935684190331084,0.7502329448339682,2.0976448123046527
1786995111.1606221,17.993905305862427,-2.2243655222217256,3.4824285160580244,0.2029593818058333,0.7454648942937985,2.2463702688290215
1786995111.173691,18.00697422027588,-2.2117904677882185,3.4868301641725803,0.18685214696850003,0.7407230677796236,1.5994700656349004
1786995111.184414,18.01769709587097,-2.199386333472939,3.491227383396204,0.17103820621740368,0.7360263885701954,1.9186775538492902
1786995111.1983044,18.031587600708008,-2.187145571031893,3.495625932532057,0.15551787498001063,0.7313851251740112,1.4578333726902044
1786995111.2128599,18.046143054962158,-2.1750681548164197,3.5000218255878157,0.14029176959513506,0.7267950496864651,1.368931134815294
1786995111.2241406,18.05742383003235,-2.163156287196514,3.504410284547429,0.1253595510612914,0.7222530482446105,1.7373840397149423
1786995111.2336283,18.066911458969116,-2.1514069644725082,3.508795071403311,0.11072002547049423,0.7177641930137156,2.031765253771949
1786995111.2451248,18.078408002853394,-2.1398195526132655,3.5131768980751907,0.09637378367249436,0.7133267292180572,1.6487360610826771
1786995111.2574232,18.09070634841919,-2.128388144696025,3.5175659373913564,0.0823226550592765,0.7089599465448357,1.5154882314878626
1786995111.2683456,18.10162878036499,-2.117113301486548,3.5219629816211993,0.06856668287378714,0.7046647320827399,1.6774332011974842
1786995111.2810574,18.11434054374695,-2.106000842471566,3.526360796894333,0.05510452439366157,0.7004349116910225,1.4161363190408618
1786995111.2931566,18.126439809799194,-2.0950618824782006,3.53074469982344,0.04193595956846248,0.6962494351804162,1.460563337061893
1786995111.3031445,18.136427640914917,-2.0950618824782006,3.53074469982344,0.04193595956846248,0.6962494351804162,0.0
1786995111.3041606,18.137443780899048,-2.0843007584653304,3.5351106634069676,0.029059246629923,0.6921066849376999,17.064508859334165
1786995111.3206205,18.15390372276306,-2.076769364785311,3.5377762262955508,0.01704874131514455,0.6980826958858385,0.876367369358201
1786995111.3330572,18.166340351104736,-2.0692648048979345,3.540546939009965,0.005334328256646578,0.7045295116362332,1.1406065853085492
1786995111.340237,18.1735200881958,-2.065197454832493,3.5435489676773715,-0.0011587148873609052,0.7162768994394457,1.1461310836990009
1786995111.3543289,18.187612056732178,-2.0651974266596804,3.543549005404203,-0.001118939848739335,0.7162769416406214,0.00282253443785294
1786995111.363816,18.197099208831787,-2.065197495592329,3.5435491530921013,-0.0009940989321802693,0.7162776081335739,0.013158956622320838
1786995111.3771632,18.21044635772705,-2.065195964512115,3.543554203251221,-0.0006914824464952646,0.7162938064082283,0.022676190781625836
1786995111.3917472,18.225030422210693,-2.065186125784111,3.5435705410443434,-0.00017881541800758571,0.716345027758439,0.035176863318255015
1786995111.4005208,18.23380398750305,-2.065166816191197,3.5435875454969437,0.0005510261702055402,0.716400367428086,0.0832381083628821
1786995111.4157104,18.248993635177612,-2.0651371087675976,3.5435983349417723,0.0014988377143692888,0.716441839771859,0.06243320395371008
1786995111.4253104,18.258593559265137,-2.065094298173505,3.5435892792406256,0.002658508744867505,0.7164288999391852,0.12088598668408448
1786995111.4370112,18.270294427871704,-2.0650379297506967,3.5435567932573826,0.004022078584835116,0.7163094330224544,0.11666835029687057
1786995111.4533145,18.286597728729248,-2.0649766627169983,3.5434945823920923,0.005582805276216407,0.7159967656509616,0.09588041084768138
1786995111.4671752,18.300458431243896,-2.0649312645917592,3.543394635870931,0.007334390215982339,0.71548066813313,0.12661850245179482
1786995111.4720879,18.305371046066284,-2.0649147465383138,3.5432652134608618,0.009269760935962046,0.71477425781517,0.39485359054715174
1786995111.4845219,18.31780505180359,-2.0649419249856065,3.543110360282577,0.011383101687732912,0.71389457539416,0.170434279615856
1786995111.4966755,18.32995867729187,-2.0650213373204145,3.54294237687197,0.013669136471860216,0.7128529489181602,0.18871517679575614
1786995111.514305,18.347588300704956,-2.0651686031912018,3.542758321246523,0.01612552243456114,0.7116546543102328,0.13997293301144947
1786995111.5213912,18.354674339294434,-2.065392868250036,3.542564616412891,0.018748323768892523,0.710304542919115,0.3724915075175566
1786995111.5344558,18.367738962173462,-2.0656989591055823,3.5423705433538872,0.02153229269895983,0.7088127942602236,0.2148903438670368
1786995111.5493822,18.382665395736694,-2.0660902993600914,3.542185245319488,0.024472248290295796,0.7071848272565706,0.19908773206438543
1786995111.5613673,18.39465045928955,-2.0665688822094714,3.542018350095677,0.02756266568460944,0.7054350837468178,0.26130064561473304
1786995111.5681114,18.401394605636597,-2.067131788254694,3.5418869981090455,0.03080096333441979,0.7035794981846216,0.48775356933510977
1786995111.5798419,18.413125038146973,-2.0677810104544863,3.5417990311220837,0.03418301525336673,0.7016348924430595,0.2936741003049917
1786995111.5934951,18.426778316497803,-2.068523449900194,3.541755260906749,0.037705765224207766,0.6996092751461745,0.2637024307264999
1786995111.6102376,18.44352078437805,-2.0693657904716916,3.5417581571061083,0.0413681293436998,0.6975067147190837,0.2244582929218457
1786995111.6214097,18.454692840576172,-2.070313897832418,3.541810589260984,0.04516865718655707,0.6953355203867001,0.3506386581490747
1786995111.6380672,18.47135043144226,-2.0713718142041317,3.5419172276881,0.04910303565366654,0.6931037901978235,0.24466464847773786
1786995111.645795,18.47907829284668,-2.0725541710003044,3.54206349445173,0.053167794999645815,0.6907983539073397,0.5481149209361478
1786995111.6562848,18.48956799507141,-2.0738668038292554,3.5422482399743602,0.05735973434942672,0.6884149817491775,0.41912836498553746
1786995111.6718972,18.50518035888672,-2.075318316901383,3.5424615326510867,0.061674963127296666,0.685947022514464,0.291935591530448
1786995111.6807327,18.514015913009644,-2.0769135266527226,3.5426979268775844,0.0661090370434596,0.6833884454864574,0.5340037141760293
1786995111.692567,18.525850296020508,-2.078640993049995,3.542975591299196,0.0706619029110298,0.6807712977987459,0.41214497158739044
1786995111.711117,18.544400215148926,-2.0804828009141545,3.543318912714599,0.07533397091132496,0.6781363103223158,0.2713607954868775
1786995111.7239342,18.557217359542847,-2.082430676823541,3.543738723317012,0.0801210603480994,0.6755068446774138,0.4045548079368559
1786995111.7364347,18.56971788406372,-2.0844843883310573,3.544236064615413,0.08501698898597507,0.6728921398497352,0.42657940183860216
1786995111.746055,18.57933807373047,-2.0866568797330487,3.544795325318188,0.09001847245077835,0.6702705609020739,0.5697958691913056
1786995111.758703,18.591986179351807,-2.0889587906379252,3.545408321877615,0.09512396526228714,0.6676272517799399,0.44543279422637994
1786995111.7703125,18.603595733642578,-2.0914050722990596,3.546058392193995,0.10033073681899934,0.6649378108838542,0.4986769855828789
1786995111.781321,18.614604234695435,-2.0939985771556078,3.5467448898837355,0.10563399904897623,0.662204764176186,0.5398775841055756
1786995111.7954457,18.62872886657715,-2.096733513873152,3.5474762336699377,0.11103107208211528,0.659444954923571,0.43148148932828273
1786995111.811091,18.644374132156372,-2.099612026275132,3.548244895746359,0.11651963324670528,0.656650507439402,0.3991671681427864
1786995111.8183382,18.651621341705322,-2.1026336902094216,3.549047656489168,0.12209716562712503,0.6538194060547043,0.8822761057209059
1786995111.8301737,18.663456916809082,-2.1057874760944064,3.5498966342201053,0.12776092247780862,0.6509765160303623,0.5524012695371928
1786995111.842393,18.675676107406616,-2.109067159504372,3.55079625903757,0.1335072177536761,0.648138662731214,0.5464553239872774
1786995111.8595061,18.692789316177368,-2.1124656331877496,3.551754629464313,0.13933524073676254,0.6453262005626621,0.39818634453030194
1786995111.866364,18.699647188186646,-2.115982250159299,3.5527716601561883,0.14524308208978615,0.6425404181687489,1.0134447695386226
1786995111.8783908,18.711673974990845,-2.119619637918797,3.553845307651847,0.15122707089624263,0.6397766291388822,0.5890676528898253
1786995111.8880894,18.721372604370117,-2.123385518415441,3.554967849706948,0.157285754483504,0.6370214274807482,0.7445864716747167
1786995111.9013755,18.73465871810913,-2.1272907322798824,3.5561278260790616,0.1634175728504008,0.634258880969999,0.5540939334133022
1786995111.9154325,18.74871563911438,-2.1313348723847994,3.5573292817924,0.16962133268433938,0.631491810597224,0.5337119252455227
1786995111.9248164,18.75809955596924,-2.1355154944994634,3.558575798483347,0.17589491441704272,0.6287287366929818,0.8142958728990185
1786995111.9373097,18.77059292793274,-2.139832372946785,3.5598656396166586,0.18223408268204572,0.6259703734314049,0.6225027043469639
1786995111.9513242,18.784607410430908,-2.1442817836963113,3.5612024392034685,0.18863545420864106,0.6232255659679282,0.5643879254987173
1786995111.9658778,18.799160957336426,-2.148858897584591,3.5625909410211856,0.19509685789588138,0.6205063547081974,0.5523830202695019
1786995111.9852889,18.81857204437256,-2.1535629435282218,3.564031172814593,0.2016153460654459,0.6178160767977361,0.4207172144907116
1786995111.9961338,18.82941699028015,-2.1583903043482167,3.5655285629132956,0.20818893855607634,0.6151601937462532,0.7645982592234024
1786995112.0041695,18.83745265007019,-2.1633481384645847,3.567073297639211,0.21481704333795157,0.6125316138665642,1.0478418724746443
1786995112.0153337,18.8486168384552,-2.1684485949627295,3.5686491779461043,0.22149756726862976,0.6099040686418006,0.7659723170308099
1786995112.0319157,18.865198850631714,-2.1736935010756184,3.5702542578506518,0.22822727215003097,0.6072722778660604,0.5235694171467313
1786995112.038977,18.872260093688965,-2.1790840253500003,3.5718851515410313,0.23500301769271917,0.6046321715596983,1.2477536811665741
1786995112.0510414,18.884324550628662,-2.184619411243248,3.5735387874942792,0.241822632467396,0.6019809222635386,0.7408275204324862
1786995112.0669224,18.900205612182617,-2.1902918563411586,3.5752207887383163,0.24868622441484095,0.5993393873733364,0.5705987420380209
1786995112.0802112,18.913494348526,-2.1960880787218358,3.5769456359869625,0.25559578115618786,0.5967390427728818,0.6909780828784564
1786995112.0910795,18.924362659454346,-2.202003658675237,3.5787154741511467,0.262549950185827,0.5941836552279727,0.8556833098447909
1786995112.104049,18.937332153320312,-2.2080390249393,3.580528098714472,0.2695451605876483,0.5916750956466816,0.7259424436747383
1786995112.117045,18.95032811164856,-2.214208635830294,3.5823652401398824,0.276581762539082,0.5891838559285668,0.7338378274104018
1786995112.1272204,18.960503578186035,-2.2205179461321145,3.5842215768515544,0.2836564645398251,0.5866982538375222,0.9492872360691934
1786995112.1414878,18.97477102279663,-2.2269652488793445,3.586099910106828,0.2907663960008871,0.5842286895451562,0.6854715303501155
1786995112.1512423,18.984525442123413,-2.233549397414897,3.587999811783142,0.29790931223771655,0.5817744598249573,1.0147790354475792
1786995112.1650043,18.998287439346313,-2.2402715091992307,3.5899170726935674,0.3050837026508936,0.5793349874621461,0.7278532012712647
1786995112.181342,19.014625072479248,-2.247128286447294,3.5918534760079495,0.3122901621927252,0.5769148673308926,0.6202861560569677
1786995112.1871388,19.020421981811523,-2.2541114276970373,3.593816236509081,0.31952817877883655,0.57452351198038,1.7677045107292906
1786995112.2007542,19.034037351608276,-2.2612153899858187,3.595809769244817,0.3267949357007877,0.5721703662496112,0.7606091290010802
1786995112.2111547,19.044437885284424,-2.2684398783874236,3.5978339885879094,0.33408903825665315,0.5698588358623525,1.0060991522852487
1786995112.2237427,19.057025909423828,-2.27578541627413,3.5998887397368597,0.34140910849727907,0.567582169845696,0.8398277291457685
1786995112.2402294,19.0735125541687,-2.2832595268069102,3.601966234116819,0.348752477625954,0.5653297976184323,0.6479134228877874
1786995112.248536,19.08181929588318,-2.29086586455793,3.6040636649178017,0.35611585825221415,0.5630984836017814,1.2992286410026617
1786995112.2612891,19.09457230567932,-2.298607870988272,3.606177346982276,0.36349825195874186,0.5608863453530721,0.8550456207450498
1786995112.2813601,19.114643335342407,-2.3064900355288738,3.6083006296064837,0.3708978846969684,0.5586817258756258,0.5489393049052856
1786995112.2885666,19.12184977531433,-2.3145095030109086,3.6104357005961494,0.3783125771285189,0.556489897626118,1.5442720610671044
1786995112.3054295,19.138712644577026,-2.3226615034683573,3.612585215860986,0.38574146710968893,0.5543173749336563,0.6663588726082701
1786995112.3142638,19.147547006607056,-2.3309431358160113,3.614749079480996,0.3931852659461488,0.5521715256127995,1.2840346933136064
1786995112.3276942,19.160977363586426,-2.3393559199827574,3.616922100204651,0.40064319650506,0.550047593194618,0.8525955852655558
1786995112.3402026,19.17348575592041,-2.3478899424461286,3.6191151476695467,0.4081150569805298,0.547960778650943,0.9236056613129497
1786995112.3502686,19.183551788330078,-2.3565396499656255,3.621333253889045,0.41559976217595174,0.5459180911993669,1.1575100934451488
1786995112.3651874,19.19847059249878,-2.3653143885438572,3.6235645393337745,0.42309701193302884,0.5439055552362356,0.7879414809885792
1786995112.3872218,19.220504999160767,-2.374218008178969,3.6258065389475203,0.43060622686547295,0.5419185562388577,0.538305968684536
1786995112.3952363,19.228519439697266,-2.3832521827087567,3.62805810081258,0.4381254113589212,0.5399548368500867,1.4932573171553292
1786995112.4017649,19.235048055648804,-2.392424313724874,3.630308529634344,0.44565208334404455,0.5380061904724619,1.8497881080879037
1786995112.4154966,19.248779773712158,-2.401739631981299,3.632549214360184,0.4531856156839872,0.536059201532905,0.887587853473333
1786995112.4292536,19.262536764144897,-2.411189576927983,3.6347868769089224,0.46072558845419403,0.5341265330637588,0.8937060419163476
1786995112.440232,19.273515224456787,-2.420760188417189,3.637034589887672,0.46827431730280983,0.5322267750494126,1.1290146642702747
1786995112.45217,19.28545308113098,-2.430450190774802,3.6392898996579057,0.4758285603966283,0.5303582912971948,1.0464159539238065
1786995112.4642727,19.297555923461914,-2.440263772050092,3.641546045611238,0.48338817051760974,0.5285208445274368,1.0403702136089963
1786995112.4843273,19.317610502243042,-2.450200294510008,3.643804171836383,0.4909531195699606,0.5267112013424128,0.6328242152686901
1786995112.494228,19.327511072158813,-2.4602657257237923,3.646056098588481,0.49852020962633575,0.5249187584724118,1.2920849989046614
1786995112.5056865,19.338969707489014,-2.47046092054862,3.6483004593150006,0.5060861386596974,0.5231417494304437,1.1251538780025399
1786995112.5201023,19.35338544845581,-2.480789855245444,3.6505307126385356,0.5136487363478013,0.5213789520115901,0.9014018740892995
1786995112.531526,19.364809274673462,-2.4912559425812106,3.6527399329416044,0.5212081783346129,0.5196265568923559,1.1465751060816904
1786995112.5483868,19.381669998168945,-2.5018470609691033,3.654941298633512,0.5287656402122574,0.5178970354212462,0.7826442011326414
1786995112.5606759,19.393959045410156,-2.5125483203576873,3.657150394221614,0.5363239055578229,0.5162040413775785,1.0811456275065634
1786995112.570586,19.403869152069092,-2.5233592234567097,3.6593659328608923,0.5438812417062959,0.514546586099232,1.349658481948162
1786995112.5861065,19.419389724731445,-2.534286111531917,3.6615821538946665,0.5514362188621682,0.5129173150646271,0.8677495119801872
1786995112.61017,19.443453073501587,-2.545343971773531,3.663783615546193,0.5589890892103776,0.5113068116389359,0.5639643828432468
1786995112.6151078,19.44839096069336,-2.5565387720236594,3.6659650610167565,0.5665381563994508,0.5097081716450355,2.769884688529873
1786995112.6316602,19.464943408966064,-2.5678673138279193,3.6681295083749843,0.5740803389495746,0.5081238674061758,0.8325420916303192
1786995112.6402342,19.473517417907715,-2.579331620332923,3.6702705525889026,0.5816136847791614,0.5065475731261686,1.6193135139308226
1786995112.6632726,19.4965558052063,-2.590921006297263,3.672397690894531,0.5891382012221493,0.5049920895424654,0.6068389719826268
1786995112.6714742,19.504757404327393,-2.6026288205549117,3.674515136457977,0.5966531148881243,0.5034637340967962,1.7158029647758675
1786995112.6840181,19.517301321029663,-2.6144494053801717,3.676627652306079,0.6041592120050525,0.5019693129314223,1.1289039559676672
1786995112.6945355,19.52781867980957,-2.6263881480728606,3.678727786017855,0.6116558825402945,0.500499180806983,1.3551754723214402
1786995112.7203774,19.55366063117981,-2.6384503104103323,3.680809731842822,0.6191413966522032,0.4990476230004013,0.5552186347439574
1786995112.7386348,19.57191801071167,-2.6506427889335504,3.6828646814017305,0.6266133471635635,0.4976044312858202,0.7912843120757872
1786995112.746416,19.579699277877808,-2.662961124122696,3.6848988027517366,0.6340721314000836,0.496178096468704,1.869036083787775
1786995112.7554245,19.58870768547058,-2.6753978441060426,3.6869197985062225,0.6415182013908425,0.49477302883044477,1.6246585359964796
1786995112.7824574,19.615740537643433,-2.687953256362424,3.6889255788598767,0.6489501488120107,0.49338975055650586,0.5447952036343685
1786995112.8002317,19.633514881134033,-2.700622536133399,3.6909225531926904,0.6563678506386291,0.49203343881703016,0.8335743181572732
1786995112.8072014,19.64048457145691,-2.713407507287647,3.692909691340241,0.6637724484920186,0.4906980227418148,2.138898047027969
1786995112.8195345,19.652817726135254,-2.7263120013906734,3.694883557408761,0.6711634040762214,0.48937739036609956,1.2163644768932904
1786995112.8462846,19.67956781387329,-2.739340642629058,3.6968394466978047,0.6785393424787317,0.4880674231859688,0.5644413763015971
1786995112.8635292,19.696812391281128,-2.7524948613150095,3.6987759446833475,0.6858991710318469,0.48676915760173484,0.8812658947857274
1786995112.8701596,19.703442811965942,-2.765765823455329,3.70070432041884,0.6932442195118422,0.4854914585064874,2.306051037326185
1786995112.8835602,19.716843366622925,-2.7791473534807594,3.702630896825099,0.7005739185969729,0.48424314870689594,1.147609682938845
1786995112.8972862,19.73056936264038,-2.792645396423348,3.7045477490680487,0.7078873015570952,0.48301773163596395,1.1271435985055491
1786995112.925207,19.758490085601807,-2.8062637759429294,3.70645201979702,0.7151841259741525,0.48181069076379573,0.5575413341774978
1786995112.940855,19.77413821220398,-2.820006310044261,3.70834050993404,0.7224639223873813,0.4806121814159009,1.0011330659508462
1786995112.9482117,19.781494855880737,-2.8338694939512967,3.7102187307892853,0.729724736240775,0.47943179450132395,2.142528799194679
1786995112.9623523,19.79563546180725,-2.847848476864741,3.712093061789934,0.7369683393302215,0.4782761919078411,1.121269947993328
1786995112.9882734,19.821556568145752,-2.8619419931115098,3.7139654408503997,0.7441943108523676,0.47714150303290853,0.6152623590634849
1786995113.0030158,19.836298942565918,-2.876153412433091,3.7158321980589717,0.7514012591735062,0.47602482052055567,1.088247878175677
1786995113.0130699,19.84635305404663,-2.8904840826394653,3.717692497096539,0.7585877361971306,0.4749275382490431,1.6052353717208108
1786995113.0214217,19.85470485687256,-2.904938545370153,3.7195407555087208,0.7657529297980172,0.47384206217879793,1.9443058412642302
1786995113.0468075,19.880090713500977,-2.9195147379711757,3.721379144026868,0.7728957947256264,0.4727717809872307,0.6435087556724569
1786995113.0569463,19.89022946357727,-2.934214476483347,3.7232044959440356,0.7800156866833261,0.4717137040876944,1.6210020686661917
1786995113.0685596,19.901842832565308,-2.94903938704754,3.725012426917168,0.7871106942683932,0.4706663847393209,1.4237367266339391
1786995113.0815954,19.914878606796265,-2.963991037859597,3.7267978051037245,0.7941807911371925,0.4696275392442187,1.2761094436830107
1786995113.1115692,19.944852352142334,-2.9790650827982397,3.7285625913728797,0.8012275761132596,0.46860335573066386,0.5582604014065572
1786995113.1272237,19.960506916046143,-2.9942511851325566,3.730316363190775,0.8082518266433362,0.4675989545938985,1.0746770112071755
1786995113.1382232,19.971506357192993,-3.009544805893053,3.732061326731916,0.8152520960748064,0.46661505693176775,1.5373384822148013
1786995113.1494644,19.982747554779053,-3.024946528542485,3.733797544439557,0.822229568795569,0.46565447603015003,1.5120657925504322
1786995113.1687253,20.00200843811035,-3.040463425683475,3.73551843874566,0.8291853678912627,0.4647083029276827,0.8873674422501852
1786995113.1862776,20.01956081390381,-3.0561062716847442,3.7372125647951018,0.8361188742905501,0.4637694438769171,0.9795966875712765
1786995113.204345,20.037628173828125,-3.071874705867424,3.73888095634742,0.8430289955059149,0.4628337281429159,0.9573467693794216
1786995113.2143795,20.04766273498535,-3.087766600653001,3.740523717707519,0.84991345472279,0.4619066916909382,1.7336827689680503
1786995113.2322617,20.065544843673706,-3.10377895273165,3.7421415468299686,0.8567728464407285,0.46098954220124283,0.9783346301760462
1786995113.2461038,20.079386949539185,-3.119901218302874,3.743743970667733,0.863609414464122,0.4600846944958377,1.2704025666599417
1786995113.256001,20.08928418159485,-3.1361298524604955,3.7453321490196774,0.8704224995531378,0.45919746292864455,1.7855766607461907
1786995113.2739692,20.10725235939026,-3.1524614129651236,3.74690981453948,0.8772137648208115,0.4583309847620704,0.9882771035319209
1786995113.2812078,20.11449098587036,-3.1689004113072614,3.7484733491644753,0.883982993197476,0.45748057099427214,2.465493384599907
1786995113.305931,20.139214277267456,-3.185451327436537,3.750021263868499,0.890729215340606,0.45663963881735387,0.7256279072322454
1786995113.322205,20.15548825263977,-3.2021153207853503,3.751555585216843,0.8974503324722305,0.45580877271439535,1.1081344391505474
1786995113.3313465,20.164629697799683,-3.21889551898796,3.7530747327583764,0.9041438444188098,0.4549880521108816,1.9832420429558306
1786995113.3421695,20.175452709197998,-3.235794444921127,3.7545769322070788,0.9108097552262702,0.45417754951407585,1.684201171567112
1786995113.3724012,20.205684423446655,-3.252815253193775,3.756058303485397,0.9174490918065094,0.4533708709195936,0.6063117499862158
1786995113.3883023,20.221585512161255,-3.269949608579843,3.7575286119289437,0.9240626662680277,0.45257730144229197,1.158737096699535
1786995113.3953562,20.228639364242554,-3.287191540210172,3.758993869732921,0.9306502972260136,0.4517999466092449,2.6248944074464373
1786995113.407024,20.240307092666626,-3.3045385884655527,3.7604559639651667,0.9372106563097522,0.45103730992113794,1.5944542024982256
1786995113.4301834,20.263466596603394,-3.321997411819463,3.7619072285919657,0.9437429772822834,0.4502869035082694,0.8073260068114847
1786995113.4432688,20.276551961898804,-3.339570765995833,3.7633469171192444,0.9502473388066938,0.4495453367795918,1.4362361320695027
1786995113.453642,20.286925077438354,-3.3572529747609647,3.7647842544250354,0.9567242492585827,0.44881713552559505,1.8206573733703126
1786995113.4655077,20.29879093170166,-3.3750403336071013,3.766224756201291,0.9631734181633416,0.4481051042931817,1.5991403989271367
1786995113.4925554,20.325838565826416,-3.3929309963458363,3.767672157005016,0.9695944418056525,0.44741601114300755,0.7047959077592645
1786995113.5094697,20.342752933502197,-3.410931770761588,3.769120527582879,0.975987801218031,0.4467445041615976,1.13260292883414
1786995113.524579,20.3578622341156,-3.4290515889987296,3.770562148700677,0.9823527295563547,0.4460790869279163,1.2746613728860234
1786995113.5327427,20.366025924682617,-3.4473028547023397,3.7719833761496564,0.988690071521034,0.44540928773810723,2.3729973044052044
1786995113.5540347,20.387317895889282,-3.465691154721879,3.7733752085514354,0.9949983013210392,0.4447258566813762,0.915369039993599
1786995113.566068,20.399351119995117,-3.4842113768991343,3.7747368090767295,1.0012773443580378,0.4440333967663794,1.6290758373425842
1786995113.575776,20.409059286117554,-3.502845334257537,3.776082074779502,1.0075310919265177,0.4433453353566044,2.0293592725968623
1786995113.5877616,20.42104482650757,-3.52157890865211,3.777420466618561,1.0137600347012632,0.4426738508954263,1.6509322268536508
1786995113.614391,20.44767427444458,-3.540405234986375,3.7787559431277393,1.019964170949536,0.4420244386592858,0.7460610257325396
1786995113.6286008,20.461884021759033,-3.559321366018529,3.7800932276692194,1.0261434395562194,0.44139519906954455,1.403594007917975
1786995113.6412632,20.474546432495117,-3.5783300813234313,3.781434057596859,1.0322972117525577,0.44078722749040516,1.5814472252882223
1786995113.6542745,20.487557649612427,-3.59743782251102,3.7827779372515304,1.038425613594685,0.4401991628391113,1.5456983653971523
1786995113.6672943,20.500577449798584,-3.616660310167085,3.7841128445187984,1.044528753356068,0.4396167896682185,1.5524225987497418
1786995113.6847968,20.51807999610901,-3.636000274881887,3.7854417289948925,1.0506053998288223,0.4390376748821885,1.160725630363175
1786995113.6965919,20.52987504005432,-3.6554529395800883,3.7867726503528267,1.0566535908670993,0.438462617142073,1.7307824276557653
1786995113.709253,20.54253625869751,-3.675016742833334,3.788107103591664,1.0626706503230279,0.43789081790204193,1.6200383145302204
1786995113.721213,20.55449628829956,-3.694694510559057,3.789440793954813,1.068654889630904,0.43732511460225354,1.7233053842770691
1786995113.7542744,20.587557554244995,-3.7144938223707,3.79076284262539,1.0746067303585856,0.43676452064053267,0.6266178652299641
1786995113.7611651,20.59444832801819,-3.7344163555000613,3.792068928362118,1.0805271157253378,0.43620217615160967,3.022099564234202
1786995113.7732399,20.606523036956787,-3.754452482371451,3.793366823901936,1.0864175370428537,0.4356432424717507,1.7329063110489396
1786995113.7930448,20.626327991485596,-3.7745947016930845,3.794660708632819,1.0922787129505382,0.4350922783413385,1.0612258080277006
1786995113.8113327,20.64461588859558,-3.7948360456343235,3.795956134317495,1.0981116474240735,0.43456030195515405,1.1540318624878456
1786995113.8292022,20.662485361099243,-3.815169339634194,3.7972617046994683,1.1039157932989339,0.4340536529899112,1.1855826954897088
1786995113.8330314,20.666314601898193,-3.8355980282868734,3.7985748238619674,1.1096895212345912,0.43356724187926343,5.5544947177917585
1786995113.8440323,20.67731547355652,-3.8561254407257697,3.7998961833555986,1.1154329268903713,0.4331006948213805,1.94136163353528
1786995113.8753686,20.708651781082153,-3.8767597870767045,3.8012220650567756,1.121147500690138,0.4326435282119344,0.6845749994347539
1786995113.8933184,20.726601600646973,-3.897507721642209,3.8025491498818407,1.1268335151755113,0.43219372267628636,1.20078398610707
1786995113.897631,20.73091411590576,-3.918377793331408,3.8038675752314233,1.1324892034593192,0.4317458298018224,5.023283248731933
1786995113.9142928,20.747575998306274,-3.93936998289799,3.8051758220726746,1.138113833320979,0.43129443643864973,1.306695107965668
1786995113.9353712,20.768654346466064,-3.9604798436427866,3.8064744502494956,1.1437052476081522,0.4308412498046704,1.0378608801695821
1786995113.9495385,20.782821655273438,-3.9817039256130404,3.807761253593233,1.149262416248082,0.430384867353495,1.5512651782480316
1786995113.9645765,20.79785966873169,-4.00303417823006,3.8090410821497898,1.1547881542713314,0.4299407087044897,1.4677142695672978
1786995113.9767203,20.810003519058228,-4.024470845530865,3.8103093982000122,1.1602848369829293,0.42950100063454794,1.8253255566057527
1786995113.9954908,20.828773975372314,-4.0460061598074075,3.8115734556745746,1.1657535941519797,0.42907382365941943,1.18562768601056
1786995114.0073745,20.840657711029053,-4.067633403728147,3.812840490038295,1.1711945326719204,0.42866291644932575,1.8796377883370088
1786995114.019284,20.852567195892334,-4.068696768194156,3.8075930159074067,1.1748687773919348,0.4133713433628637,0.5452458399343565
1786995114.030182,20.863465070724487,-4.069895117488822,3.802397519822298,1.1784379703209624,0.3981992134226667,0.5887622567583266
1786995114.0452561,20.878539323806763,-4.071241547422491,3.7972845709777063,1.1817692381684841,0.3830867737916598,0.41456098079124376
1786995114.0646496,20.897932767868042,-4.072734009572395,3.7922590638016014,1.1848033655057746,0.36798492222112905,0.3123298940886596
1786995114.081382,20.91466522216797,-4.074365597204737,3.7873195107075746,1.1875139325888284,0.3528574750826818,0.3505684467123887
1786995114.0882025,20.921485662460327,-4.076132189396059,3.782461807820018,1.189888700166805,0.33767330676190904,0.834019204056682
1786995114.1011028,20.934386014938354,-4.078028222485263,3.7776811637409065,1.1919195961618254,0.3224072953334418,0.42862235936253823
1786995114.1313195,20.96460270881653,-4.080048569537921,3.7729736725452225,1.1936009076690217,0.30703612716710976,0.17843035037386246
1786995114.1463373,20.979620456695557,-4.082189479656563,3.7683350735618664,1.1949279473419927,0.2915390994105382,0.3514750988802396
1786995114.1572719,20.99055504798889,-4.0844486383581895,3.7637610737666076,1.195896448179268,0.275896105715573,0.47487979689227877
1786995114.1681998,21.00148296356201,-4.08682431645948,3.7592489004284886,1.1965030051982077,0.2600873463902594,0.46992635916700276
1786995114.186774,21.020057201385498,-4.089315787878066,3.754796610701138,1.1967446849915004,0.2440964809289378,0.27498905397894297
1786995114.2002556,21.033538818359375,-4.091924245609009,3.7504020497674198,1.1966174057898324,0.22791041075236426,0.379182084754624
1786995114.2152236,21.04850673675537,-4.094652003358752,3.746063992419265,1.196117253214881,0.21151657674041224,0.3439852529587315
1786995114.2271302,21.060413360595703,-4.0975023868098885,3.7417822522490427,1.1952409068992627,0.19490594548439183,0.43823093155881016
1786995114.2522714,21.085554599761963,-4.100479872910615,3.7375577834099833,1.193984653571233,0.17807573983290112,0.21155716758636967
1786995114.2642212,21.097504377365112,-4.103590051878109,3.733392672772395,1.192344846558915,0.16102502431438262,0.45613551944357383
1786995114.279193,21.112476110458374,-4.106839972397499,3.729289204906267,1.1903197005364234,0.14374644812673937,0.37488197843038584
1786995114.2879238,21.121206998825073,-4.110236784963209,3.725251834323169,1.1879092959866313,0.12623434475951417,0.6643944754139709
1786995114.3070555,21.1403386592865,-4.113787463603772,3.7212874054422467,1.1851153011695228,0.10848450059424945,0.31418384738368055
1786995114.3242712,21.157554388046265,-4.1174997048393776,3.7174038653460584,1.1819404701744276,0.09049633954925973,0.3624805144001656
1786995114.3316233,21.16490650177002,-4.121382130606035,3.713610322668506,1.1783877178801414,0.0722731158616265,0.8823845027833771
1786995114.3446689,21.17795205116272,-4.125443113463238,3.7099179286044013,1.174461106952576,0.05382016810316551,0.5173106785493745
1786995114.3716338,21.204916954040527,-4.129682659373832,3.7063266629171183,1.17016527789922,0.03517873879408412,0.26045641905796857
1786995114.3828647,21.216147899627686,-4.134092273092035,3.7028272256543437,1.1655048772146446,0.016437348392496286,0.6507217560316446
1786995114.3946419,21.227925062179565,-4.138662263893163,3.6994073731876527,1.1604840440606121,-0.002324823172847589,0.6454785526634692
1786995114.4081664,21.24144959449768,-4.140713372199479,3.697847032501322,1.1550882890995315,-0.010236542722603372,0.44213152189743055
1786995114.4222434,21.255526542663574,-4.141520942384192,3.697154285819578,1.1493666145832557,-0.01275944928419506,0.41342496132145956
1786995114.4412775,21.274560689926147,-4.142266000989533,3.6963305500682964,1.1435211775644205,-0.015114985994514031,0.3125973558621667
1786995114.45619,21.289473295211792,-4.142845179293472,3.6952988014385855,1.1377035212270243,-0.01716018598691614,0.3981032427523599
1786995114.46722,21.300503253936768,-4.143272885125133,3.6939961133473496,1.1319797281309811,-0.01874611924578757,0.5336124284326328
1786995114.4792182,21.312501430511475,-4.143574550889096,3.6924473004623484,1.1263843480778908,-0.01985622935200416,0.48454141586799565
1786995114.5075586,21.34084177017212,-4.143776419334849,3.69071096936909,1.1209400756926529,-0.02049080882290086,0.20176241051601448
1786995114.5202076,21.353490829467773,-4.143907023133616,3.688863072503973,1.1156645160556025,-0.02066168829248668,0.4420376360446883
1786995114.532242,21.365525245666504,-4.143993057849781,3.686993002754826,1.1105672919299108,-0.02041403487975647,0.4512163139838766
1786995114.544226,21.377509117126465,-4.144054067459207,3.6851824173768652,1.1056456654921791,-0.019797636646068668,0.43762642509641236
1786995114.5737348,21.407017946243286,-4.144107478431745,3.6834962339591724,1.1008917463697692,-0.018861810869982783,0.17094491989236052
1786995114.587164,21.42044711112976,-4.14416460738274,3.6819940636313695,1.0962968860170963,-0.01764702928137209,0.36000105522765946
1786995114.6061997,21.439482927322388,-4.144232328282593,3.680716570403698,1.0918551132191292,-0.016151671433560978,0.24282271071257736
1786995114.6150975,21.448380708694458,-4.144322648604797,3.6796890993655405,1.0875616379141186,-0.014385394339493396,0.49626186651314563
1786995114.6442811,21.477564334869385,-4.144443897552555,3.678928974514897,1.0834164624999303,-0.012353824314922442,0.14446584706274923
1786995114.6531856,21.48646879196167,-4.14459719720637,3.678446486120165,1.079429010178984,-0.01005831951117976,0.4513988438343106
1786995114.6653438,21.498626947402954,-4.1447887390337765,3.6782466961430225,1.0756059813639969,-0.007514426417485972,0.31526447723924783
1786995114.6745274,21.507810592651367,-4.145031695022445,3.678330199412836,1.0719482055395748,-0.004753981775396462,0.39927355185497054
1786995114.697529,21.53081226348877,-4.145337484690428,3.67869565042279,1.0684534876723466,-0.00181111336231408,0.1533390642540036
1786995114.7128587,21.546141862869263,-4.145716881912996,3.6793375853030037,1.0651198823768162,0.001281562273561478,0.22283583201159715
1786995114.726316,21.55959916114807,-4.146182082975501,3.680240936406328,1.0619518684441016,0.004493468197270051,0.24722464072805336
1786995114.7372382,21.570521354675293,-4.146671981346277,3.681153439481062,1.059019554653521,0.007003600262199182,0.2847270072310911
1786995114.765559,21.59884214401245,-4.147024183772891,3.6818185214220365,1.056365288949448,0.007725670330893272,0.09741592777363925
1786995114.780964,21.61424708366394,-4.147273112594208,3.6826486881476104,1.0538872433425936,0.008466750157144846,0.1704150639759027
1786995114.7912712,21.62455439567566,-4.147365332895623,3.683626427026076,1.0516182767860627,0.009300985753617434,0.23986708708826285
1786995114.8101974,21.6434805393219,-4.147285454591686,3.6847347149968144,1.0495662105601253,0.010249827412662746,0.12329999873047758
1786995114.8181927,21.65147590637207,-4.147034359006678,3.685957645098674,1.047732610539778,0.011307525341237615,0.27744369785457534
1786995114.85132,21.684603214263916,-4.147034359006678,3.685957645098674,1.047732610539778,0.011307525341237615,0.0
1786995114.8518815,21.6851646900177,-4.146634125758729,3.6872767091773935,1.0461179150440523,0.012443446084150761,3.78120332845649
1786995114.8521101,21.68539333343506,-4.146119585075538,3.688670123017415,1.0447168414002497,0.013624987477763046,8.930506245309266
1786995114.868223,21.7015061378479,-4.145526515567411,3.6901182761333624,1.0435176763391807,0.014819230684129913,0.12235710491122519
1786995114.8815646,21.714847803115845,-4.1448900258432095,3.6916022913774023,1.0425067860287536,0.016002709942630935,0.142791569998036
1786995114.910323,21.743606090545654,-4.144239737518133,3.6931059249619866,1.0416677877922167,0.017158299623348906,0.06400146196211479
1786995114.9211812,21.754464387893677,-4.1436001477252065,3.694612800751941,1.0409865637232554,0.018281441808044325,0.16329272190918603
1786995114.9351537,21.768436908721924,-4.1429868266481416,3.6961115725035745,1.0404493924762555,0.019364676652331658,0.12210930462548038
1786995114.9440932,21.777376413345337,-4.142411153755619,3.6975918203064673,1.0400459397172568,0.020404901380205728,0.18330888505231363
1786995114.971707,21.80499029159546,-4.141879262293158,3.6990452395411975,1.0397671345277317,0.021400308413748143,0.05694959665714655
1786995114.9869578,21.82024097442627,-4.141879262293158,3.6990452395411975,1.0397671345277317,0.021400308413748143,0.0
1786995114.9874892,21.820772409439087,-4.141396413185966,3.700464412457919,1.039605247973474,0.02235072139193391,2.8371871365676915
1786995114.9964378,21.829720973968506,-4.140960069538654,3.701845951979378,1.0395538728860187,0.023251646690803925,0.16200581610956424
1786995115.0072293,21.84051251411438,-4.140560599794334,3.703191581715276,1.0396088023431524,0.024087188012661995,0.13017108526221668
1786995115.037513,21.87079620361328,-4.140188805938157,3.704503902925054,1.0397663293779893,0.02484085421871344,0.045339180114934374
1786995115.049587,21.882870197296143,-4.139841564536754,3.7057824677511455,1.0400214946416713,0.025507164666318655,0.11174655138521444
1786995115.0612872,21.894570350646973,-4.139516750325629,3.707027349421341,1.0403705312639298,0.026078747511002705,0.11393565132798471
1786995115.072322,21.90560507774353,-4.139217498313096,3.708236256122527,1.0408099711059464,0.026554862944065984,0.1196811920222557
1786995115.0927773,21.926060438156128,-4.138946785344169,3.7094075162552023,1.041336246049923,0.026935244027030292,0.06415377098758356
1786995115.108596,21.941879272460938,-4.138711397900333,3.710538384205662,1.041945595976998,0.027222455520021078,0.08255838260414282
1786995115.1205053,21.95378851890564,-4.138511413921606,3.7116306409403093,1.0426337126680845,0.027409371015048846,0.10969119902283973
1786995115.1330776,21.966360807418823,-4.138345426739483,3.712686177876964,1.0433962422586665,0.027493509028280485,0.10441157168503856
1786995115.1574864,21.990769624710083,-4.138210380068564,3.713708913237493,1.0442283151513336,0.027468246076892643,0.05429827820210538
1786995115.1707168,22.003999948501587,-4.138100919509462,3.714705356747256,1.045124870944273,0.02732050082958007,0.10165108640692164
1786995115.1803238,22.013607025146484,-4.138017039412576,3.7156781912561363,1.046082961876624,0.027047171281871656,0.14239340081162855
1786995115.192894,22.026177167892456,-4.137962147126768,3.7166286967225544,1.0470997829321749,0.02664781875253613,0.11081672119795723
1786995115.204311,22.037594079971313,-4.137934527262979,3.717561588651578,1.0481702687306491,0.02611650026545901,0.12439508512290874
1786995115.231503,22.064786195755005,-4.137941225401865,3.71847751063564,1.0492879272991755,0.02545457773652998,0.05314159465199908
1786995115.2426503,22.0759334564209,-4.137986735516386,3.7193776223200126,1.050448322092358,0.02466249620999063,0.13180651283531553
1786995115.253363,22.08664608001709,-4.138070737152334,3.7202655081456553,1.0516471425656988,0.023737492587935238,0.1394782552924498
1786995115.265184,22.098467111587524,-4.1381945311394315,3.7211450727589144,1.0528796476085465,0.02267480546026679,0.1285183426069877
1786995115.2934048,22.12668800354004,-4.138359081727505,3.72201965403913,1.0541414451610207,0.02147280525709425,0.05471314937980188
1786995115.3092897,22.14257287979126,-4.1385640237500345,3.722893889538593,1.0554295754321315,0.02012478321352609,0.09884955163872879
1786995115.318283,22.15156626701355,-4.138808143999096,3.72377204126657,1.0567381795546384,0.01862974641793652,0.1773234214359583
1786995115.3289144,22.162197589874268,-4.139088143212916,3.724660340664315,1.0580616601988762,0.01698041149479647,0.1522252780089919
1786995115.3515418,22.18482494354248,-4.139402397035432,3.725563776398592,1.059395339447255,0.015171713619896747,0.07253322254121622
1786995115.3682618,22.201545000076294,-4.139749058263895,3.726487558710786,1.0607322255679823,0.013199046290499809,0.09937581341368013
1786995115.3752224,22.208505630493164,-4.140122400354426,3.7274390255185934,1.0620649183466675,0.011052323597700118,0.2412866083692241
1786995115.3881311,22.22141432762146,-4.140520645720917,3.728422752303059,1.0633846628979948,0.008724690929621071,0.13119293594503917
1786995115.4190872,22.252370357513428,-4.140399784214947,3.7290870972900265,1.0646318665461223,0.00812730991201932,0.0458155033470102
1786995115.4300754,22.26335859298706,-4.140033121773042,3.7295710843619743,1.065828453296004,0.008423294562507221,0.12211504389897895
1786995115.4371185,22.2704017162323,-4.139694775508791,3.730048917484719,1.0669989496591075,0.008670683529313642,0.1858216048498928
1786995115.449313,22.282596111297607,-4.13937944317693,3.7305137896247356,1.0681306618484967,0.008887190233082046,0.10360930804728852
1786995115.475095,22.308378219604492,-4.139091762706561,3.7309637081171685,1.0692121893134314,0.00906281183723682,0.04678389822821461
1786995115.4882727,22.321555852890015,-4.139091762706561,3.7309637081171685,1.0692121893134314,0.00906281183723682,0.0
1786995115.4952276,22.328510761260986,-4.1388285204603426,3.7313874838454204,1.0702375070732828,0.009207475104007148,0.16394825430175333
1786995115.5022295,22.33551263809204,-4.13858185777069,3.7317696712555914,1.0711998299925793,0.009347906006695827,0.15201824545063794
1786995115.5176857,22.350968837738037,-4.138345557469842,3.7320963077952,1.072093641128182,0.009507549212769183,0.06343889000755779
1786995115.5450387,22.378321886062622,-4.138115869028716,3.732355666279322,1.0729161594143208,0.009701951382015895,0.032628979901751454
1786995115.5542424,22.38752555847168,-4.137902903909689,3.7325492948991226,1.0736687931015423,0.009897300701479308,0.08755133453964924
1786995115.5622723,22.39555549621582,-4.137711570666767,3.7326747631388164,1.074352090000617,0.010074945174828476,0.08973753301814014
1786995115.5787625,22.41204571723938,-4.137541137653184,3.7327292892821045,1.0749664186685373,0.010234978489450373,0.03880236257470269
1786995115.5872688,22.420552015304565,-4.137391533152052,3.7327637711139863,1.0755099605707044,0.01037693662733409,0.06639882540814743
1786995115.6213076,22.454590797424316,-4.1372621532891385,3.7327938836495216,1.0759830632887097,0.010500907248775856,0.014436418469529939
1786995115.6378584,22.471141576766968,-4.137151848738429,3.7328197911246694,1.0763883827381995,0.0106075625440898,0.0254283385937334
1786995115.6442306,22.477513790130615,-4.137059034203744,3.7328417782978556,1.076730529927458,0.010698071715896105,0.05574104821754279
1786995115.6562881,22.48957133293152,-4.13698222010199,3.7328601270588693,1.077014069141063,0.010773592813440837,0.02441064627567309
1786995115.6871724,22.520455598831177,-4.136919982952751,3.7328751203821686,1.0772435821253765,0.010835289238476927,0.0077150593417708736
1786995115.6933303,22.526613473892212,-4.136871168638553,3.7328869917687633,1.0774228475187213,0.010884121016473753,0.030233084361716938
1786995115.7043798,22.537662982940674,-4.136835111388259,3.7328958703885475,1.0775539520522741,0.010920619136524526,0.012331957684423961
1786995115.7184837,22.551766872406006,-4.13681090683945,3.732901950532297,1.077640036814677,0.010945582870257603,0.0063549362210972085
1786995115.7445638,22.577847003936768,-4.1367974203716695,3.7329054886598763,1.0776852530163197,0.01096006892437815,0.001814296871377353
1786995115.7520695,22.585352659225464,-4.136793559802188,3.732906737583543,1.0776936926218763,0.010965119434394417,0.001247637084173613
1786995115.7679486,22.601231813430786,-4.136798116679983,3.73290598239069,1.077669971224636,0.0109619100975666,0.0015219275593797048
1786995115.7762623,22.609545469284058,-4.136809989810988,3.7329034859904437,1.077618344139378,0.01095152506024116,0.006379090924112357
1786995115.8059542,22.63923740386963,-4.136828777277551,3.732899347744905,1.0775404146757042,0.010934374802819712,0.002703390491384378
1786995115.8172452,22.65052843093872,-4.136853809182789,3.732893732100351,1.0774388405954087,0.010911137629762743,0.00927848852799605
1786995115.8292506,22.6625337600708,-4.136884171796873,3.732886861659889,1.0773172248253848,0.01088273220855445,0.010456755766018807
1786995115.8455455,22.678828716278076,-4.136919327315844,3.7328788703582325,1.077177731419267,0.010849711389762812,0.008841815688486247
1786995115.8612926,22.694575786590576,-4.136958536552017,3.732869939253002,1.0770232887461266,0.010812822091740512,0.010134722842238427
1786995115.8763227,22.709605932235718,-4.137001270773606,3.7328601991797297,1.0768560104422642,0.010772604018767512,0.011505222364560018
1786995115.890327,22.723610162734985,-4.13704698993932,3.7328497827967047,1.0766780396398623,0.010729604168146542,0.013142058970065453
1786995115.9102602,22.74354338645935,-4.1370948783197,3.7328388856850716,1.0764925417425482,0.010684629225948903,0.009626607815025024
1786995115.931393,22.764676094055176,-4.1371443720463335,3.7328276430340144,1.0763017010981706,0.010638236195777081,0.009344495873453451
1786995115.952018,22.785301208496094,-4.1371443720463335,3.7328276430340144,1.0763017010981706,0.010638236195777081,0.0
1786995115.9526455,22.78592872619629,-4.137194892260812,3.73281619189782,1.0761077335482347,0.010590990014530476,0.31993617404041846
1786995115.9546587,22.787941932678223,-4.137245898310429,3.732804658958965,1.0759126854949062,0.010543412242499151,0.100305929117631
1786995115.968474,22.801757097244263,-4.137297319223037,3.7327930613051064,1.0757168280360991,0.01049557358141004,0.014681469794841293
1786995115.9815948,22.81487798690796,-4.137349166645601,3.732781397016877,1.075520122206373,0.010447465732516153,0.015529295744554344
1786995116.0012798,22.83456301689148,-4.137401103377148,3.7327697437431415,1.0753238212862826,0.01039940870460193,0.01033218970231139
1786995116.0218995,22.855182647705078,-4.137401103377148,3.7327697437431415,1.0753238212862826,0.01039940870460193,0.0
1786995116.0224462,22.855729341506958,-4.137452689916877,3.7327582015850274,1.075129540571592,0.01035181399232509,0.36829383331813614
1786995116.0247936,22.858076810836792,-4.137503397473767,3.7327468895789417,1.0749392042157706,0.010305171554833941,0.08404780116101607
1786995116.036366,22.869649171829224,-4.137553381738618,3.7327357704544006,1.074752202266203,0.010259327924005893,0.016754232383810536
1786995116.0638747,22.897157907485962,-4.137602509002435,3.7327248727181908,1.0745689913815006,0.010214400373067064,0.006906751163562906
1786995116.0772126,22.91049575805664,-4.137650527201721,3.732714251199691,1.074390455294032,0.01017061456586605,0.013884214548401837
1786995116.0903084,22.92359161376953,-4.13769731393534,3.7327039311889205,1.0742169970374262,0.0101280738771471,0.013741256756938503
1786995116.099284,22.93256711959839,-4.137742596250332,3.73269397132338,1.0740495626670656,0.010087019650615626,0.019356602943440673
1786995116.12806,22.96134328842163,-4.137785841527493,3.7326844876935854,1.073890029507983,0.010047929541596223,0.005753456710816931
1786995116.1385574,22.971840620040894,-4.137826047130939,3.7326757000549313,1.0737419553914744,0.01001170767233393,0.014640566354879208
1786995116.1493812,22.982664346694946,-4.137863194034078,3.732667607765916,1.0736053261933167,0.009978351514019615,0.013102696964794443
1786995116.1610806,22.99436378479004,-4.137897597448969,3.732660136649261,1.0734789323294844,0.009947554862198128,0.011214663741713853
1786995116.1901598,23.02344298362732,-4.1379297636753565,3.732653171035888,1.073360893559298,0.009918841492048011,0.0042140488751990345
1786995116.2021313,23.035414457321167,-4.137959591732687,3.732646730600757,1.0732515229421944,0.00989229173940588,0.009484871812671665
1786995116.2131863,23.04646944999695,-4.137987136453958,3.732640800573191,1.0731505775822716,0.009867845017987585,0.00948022600639185
1786995116.2265959,23.059879064559937,-4.138012568021152,3.7326353411731747,1.0730574075816763,0.009845337308489764,0.007213683676264061
1786995116.2498603,23.08314347267151,-4.1380358722155774,3.7326303535814627,1.072972027550166,0.009824773220886561,0.0038102724202987237
1786995116.2641873,23.09747052192688,-4.138057016471837,3.732625843149212,1.072894520236313,0.009806174718571524,0.00561638238998375
1786995116.277112,23.110395193099976,-4.1380763129099885,3.732621739792587,1.0728237445010953,0.009789253033776054,0.005684768934480262
1786995116.2871695,23.120452642440796,-4.1380939268426475,3.732618006003719,1.072759088540894,0.00977385380260431,0.0066732829435229984
1786995116.316604,23.149887084960938,-4.138109791911479,3.7326146552856887,1.0727007676320401,0.009760032537004214,0.0020565396954797858
1786995116.3411624,23.174445629119873,-4.138109791911479,3.7326146552856887,1.0727007676320401,0.009760032537004214,0.0
1786995116.3416886,23.17497181892395,-4.138123601235806,3.7326117538197194,1.072649851470645,0.009748061607116172,0.10041115074320658
1786995116.3491666,23.18244981765747,-4.138135695333639,3.732609226215896,1.072605113230082,0.009737630413024983,0.0062066064950360815
1786995116.3566365,23.1899197101593,-4.138145850607945,3.7326071207011937,1.0725673305125107,0.00972893703343152,0.0052450966324591
1786995116.3712778,23.20456099510193,-4.138153784892621,3.7326054981367154,1.0725374886374492,0.009722232456887357,0.0021119212097248105
1786995116.3815303,23.214813470840454,-4.138160172670339,3.7326042107158757,1.0725131869113373,0.009716908138755845,0.0024540597228944415
1786995116.4003274,23.2336106300354,-4.138165545869005,3.732603142058919,1.0724925349033034,0.009712485081968612,0.0011366770185277282
1786995116.4056568,23.238940000534058,-4.138169983526718,3.7326022748189973,1.0724752479653485,0.009708891752142885,0.0033528341859530926
1786995116.4172876,23.25057077407837,-4.13817338189915,3.732601631519381,1.0724616888640142,0.009706220953898146,0.001203125828151733
1786995116.453771,23.287054300308228,-4.138175433594195,3.732601279156887,1.0724529409102126,0.00970474830879304,0.0002464738716728512
1786995116.4689858,23.302268981933594,-4.138176296661785,3.7326011832381223,1.0724484417840316,0.009704331778739517,0.00030116722956695987
1786995116.4743917,23.307674884796143,-4.138176243917975,3.7326012842942458,1.072447224456322,0.009704726583760634,0.0002261700393986012
1786995116.4866722,23.319955348968506,-4.138175385327572,3.732601558408122,1.0724488985489264,0.009705834324713973,0.00015482228696906753
1786995116.5165272,23.349810361862183,-4.138173647251995,3.7326020217617994,1.0724537234383167,0.009707721375912972,0.00017247647628859387
1786995116.523245,23.356528282165527,-4.138171137900524,3.732602650890812,1.0724613158483984,0.009710291079903465,0.0011939790312897939
1786995116.533179,23.366462230682373,-4.138168051407794,3.732603403585586,1.0724709888005541,0.009713369651684163,0.0010249002097177924
1786995116.5482857,23.381568908691406,-4.138164660121139,3.732604220475492,1.072481778567162,0.009716713166269444,0.0007506368718231862
1786995116.57537,23.408653259277344,-4.138160654443814,3.732605169205288,1.0724947801292606,0.00972060013467285,0.0005035259789872953
1786995116.5889502,23.42223334312439,-4.13815587164344,3.732606285534732,1.0725105696804154,0.00972517719663424,0.0012176477187786933
1786995116.6022933,23.43557643890381,-4.138150601033915,3.732607506482067,1.072528123915077,0.009730185150850482,0.0013766691298426948
1786995116.6111748,23.4444580078125,-4.138145044454049,3.7326087880944354,1.0725467284827832,0.009735443268590164,0.002190928336603993
1786995116.63227,23.465553283691406,-4.138139086269843,3.7326101557854567,1.0725667929135105,0.00974105589988257,0.0009942999061529796
1786995116.645283,23.47856616973877,-4.138132645388176,3.7326116273506664,1.072588604993966,0.009747096696514138,0.001751396931878382
1786995116.6597626,23.493045806884766,-4.1381258398124965,3.732613177240655,1.0726117472277847,0.009753460017778812,0.0016693723087177503
1786995116.668287,23.501570224761963,-4.138118939302954,3.7326147465535926,1.0726352635622394,0.00975990375869125,0.0028809062578974915
1786995116.6939526,23.527235746383667,-4.138111911904419,3.7326163423546985,1.0726592668986203,0.009766457016000157,0.0009764751909335892
1786995116.7122772,23.545560359954834,-4.13810452848526,3.732618014960956,1.0726845700558825,0.009773326380461692,0.0014413075521765538
1786995116.7192893,23.55257248878479,-4.138096557651138,3.732619815133686,1.0727119952148032,0.009780720979748822,0.004081025456908706
1786995116.7334626,23.56674575805664,-4.138088326991929,3.732621671303741,1.0727403807561624,0.009788346433867579,0.002089353617402733
1786995116.7432184,23.576501607894897,-4.138079514393225,3.7326236541855717,1.07277087176153,0.00979649379792043,0.003259671607753521
1786995116.7719393,23.605222463607788,-4.138070289054568,3.7326257268743714,1.0728028689290212,0.009805011361394054,0.0011616985432470045
1786995116.781647,23.614930152893066,-4.138061067389757,3.732627798284087,1.0728348925916924,0.009813523860152159,0.0034394685367008294
1786995116.7939568,23.62723994255066,-4.1380524596175805,3.732629734534077,1.0728647705698593,0.009821480357929454,0.0025307851577368243
1786995116.8034852,23.636768341064453,-4.138044942037145,3.7326314309367428,1.072890803485581,0.00982844982562203,0.0028493422521033564
1786995116.8320441,23.665327310562134,-4.138038907988455,3.7326328008444896,1.072911585138484,0.009834075688717173,0.0007592449593449371
1786995116.8459735,23.679256677627563,-4.138033956094923,3.732633932107984,1.0729285394958177,0.009838719726330682,0.001270618036429162
1786995116.8597476,23.693030834197998,-4.138029686872798,3.7326349123905316,1.072943086220997,0.009842742552394382,0.0011029292171387498
1786995116.867185,23.70046830177307,-4.138025752931401,3.7326358180110812,1.0729564610982314,0.009846458020864384,0.0018784357147571579
1786995116.8933568,23.726639986038208,-4.138022170465896,3.7326366453619118,1.0729686050801093,0.00984985150332846,0.0004848130917716369
1786995116.9142964,23.74757957458496,-4.13801828541764,3.7326375382127415,1.0729818487852627,0.009853514848142765,0.0006605018321378534
1786995116.9233437,23.756626844406128,-4.138014244187526,3.7326384644285353,1.0729956702554186,0.009857315883800555,0.0015949469314151087
1786995116.9323647,23.765647888183594,-4.138010180727171,3.7326393946226872,1.0730095915323046,0.009861133539841376,0.0016108996726586409
1786995116.9551127,23.788395881652832,-4.1380063339005995,3.7326402762887865,1.0730227600019637,0.009864751653700947,0.0006043234223728366
1786995116.9675505,23.800833702087402,-4.138002697616899,3.732641110748423,1.073035196432734,0.009868175771190502,0.0010439110584074332
1786995116.9800358,23.813318967819214,-4.137999607113838,3.732641824214696,1.0730457034671785,0.009871102242377312,0.000879063125714479
1786995116.9907808,23.824064016342163,-4.137997084866249,3.732642411722103,1.0730541994493952,0.009873510560177861,0.0008266064229975475
1786995117.021304,23.854587078094482,-4.13799519759844,3.732642858568855,1.073060444892141,0.00987534018840666,0.00021425271451120049
1786995117.0350695,23.86835265159607,-4.137993757232116,3.7326432061754553,1.0730651101239816,0.009876761433832815,0.0003555887003566114
1786995117.0461893,23.879472494125366,-4.137992478495433,3.732643517425208,1.0730692128205033,0.009878032662029692,0.00038747085886995704
1786995117.0612936,23.89457678794861,-4.137990885519244,3.7326438970210005,1.0730744515774202,0.00987958542541475,0.0003633892214182968
1786995117.0872886,23.92057180404663,-4.1379889896976305,3.732644342481853,1.073080785593118,0.009881409528721127,0.0002549195535093417
1786995117.1042671,23.93755030632019,-4.137987262809439,3.7326447499430992,1.0730865299463697,0.009883077545246366,0.0003541027616587213
1786995117.1123266,23.94560980796814,-4.137985904890035,3.732645075398576,1.0730909696527358,0.009884408149947751,0.0005774702951034515
1786995117.1234372,23.95672035217285,-4.137984859114719,3.7326453313529098,1.0730943070141143,0.009885452900504832,0.0003156216021846908
1786995117.1355336,23.96881675720215,-4.1379841577823155,3.7326455107390526,1.0730964261055134,0.009886182487457752,0.00018512352304397034
1786995117.1596465,23.992929697036743,-4.137983939879062,3.732645574921599,1.073096953568681,0.009886441015431914,2.3817020081281363e-05
1786995117.172743,24.00602626800537,-4.137983652287571,3.7326456697016,1.073097494061562,0.009886820112810899,4.7305195462959344e-05
1786995117.1895523,24.02283549308777,-4.137983652287571,3.7326456697016,1.073097494061562,0.009886820112810899,0.0
1786995117.1978736,24.03115677833557,-4.1379837864909055,3.7326456850848917,1.0730963204258845,0.009886867192734091,0.0001419713241457368
1786995117.2450638,24.078346967697144,-4.1379837864909055,3.7326456850848917,1.0730963204258845,0.009886867192734091,0.0
1786995117.2456295,24.07891273498535,-4.137983875079847,3.732645679951199,1.0730957817842537,0.009886840940365915,0.0009648881536183671
1786995117.2458677,24.079150915145874,-4.137984312986364,3.7326456114348114,1.0730937865208456,0.009886548843093203,0.008581324883768275
1786995117.2496645,24.082947731018066,-4.137985028696023,3.7326454740517168,1.0730909181481583,0.00988597595360637,0.0007794705328939874
1786995117.261547,24.09483027458191,-4.137985880609935,3.732645306137302,1.0730875727742566,0.009885277310813987,0.00029086560671961055
1786995117.2823474,24.115630626678467,-4.137986865885559,3.7326451083093932,1.073083760367133,0.009884455622683268,0.00018954643683139882
1786995117.2965965,24.12987971305847,-4.137988259491146,3.73264482002904,1.0730784988161164,0.009883261746159909,0.0003825235484624905
1786995117.3054543,24.138737440109253,-4.137990240169076,3.7326444020180696,1.073071149982783,0.00988153380258251,0.0008605529915940887
1786995117.3173273,24.15061044692993,-4.137992893906552,3.732643835342174,1.0730614073488896,0.009879194188395439,0.0008518039533534635
1786995117.3464088,24.179692029953003,-4.137996202048836,3.7326431241977143,1.0730493383168926,0.00987626014666359,0.00043100801200514414
1786995117.3571467,24.19042992591858,-4.137999948476357,3.7326423162805598,1.0730357151925571,0.009872927758569378,0.0013179453253754857
1786995117.3679316,24.20121479034424,-4.138003811797995,3.732641482347783,1.0730216854206713,0.009869488402812163,0.0013515091479087689
1786995117.3843596,24.217642784118652,-4.13800760288296,3.7326406640168033,1.0730079237171253,0.009866113472101156,0.0008703301742293471
1786995117.404308,24.23759126663208,-4.138011053392904,3.7326399203225793,1.072995386699204,0.009863045873689974,0.0006529035691574679
1786995117.4225075,24.25579071044922,-4.138014132286384,3.732639258075885,1.072984184122073,0.009860313549415767,0.0006394059870204238
1786995117.4397676,24.273050785064697,-4.138016964349422,3.7326386497774395,1.0729738701978144,0.009857803469659721,0.0006206790116630307
1786995117.4503703,24.283653497695923,-4.138019866201045,3.732638025845078,1.0729633156208322,0.009855229089093653,0.0010340742786971013
1786995117.468696,24.301979303359985,-4.138022967044183,3.7326373579091903,1.072952059832355,0.009852473570354355,0.0006381270664277544
1786995117.4862118,24.31949496269226,-4.138026334231726,3.7326366311630603,1.0729398630201945,0.009849476198162907,0.0007235767340404553
1786995117.4931839,24.326467037200928,-4.138029479685893,3.7326359528605595,1.0729284644062251,0.009846678559944526,0.0016987893819655079
1786995117.5155842,24.348867416381836,-4.138032375331052,3.732635329203911,1.072917963415487,0.009844105887762557,0.0004870789095447047
1786995117.5278609,24.361144065856934,-4.138034987041246,3.732634767691983,1.0729084809700868,0.009841788920211194,0.0008024626769659346
1786995117.5455813,24.378864526748657,-4.138037537939686,3.7326342192769593,1.0728992218794762,0.009839525941444183,0.0005428582609499231
1786995117.560364,24.39364719390869,-4.138040047656864,3.7326336796511894,1.072890116004165,0.009837299271345855,0.0006399931377500372
1786995117.5751207,24.408403873443604,-4.138042647779497,3.7326331199320615,1.072880694644864,0.009834989988883498,0.0006634001181968308
1786995117.5843735,24.417656660079956,-4.138045514165694,3.7326325015256665,1.0728703318032924,0.009832439327605715,0.0011639444748323918
1786995117.6063502,24.4396333694458,-4.138048671030732,3.732631819232427,1.0728589415987593,0.009829625459847136,0.0005387185098999559
1786995117.6187274,24.45201063156128,-4.138051659492031,3.732631173761394,1.0728481572713275,0.009826962992771516,0.0009056395192657933
1786995117.634745,24.46802806854248,-4.138054466835436,3.732630567862283,1.072838023627165,0.009824463409992145,0.0006575808654496898
1786995117.6519675,24.48525071144104,-4.138057128956445,3.732629993634073,1.0728284125101533,0.009822094295260042,0.0005800215667696969
1786995117.6656954,24.49897861480713,-4.138059570319646,3.732629467618667,1.0728195922591028,0.009819923824217588,0.0006677635718835269
1786995117.678634,24.511917114257812,-4.138062013010819,3.7326289411146525,1.0728107726199596,0.009817751466265123,0.0007084891791954782
1786995117.6902153,24.52349853515625,-4.138064208971482,3.7326284685603466,1.0728028354691757,0.009815801080321441,0.0007122505548486761
1786995117.7035077,24.53679084777832,-4.138066100065403,3.7326280626468984,1.0727959870781616,0.009814125129547224,0.0005353681962633496
1786995117.727545,24.56082820892334,-4.138067375806675,3.7326277914657684,1.0727913307872181,0.00981300362562708,0.00020116618113939785
1786995117.7411609,24.57444405555725,-4.13806806012971,3.7326276496891033,1.072788780915072,0.009812414970161241,0.00019417870370441634
1786995117.7526186,24.585901737213135,-4.138068400876383,3.7326275830678535,1.0727874560065696,0.00981213538989031,0.0001195395105540903
1786995117.7669034,24.600186586380005,-4.138068130669207,3.7326276501379656,1.072788306387523,0.009812406220927543,6.263944303352716e-05
1786995117.7911463,24.62442946434021,-4.13806752571932,3.73262779037158,1.0727903500858067,0.009812978285956953,8.810677231846459e-05
1786995117.8011618,24.63444495201111,-4.138066510754621,3.7326280203057713,1.0727938547039901,0.009813919508187625,0.0003650214783815419
1786995117.8193827,24.652665853500366,-4.138065168509772,3.7326283217877725,1.072798526253753,0.009815155365932183,0.0002672697773553684
1786995117.820441,24.653724193572998,-4.1380635569931705,3.7326286820882033,1.0728041586218755,0.009816633634681838,0.005545896019565945
1786995117.8526745,24.685957670211792,-4.138061857474674,3.7326290615222764,1.0728101073534773,0.009818190746228115,0.0001922959184417173
1786995117.8642023,24.69748544692993,-4.1380600929168105,3.73262945513708,1.0728162907759973,0.00981980591003129,0.0005588507228350094
1786995117.872771,24.706054210662842,-4.138058314549049,3.7326298516031975,1.0728225267153815,0.009821433072167688,0.0007581805158147916
1786995117.8883162,24.721599340438843,-4.138056336335338,3.732630291847185,1.0728294767853643,0.009823240037211106,0.00046570970061874767
1786995117.9001627,24.73344588279724,-4.138054012006142,3.7326308079376527,1.0728376614580177,0.009825359009594895,0.0007195306148882136
1786995117.9244442,24.75772738456726,-4.138051426557127,3.7326313811765686,1.072846778772896,0.00982771348024925,0.00039100275061349627
1786995117.937273,24.770556211471558,-4.138048898916014,3.7326319416284424,1.072855694150839,0.009830015509038411,0.0007236591152061541
1786995117.9452815,24.77856469154358,-4.138046809841465,3.73263240575274,1.072863052341552,0.009831921109877888,0.0009568692363672741
1786995117.9573624,24.790645599365234,-4.138045026907644,3.732632802562953,1.0728693240774703,0.009833549864336965,0.0005407129264870702
1786995117.9923003,24.825583457946777,-4.138043518826364,3.732633138985012,1.0728746203212818,0.00983492982861795,0.00015790996746615482
1786995118.0057871,24.839070320129395,-4.138042390917503,3.7326333918117993,1.072878565844379,0.00983596592039702,0.0003048415893191262
1786995118.016352,24.849635124206543,-4.138041947458264,3.7326334925577793,1.0728800993525687,0.00983637771044948,0.00015140049410235795
1786995118.0332239,24.866507053375244,-4.13804176508424,3.732633535950525,1.072880704373146,0.009836553350871266,3.754153203237309e-05
1786995118.0513422,24.88462543487549,-4.138041921184263,3.7326335098265493,1.0728800420849354,0.009836438469994555,3.7582667867824826e-05
1786995118.0643008,24.897583961486816,-4.138042103482503,3.732633472963267,1.072879352016428,0.009836283868410022,5.515233550512548e-05
1786995118.0741131,24.90739631652832,-4.138042103482503,3.732633472963267,1.072879352016428,0.009836283868410022,0.0
1786995118.0872808,24.92056393623352,-4.138041715678726,3.7326335687998147,1.0728805951843439,0.009836667962507538,9.916544786019884e-05
1786995118.1154907,24.948773860931396,-4.138041173366701,3.732633692236825,1.0728824699129016,0.009837171701880486,6.931926664463806e-05
1786995118.1271884,24.960471630096436,-4.13804027365261,3.7326338941176402,1.0728856187979674,0.009837997847580727,0.00028049069732159353
1786995118.138328,24.971611261367798,-4.138038985955705,3.732634181081421,1.072890150858924,0.009839174243456728,0.00042372846100367914
1786995118.1492257,24.982508897781372,-4.138037457848395,3.7326345207384803,1.0728955408686487,0.009840567605864764,0.0005150405964414393
1786995118.1736197,25.006902933120728,-4.1380358606551315,3.7326348754327907,1.0729011789293215,0.009842023223609678,0.00024065934837696375
1786995118.1856492,25.018932342529297,-4.1380339397268795,3.7326353011604074,1.072907971938529,0.009843771233182854,0.0005879101642997296
1786995118.1995537,25.0328369140625,-4.138031395913157,3.7326358636739454,1.0729169856946517,0.009846082115298128,0.0006747930322592691
1786995118.2163281,25.04961133003235,-4.138028391914032,3.732636527213626,1.072927641472493,0.009848809117593506,0.0006611844317643266
1786995118.2365203,25.069803476333618,-4.13802535838313,3.7326371972701624,1.0729384056236595,0.009851562925895029,0.0005548440447766505
1786995118.2525687,25.085851907730103,-4.138022292707524,3.7326378744141073,1.072949287463853,0.00985434597239177,0.000705719666830768
1786995118.2658153,25.099098443984985,-4.138019294321253,3.732638536815963,1.07295993263165,0.009857068255207463,0.0008363847533530066
1786995118.2748008,25.108083963394165,-4.138016524082326,3.73263914909289,1.0729697675562653,0.0098595842754772,0.0011391615951151968
1786995118.2873988,25.12068200111389,-4.138014266231825,3.7326396487428015,1.0729777784394496,0.009861636707256805,0.000661846936766927
1786995118.3097107,25.142993927001953,-4.138012859586905,3.7326399612067007,1.072982756525624,0.009862918782583904,0.00023227194082587902
1786995118.3181758,25.151458978652954,-4.138012118219773,3.7326401273927607,1.0729853639618978,0.009863598514541595,0.0003208336179350172
1786995118.3342166,25.167499780654907,-4.138011391245882,3.7326402903752878,1.072987921304725,0.009864264925895152,0.00016605496156124353
1786995118.3428037,25.176086902618408,-4.13801077976802,3.7326404278816305,1.072990067990501,0.009864826597320525,0.000260425774991504
1786995118.369324,25.20260715484619,-4.138010368031263,3.732640521441912,1.0729915035023105,0.009865207155923584,5.64218024981978e-05
1786995118.3792007,25.212483882904053,-4.138010152059324,3.732640570900873,1.0729922524217042,0.009865407781305026,7.907537451499622e-05
1786995118.3932002,25.22648334503174,-4.138009996211505,3.7326406080509162,1.0729927771621814,0.00986555638287746,3.919107876916813e-05
1786995118.4066715,25.239954710006714,-4.138009996211505,3.7326406080509162,1.0729927771621814,0.00986555638287746,0.0
1786995118.4249003,25.258183479309082,-4.138009996211505,3.7326406080509162,1.0729927771621814,0.00986555638287746,0.0
1786995118.4412832,25.274566411972046,-4.138010121433531,3.73264058956472,1.0729922340995601,0.009865466627553238,3.4036599641783795e-05
1786995118.4497316,25.28301477432251,-4.138010287077401,3.732640554872854,1.0729916252925968,0.009865321124086359,7.479459854730425e-05
1786995118.4672477,25.300530910491943,-4.138010452011946,3.7326405203121036,1.072991019413291,0.009865176158572261,3.5902782934691366e-05
1786995118.495239,25.328522205352783,-4.138010821268468,3.73264044326712,1.0729896600029427,0.00986485238206711,5.040044908819929e-05
1786995118.5215132,25.354796409606934,-4.138010821268468,3.73264044326712,1.0729896600029427,0.00986485238206711,0.0
1786995118.5253782,25.35866141319275,-4.1380112997928675,3.7326403404584694,1.072987929122455,0.009864425289924575,0.0004653942009810951
1786995118.5257597,25.35904288291931,-4.138012040100699,3.732640180038744,1.0729852656113603,0.00986376108965122,0.00725910841614922
1786995118.5296528,25.36293601989746,-4.1380128459088175,3.7326400052143036,1.072982369420633,0.009863037411750923,0.0007734843771970856
1786995118.5532222,25.386505365371704,-4.138013691859273,3.73263982154038,1.0729793309601074,0.009862277230213668,0.00013404567021132457
1786995118.567675,25.40095829963684,-4.138014333559807,3.7326396827191464,1.0729770215695442,0.00986170174712968,0.00016611873088345444
1786995118.5792308,25.412513971328735,-4.138014551341454,3.7326396362905427,1.072976231184765,0.009861508123238728,7.106061950338445e-05
1786995118.5903144,25.42359757423401,-4.138015095107123,3.7326395195585103,1.0729742655807435,0.009861022757431566,0.00018430553430400033
1786995118.6201177,25.45340085029602,-4.1380155649261905,3.732639418306139,1.0729725711589815,0.009860602519069724,5.909628611481591e-05
1786995118.6383917,25.471674919128418,-4.1380155649261905,3.732639418306139,1.0729725711589815,0.009860602519069724,0.0
1786995118.6389506,25.472233772277832,-4.13801629313801,3.732639260259371,1.072969956276354,0.009859948262299028,0.004865295198406462
1786995118.6529756,25.48625874519348,-4.138017186051939,3.732639065997442,1.0729667549934108,0.009859144828142962,0.00023737306889776353
1786995118.6630123,25.49629545211792,-4.138018387204198,3.7326388039247815,1.0729624557362827,0.009858062470733802,0.0004455229909713379
1786995118.6747797,25.508062839508057,-4.138019870006912,3.7326384799648076,1.0729571534702511,0.009856725191622054,0.00046868708394981896
1786995118.6910815,25.524364709854126,-4.138021247372164,3.7326381792088394,1.0729522279685029,0.009855483215187718,0.0003142765449414683
1786995118.7069278,25.540210962295532,-4.138022290602498,3.73263795182808,1.0729484941528018,0.009854543463809777,0.0002450724095760764
1786995118.7182007,25.551483869552612,-4.138022719096251,3.732637858893454,1.0729469568144896,0.00985415844287303,0.00014181265710215551
1786995118.7272553,25.56053853034973,-4.138022933893959,3.7326378129093043,1.0729461812702672,0.009853966651921576,8.902078362055106e-05
1786995118.7586348,25.591917991638184,-4.138022742239343,3.732637857963593,1.0729468399859134,0.009854146051171552,2.1909500253819637e-05
1786995118.7713728,25.604655981063843,-4.138022504241766,3.732637911409022,1.0729476787779075,0.009854363651539515,6.857750290311765e-05
1786995118.786537,25.61982011795044,-4.138021981154872,3.7326380286319085,1.072949524856042,0.009854841288364015,0.0001267683999044677
1786995118.793383,25.62666606903076,-4.138021563453065,3.7326381221044382,1.0729510004510214,0.009855222335775883,0.00022442783301870482
1786995118.819399,25.652682304382324,-4.138021153058794,3.732638213952161,1.072952450471747,0.009855596666140718,5.803201937032267e-05
1786995118.831362,25.664645195007324,-4.138021153058794,3.732638213952161,1.072952450471747,0.009855596666140718,0.0
1786995118.842274,25.675557136535645,-4.138021450192313,3.732638151830549,1.0729513677108176,0.009855333858501871,0.00010305298829546627
1786995118.855287,25.688570261001587,-4.138022116088868,3.732638007011474,1.0729489833011994,0.009854734408896606,0.00019056753345569397
1786995118.885685,25.718968152999878,-4.138022878940961,3.732637840891214,1.0729462538540655,0.009854047167475071,9.339173665282812e-05
1786995118.9036374,25.736920595169067,-4.138023609041191,3.732637681983793,1.0729436416140232,0.009853389440192881,0.00015134438278097332
1786995118.9110446,25.744327783584595,-4.138024518161869,3.7326374837181056,1.0729403919547602,0.009852569754678723,0.0004563473402970785
1786995118.9276428,25.760926008224487,-4.138025905702983,3.732637180316931,1.0729354381628382,0.00985131736280418,0.000310478085338095
1786995118.9462154,25.77949857711792,-4.138027845792245,3.732636755500707,1.0729285165345757,0.009849565361284113,0.00038771842880747315
1786995118.9610486,25.794331789016724,-4.138030089625224,3.732636264012113,1.0729205139675055,0.00984753880224634,0.0005612883350364
1786995118.9721675,25.805450677871704,-4.138032277430644,3.7326357848887786,1.0729127122709943,0.009845563054769572,0.0007300014333114985
1786995118.9843643,25.817647457122803,-4.138034498124122,3.7326352985628843,1.0729047947066022,0.00984355776740927,0.000675380290406391
1786995119.0070505,25.840333700180054,-4.138036627591796,3.732634832322218,1.0728972032638118,0.009841635078210478,0.00034815058088725164
1786995119.019424,25.852707147598267,-4.138038790800518,3.7326343587162913,1.0728894928777635,0.009839682058879397,0.0006483305315711195
1786995119.0352273,25.868510484695435,-4.138040725133822,3.7326339354414264,1.072882598511287,0.009837935935716344,0.0004538966235837268
1786995119.04752,25.880803108215332,-4.138042328716691,3.7326335847830183,1.0728768825783779,0.00983648879247064,0.00048378278078298155
1786995119.0544405,25.887723684310913,-4.138043660640092,3.7326332938012827,1.0728721344030654,0.009835287084397612,0.0007138171964095758
1786995119.087377,25.920660257339478,-4.1380447180523525,3.73263306304471,1.0728683639144259,0.009834333441281757,0.00011910007306535769
1786995119.0972512,25.93053436279297,-4.138045750636651,3.732632837716513,1.0728646822600256,0.009833402262698989,0.0003879186996176609
1786995119.1133378,25.94662094116211,-4.138046889793101,3.732632588990394,1.0728606217788461,0.009832374814590579,0.0002626150040656377
1786995119.1234968,25.956779956817627,-4.138048142470175,3.732632315332062,1.0728561578156697,0.009831244860752236,0.00045717668402188373
1786995119.1531734,25.986456632614136,-4.138048865299211,3.732632157960995,1.0728535798317407,0.009830593440830222,9.037478619693118e-05
1786995119.1676776,26.00096082687378,-4.138048865299211,3.732632157960995,1.0728535798317407,0.009830593440830222,0.0
1786995119.1784513,26.01173448562622,-4.138048254157022,3.7326322945642283,1.0728557437287896,0.009831148052594694,0.00020909224911296653
1786995119.1900978,26.023380994796753,-4.138046988780227,3.7326325735221024,1.0728602416234196,0.009832292128109994,0.0004019073342038898
1786995119.2136674,26.046950578689575,-4.138045493567414,3.732632902915186,1.0728655580284079,0.009833643866391874,0.0002347295972428843
1786995119.2282996,26.061582803726196,-4.138043615075838,3.7326333164484296,1.0728722392965477,0.009835341915384257,0.0004751588667100773
1786995119.2356553,26.068938493728638,-4.138041402687973,3.7326338033086013,1.0728801100415515,0.009837341768461036,0.0011134587798860658
1786995119.2515037,26.084786891937256,-4.138038869227121,3.732634360691897,1.072889125046718,0.009839631967361663,0.0005919084304269762
1786995119.277479,26.110762119293213,-4.138036375924514,3.732634909290048,1.0728979985037765,0.009841886201188792,0.00035546963024328434
1786995119.2891815,26.122464656829834,-4.138033830734109,3.7326354693876027,1.0729070581381457,0.009844187539892598,0.0008055533683053057
1786995119.3042798,26.1375629901886,-4.138031094293089,3.7326360715254308,1.0729168004246439,0.009846662108490792,0.0006714118603469115
1786995119.3131452,26.14642834663391,-4.138028424125403,3.732636659190581,1.0729263082570142,0.00984907707511745,0.0011159314474083386
1786995119.3345435,26.167826652526855,-4.138026002105159,3.73263719240935,1.0729349335536753,0.009851267980580516,0.0004194143279980514
1786995119.3487415,26.182024717330933,-4.138023853633005,3.7326376655949596,1.0729425854534764,0.009853211720264618,0.0005607716430324593
1786995119.3591082,26.192391395568848,-4.138021778474698,3.73263812270267,1.0729499771698494,0.009855089373304383,0.0007419039249805712
1786995119.3713665,26.204649686813354,-4.138019909493221,3.732638534518853,1.0729566350702444,0.009856780734117063,0.0005651280922775034
1786995119.3975742,26.230857372283936,-4.138018433935883,3.7326388599065816,1.0729618914973127,0.009858116299834479,0.00020869044601974299
1786995119.4127572,26.24604034423828,-4.1380174537061745,3.7326390764562833,1.0729653828433396,0.009859003760637964,0.00023926809189769
1786995119.4202452,26.253528356552124,-4.138016848015148,3.732639210643982,1.0729675394002784,0.009859552398742538,0.0002996810709989897
1786995119.433503,26.266786098480225,-4.138016365434715,3.732639317740262,1.0729692573070277,0.009859989668071154,0.00013483533835959054
1786995119.4446907,26.277973890304565,-4.138015524942395,3.7326395035622872,1.0729722512977529,0.009860750707802407,0.0002784530617714949
1786995119.470375,26.30365824699402,-4.138014651704228,3.7326396965868467,1.0729753622770641,0.009861541378441255,0.00012602897798034195
1786995119.4841857,26.317468881607056,-4.138013976876892,3.7326398459861703,1.0729777661461468,0.009862152508190997,0.00018111111361012326
1786995119.4984143,26.331697463989258,-4.13801341972705,3.732639969522418,1.072979750664984,0.009862657144346892,0.00014512644812720386
1786995119.5036523,26.33693552017212,-4.138012719663026,3.7326401244686065,1.0729822449180384,0.009863291103526194,0.0004954632229293833
1786995119.534593,26.367876291275024,-4.138012108968663,3.7326402597479715,1.0729844206993073,0.009863844201280917,7.316903655282633e-05
1786995119.544133,26.377416133880615,-4.138011317804619,3.7326404347372892,1.0729872401684752,0.009864560575235765,0.0003075095862062965
1786995119.5573866,26.39066982269287,-4.138010088630768,3.7326407060715927,1.0729916217920406,0.009865673351437402,0.0003439684097278037
1786995119.5761569,26.40944004058838,-4.138008401594505,3.7326410780901296,1.0729976366624476,0.00986720063825118,0.000333403014647455
1786995119.5876935,26.420976638793945,-4.138006640698007,3.732641466368075,1.073003915619396,0.009868794944748162,0.0005662630722817988
1786995119.6050467,26.438329935073853,-4.13800494901481,3.7326418395119974,1.0730099483901152,0.009870326621023632,0.00036169333439106996
1786995119.6123037,26.445586919784546,-4.138003779690971,3.7326420977434274,1.0730141184388857,0.009871385518385789,0.0005978493638905055
1786995119.6245193,26.457802534103394,-4.138003426770185,3.7326421763839943,1.0730153764076866,0.009871705257058617,0.00010714986447414129
1786995119.6553137,26.48859691619873,-4.138003426770185,3.7326421763839943,1.0730153764076866,0.009871705257058617,0.0
1786995119.6712668,26.504549980163574,-4.138003426770185,3.7326421763839943,1.0730153764076866,0.009871705257058617,0.0
1786995119.6791432,26.512426376342773,-4.138003426770185,3.7326421763839943,1.0730153764076866,0.009871705257058617,0.0
1786995119.691499,26.524782180786133,-4.138003426770185,3.7326421763839943,1.0730153764076866,0.009871705257058617,0.0
1786995119.7162638,26.54954695701599,-4.13800395487525,3.732642065044334,1.0730134887210088,0.009871227809592646,7.927900785277439e-05
1786995119.7242985,26.557581663131714,-4.13800459227856,3.7326419257540193,1.0730112144683288,0.009870650834267284,0.000294471291143571
1786995119.7350836,26.568366765975952,-4.138005430911627,3.7326417421947102,1.0730082225807478,0.009869891683288093,0.0002886034591258261
1786995119.7472115,26.58049464225769,-4.138006219292082,3.7326415697189503,1.0730054101465714,0.009869178016591052,0.00024125674244116998
1786995119.7767262,26.61000943183899,-4.138007142046482,3.732641367656368,1.0730021186121712,0.009868342760636976,0.0001160231308698778
1786995119.7985775,26.631860733032227,-4.138008198273705,3.73264113624368,1.0729983512712362,0.009867386711272247,0.0001793688144059447
1786995119.804439,26.63772225379944,-4.138009355349347,3.732640882675841,1.0729942245709352,0.009866339414070713,0.000732461944297734
1786995119.8178673,26.651150465011597,-4.138010503747115,3.732640631064446,1.0729901291288666,0.009865299954295154,0.0003173052293225967
1786995119.8339014,26.667184591293335,-4.138011852797564,3.7326403352798225,1.0729853185279388,0.009864079043982375,0.0003121422507056204
1786995119.8500102,26.683293342590332,-4.138013034081642,3.732640076424272,1.0729811064992694,0.009863010003427942,0.00027203809068746275
1786995119.8607192,26.694002389907837,-4.138013034081642,3.732640076424272,1.0729811064992694,0.009863010003427942,0.0
1786995119.8651474,26.69843053817749,-4.138013928577259,3.732639880628985,1.072977917304357,0.009862200551070047,0.0007493075577292633
1786995119.8811822,26.714465379714966,-4.138014351381153,3.73263978856541,1.0729764099953107,0.00986181792563087,9.779889892497687e-05
1786995119.8874657,26.720748901367188,-4.13801449359697,3.7326397582190785,1.0729759031101955,0.00986168914368448,8.3922959752843e-05
1786995119.92336,26.756643295288086,-4.138014698607838,3.7326397140556176,1.072975172406612,0.009861503538751683,2.117885983736479e-05
1786995119.932554,26.7658371925354,-4.138015346650211,3.732639572490809,1.072972862313818,0.00986091701474913,0.00026141698670848927
1786995119.9432707,26.776553869247437,-4.138016058586174,3.732639416843819,1.0729703245798041,0.009860272770800302,0.0002463728186243969
1786995119.9582949,26.7915780544281,-4.138016058586174,3.732639416843819,1.0729703245798041,0.009860272770800302,0.0
1786995119.9824812,26.81576442718506,-4.138015783413453,3.7326394790901363,1.0729713062434625,0.009860521559969627,4.22303961051211e-05
1786995119.9980824,26.83136558532715,-4.138015150384469,3.732639619112567,1.0729735633866273,0.009861094243504696,0.0001505278962059673
1786995120.0090919,26.84237504005432,-4.138014678641809,3.7326397236502125,1.0729752456647261,0.009861521022142158,0.00015898098300475886
1786995120.0296617,26.862944841384888,-4.138014200353194,3.732639829636332,1.0729769513704146,0.009861953726049337,8.62751126128707e-05
1786995120.0493631,26.882646322250366,-4.138013948288484,3.7326398855819765,1.072977850421665,0.00986218178493036,4.747829885736018e-05
1786995120.0612886,26.894571781158447,-4.138013948288484,3.7326398855819765,1.072977850421665,0.00986218178493036,0.0
1786995120.072123,26.90540623664856,-4.1380142537882145,3.7326398202682687,1.0729767626557842,0.009861905180608766,0.00010445728980217732
1786995120.0842574,26.917540550231934,-4.138014863690451,3.732639686983605,1.072974588920255,0.009861353196326453,0.00018638122323425194
1786995120.1022995,26.935582637786865,-4.13801552445999,3.7326395425740397,1.07297223393696,0.009860755101040014,0.00013580396907542577
1786995120.1184273,26.95171046257019,-4.138015958911456,3.732639447922654,1.0729706858754,0.009860361798246805,9.986793297752463e-05
1786995120.1301272,26.96341037750244,-4.138016677018452,3.7326392909558423,1.0729681266890474,0.009859711782822805,0.0002275793160817846
1786995120.1391714,26.97245454788208,-4.138017463417095,3.73263911897692,1.0729653242171238,0.009858999999275012,0.0003223947378013802
1786995120.1725376,27.005820751190186,-4.138018117366428,3.7326389760656125,1.0729629940338143,0.009858408154899237,7.266104360572889e-05
1786995120.1843398,27.01762294769287,-4.138018783622193,3.7326388304276015,1.0729606201012072,0.009857805235417367,0.00020927901540699042
1786995120.1931791,27.02646231651306,-4.138019757602485,3.732638617135275,1.0729571494842594,0.009856923950667822,0.00040851320911936966
1786995120.2062542,27.03953742980957,-4.1380208559497165,3.7326383765420164,1.0729532358551508,0.009855930197890989,0.00031142720894370665
1786995120.217439,27.050722122192383,-4.138021939582177,3.7326381392406183,1.0729493749077252,0.0098549497460974,0.0003591649092373374
1786995120.2467072,27.07999038696289,-4.138023165687681,3.7326378706409726,1.0729450064954549,0.009853840475051489,0.00015529321555352957
1786995120.2612987,27.094581842422485,-4.138024351296571,3.732637610961258,1.0729407827200925,0.00985276791119243,0.00030118305378032845
1786995120.266235,27.099518299102783,-4.138025160289027,3.732637434068262,1.0729379011616365,0.009852035964179837,0.0006073565497207676
1786995120.2811751,27.114458322525024,-4.138025714616714,3.7326373130927792,1.0729359271310563,0.009851534400859431,0.00013747971034607136
1786995120.3027186,27.13600182533264,-4.138026482928309,3.7326371450905746,1.0729331907852562,0.009850839371948552,0.0001321569733038996
1786995120.3157868,27.149070024490356,-4.13802729436032,3.7326369676536055,1.0729303009659361,0.009850105314578717,0.00023008672644866154
1786995120.3283288,27.161612033843994,-4.13802782818795,3.732636851213739,1.0729284002877835,0.009849622294781129,0.0001576822335064445
1786995120.3394403,27.172723531723022,-4.13802808199605,3.732636795997152,1.0729274968610905,0.009849392615484964,8.459931532366164e-05
1786995120.363945,27.19722819328308,-4.13802808199605,3.732636795997152,1.0729274968610905,0.009849392615484964,0.0
1786995120.375488,27.208771228790283,-4.1380277026680155,3.7326368812916435,1.0729288509870178,0.009849734824396123,0.0001220508318910072
1786995120.3863525,27.219635725021362,-4.138026833962885,3.7326370729800304,1.0729319470774075,0.009850520000849065,0.0002965035147074283
1786995120.3997023,27.232985496520996,-4.1380260782261535,3.7326372398441645,1.0729346408488782,0.009851203056750413,0.00020994713069721058
1786995120.4268956,27.260178804397583,-4.138025166611589,3.7326374409493326,1.0729378901487092,0.009852027123785013,0.00012432266708488267
1786995120.4381812,27.271464347839355,-4.138023767737099,3.7326377491334566,1.0729428758307709,0.009853291893753672,0.00045964772564033155
1786995120.4500558,27.283339023590088,-4.138021646387979,3.7326382161355465,1.0729504365094984,0.009855210168288877,0.000662461551368163
1786995120.4603693,27.293652534484863,-4.138019035629585,3.7326387906916048,1.0729597424354596,0.009857571499192891,0.0009387951604731383
1786995120.483512,27.316795110702515,-4.138016607076726,3.7326393252690213,1.0729684002309285,0.00985976833065737,0.00038923209830213557
1786995120.50116,27.33444309234619,-4.138014520525705,3.7326397847359796,1.072975839935389,0.009861655983025411,0.0004386005191361718
1786995120.509112,27.342395067214966,-4.138012699588689,3.7326401858906086,1.0729823334957107,0.009863303438145678,0.0008495958619129615
1786995120.5218103,27.355093479156494,-4.1380110904307745,3.7326405405625973,1.0729880725581418,0.009864759315644173,0.0004702108574271069
1786995120.5464566,27.37973976135254,-4.1380097321011835,3.732640840064933,1.0729929176964976,0.00986598836192442,0.0002045276355767629
1786995120.5602655,27.393548727035522,-4.138008719669574,3.732641063522343,1.072996529648813,0.00986690440831857,0.00027212841403878764
1786995120.5772192,27.410502433776855,-4.138007736826906,3.732641280474833,1.0730000362989536,0.00986779373028658,0.0002151882440090122
1786995120.585099,27.418382167816162,-4.138006698529612,3.7326415096345404,1.073003740933794,0.00986873328392497,0.0004891287947340457
1786995120.599068,27.432351112365723,-4.138005650798533,3.732641740855577,1.0730074794333868,0.009869681475899892,0.00027843330068035444
1786995120.6180983,27.45138144493103,-4.138004638206792,3.7326419643776796,1.0730110928274923,0.009870597867246585,0.00019753962479876076
1786995120.6340883,27.467371463775635,-4.138003580175566,3.7326421978632185,1.0730148685444052,0.009871555524589385,0.0002456596106418948
1786995120.6490717,27.482354879379272,-4.138002660473928,3.7326424009283983,1.0730181509971506,0.009872387986145733,0.00022791238210781355
1786995120.6577132,27.49099636077881,-4.138002267144479,3.732642487963557,1.0730195552269939,0.009872743948701116,0.00016905332780014226
1786995120.6811645,27.514447689056396,-4.1380021014743384,3.7326425251869098,1.0730201478048955,0.009872893620517768,2.6285324794307e-05
1786995120.6942163,27.527499437332153,-4.1380021014743384,3.7326425251869098,1.0730201478048955,0.009872893620517768,0.0
1786995120.7089095,27.542192697525024,-4.138002263176116,3.7326424912574936,1.073019573997866,0.009872746396344454,4.0639091072919695e-05
1786995120.7193806,27.552663803100586,-4.138002683434408,3.732642399895527,1.073018076787055,0.009872365302638427,0.0001487671142970645
1786995120.7415593,27.57484245300293,-4.13800310644821,3.732642307660811,1.0730165692576674,0.009871981839233006,7.071973704148603e-05
1786995120.7538924,27.587175607681274,-4.1380036602745935,3.732642186632883,1.0730145951251897,0.00987147996629205,0.00016653613276407906
1786995120.7647848,27.59806799888611,-4.138004408069645,3.7326420229623354,1.0730119291326852,0.009870802451339944,0.0002546471331480056
1786995120.7763903,27.609673500061035,-4.138005307131225,3.732641825975113,1.0730087236958585,0.009869988094334535,0.0002873600512136016
1786995120.8009033,27.634186506271362,-4.138006469123424,3.7326415711968677,1.073004580566791,0.009868935698942441,0.00017584658949096568
1786995120.8256013,27.658884525299072,-4.138006469123424,3.7326415711968677,1.073004580566791,0.009868935698942441,0.0
1786995120.8261492,27.659432411193848,-4.1380078238731,3.732641274048916,1.0729997502356639,0.009867708853451231,0.009172547084826269
1786995120.8302586,27.663541793823242,-4.138009431073546,3.7326409213745113,1.0729940199714036,0.009866253645904384,0.0014507845095196945
1786995120.836452,27.669735193252563,-4.13801113938552,3.7326405465317305,1.072987929655262,0.009864706991158947,0.0010230996703773038
1786995120.8646605,27.697943687438965,-4.138012844234635,3.7326401724694005,1.0729818522728913,0.009863163643621692,0.00022415424865703307
1786995120.8793743,27.71265745162964,-4.138014466492353,3.7326398166089523,1.0729760699360813,0.009861695170774112,0.0004088774449261015
1786995120.894248,27.72753119468689,-4.1380157580140295,3.7326395334700266,1.0729714671981314,0.009860526097716281,0.0003219688655926624
1786995120.900072,27.733355283737183,-4.1380167189496975,3.7326393229900448,1.0729680432605262,0.009859656258978299,0.0006116750061443593
1786995120.929753,27.763036251068115,-4.138017351702657,3.7326391847038436,1.072965789351904,0.009859083328917181,7.901101433921248e-05
1786995120.9471655,27.78044867515564,-4.138017351702657,3.7326391847038436,1.072965789351904,0.009859083328917181,0.0
1786995120.9476964,27.7809796333313,-4.138017743795962,3.73263909931347,1.0729643933669046,0.009858728166529994,0.0027356505440457113
1786995120.9557002,27.78898334503174,-4.1380181809896985,3.732639003989721,1.0729628366680235,0.009858332231653751,0.00020237278545309312
1786995120.9672942,27.800577402114868,-4.138018806535792,3.7326388672377164,1.072960608678768,0.00985776594471453,0.0001999452910127313
1786995120.978882,27.81216526031494,-4.138019469295376,3.732638722336201,1.0729582481282924,0.009857165986184602,0.00021195493012781953
1786995121.0121326,27.845415830612183,-4.138019469295376,3.732638722336201,1.0729582481282924,0.009857165986184602,0.0
1786995121.012663,27.845946073532104,-4.138019800140962,3.7326386501345774,1.072957070073287,0.009856866416933329,0.0023116935565232807
1786995121.0210373,27.854320526123047,-4.138019953629763,3.732638617130895,1.0729565247200468,0.009856727226207031,6.776582969893503e-05
1786995121.0313978,27.864681005477905,-4.1380197856169865,3.7326386548258634,1.0729571252304604,0.009856878828290866,6.0297354925054945e-05
1786995121.0435236,27.87680673599243,-4.138019373996678,3.7326387460486985,1.0729585940120212,0.009857250815248035,0.00012602080242577233
1786995121.0714142,27.90469741821289,-4.138019154508094,3.732638794775169,1.0729593774624786,0.009857449150782264,2.9223848811995373e-05
1786995121.0852728,27.918555974960327,-4.13801872758338,3.732638889688934,1.072960901424018,0.009857834763257864,0.00011440407439425055
1786995121.0993128,27.93259596824646,-4.138017918087848,3.7326390686479645,1.0729637890748949,0.009858566538753635,0.0002139818024789674
1786995121.1057162,27.93899941444397,-4.1380167741499,3.7326393208601494,1.0729678684660802,0.009859601105113816,0.0006628067827381685
1786995121.1351504,27.968433618545532,-4.138015323472019,3.732639640538137,1.0729730416105594,0.009860913250361755,0.00018285531550098604
1786995121.1490622,27.98234534263611,-4.138014010628549,3.7326399299649116,1.072977723757321,0.009862100731577188,0.0003501598148875827
1786995121.1590412,27.992324352264404,-4.138012893170684,3.73264017647707,1.0729817096231968,0.009863111448240118,0.00041556019635265737
1786995121.167594,28.000877141952515,-4.138012179655047,3.732640334160554,1.0729842554339,0.009863756706845833,0.0003096775935361372
1786995121.196502,28.02978515625,-4.138011923853296,3.7326403909740056,1.072985168678925,0.009863987851313089,3.286611388188924e-05
1786995121.207174,28.040457248687744,-4.138011597024493,3.732640464009789,1.0729863363515784,0.009864282874287937,0.00011382464964462384
1786995121.226241,28.059524297714233,-4.1380112270243,3.7326405462292174,1.072987657438994,0.009864617179773076,7.208164585458096e-05
1786995121.2340472,28.067330360412598,-4.138010324632099,3.7326407454986588,1.0729908770286252,0.009865433379738065,0.0004291015515377328
1786995121.2601,28.093383073806763,-4.138009065960241,3.732641023138696,1.0729953673056407,0.00986657207773157,0.00017931370474572676
1786995121.276274,28.109557151794434,-4.138007504773706,3.7326413672832275,1.0730009368110305,0.009867984757945095,0.00035825256873290055
1786995121.284135,28.11741828918457,-4.138005736472043,3.732641757009079,1.0730072455385915,0.009869585066309715,0.0008349231733280595
1786995121.2952418,28.128525018692017,-4.138003753650799,3.7326421939213708,1.0730143201260534,0.009871379806889327,0.0006626775877105098
1786995121.3204067,28.153689861297607,-4.138001773325458,3.7326426303110587,1.0730213865928997,0.009873172511817404,0.0002921405830003196
1786995121.3336854,28.16696858406067,-4.137999787864703,3.7326430679067126,1.0730284721696912,0.009874970047389218,0.000555135868346761
1786995121.344469,28.177752256393433,-4.137997457269448,3.732643581538496,1.0730367900845634,0.009877080303962256,0.0008024639170583244
1786995121.3564425,28.189725637435913,-4.1379948788820755,3.732644149738212,1.073045993416199,0.009879415334698494,0.0007996540314764294
1786995121.3738513,28.20713448524475,-4.137992397369783,3.732644696701911,1.0730548522937462,0.009881662936101413,0.000529392613952355
1786995121.3956313,28.228914499282837,-4.137990075014201,3.7326452087339925,1.073063144216448,0.009883766599928939,0.0003960607977544211
1786995121.4079986,28.241281747817993,-4.137988070218943,3.732645650895891,1.0730703034274103,0.009885582782452612,0.0006022157778305999
1786995121.4174132,28.250696420669556,-4.137986500789654,3.7326459972843447,1.07307590890791,0.009887004554175462,0.0006193882957817885
1786995121.4281805,28.26146364212036,-4.137985324890507,3.732646257071542,1.0730801096160836,0.009888069727030215,0.0004058537605291128
1786995121.4557562,28.289039373397827,-4.137984666255781,3.7326464029551776,1.073082463411441,0.009888666133407165,8.879393173058097e-05
1786995121.4672854,28.30056858062744,-4.137984525527786,3.732646434232149,1.0730829665696355,0.009888793503439621,4.539801144733416e-05
1786995121.4805665,28.313849687576294,-4.137984367505492,3.732646469880988,1.0730835327191126,0.009888936172384306,4.433887595116821e-05
1786995121.4924116,28.325694799423218,-4.137984367505492,3.732646469880988,1.0730835327191126,0.009888936172384306,0.0
1786995121.5149662,28.348249435424805,-4.137984367505492,3.732646469880988,1.0730835327191126,0.009888936172384306,0.0
1786995121.5303464,28.363629579544067,-4.137984573465974,3.7326464271012627,1.0730828033801552,0.009888747980478866,4.935380281486885e-05
1786995121.539217,28.37250018119812,-4.137985065456032,3.7326463197906983,1.0730810489031766,0.009888301450973486,0.00020577079169085318
1786995121.551436,28.384719133377075,-4.137985306674445,3.7326462671759435,1.0730801887324912,0.009888082544434016,7.323878796237484e-05
1786995121.5844862,28.41776943206787,-4.137985868333041,3.7326461444908863,1.0730781855688707,0.009887572942187508,6.30562806101462e-05
1786995121.6043887,28.437671899795532,-4.137986556561715,3.7326459937286938,1.073075729900431,0.009886948725806888,0.0001283629664583613
1786995121.6140716,28.447354793548584,-4.137987380852626,3.732645813047322,1.0730727884964213,0.00988620117643449,0.00031602728553638195
1786995121.62446,28.457743167877197,-4.137988502292025,3.732645566947036,1.073068786285653,0.009885184389830373,0.00040079785597957877
1786995121.6481311,28.481414318084717,-4.137989978800703,3.732645242673628,1.0730635166937648,0.009883845937660308,0.00023159573106727095
1786995121.6591563,28.49243950843811,-4.137991824843206,3.7326448370517538,1.0730569283932005,0.009882172820322438,0.0006216725005465686
1786995121.67013,28.503413200378418,-4.137993820212455,3.732644398582133,1.0730498077732211,0.009880364625366449,0.0006750599594136437
1786995121.6816053,28.514888525009155,-4.137995566784415,3.732644014971327,1.073043575883548,0.009878781937112996,0.00056498380388548
1786995121.7145438,28.547827005386353,-4.137997064793374,3.732643686104467,1.073038231639435,0.00987742452261982,0.00016879824494792057
1786995121.7222612,28.55554437637329,-4.1379986569742035,3.7326433365296054,1.0730325518073534,0.009875981949062217,0.0007656911957417329
1786995121.734014,28.567297220230103,-4.138000499169397,3.73264293194424,1.0730259804245412,0.009874313131175415,0.0005817058787461675
1786995121.7523742,28.585657358169556,-4.138002576086344,3.7326424757941323,1.0730185723047336,0.009872431898544212,0.00041978238807425605
1786995121.7562082,28.589491367340088,-4.1380041938844485,3.7326421207130602,1.0730128028295554,0.009870966546757187,0.0015655976892905382
1786995121.7873547,28.620637893676758,-4.138005168147766,3.732641907189192,1.0730093293635214,0.00987008399403474,0.00011602665604738856
1786995121.7971582,28.630441427230835,-4.138005956267505,3.732641734575779,1.0730065200371877,0.009869370057556505,0.0002981458227936751
1786995121.8076777,28.640960931777954,-4.138006757193421,3.7326415591465123,1.0730036651651518,0.009868644587745964,0.0002823591266637674
1786995121.8191543,28.652437448501587,-4.138007373277269,3.732641424383457,1.073001469685537,0.009868086467059164,0.0001990378849634211
1786995121.8485777,28.68186092376709,-4.138008127102095,3.732641259330492,1.0729987830178056,0.009867403684111101,9.500222658301915e-05
1786995121.8635597,28.696842908859253,-4.138008885512294,3.7326410932943674,1.0729960800933012,0.009866716762772456,0.00018770645438318597
1786995121.875918,28.709201097488403,-4.138009573694882,3.732640942710841,1.0729936277357877,0.009866093411849157,0.0002064650836886122
1786995121.8837485,28.717031717300415,-4.138010188855606,3.7326408082402605,1.0729914358600512,0.009865536124718346,0.00029123257634766403
1786995121.908561,28.741844177246094,-4.138010419744116,3.7326407580270535,1.072990613742426,0.009865326778255402,3.447459363721446e-05
1786995121.924508,28.75779128074646,-4.138010876284232,3.7326406587989607,1.0729889881804098,0.00986491278115354,0.00010606116460575672
1786995121.9328446,28.766127824783325,-4.138011434226484,3.7326405369855866,1.072987000475561,0.009864407202793333,0.0002480784793614337
1786995121.9436398,28.776922941207886,-4.138011849672828,3.732640446449383,1.0729855209507675,0.00986403068755759,0.00014260253367565494
1786995121.9732766,28.806559801101685,-4.13801239191291,3.7326403280544476,1.0729835893472979,0.009863539401364283,6.781283856015367e-05
1786995121.9924977,28.825780868530273,-4.138013194906316,3.732640152296334,1.0729807281038308,0.009862812213075714,0.00015488104045666658
1786995121.9959958,28.82927894592285,-4.13801436291208,3.7326398963013037,1.072976565603379,0.00986175473494038,0.001238063137742678
1786995122.013335,28.846618175506592,-4.138015892054646,3.7326395609381398,1.0729711159113346,0.009860370561730298,0.0003270091770380455
1786995122.0317976,28.86508083343506,-4.138017520278967,3.7326392038092404,1.0729653134972732,0.009858896879697624,0.00032699015024239127
1786995122.0443153,28.877598524093628,-4.138018737764966,3.732638937011363,1.0729609756371303,0.00985779489180602,0.00036055909733711096
1786995122.0614178,28.89470100402832,-4.138019595380835,3.7326387493188844,1.0729579207110116,0.009857018546582443,0.00018585433102699954
1786995122.0702088,28.903491973876953,-4.138019754356565,3.7326387146625315,1.0729573547079494,0.0098568745320928,6.699215123180715e-05
1786995122.0937943,28.927077531814575,-4.138018955321454,3.7326388915969666,1.0729602057434913,0.009857596539233774,0.0001257621448258546
1786995122.1053584,28.93864154815674,-4.138017615394771,3.73263918695523,1.0729649836151764,0.009858808173358933,0.00042986670506181784
1786995122.122405,28.95568823814392,-4.13801594684559,3.7326395545801225,1.0729709333082014,0.009860317215023662,0.000363129595119817
1786995122.134261,28.967544078826904,-4.138013979128855,3.7326399879407717,1.0729779501645018,0.009862097204371386,0.000615764834746019
1786995122.1406944,28.97397756576538,-4.138011760165774,3.7326404765970413,1.0729858635989964,0.00986410475725967,0.0012797362294770008
1786995122.1732547,29.006537914276123,-4.1380095229259,3.7326409692971936,1.072993843178774,0.009866129146263924,0.00025496989877243665
1786995122.1786008,29.011883974075317,-4.13800751233153,3.732641412235511,1.073001015423461,0.009867948608461146,0.0013957734559956086
1786995122.1932893,29.026572465896606,-4.1380061129608725,3.732641720813809,1.0730060083579533,0.009869214891116555,0.000353644357457375
1786995122.2049296,29.038212776184082,-4.138005702022545,3.732641812005352,1.0730074759981143,0.009869586394667227,0.00013116589021230026
1786995122.234147,29.06743025779724,-4.138005702022545,3.732641812005352,1.0730074759981143,0.009869586394667227,0.0
1786995122.253417,29.086700201034546,-4.1380055536074485,3.7326418460277653,1.0730080085307354,0.009869719852893174,2.8742857512051625e-05
1786995122.268269,29.1015522480011,-4.138005878702608,3.7326417755969654,1.073006851457947,0.009869424839218642,8.106203876437549e-05
1786995122.277856,29.11113929748535,-4.138006581302359,3.7326416218247496,1.0730043473070907,0.009868788308132663,0.00027176153645013234
1786995122.2941,29.1273832321167,-4.138007445385204,3.7326414325365054,1.0730012672981917,0.009868005623197116,0.00019727462983197528
1786995122.3122647,29.14554786682129,-4.1380084346089685,3.732641215751334,1.07299774111645,0.009867109690652371,0.00020197056084070574
1786995122.326188,29.15947127342224,-4.138009464390545,3.7326409900396733,1.0729940704905736,0.009866177111326873,0.00027428753762044974
1786995122.3406284,29.173911571502686,-4.1380101171372266,3.7326408472417536,1.072991744596393,0.009865585863849568,0.00016758446805966102
1786995122.3531146,29.186397790908813,-4.1380102722835,3.732640813600019,1.0729911925990185,0.00986544519038174,4.600047586605458e-05
1786995122.3693776,29.20266079902649,-4.138009913359547,3.7326408935499837,1.0729924750229687,0.009865769440083045,8.203295053924159e-05
1786995122.3791444,29.212427616119385,-4.138009321766733,3.7326410244315715,1.0729945865807073,0.00986630441577292,0.00022492155167707473
1786995122.3893292,29.222612380981445,-4.13800847953654,3.7326412104219804,1.0729975920778105,0.00986706627220318,0.0003070088147609271
1786995122.4119983,29.245281457901,-4.138007372912966,3.7326414545591415,1.0730015406834,0.009868067526012058,0.00018121624356955083
1786995122.4278734,29.26115655899048,-4.138007372912966,3.7326414545591415,1.0730015406834,0.009868067526012058,0.0
1786995122.4285333,29.26181650161743,-4.138006267813505,3.7326416983829356,1.0730054840758227,0.009869067471015253,0.006216547804013409
1786995122.4422429,29.27552604675293,-4.13800503130226,3.7326419711244134,1.0730098964292871,0.00987018646032156,0.00033483589435984266
1786995122.4523098,29.285593032836914,-4.1380034612189025,3.732642317319754,1.07301549900772,0.009871607452128891,0.0005789928776760048
1786995122.4795408,29.312824010849,-4.1380016339063985,3.7326427201792307,1.0730220197589686,0.009873261416714834,0.00024912507669864006
1786995122.4965687,29.329851865768433,-4.1379994724623055,3.7326431965567006,1.073029733354387,0.009875218188750748,0.0004712782125067012
1786995122.5022526,29.335535764694214,-4.137996775356035,3.7326437908551076,1.0730393593834477,0.009877660386464152,0.0017618874284350565
1786995122.5152605,29.348543643951416,-4.137994229986338,3.7326443518411128,1.0730484453016493,0.009879965488505433,0.0007266658627734207
1786995122.5263698,29.359652996063232,-4.137992092645237,3.7326448230898763,1.0730560760473942,0.009881901274102859,0.0007145713256868634
1786995122.5523875,29.38567066192627,-4.137990478715986,3.732645179168913,1.073061839203169,0.009883363024430837,0.00023043799081954653
1786995122.5736935,29.4069766998291,-4.137989489719095,3.7326453976777327,1.0730653718219523,0.009884258654673184,0.0001724839629960683
1786995122.5775907,29.410873889923096,-4.1379890586274986,3.732645493078993,1.0730669121572496,0.00988464900611866,0.00041115910398993274
1786995122.5905313,29.42381453514099,-4.137988873302377,3.732645534361627,1.073067575097042,0.009884816682968667,5.328893728626426e-05
1786995122.6140466,29.44732975959778,-4.137989041655601,3.7326454985175084,1.073066977261426,0.009884663438617849,2.6456111359857427e-05
1786995122.6288617,29.46214485168457,-4.137989402265781,3.732645419864618,1.0730656917465942,0.009884336272567117,9.02762323296937e-05
1786995122.641178,29.4744610786438,-4.137990033671598,3.732645281650404,1.073063439496692,0.009883763646170425,0.0001902499497515771
1786995122.648509,29.481792211532593,-4.137990738707003,3.7326451272657764,1.0730609244633802,0.009883124261369954,0.00035690853809829484
1786995122.6755767,29.508859872817993,-4.137991495410175,3.7326449614530692,1.0730582250998808,0.009882438184813122,0.000103751823662748
1786995122.6873944,29.52067756652832,-4.137992607121924,3.73264471750621,1.073054258612455,0.009881430489974044,0.00034918424922331445
1786995122.6986794,29.531962633132935,-4.137993924354185,3.7326444283847082,1.0730495587942377,0.00988023660180319,0.00043326964458791957
1786995122.7120702,29.545353412628174,-4.137995179806579,3.7326441528545113,1.0730450798096487,0.009879098812780224,0.0003479828681525309
1786995122.7361634,29.569446563720703,-4.1379967183268285,3.732643815059717,1.0730395909195212,0.00987770467326174,0.00023701485538705962
1786995122.7487152,29.581998348236084,-4.137998371150844,3.7326434521647975,1.0730336946049361,0.009876207097991486,0.0004887220093112207
1786995122.757906,29.59118914604187,-4.13800004636528,3.732643084376417,1.0730277189329522,0.009874689382741664,0.0006764302785189976
1786995122.7712984,29.604581594467163,-4.1380017394257775,3.73264271266603,1.073021680158116,0.009873155684150266,0.00046911726281384
1786995122.7946486,29.627931833267212,-4.138003604486139,3.7326423031621188,1.0730150283386481,0.009871466380473832,0.0002963766573581755
1786995122.8063033,29.639586448669434,-4.138005553335503,3.7326418752832327,1.0730080782998033,0.009869701377143414,0.000620421748779793
1786995122.8192804,29.65256357192993,-4.1380076112670405,3.7326414234312133,1.0730007399668673,0.009867837852899524,0.0005883286850847427
1786995122.8313322,29.664615392684937,-4.138009814499767,3.7326409396576024,1.0729928843177805,0.009865843043801484,0.0006781627360017994
1786995122.8595233,29.692806482315063,-4.138012106748609,3.732640436422899,1.0729847121956042,0.009863767856143384,0.0003015997290627011
1786995122.896382,29.729665279388428,-4.138012106748609,3.732640436422899,1.0729847121956042,0.009863767856143384,0.0
1786995122.8968952,29.730178356170654,-4.138014401027456,3.732639932810418,1.0729765338645694,0.009861691094168219,0.016584188951347237
1786995122.8971167,29.73039984703064,-4.138016703479847,3.732639427482689,1.0729683274320088,0.009859607164168905,0.03854911781262288
1786995122.9005244,29.73380756378174,-4.138018897040984,3.732638946104154,1.0729605101938804,0.00985762208550299,0.0023867675602311763
1786995122.9191515,29.752434730529785,-4.138020960961147,3.7326384933012187,1.072953155940915,0.00985575449428947,0.00041078637486065695
1786995122.9297743,29.763057470321655,-4.138022675292694,3.73263811736611,1.072947048343324,0.009854203328327902,0.0005982225643164381
1786995122.9412425,29.77452564239502,-4.138024148735365,3.7326377943981264,1.072941799708823,0.009852870170964138,0.00047619534536325015
1786995122.9551897,29.788472890853882,-4.138025516503716,3.7326374946804592,1.072936928008907,0.009851632673889464,0.00036343605275352515
1786995122.9669235,29.800206661224365,-4.138027059477626,3.732637156468019,1.0729314324598012,0.00985023686254845,0.0004873165521227524
1786995122.9976332,29.83091640472412,-4.138028982558116,3.7326367347733034,1.0729245832639152,0.009848497499148451,0.00023206114960510441
1786995123.0112038,29.844486951828003,-4.1380310453461675,3.7326362823638783,1.072917237147649,0.009846632131394297,0.000563251972294482
1786995123.0222087,29.855491876602173,-4.1380329897021975,3.7326358560283035,1.072910313674446,0.009844874038170538,0.0006546106388756287
1786995123.032723,29.86600613594055,-4.138034585324914,3.732635506361627,1.0729046328785603,0.009843431293089299,0.0005621872975228593
1786995123.0616093,29.89489245414734,-4.138035977123499,3.732635201474276,1.072899678422381,0.00984217289195394,0.0001784671549205557
1786995123.072817,29.906100273132324,-4.138037157580755,3.7326349430419112,1.0728954768842371,0.009841105563436403,0.000390072625531835
1786995123.0848656,29.91814875602722,-4.138037956540305,3.7326347684091137,1.0728926339602198,0.009840383033900776,0.00024552612848444594
1786995123.0992086,29.932491779327393,-4.138038590254389,3.732634630061722,1.072890379515941,0.009839809870781686,0.00016355695544219658
1786995123.12756,29.960843086242676,-4.138039120163925,3.732634514555509,1.0728884946963548,0.00983933046462187,6.917840568030193e-05
1786995123.138845,29.97212815284729,-4.138039642891999,3.732634400602119,1.0728866355011966,0.009838857570789304,0.00017143374408297823
1786995123.1562002,29.98948335647583,-4.1380399522313205,3.7326343332019425,1.0728855354507945,0.009838577746498049,6.595732430030321e-05
1786995123.1681302,30.001413345336914,-4.138040109519252,3.732634299217546,1.072884976734335,0.009838435265172606,4.873667552212717e-05
1786995123.1898468,30.02312994003296,-4.13803992201203,3.73263434176599,1.07288564742231,0.009838603772103981,3.212771592148857e-05
1786995123.20701,30.040293216705322,-4.1380393350846925,3.7326344714480544,1.072887738898823,0.00983913358126834,0.0001267903389067371
1786995123.2112632,30.044546365737915,-4.138038116896631,3.732634739678524,1.072892078003812,0.009840233913994113,0.001061528276996559
1786995123.2283492,30.06163239479065,-4.13803643416095,3.732635109897584,1.072898071533129,0.009841754194293662,0.0003649923170597806
1786995123.257652,30.090935230255127,-4.138034454692615,3.7326355453097735,1.0729051223184967,0.009843542838352997,0.0002503617983122465
1786995123.270048,30.103331089019775,-4.138032136864878,3.7326360551166604,1.0729133789603797,0.009845637486995249,0.0006930497332935342
1786995123.284037,30.11732029914856,-4.138029670399914,3.7326365976793237,1.0729221660905275,0.009847866719678073,0.000653563535322809
1786995123.2942276,30.12751078605652,-4.138027398030663,3.732637097691153,1.0729302629424395,0.009849920739996704,0.0008267052232293453
1786995123.3076248,30.140908002853394,-4.138025617246379,3.7326374897572436,1.0729366093497024,0.009851530461081096,0.0004928759103555915
1786995123.3294542,30.162737369537354,-4.138024071058298,3.7326378302744287,1.0729421204833618,0.009852928241248582,0.00026267562472917424
1786995123.3397005,30.172983646392822,-4.138022590100823,3.7326381564391844,1.0729473996417922,0.009854267222981888,0.0005360623709041125
1786995123.3562834,30.189566612243652,-4.138021442449352,3.732638409400151,1.0729514914011078,0.00985530482149884,0.0002567201024497303
1786995123.3623588,30.19564199447632,-4.138020517339925,3.732638613497599,1.072954790291171,0.009856141134370408,0.0005649395334781732
1786995123.3944707,30.22775387763977,-4.13801946119873,3.732638846426722,1.0729585563666257,0.009857095980917574,0.00012202000978632568
1786995123.3986177,30.231900930404663,-4.138018151450964,3.7326391351032835,1.0729632266037186,0.009858280338131265,0.0011716756410679566
1786995123.4129124,30.246195554733276,-4.138016707845911,3.732639453228195,1.072968374325489,0.009859585875130463,0.0003746699959336278
1786995123.4232237,30.25650691986084,-4.138015098651524,3.732639807829189,1.0729741127635135,0.00986104127066237,0.0005790054517619399
1786995123.4458158,30.279098987579346,-4.138013312586898,3.7326402013626745,1.0729804823044566,0.009862656828046195,0.0002933290977326813
1786995123.4606524,30.293935537338257,-4.138011849914574,3.732640523801285,1.0729856993792133,0.009863979909729852,0.00036584122093878804
1786995123.4684482,30.30173134803772,-4.138010852430483,3.7326407439186577,1.0729892580953266,0.009864882167729037,0.00047492383465716037
1786995123.48771,30.320993185043335,-4.1380104191707785,3.7326408396866273,1.0729908043626248,0.009865274005140194,8.351606104103462e-05
1786995123.5157442,30.349027395248413,-4.138010219074177,3.7326408841784864,1.0729915192017871,0.009865454837451396,2.652646783277401e-05
1786995123.5257585,30.359041690826416,-4.138010485496407,3.732640826560547,1.0729905717251114,0.009865213171384266,9.84499636417503e-05
1786995123.53836,30.37164330482483,-4.138010851165159,3.7326407471979106,1.0729892703502109,0.0098648815783453,0.0001074545448378962
1786995123.5501115,30.383394718170166,-4.138010851165159,3.7326407471979106,1.0729892703502109,0.0098648815783453,0.0
1786995123.5744102,30.40769338607788,-4.138010657203033,3.732640791508502,1.0729899658346471,0.009865056018815129,2.9770490276409197e-05
1786995123.5853534,30.418636560440063,-4.138010043674302,3.7326409272286427,1.0729921555641977,0.009865610777459576,0.00020817569525674476
1786995123.5981967,30.431479930877686,-4.138009190138471,3.7326411157300963,1.0729952012945234,0.009866382810808543,0.0002467171262573627
1786995123.6113155,30.44459867477417,-4.138008277849064,3.732641317153516,1.0729984566987436,0.009867208062214321,0.0002581659255260143
1786995123.6342921,30.467575311660767,-4.138007365711824,3.7326415184986073,1.0730017117316601,0.009868033305058893,0.00014738493423686647
1786995123.6520584,30.485341548919678,-4.138006579646131,3.732641692121294,1.0730045172717193,0.009868744476002412,0.00016428631125853788
1786995123.6591196,30.49240279197693,-4.13800578822649,3.7326418669665262,1.0730073420248305,0.00986946047632047,0.00041617772152841974
1786995123.67033,30.503613233566284,-4.13800501208684,3.732642038480754,1.0730101123856233,0.00987016263761646,0.0002570939004374165
1786995123.6842194,30.517502546310425,-4.138004237290668,3.7326422097204106,1.073012878061662,0.009870863583276514,0.00020715603489595899
1786995123.7041805,30.537463665008545,-4.138003529753348,3.7326423661556216,1.0730154039451438,0.009871503696267788,0.00013164436075047958
1786995123.7173169,30.550600051879883,-4.1380029960401385,3.732642484356495,1.073017309818747,0.00987198642555211,0.0001509333745933308
1786995123.7282279,30.561511039733887,-4.138002521738434,3.732642589535505,1.073019003782082,0.009872415324333963,0.00016151179635597688
1786995123.740759,30.574042081832886,-4.138001995773198,3.7326427060611005,1.0730208821152432,0.009872891049191668,0.0001559376032854713
1786995123.768406,30.601689100265503,-4.138001257738908,3.732642869234986,1.0730235171002245,0.009873558825155131,9.915183705587912e-05
1786995123.7792668,30.612550020217896,-4.138000334352756,3.7326430731943856,1.0730268134980956,0.009874394486680762,0.00031575185988961174
1786995123.7923245,30.62560772895813,-4.1379994800173545,3.7326432619311705,1.073029863702248,0.009875167719405298,0.00024301423414052533
1786995123.8035,30.636783123016357,-4.137999128536735,3.732643339778578,1.0730311191220132,0.009875485718432189,0.00011686531426161602
1786995123.8286006,30.66188383102417,-4.13799897217118,3.7326433746902046,1.0730316783542333,0.009875627011617186,2.3175836579632257e-05
1786995123.8412359,30.674519062042236,-4.13799897217118,3.7326433746902046,1.0730316783542333,0.009875627011617186,0.0
1786995123.852392,30.685675144195557,-4.13799897217118,3.7326433746902046,1.0730316783542333,0.009875627011617186,0.0
1786995123.86964,30.70292329788208,-4.13799897217118,3.7326433746902046,1.0730316783542333,0.009875627011617186,0.0
1786995123.8956091,30.72889232635498,-4.137999470490519,3.732643268460741,1.0730299092063669,0.00987517377609654,7.089433650307489e-05
1786995123.907398,30.740681171417236,-4.138000051556961,3.7326431413803096,1.0730278378144786,0.009874647091401215,0.00018280832926889502
1786995123.9272985,30.760581731796265,-4.1380009158720235,3.732642951974064,1.0730247558748223,0.009873863921183286,0.00016112317798771736
1786995123.9304981,30.763781309127808,-4.138002099120744,3.7326426924142826,1.0730205362170024,0.009872792002550129,0.0013720868726958511
1786995123.9527671,30.78605031967163,-4.138003670448637,3.7326423475144015,1.0730149323986509,0.009871368727019665,0.000261806135062482
1786995123.9672663,30.800549507141113,-4.138005753751784,3.73264189002418,1.0730075028287624,0.009869482070617218,0.0005331112759289675
1786995123.9773746,30.810657739639282,-4.138008366021416,3.7326413162438157,1.0729981875090735,0.009867116788019971,0.000958789217554901
1786995123.9931448,30.826427936553955,-4.138011358103694,3.732640659020543,1.072987519124339,0.009864408117100648,0.000703827699407382
1786995124.0168552,30.850138425827026,-4.138014557724718,3.7326399562790016,1.0729761125541906,0.009861512078430728,0.0005005234616361042
1786995124.0283303,30.861613512039185,-4.1380179938807,3.7326392017022,1.072963864814879,0.00985840249584989,0.001110491458173545
1786995124.0482545,30.881537675857544,-4.138021441200707,3.7326384448135492,1.0729515795988267,0.009855283436922851,0.0006415402359604595
1786995124.0640733,30.897356510162354,-4.138024774949538,3.732637713045308,1.0729397014230164,0.009852267652627856,0.0007812724725477098
1786995124.0750582,30.90834140777588,-4.138027812501598,3.7326370464585863,1.0729288807182675,0.009849520290625233,0.0010249269074666262
1786995124.0896964,30.922979593276978,-4.138030779712667,3.7326363954125563,1.0729183124044561,0.009846837027736312,0.0007512029075120413
1786995124.1010284,30.934311628341675,-4.138033637985765,3.7326357683890294,1.0729081338008088,0.00984425269761461,0.0009345969586191175
1786995124.1134555,30.946738719940186,-4.138036187137854,3.732635209343768,1.0728990576038604,0.009841948184387515,0.0007599479657847516
1786995124.1203246,30.95360779762268,-4.138037920983986,3.7326348294591827,1.0728928856556859,0.00984038069907426,0.0009349302635686565
1786995124.1512153,30.984498500823975,-4.138038976206972,3.7326345986380924,1.0728891304399708,0.009839426528705683,0.00012649380013265917
1786995124.16323,30.99651312828064,-4.1380395918538815,3.732634464290603,1.0728869404613712,0.009838869689455309,0.00018967149034494917
1786995124.1775224,31.01080560684204,-4.138039940061419,3.732634388621974,1.0728857026900411,0.009838554559000108,9.012026546463036e-05
1786995124.1862717,31.01955485343933,-4.138039940061419,3.732634388621974,1.0728857026900411,0.009838554559000108,0.0
1786995124.2104404,31.043723583221436,-4.1380402656108135,3.732634318644455,1.072884547553185,0.009838259554403912,4.97408518012392e-05
1786995124.222304,31.05558729171753,-4.1380404715271295,3.7326342739083715,1.0728838157704896,0.00983807325072537,6.418881635320662e-05
1786995124.234689,31.06797218322754,-4.138040971566521,3.732634165113582,1.072882038207412,0.00983762091867251,0.00014935604510768447
1786995124.24917,31.08245325088501,-4.138041119851219,3.7326341330613007,1.0728815116084414,0.009837486655869766,3.784365883758052e-05
1786995124.2773027,31.110585927963257,-4.138040930400568,3.732634175668901,1.0728821886177762,0.009837657249269658,2.5035199194986592e-05
1786995124.2902994,31.12358260154724,-4.138040445353786,3.732634282921376,1.0728839173122575,0.009838095064115709,0.00013839345190146636
1786995124.3012283,31.134511470794678,-4.138039932647676,3.732634396277455,1.0728857445109519,0.009838557837117552,0.00017395671906133496
1786995124.3160594,31.14934253692627,-4.138039623282142,3.732634464715487,1.0728868471908617,0.009838837061966766,7.735778807362103e-05
1786995124.3367171,31.170000314712524,-4.138039479669322,3.732634496754474,1.0728873597683404,0.009838966528625,2.581494022685383e-05
1786995124.3527236,31.186006784439087,-4.138039823461771,3.7326344225522257,1.0728861389661921,0.009838655135904128,7.937137256572057e-05
1786995124.3633513,31.196634531021118,-4.138040354078777,3.7326343068592744,1.0728842517989259,0.009838175182669811,0.0001847763753248831
1786995124.379526,31.212809085845947,-4.138040502141955,3.732634274860657,1.0728837259500497,0.0098380411064157,3.383293897325688e-05
1786995124.4017153,31.23499846458435,-4.138040693249568,3.7326342339138607,1.072883048151037,0.009837867838904543,3.1790658284453605e-05
1786995124.4174788,31.25076198577881,-4.138040693249568,3.7326342339138607,1.072883048151037,0.009837867838904543,0.0
1786995124.4325573,31.265840530395508,-4.138040538422869,3.7326342694359815,1.0728836031769313,0.009838006844745827,3.828685361052522e-05
1786995124.4412947,31.274577856063843,-4.138040382365922,3.732634304195477,1.0728841600204089,0.009838147553843182,6.630650949311673e-05
1786995124.45229,31.28557324409485,-4.138039757805892,3.7326344423754003,1.072886386063714,0.009838711228270796,0.0002106451884174387
1786995124.478013,31.311296224594116,-4.138039757805892,3.7326344423754003,1.072886386063714,0.009838711228270796,0.0
1786995124.4785407,31.311823844909668,-4.13803915178649,3.7326345762540614,1.0728885455228392,0.009839258283552262,0.004258507137562349
1786995124.4891398,31.322422981262207,-4.138038455995871,3.7326347298004543,1.0728910246999401,0.009839886554271902,0.0002433725416065265
1786995124.4982247,31.331507921218872,-4.138037592048448,3.732634920234431,1.0728941027174257,0.009840666858549228,0.00035252116160833734
1786995124.5097106,31.34299373626709,-4.1380366446362515,3.7326351289946933,1.0728974780845726,0.009841522635819899,0.0003057700743531265
1786995124.5413234,31.374606609344482,-4.138035776054329,3.73263532047773,1.0729005729079897,0.009842307200420723,0.00010186034571275874
1786995124.5542228,31.387506008148193,-4.138035061571663,3.7326354781340116,1.0729031191253287,0.00984295251442278,0.00020537834684711368
1786995124.5628326,31.39611577987671,-4.138034421212966,3.7326356194986015,1.0729054014722756,0.009843530891631877,0.0002758133078875158
1786995124.579657,31.41294026374817,-4.138033474557835,3.7326358281860754,1.07290877471691,0.009844386081092804,0.0002086108596754493
1786995124.5997896,31.433072805404663,-4.138032559897609,3.7326360298238614,1.0729120341864278,0.009845212414603387,0.00016845224286729114
1786995124.6144476,31.447730779647827,-4.138031617254908,3.732636237642695,1.0729153935017073,0.009846064059605296,0.00023845373071167678
1786995124.6202228,31.453505992889404,-4.138030515519302,3.732636480414703,1.0729193196583315,0.009847059581827832,0.0007073382848042857
1786995124.633747,31.46703028678894,-4.138029134664429,3.7326367845247996,1.07292424031118,0.009848307509674572,0.0003785611476671997
1786995124.6620574,31.495340585708618,-4.138027517753258,3.732637140467917,1.0729300023177288,0.00984976902482162,0.0002117656704557763
1786995124.6804721,31.513755321502686,-4.138025777162681,3.732637523621688,1.0729362054863696,0.009851342511572112,0.0003504871158245386
1786995124.690418,31.523701190948486,-4.138023981241045,3.732637918968749,1.0729426064064538,0.009852966196048458,0.000669608197727552
1786995124.7036474,31.536930561065674,-4.138022455780234,3.732638254933984,1.0729480441672337,0.0098543454204556,0.0004276592542370492
1786995124.721242,31.554525136947632,-4.1380210837067475,3.7326385572674483,1.072952935740383,0.009855585950795614,0.00028925673485293615
1786995124.740419,31.573702096939087,-4.138019408158722,3.732638926338955,1.072958909281327,0.009857101061247328,0.00032408951164546087
1786995124.7452095,31.578492641448975,-4.13801748225464,3.7326393504713224,1.0729657757477056,0.009858842820672278,0.0014912800269209446
1786995124.757419,31.590702295303345,-4.138015668686694,3.7326397499443376,1.0729722424979646,0.009860483106901134,0.0005510483948470064
1786995124.787747,31.62103009223938,-4.138014019831332,3.7326401131891664,1.0729781226973454,0.009861974618123973,0.0002017223672755854
1786995124.7970448,31.630327939987183,-4.138012420565724,3.732640465608619,1.072983826600456,0.009863421325253502,0.000638248504828593
1786995124.8099558,31.64323902130127,-4.1380104545258725,3.7326408987404607,1.072990838858987,0.009865200072356608,0.0005650591814584662
1786995124.8232524,31.656535625457764,-4.1380086079773335,3.73264130562325,1.0729974257439665,0.009866870864337074,0.0005153878371324743
1786995124.8346431,31.66792631149292,-4.1380071078467,3.7326416363174366,1.073002777796973,0.009868228308460531,0.0004888330233094228
1786995124.8584085,31.691691637039185,-4.138005841523101,3.7326419155978234,1.0730072963424313,0.00986937421779778,0.00019780662539374124
1786995124.8742187,31.707501888275146,-4.138004596031646,3.73264219032122,1.0730117408859063,0.009870501355054307,0.0002924637693549582
1786995124.8839252,31.71720838546753,-4.138003044771742,3.732642532403967,1.0730172764855526,0.009871905299073684,0.0005933158118196484
1786995124.9002976,31.733580827713013,-4.13800130185596,3.732642916701148,1.0730234963217917,0.009873482871209469,0.0003952276879390419
1786995124.9243054,31.757588624954224,-4.137999496030211,3.7326433148274236,1.0730299412494753,0.009875117639443251,0.0002792829570706088
1786995124.9341533,31.767436504364014,-4.137997820254652,3.732643684360688,1.073035922760972,0.009876634805791625,0.0006318925352233099
1786995124.947945,31.7812283039093,-4.137996237180052,3.7326440334682647,1.0730415740067822,0.009878068232888995,0.00042627975629202423
1786995124.9571187,31.790401935577393,-4.137994598252928,3.7326443949242765,1.0730474250945405,0.009879552369923982,0.0006635357054397978
1786995124.9864545,31.819737672805786,-4.137992983948342,3.7326447510219034,1.0730531888251564,0.009881014288387436,0.00020439620499601777
1786995124.9984076,31.831690788269043,-4.137991705482736,3.732645033208974,1.0730577542452229,0.009882172086267928,0.00039733894662250435
1786995125.0122964,31.845579624176025,-4.137990824348005,3.7326452279266187,1.07306090159937,0.009882969987934581,0.00023574072490167657
1786995125.0187216,31.852004766464233,-4.1379904813792905,3.7326453039218963,1.073062127239288,0.009883280463622881,0.00019843741695087732
1786995125.0472875,31.880570650100708,-4.137990041615065,3.732645401754074,1.0730636997541574,0.009883678348874145,5.7263311780373997e-05
1786995125.0589132,31.89219641685486,-4.137989790309671,3.732645457628227,1.0730645981977114,0.00988390571021952,8.039039573262644e-05
1786995125.0703444,31.903627634048462,-4.137989341768108,3.7326455574836657,1.0730662020920914,0.009884311416520708,0.0001459532896813211
1786995125.084648,31.917931079864502,-4.137989118891633,3.7326456071273975,1.0730669990696151,0.009884512970396863,5.796103883396247e-05
1786995125.105728,31.939011096954346,-4.137988532197675,3.732645737398192,1.0730690962616471,0.009885043868181004,0.0001034915526657249
1786995125.1187627,31.952045917510986,-4.137988309582596,3.732645786950865,1.073069892349132,0.009885245247778928,6.353069730079463e-05
1786995125.129798,31.963081121444702,-4.137988455949168,3.732645755795504,1.0730693723485656,0.009885111931759007,4.9034418990674985e-05
1786995125.1425002,31.975783348083496,-4.137988938266565,3.7326456504003374,1.0730676522820388,0.009884674365304357,0.00014088206158148947
1786995125.1686985,32.00198173522949,-4.1379898942776245,3.7326454407658853,1.073064241099252,0.009883807519564374,0.00013545920613244026
1786995125.2016025,32.03488564491272,-4.1379909548022145,3.7326452081554047,1.0730604569860742,0.00988284599108456,0.00011964511837833464
1786995125.2136316,32.04691481590271,-4.1379918764345645,3.7326450061255847,1.0730571688927608,0.00988201036930298,0.0002843742468839525
1786995125.2244287,32.0577118396759,-4.137992722701706,3.732644820683516,1.073054149990115,0.009881243091140109,0.00029089063465622154
1786995125.2366939,32.069977045059204,-4.137993800490945,3.73264458426844,1.0730503048410684,0.009880266120664873,0.0003261532502782657
1786995125.2557025,32.08898568153381,-4.137995155556165,3.7326442868079135,1.0730454703039554,0.00987903809435956,0.000264598432594341
1786995125.2692878,32.1025710105896,-4.137996920297355,3.7326438992223183,1.0730391740775915,0.00987743906639733,0.00048216303871137
1786995125.2741694,32.107452630996704,-4.137999136080465,3.732643412449066,1.0730312689772936,0.009875431661721007,0.0016847248310095113
1786995125.287168,32.12045121192932,-4.138001833162134,3.7326428198439565,1.0730216476499805,0.009872988660934471,0.0007700658838017997
1786995125.3072765,32.140559673309326,-4.138004418830539,3.7326422518177114,1.0730124252193796,0.009870646929316159,0.00047715593068200514
1786995125.3202834,32.15356659889221,-4.138006914818069,3.7326417035535018,1.0730035239933386,0.009868386783838133,0.0007119897437625962
1786995125.33811,32.171393156051636,-4.138009220554812,3.7326411972809024,1.0729953024583039,0.009866299065642717,0.0004798309805057607
1786995125.3420742,32.17535734176636,-4.138011264541424,3.732640748665688,1.0729880153440996,0.009864448453343626,0.001912532432831974
1786995125.3715808,32.20486402511597,-4.1380129987153165,3.7326403681855043,1.0729818337373098,0.009862878489832057,0.00021796808016969697
1786995125.3833005,32.21658372879028,-4.138014598212143,3.7326400173853074,1.0729761328617347,0.009861430469082295,0.0005061044230595493
1786995125.3949447,32.228227853775024,-4.138016176343317,3.7326396713091126,1.072970508648873,0.009860001926371108,0.0005025426644460469
1786995125.40868,32.241963148117065,-4.1380180543413285,3.732639259326844,1.0729638160244053,0.00985830224370344,0.0005069654879656993
1786995125.4367023,32.26998543739319,-4.138020507718331,3.7326387209445335,1.0729550733375004,0.00985608220138586,0.0003246110516106901
1786995125.4585218,32.291805028915405,-4.138023386229169,3.7326380891718056,1.0729448168347082,0.00985347799955157,0.000489078599055137
1786995125.4632983,32.296581506729126,-4.138026002689268,3.7326375150942344,1.072935495667311,0.009851111188597229,0.0020304569044094886
1786995125.4693534,32.30263662338257,-4.138028057584944,3.7326370644264095,1.072928176484481,0.00984925253921214,0.0012576998577490477
1786995125.4934282,32.32671141624451,-4.138029739801214,3.7326366956686203,1.0729221856901463,0.009847731066211719,0.00025891869889502867
1786995125.5089598,32.3422429561615,-4.138031312617568,3.732636350936745,1.0729165851427946,0.009846308687516833,0.000375198550227119
1786995125.5181084,32.351391553878784,-4.138032878084349,3.7326360078523275,1.072911011251898,0.009844893093464632,0.0006339454010183944
1786995125.5322597,32.36554288864136,-4.138034104859914,3.732635739191342,1.0729066440353678,0.00984378372551102,0.0003211144581728383
1786995125.556609,32.38989210128784,-4.138035004506094,3.732635542378492,1.0729034420755248,0.009842970127447623,0.0001368324780220216
1786995125.5671883,32.400471448898315,-4.138035603728631,3.732635411562382,1.0729013100972622,0.009842428072622877,0.00020969611231776595
1786995125.5833569,32.41664004325867,-4.138036082747398,3.732635307173414,1.072899606230662,0.009841994629663871,0.00010965682587167302
1786995125.5921783,32.425461530685425,-4.138036637147133,3.732635186215759,1.0728976339890257,0.009841493091433751,0.00023264208498070864
1786995125.6040905,32.437373638153076,-4.1380370096882775,3.732635105209201,1.0728963093527706,0.009841155898073693,0.00011571492029405914
1786995125.637267,32.470550298690796,-4.138037155784601,3.7326350736332365,1.0728957904231848,0.009841023572366797,1.62773144683201e-05
1786995125.644177,32.47746014595032,-4.138037678256002,3.7326349599059796,1.0728939326145555,0.009840550823913361,0.00027977841309198174
1786995125.6562982,32.48958134651184,-4.13803789982603,3.7326349117608775,1.0728931449476438,0.009840350295728807,6.762140435638364e-05
1786995125.6676238,32.5009069442749,-4.138038572391988,3.732634765102969,1.0728907527879143,0.0098397419254287,0.00021978823574368342
1786995125.6912568,32.524539947509766,-4.138039050379638,3.7326346609694996,1.0728890528475594,0.00983930944925646,7.484998571026022e-05
1786995125.7011826,32.53446578979492,-4.138039563775686,3.732634549026132,1.072887226887428,0.009838845061995435,0.0001914258126175107
1786995125.7182095,32.55149269104004,-4.13804017157009,3.732634416367515,1.072885064918405,0.009838295381130525,0.00013212585274339963
1786995125.727325,32.56060814857483,-4.138040884643458,3.7326342605746117,1.0728825282358245,0.009837650633884526,0.0002895743750846876
1786995125.75129,32.58457326889038,-4.138041243794685,3.7326341822560005,1.0728812509419434,0.009837325811311958,5.546127845410841e-05
1786995125.7622159,32.59549903869629,-4.138041427450967,3.732634142446855,1.07288059842157,0.009837159577957739,6.215044080306951e-05
1786995125.776865,32.610148191452026,-4.138041576215384,3.732634110859339,1.0728800713767015,0.009837024490259524,3.7445715553962875e-05
1786995125.7865345,32.61981773376465,-4.138041982207057,3.7326340228491715,1.0728786286205045,0.009836656917115933,0.0001552682447547732
1786995125.8152041,32.64848732948303,-4.138042367778333,3.7326339390593852,1.0728772579479524,0.00983630796646733,4.9750760006261534e-05
1786995125.829295,32.662578105926514,-4.1380425543976385,3.7326338988757897,1.0728765955340587,0.009836138881686544,4.892362954025481e-05
1786995125.8358052,32.66908836364746,-4.1380427818310785,3.7326338497186433,1.0728757878506452,0.009835932951789084,0.00012910894476512202
1786995125.8534606,32.68674373626709,-4.138043339597225,3.732633728044767,1.0728738043277781,0.009835428581988602,0.00011690731956303892
1786995125.8771305,32.710413694381714,-4.138044199580301,3.7326335400191337,1.0728707451648898,0.009834651262247194,0.00013448695134438292
1786995125.8869584,32.72024154663086,-4.13804507098637,3.73263334953388,1.0728676454727197,0.009833863601681873,0.00032819790722290614
1786995125.8996203,32.732903480529785,-4.138045753545281,3.732633200515661,1.0728652180443856,0.009833246546935908,0.00019949286280209876
1786995125.9113681,32.744651317596436,-4.138046202858531,3.732633102654861,1.0728636208269082,0.009832840241993265,0.00014148101451625508
1786995125.9393377,32.77262091636658,-4.138046867868511,3.7326329574433887,1.0728612560240285,0.009832239162105062,8.79818266365689e-05
1786995125.9513178,32.78460097312927,-4.138047720499915,3.7326327710584857,1.072858223615467,0.009831468620411055,0.0002633966241815196
1786995125.9652758,32.798558950424194,-4.13804854363461,3.7326325911450877,1.0728552963024272,0.009830724798228264,0.00021823781247061545
1786995125.981043,32.81432628631592,-4.13804963141021,3.7326323531846484,1.0728514274225063,0.009829741967267698,0.00025533356287207556
1786995125.9862661,32.819549322128296,-4.138051036396417,3.7326320456486792,1.0728464301129528,0.009828472739077216,0.0009956202695460869
1786995126.01941,32.8526930809021,-4.1380525469601555,3.732631714983548,1.072841057567148,0.009827108247712676,0.0001686788790715717
1786995126.0307014,32.86398458480835,-4.138053930235799,3.7326314122565436,1.072836138297671,0.009825858846141957,0.00045335097393634345
1786995126.0459573,32.8792405128479,-4.138055151263394,3.732631145156868,1.0728317965624694,0.009824756003678324,0.0002961514641052588
1786995126.0550315,32.888314723968506,-4.13805612596597,3.7326309321517868,1.0728283312873383,0.00982387553164265,0.00039739468415900947
1786995126.1021676,32.93545079231262,-4.13805612596597,3.7326309321517868,1.0728283312873383,0.00982387553164265,0.0
1786995126.1026883,32.93597149848938,-4.13805694012656,3.7326307543426025,1.0728254372473176,0.009823140086395827,0.005783749922759025
1786995126.1035044,32.936787605285645,-4.1380573925992765,3.732630655909458,1.0728238297659587,0.00982273111499185,0.002049789280988349
1786995126.1084552,32.94173836708069,-4.138057881613036,3.7326305494176633,1.0728220923677516,0.009822289232040836,0.00036520545463109244
1786995126.1178956,32.951178789138794,-4.138058695285039,3.7326303717408114,1.0728192003383241,0.009821554274501517,0.00031879531538774074
1786995126.1485958,32.981878995895386,-4.138059674671067,3.7326301577514984,1.0728157190880558,0.009820669760473643,0.00011800307652947193
1786995126.154158,32.987441301345825,-4.138060728092211,3.73262992752794,1.0728119747368554,0.009819718450720794,0.0007005224045156449
1786995126.165675,32.998958110809326,-4.138061522312042,3.7326297541007567,1.0728091523368712,0.00981900124081493,0.00025503088537545156
1786995126.1783462,33.01162934303284,-4.138062231328436,3.7326295993721024,1.072806633033655,0.009818360942218197,0.00020690509689793562
1786995126.2087166,33.04199981689453,-4.138062440454183,3.732629554047371,1.0728058906787035,0.009818171873974976,2.5438500204564258e-05
1786995126.2202141,33.053497314453125,-4.138062123658644,3.7326296245863277,1.0728070196430952,0.009818457084827035,0.0001021691578002311
1786995126.233259,33.06654214859009,-4.138061298686998,3.73262980628106,1.0728099550368455,0.009819201101481842,0.0002341559681710442
1786995126.2419488,33.07523202896118,-4.138060071501669,3.7326300761669904,1.0728143208851708,0.00982030819642529,0.0005227996675088172
1786995126.2669163,33.100199460983276,-4.138058612166893,3.732630396975693,1.0728195126403104,0.00982162492499175,0.00021638148222201877
1786995126.2787118,33.11199498176575,-4.138056915101757,3.7326307699209194,1.0728255503691495,0.00982315639671282,0.0005326409227060658
1786995126.2909317,33.12421488761902,-4.138054924739464,3.7326312072398964,1.0728326319454897,0.009824952802287398,0.0006030288733771037
1786995126.3024266,33.13570976257324,-4.138052493406854,3.732631741394591,1.072841283053392,0.009827147494779602,0.0007831430361479653
1786995126.327184,33.16046714782715,-4.138049610028349,3.7326323747918404,1.0728515437606445,0.009829750715513726,0.0004312630733255502
1786995126.346582,33.17986512184143,-4.138046401415825,3.7326330796957667,1.0728629635143756,0.009832648053033601,0.0006125836089615532
1786995126.3507385,33.18402171134949,-4.138043354507943,3.7326337492693282,1.072873809698035,0.009835399775826101,0.0027151841846687072
1786995126.365588,33.19887113571167,-4.138040460034328,3.732634385507507,1.0728841150395767,0.009838014208816841,0.0007221158849186613
1786995126.375007,33.208290100097656,-4.138037659453593,3.7326350011701943,1.072894087753344,0.009840544290534941,0.0011016888391207809
1786995126.407601,33.24088430404663,-4.138034882676811,3.7326356116776953,1.0729039772477558,0.009843053313973215,0.0003157021025711718
1786995126.4142284,33.24751162528992,-4.138031685265522,3.7326363147427366,1.0729153663643336,0.009845942844846295,0.001788098694213167
1786995126.4292312,33.26251435279846,-4.138028397711702,3.7326370376763727,1.0729270786236027,0.009848914450190666,0.0008122770945438192
1786995126.4412167,33.27449989318848,-4.138025163359537,3.7326377489988283,1.0729386034850676,0.009851838577284354,0.001000474178882131
1786995126.4668918,33.300174951553345,-4.138021847467495,3.732638478424086,1.0729504209797425,0.009854836892345693,0.0004788905632348962
1786995126.4776285,33.310911655426025,-4.138018495111695,3.732639215969306,1.0729623706186557,0.009857868808059307,0.0011579778266890763
1786995126.493678,33.326961278915405,-4.138015298808808,3.732639919332271,1.0729737661778809,0.009860760094796299,0.000738722333618687
1786995126.503158,33.33644127845764,-4.138012347164981,3.7326405690006403,1.072984291424165,0.00986343054943826,0.0011551239372640271
1786995126.5241754,33.35745859146118,-4.138009651088471,3.7326411625540317,1.0729939070407528,0.009865870170257184,0.0004759913886738966
1786995126.5383701,33.37165331840515,-4.138007186201298,3.7326417053975662,1.0730026995739272,0.00986810083925334,0.0006444380363982852
1786995126.547158,33.380441188812256,-4.1380044592842875,3.732642306028936,1.073012427939145,0.009870568919173602,0.001151719555366911
1786995126.5637317,33.3970148563385,-4.138001728288294,3.73264290763079,1.073022172324019,0.00987304108241969,0.0006116761249747168
1786995126.5901494,33.42343258857727,-4.137999031560364,3.732643501756252,1.0730317959250082,0.009875482636085602,0.0003789857473821523
1786995126.6020129,33.435296058654785,-4.137996552010995,3.732644048178936,1.0730406459501827,0.009877727843222142,0.0007760836858958098
1786995126.6165497,33.449832916259766,-4.137994017951609,3.732644606682757,1.0730496917439203,0.009880022734512002,0.0006473627385832981
1786995126.624479,33.457762241363525,-4.137991625613651,3.7326451340850366,1.0730582329130613,0.009882189527224748,0.001120593517958402
1786995126.647189,33.48047208786011,-4.137989687812269,3.7326455614597336,1.0730651525351467,0.00988394480517481,0.0003169785448446485
1786995126.6593099,33.49259305000305,-4.137988301841159,3.732645867404554,1.0730701026893144,0.009885200189934306,0.0004248520776934853
1786995126.6712248,33.50450801849365,-4.137987058907853,3.7326461418935866,1.073074542499898,0.009886326036168479,0.0003876362378480652
1786995126.6842358,33.51751899719238,-4.137985786360292,3.732646422890022,1.0730790883745371,0.009887478838410655,0.00036346123730055115
1786995126.7070074,33.54029059410095,-4.137984906782734,3.732646617354785,1.073082231274003,0.00988827557506827,0.00014357570183427915
1786995126.722538,33.55582118034363,-4.13798418563184,3.732646776970287,1.0730848085483766,0.00988892871713407,0.00017262851184758268
1786995126.7333407,33.56662392616272,-4.137983456033416,3.7326469384224716,1.0730874160862005,0.00988958956487214,0.0002510931920165739
1786995126.7474751,33.58075833320618,-4.137983092230561,3.7326470190580054,1.0730887166734178,0.009889919025603995,9.57179173209306e-05
1786995126.7596624,33.59294557571411,-4.137982908672841,3.7326470599927513,1.073089373565027,0.009890085108714244,5.606543178134575e-05
1786995126.791353,33.62463617324829,-4.137983089128231,3.732647021448223,1.0730887324171152,0.00988992092412275,2.1052726917571358e-05
1786995126.8001246,33.63340783119202,-4.137983482527662,3.7326469355417897,1.073087329455975,0.00988956394860836,0.00016639998031575418
1786995126.814524,33.647807121276855,-4.137984138681458,3.732646791772554,1.073084988177388,0.009888968819846872,0.00016915642974364847
1786995126.8231907,33.656473875045776,-4.137985084550326,3.732646584258768,1.073081612381715,0.009888111055213438,0.0004052198351954671
1786995126.8533745,33.686657667160034,-4.1379859636028025,3.73264639147934,1.0730784753540117,0.009887313878065672,0.00010812301034144156
1786995126.8691247,33.70240783691406,-4.1379866998971595,3.7326462301498675,1.0730758482198552,0.00988664611092075,0.00017353008699133644
1786995126.8772154,33.710498571395874,-4.137987029337682,3.732646158173715,1.0730746732153318,0.009886347192481337,0.0001510907288210686
1786995126.8882227,33.721505880355835,-4.137987605155518,3.7326460324909267,1.0730726198447071,0.009885824676289507,0.00019407833903657714
1786995126.9120104,33.745293617248535,-4.137988135362986,3.73264591659355,1.073070728727738,0.00988534363635765,8.270875400067447e-05
1786995126.9275892,33.76087236404419,-4.137988798875645,3.732645771312894,1.0730683617437884,0.009884741872634566,0.00015806872522895564
1786995126.941327,33.7746102809906,-4.137989905715995,3.732645528439424,1.0730644121007447,0.009883738406171063,0.0002990981593803509
1786995126.949326,33.78260922431946,-4.137991283926621,3.7326452258219995,1.0730594939435867,0.00988248916405678,0.0006396560204560348
1786995126.976565,33.80984807014465,-4.137992588545076,3.7326449394237353,1.0730548388479784,0.009881306682049283,0.00017779496842006525
1786995126.9884114,33.82169461250305,-4.137993850761977,3.7326446623458676,1.0730503354293628,0.009880162762416815,0.0003954877168951801
1786995126.9999156,33.83319878578186,-4.137995181845234,3.732644370150579,1.0730455865318607,0.009878956521385294,0.0004294585500502126
1786995127.0171459,33.85042905807495,-4.137996542787192,3.732644071432133,1.0730407314068342,0.009877723276824549,0.00029315278620617105
1786995127.035077,33.8683602809906,-4.137997994168431,3.732643752829085,1.0730355539147585,0.009876408212913025,0.00030039810159222856
1786995127.0645425,33.897825717926025,-4.137997994168431,3.732643752829085,1.0730355539147585,0.009876408212913025,0.0
1786995127.0651453,33.898428440093994,-4.137999583525558,3.7326434039338032,1.073029884511423,0.009874968260594724,0.009786097506499142
1786995127.0653775,33.89866065979004,-4.138001310807285,3.7326430247407427,1.0730237234905653,0.009873403489124112,0.02760228682793001
1786995127.0711198,33.9044029712677,-4.138003285574413,3.732642591105738,1.0730166801631706,0.009871614821775383,0.001276101007842661
1786995127.105396,33.938679218292236,-4.138005482045873,3.732642108749127,1.0730088467692047,0.009869625652204912,0.00023776811116410854
1786995127.116083,33.949366092681885,-4.138007582045581,3.7326416476195177,1.0730013584360882,0.009867724123546919,0.0007290136677499066
1786995127.1268916,33.960174798965454,-4.138009474879362,3.732641232087782,1.0729946097841503,0.00986601035484172,0.00064960418815519
1786995127.138299,33.97158217430115,-4.1380108587014215,3.7326409285781414,1.0729896769427367,0.009864757367681769,0.0004499064335333197
1786995127.151126,33.98440909385681,-4.138011706087369,3.732640743031664,1.0729866572580526,0.009863989986456906,0.00024493897582586363
1786995127.1757205,34.00900363922119,-4.138012327163475,3.7326406072288134,1.0729844446401884,0.009863427484595082,9.36037452518313e-05
1786995127.189819,34.02310228347778,-4.13801287474611,3.7326404876004644,1.0729824941328292,0.009862931477266471,0.00014394592907557183
1786995127.2017436,34.03502678871155,-4.1380130162965685,3.732640456748045,1.0729819900803033,0.009862803201576276,4.398162396412942e-05
1786995127.2112646,34.04454779624939,-4.138012677041244,3.7326405326725602,1.0729832028987285,0.009863109387750105,0.00013251333998659943
1786995127.2365053,34.069788455963135,-4.138011667131421,3.7326407555325094,1.0729868057553955,0.009864022802979468,0.00014850461217177425
1786995127.2505877,34.08387088775635,-4.1380102023640175,3.7326410783937685,1.0729920308085572,0.009865347993841388,0.0003860185420833235
1786995127.2603817,34.09366488456726,-4.138008681742359,3.7326414135205486,1.0729974554795478,0.009866723902716607,0.0005762435097625764
1786995127.272313,34.10559630393982,-4.138007188385582,3.7326417426722167,1.0730027833603037,0.009868075272703196,0.00046457111073716384
1786995127.2974224,34.13070559501648,-4.1380051625794545,3.7326421890510533,1.0730100108449185,0.009869908642389723,0.0002994623412553764
1786995127.3098059,34.143089056015015,-4.138002830528041,3.732642702855982,1.073018331606252,0.009872019488881256,0.000699049037415218
1786995127.3252993,34.15858244895935,-4.138000719452216,3.7326431681077956,1.0730258650467153,0.009873930521517445,0.0005058583994607661
1786995127.3331532,34.166436433792114,-4.137998917385093,3.7326435653971415,1.073032296762115,0.00987556194237693,0.0008519505561830324
1786995127.361643,34.194926261901855,-4.137997038299572,3.7326439797131625,1.0730390039608755,0.009877263242689924,0.00024492110051222614
1786995127.3729324,34.206215620040894,-4.137995138663812,3.7326443985827797,1.073045785215477,0.009878983348631522,0.000624902566850403
1786995127.3851976,34.218480825424194,-4.137993345621901,3.73264479405772,1.0730521867200247,0.009880607049407785,0.000542969230882253
1786995127.3983479,34.23163104057312,-4.137991329254941,3.7326452386730864,1.0730593860730901,0.009882433319160715,0.0005695419867630354
1786995127.4203808,34.25366401672363,-4.137988996133736,3.732645753074428,1.073067717045685,0.009884546805144695,0.0003933551806363822
1786995127.4374738,34.27075695991516,-4.137986822133219,3.732646232518908,1.0730754809386542,0.00988651635752339,0.00047252060595136453
1786995127.443402,34.27668523788452,-4.1379851458196955,3.73264660242634,1.073081468597354,0.009888035083652527,0.001050706049689412
1786995127.4583108,34.2915940284729,-4.137984073644913,3.73264683930942,1.0730852993526543,0.009889006389129455,0.0002672930933147536
1786995127.4903865,34.32366967201233,-4.137983346261986,3.7326470002990804,1.0730878989550985,0.009889665199019865,8.43083367469691e-05
1786995127.5003977,34.333680868148804,-4.137982603661134,3.7326471646411425,1.0730905529995904,0.009890337820954175,0.00027577847639633353
1786995127.5156038,34.34888696670532,-4.137981720558453,3.7326473599226477,1.0730937089788781,0.009891137862328281,0.0002159014350987844
1786995127.5321338,34.36541700363159,-4.1379808798007724,3.732647545902284,1.0730967138675545,0.00989189953245157,0.0001891000462372606
1786995127.5432627,34.376545906066895,-4.137979745637649,3.7326477965446863,1.0731007669084276,0.009892927197257997,0.00037885079498299997
1786995127.5756795,34.40896272659302,-4.137979745637649,3.7326477965446863,1.0731007669084276,0.009892927197257997,0.0
1786995127.5762584,34.409541606903076,-4.137978459534814,3.732648080656827,1.073105362977371,0.009894092711481573,0.008259168389262005
1786995127.5852075,34.41849064826965,-4.137977469408363,3.732648299574672,1.0731089020133437,0.009894989944546996,0.0004113789081213995
1786995127.5861957,34.41947889328003,-4.137976916328235,3.7326484221801643,1.0731108798620956,0.009895490991572074,0.002081852877388252
1786995127.5978448,34.43112802505493,-4.137976502669643,3.7326485140826406,1.0731123596569785,0.009895865617751572,0.00013213603499387922
1786995127.6445632,34.47784638404846,-4.137976502669643,3.7326485140826406,1.0731123596569785,0.009895865617751572,0.0
1786995127.6461978,34.47948098182678,-4.137976194925754,3.7326485826257696,1.0731134610733422,0.009896144261502152,0.0007008780659671855
1786995127.6464336,34.479716777801514,-4.13797637357599,3.732648544037449,1.0731128247356447,0.009895981805502791,0.002807789354211273
1786995127.6517065,34.484989643096924,-4.137977006173024,3.7326484054294746,1.0731105666197087,0.009895407720478077,0.00044551569770280423
1786995127.6646557,34.49793887138367,-4.137977478303076,3.7326483021884758,1.0731088818482124,0.009894979155357765,0.00013535308736217734
1786995127.6960819,34.52936506271362,-4.137977960515896,3.7326481967393486,1.0731071611052643,0.009894541442853955,5.696334760096978e-05
1786995127.7060962,34.539379358291626,-4.1379784607348045,3.7326480873392867,1.0731053760927933,0.009894087400553767,0.0001854351211644023
1786995127.7172046,34.550487756729126,-4.137979143539553,3.732647937685406,1.0731029388973723,0.009893467875833797,0.00022824681758917993
1786995127.7302105,34.563493728637695,-4.137979843778437,3.7326477841876353,1.0731004395091068,0.009892832591725582,0.0001999205535160541
1786995127.761292,34.59457516670227,-4.1379805245724866,3.732647635020735,1.0730980096590272,0.009892214890503709,8.132910978008077e-05
1786995127.770765,34.60404825210571,-4.137980863923344,3.7326475607991236,1.0730967988282816,0.00989190692366749,0.00013297400893954548
1786995127.786463,34.61974620819092,-4.1379814115871065,3.732647441195889,1.0730948452798335,0.009891409819309326,0.00012946818020097986
1786995127.8011694,34.63445258140564,-4.137981891962949,3.7326473361339505,1.0730931314655294,0.009890973926504615,0.00012123746338943075
1786995127.8228524,34.65613555908203,-4.137982468411002,3.7326472099461094,1.0730910745581779,0.009890450918957894,9.868936684178822e-05
1786995127.8321733,34.66545653343201,-4.13798340544215,3.732647004335047,1.0730877299325612,0.009889601092129432,0.0003732963968509628
1786995127.8505855,34.683868646621704,-4.137984954831707,3.732646663897618,1.0730821986654955,0.009888196259192959,0.00031252536674184194
1786995127.8624291,34.69571232795715,-4.137986777634101,3.7326462633125748,1.0730756915753752,0.009886543719980191,0.0005715654106820176
1786995127.8847466,34.718029737472534,-4.137988751108207,3.732645829555915,1.0730686471972273,0.00988475484977828,0.0003283731620543177
1786995127.9082103,34.741493463516235,-4.137990727304548,3.7326453951958567,1.0730615938663215,0.009882963816729762,0.00031273007714889534
1786995127.91523,34.74851322174072,-4.137992359423706,3.7326450367031643,1.0730557695200298,0.0098814845922529,0.0008631805004234701
1786995127.9242945,34.757577657699585,-4.1379937105830065,3.7326447401339706,1.0730509485188542,0.009880259959580655,0.000553320645960377
1786995127.9373038,34.77058696746826,-4.137994888097485,3.7326444817907136,1.0730467476349643,0.0098791927287857,0.0003359467676897254
1786995127.9722445,34.805527687072754,-4.137994888097485,3.7326444817907136,1.0730467476349643,0.0098791927287857,0.0
1786995127.9727943,34.80607748031616,-4.137995869173972,3.7326442666744817,1.073043248112505,0.00987830352440727,0.006622130473718864
1786995127.974294,34.80757713317871,-4.137997055900382,3.73264400631543,1.0730390148701119,0.009877228109393874,0.0029367728567560388
1786995127.9860613,34.81934452056885,-4.137998730295444,3.7326436386694213,1.07303304169484,0.009875711065852959,0.0005280955476456369
1786995127.992643,34.825926303863525,-4.13800106782836,3.7326431251550307,1.0730247029833242,0.009873593648054159,0.0013180865075673686
1786995128.0272584,34.860541582107544,-4.1380039874978785,3.732642483637871,1.0730142886124234,0.009870949408498786,0.0003130092875532737
1786995128.0401084,34.87339162826538,-4.138007225533923,3.7326417722125758,1.0730027403659739,0.009868017379426884,0.0009349926964757442
1786995128.0565546,34.88983774185181,-4.1380109894997235,3.7326409452652247,1.0729893186527568,0.009864609847330579,0.0008490767852408691
1786995128.066201,34.899484157562256,-4.138014887124458,3.7326400890455145,1.0729754232203679,0.009861082199756257,0.001498701350434272
1786995128.0896132,34.92289638519287,-4.138018082423645,3.732639387464417,1.0729640342878026,0.009858190588793576,0.0005061231305699985
1786995128.11809,34.95137310028076,-4.138018082423645,3.732639387464417,1.0729640342878026,0.009858190588793576,0.0
1786995128.1186333,34.951916456222534,-4.13802032664989,3.732638894978975,1.0729560370927818,0.009856159922286044,0.015313553712560535
1786995128.122252,34.95553517341614,-4.138022083985916,3.732638509596847,1.0729497760332234,0.009854569815688604,0.0018002003671018967
1786995128.1272979,34.96058106422424,-4.138023511408913,3.7326381967455755,1.072944691224389,0.00985327825789976,0.001048501313537651
1786995128.150368,34.98365116119385,-4.138024776647593,3.7326379195207258,1.0729401847203983,0.00985213352704237,0.00020324799364982717
1786995128.1612172,34.994500398635864,-4.138026089572927,3.7326376318139176,1.0729355086329138,0.009850945785085392,0.0004484576140099676
1786995128.1722176,35.00550079345703,-4.138027281137208,3.7326373707981553,1.0729312652683842,0.009849867852842874,0.0004013685047894409
1786995128.1854324,35.018715620040894,-4.138028161216013,3.7326371782111747,1.0729281318679857,0.009849071656579556,0.0002467184453820394
1786995128.2090883,35.04237151145935,-4.138028788803676,3.732637041087936,1.0729258980815288,0.009848503805378363,9.825550762979725e-05
1786995128.2243605,35.05764365196228,-4.138029325156815,3.7326369240024926,1.0729239893661597,0.009848018465405853,0.00013004700836077976
1786995128.2351036,35.0683867931366,-4.138029474896847,3.732636891624501,1.0729234572441044,0.009847882780688507,5.1543273533736905e-05
1786995128.248474,35.08175706863403,-4.138029474896847,3.732636891624501,1.0729234572441044,0.009847882780688507,0.0
1786995128.2752552,35.10853838920593,-4.1380292448683145,3.732636943664833,1.0729242805170325,0.009848089897450896,3.197704712548761e-05
1786995128.289888,35.12317109107971,-4.1380285872163345,3.7326370892135525,1.0729266258438557,0.009848683807385189,0.0001667588733397832
1786995128.298615,35.131898164749146,-4.138027989571169,3.7326372213162666,1.0729287568364425,0.00984922365225479,0.00025405439115816996
1786995128.317555,35.150838136672974,-4.138027278296572,3.7326373783779636,1.0729312927073669,0.00984986627467313,0.0001393039363305347
1786995128.3252516,35.15853476524353,-4.138026541851784,3.732637540974684,1.0729339183638276,0.009850531686547159,0.00035493770129447295
1786995128.3462934,35.17957663536072,-4.138025990694635,3.732637662877883,1.0729358839679606,0.009851029555552731,9.718960992036203e-05
1786995128.35577,35.18905329704285,-4.138025688156665,3.7326377299035896,1.0729369631573054,0.009851302770366534,0.00011848013987397256
1786995128.3746285,35.20791172981262,-4.1380254648926655,3.7326377795029284,1.0729377599112682,0.009851504320519594,4.3955365247315406e-05
1786995128.3796313,35.21291446685791,-4.138025306273701,3.7326378151725343,1.0729383269804045,0.009851647229246687,0.00011791844947808415
1786995128.4069283,35.240211486816406,-4.138025306273701,3.7326378151725343,1.0729383269804045,0.009851647229246687,0.0
1786995128.4191866,35.25246977806091,-4.138024954552719,3.7326378945885748,1.0729395852575072,0.009851963932310474,0.00010677847346499822
1786995128.4352314,35.26851463317871,-4.138024954552719,3.7326378945885748,1.0729395852575072,0.009851963932310474,0.0
1786995128.4425905,35.27587366104126,-4.138024954552719,3.7326378945885748,1.0729395852575072,0.009851963932310474,0.0
1786995128.4700432,35.30332636833191,-4.138025236592811,3.73263783506889,1.0729385859893492,0.009851707270104074,3.788378744222685e-05
1786995128.4808185,35.314101696014404,-4.138025969062793,3.7326376749032373,1.0729359780907743,0.009851044428672589,0.00025182901682811314
1786995128.4932387,35.32652187347412,-4.13802704491484,3.732637439292292,1.072932146913309,0.009850071129969646,0.0003209566083919933
1786995128.5114818,35.344764947891235,-4.138028432674194,3.7326371351811685,1.0729272047711589,0.009848815866338241,0.000281876187668411
1786995128.5377297,35.371012926101685,-4.138029888409197,3.7326368162170986,1.0729220208456673,0.009847499149125465,0.00020549712759651245
1786995128.5553503,35.388633489608765,-4.13803116799682,3.7326365359362397,1.072917464769569,0.009846341840176971,0.00026904058494774146
1786995128.572287,35.40557026863098,-4.138032392614971,3.732636267712272,1.0729131048267198,0.009845234340526513,0.00026785491687643576
1786995128.579001,35.41228413581848,-4.138033769674694,3.7326359660370714,1.0729082022470344,0.009843989123781682,0.0007598056264514669
1786995128.598762,35.432045221328735,-4.138035406261605,3.732635607381571,1.0729023758182707,0.009842509446259577,0.0003067915645080448
1786995128.6113675,35.444650650024414,-4.138037341189248,3.732635183238739,1.0728954875877414,0.00984076029856838,0.0005685959542459232
1786995128.625227,35.45851016044617,-4.138039709737839,3.732634663980053,1.0728870562247,0.009838619452605205,0.0006330031903016329
1786995128.6363995,35.469682693481445,-4.138041995402996,3.732634163028195,1.0728789210103817,0.009836553699617254,0.0007576653936749871
1786995128.6615252,35.49480843544006,-4.138044060672244,3.7326337104903464,1.0728715713119037,0.009834687359494935,0.0003043793710046044
1786995128.6746085,35.50789165496826,-4.138046065409543,3.7326332712443024,1.0728644379004937,0.009832875977136168,0.0005673501687299743
1786995128.6865344,35.5198175907135,-4.138047950934849,3.7326328582173716,1.0728577295135737,0.009831172460116527,0.0005853261823892293
1786995128.6987753,35.53205847740173,-4.1380497115451655,3.732632472675077,1.0728514663032458,0.009829581856230962,0.000532426822292371
1786995128.7115567,35.54483985900879,-4.1380508966746214,3.7326322134238286,1.0728472512894625,0.009828511156134404,0.0003431650967329182
1786995128.738306,35.57158923149109,-4.138051506444994,3.732632080449478,1.072845083621914,0.009827959996095986,8.432805869179786e-05
1786995128.746545,35.5798282623291,-4.138052081361923,3.732631955121536,1.072843040028732,0.009827440337059071,0.0002581152255731074
1786995128.756209,35.589492082595825,-4.138052720316149,3.7326318157397482,1.0728407686748076,0.009826862880718096,0.0002445852851627276
1786995128.7662942,35.5995774269104,-4.138053092097716,3.7326317350036096,1.07283944790151,0.009826526651479806,0.0001362844059378423
1786995128.7938852,35.62716841697693,-4.138052586713075,3.732631846739533,1.0728412477478089,0.009826982368559148,6.787689608972323e-05
1786995128.811305,35.644588232040405,-4.138051436653067,3.7326320998781197,1.0728453412790036,0.009828020282357896,0.0002445229155068527
1786995128.8267567,35.6600399017334,-4.138050229850613,3.7326323654816065,1.0728496369644271,0.009829109494411912,0.00028928138326783783
1786995128.834472,35.667755126953125,-4.138049402469661,3.732632547842762,1.0728525828464814,0.00982985613979369,0.00039730472097791514
1786995128.8581836,35.69146680831909,-4.13804888305827,3.732632662632129,1.0728544329853325,0.009830324696568223,8.118748737781503e-05
1786995128.8686502,35.70193338394165,-4.138048250322682,3.7326328023205195,1.0728566864294398,0.009830895553197275,0.00022402315766535257
1786995128.8828099,35.71609306335449,-4.138047288458329,3.7326330142100326,1.0728601112252045,0.009831763746090991,0.0002516729717401452
1786995128.8931427,35.726425886154175,-4.13804622762305,3.7326332478376174,1.0728638884144133,0.009832721365589533,0.00038036860276485096
1786995128.9197822,35.75306534767151,-4.138045284276972,3.732633455654693,1.0728672476747885,0.00983357295898112,0.0001312108178852019
1786995128.9326177,35.76590085029602,-4.138044400472628,3.7326336503534985,1.07287039519838,0.009834370908326596,0.0002551552140657075
1786995128.9443293,35.77761244773865,-4.138043427926806,3.7326338645656643,1.07287385875113,0.009835249037991455,0.0003077186592181593
1786995128.9565108,35.789793968200684,-4.138042450611625,3.732634079807388,1.0728773394658133,0.00983613155259474,0.00029731255901722464
1786995128.986052,35.81933522224426,-4.138041747636495,3.7326342348519894,1.0728798437752436,0.009836766245627585,8.820615245823174e-05
1786995128.9991336,35.83241677284241,-4.138041273411365,3.7326343397214363,1.0728815338611362,0.00983719424214607,0.00013442498534311267
1786995129.0100646,35.843347787857056,-4.138040787631829,3.7326344471425386,1.0728832651199796,0.009837632649444459,0.0001647904422078946
1786995129.0212016,35.85448479652405,-4.138039987734644,3.7326346234867085,1.0728861147134459,0.00983835496321356,0.0002662278225876659
1786995129.049404,35.88268709182739,-4.138039155864286,3.7326348068356396,1.07288907826665,0.00983910624483391,0.00010933680001216162
1786995129.0756187,35.90890192985535,-4.138039155864286,3.7326348068356396,1.07288907826665,0.00983910624483391,0.0
1786995129.0762203,35.90950345993042,-4.1380383294462035,3.7326349890384303,1.0728920225190657,0.009839852566691096,0.005092779392842203
1786995129.0777366,35.911019802093506,-4.1380375956494495,3.732635150916093,1.0728946371178034,0.009840515220010473,0.0017940799340175572
1786995129.0871415,35.920424699783325,-4.138036760026161,3.73263533513919,1.0728976144178433,0.009841269930069554,0.0003293842356152061
1786995129.0976484,35.93093156814575,-4.138035579154971,3.732635595196284,1.072901821247933,0.009842336706517624,0.00041659961179793607
1786995129.1241455,35.95742869377136,-4.138034317369589,3.732635873046224,1.0729063164869377,0.00984347666137916,0.00017651837627217075
1786995129.1363103,35.96959352493286,-4.138032981014633,3.7326361672870227,1.072911077633672,0.00984468412133022,0.00040722976631793576
1786995129.1453915,35.97867465019226,-4.138031514578934,3.7326364900795057,1.0729163024701653,0.009846009314305664,0.0005986391636433131
1786995129.1602247,35.993507862091064,-4.138030166627096,3.732636786894667,1.0729211056774361,0.009847227466892615,0.00033691871997498026
1786995129.1858792,36.01916241645813,-4.1380288504122,3.7326370767778125,1.0729257961711054,0.009848416996075495,0.00019023075765827412
1786995129.1945534,36.027836561203,-4.138027683559003,3.7326373338366383,1.072929954903536,0.00984947160045499,0.0004988355020389722
1786995129.205997,36.03928017616272,-4.1380266005744195,3.7326375724922616,1.0729338151206267,0.009850450437609078,0.00035096886788133066
1786995129.2167976,36.0500807762146,-4.1380258057238954,3.7326377478404886,1.0729366489661885,0.009851168796922312,0.00027298722674218274
1786995129.2416694,36.074952602386475,-4.138025180032012,3.732637886034971,1.0729388802186504,0.009851734224349196,9.333606001711597e-05
1786995129.2511392,36.08442234992981,-4.1380245314921,3.7326380293136343,1.0729411929548438,0.009852320239502678,0.0002540951854545015
1786995129.2641628,36.09744596481323,-4.138024372283827,3.73263806456609,1.0729417608779988,0.009852464045575859,4.536908271510009e-05
1786995129.2778637,36.11114692687988,-4.138024556890809,3.7326380253794222,1.0729411062220664,0.009852296203016593,4.972750805630429e-05
1786995129.3186598,36.15194296836853,-4.138024556890809,3.7326380253794222,1.0729411062220664,0.009852296203016593,0.0
1786995129.319335,36.152618169784546,-4.138025041340713,3.7326379197379898,1.0729393819378905,0.009851857594375775,0.002657220939575504
1786995129.3195639,36.15284705162048,-4.138025654370857,3.732637785850659,1.0729371995625137,0.009851302705712661,0.009921239472453968
1786995129.3303523,36.16363549232483,-4.138026379890255,3.7326376272018393,1.0729346164936198,0.009850646206480362,0.0002491288137289116
1786995129.3402393,36.17352247238159,-4.138027410664964,3.732637401509068,1.0729309459812604,0.009849713688457436,0.00038628323198303203
1786995129.363446,36.19672918319702,-4.138028789361631,3.7326370993775537,1.072926036220844,0.009848466651610361,0.00022013477423067155
1786995129.380086,36.21336913108826,-4.138030373159257,3.732636752181637,1.0729203962163725,0.00984703436961106,0.00035267189180556314
1786995129.3871453,36.220428466796875,-4.13803225330796,3.7326363399270424,1.072913701167104,0.009845334287181609,0.0009868133942292838
1786995129.4002228,36.233505964279175,-4.138034486985569,3.7326358500619814,1.0729057477540003,0.009843314875177533,0.0006328145509819592
1786995129.426698,36.25998115539551,-4.138037031377247,3.7326352920847756,1.072896688883645,0.009841014811410944,0.0003560292677580928
1786995129.443482,36.27676510810852,-4.138039897005463,3.7326346636937613,1.0728864875512385,0.009838424749769228,0.0006324371658670601
1786995129.4518144,36.28509759902954,-4.138043083797507,3.7326339648639357,1.0728751445797085,0.009835544984277597,0.0014164838783833358
1786995129.462873,36.29615616798401,-4.138046169482927,3.7326332883262876,1.072864163465471,0.00983275711673241,0.0010332676654632878
1786995129.4752603,36.30854344367981,-4.138048946639203,3.73263267963981,1.0728542821206455,0.00983024832955553,0.0008300631552908889
1786995129.5044656,36.337748765945435,-4.1380515293234605,3.732632113694828,1.0728450942315888,0.009827915584114803,0.000327363127300529
1786995129.517322,36.35060524940491,-4.138053944695128,3.7326315845739626,1.0728365028655973,0.00982573417031198,0.0006953775174216022
1786995129.5313203,36.3646035194397,-4.138056201341437,3.732631090314586,1.0728284772661725,0.009823696372425212,0.0005966070363530671
1786995129.5414011,36.37468433380127,-4.1380583817324785,3.7326306128272777,1.0728207238842704,0.009821727697483563,0.0008003592536275714
1786995129.5704842,36.403767347335815,-4.138060309093429,3.7326301909287443,1.0728138712583937,0.009819987587025006,0.0002451947672837934
1786995129.583238,36.416521072387695,-4.138061960159331,3.732629829690512,1.0728080018454893,0.009818496966425876,0.0004789115561930949
1786995129.5942712,36.42755436897278,-4.138063697493946,3.732629449516239,1.0728018262578056,0.009816928699239037,0.0005824701344593622
1786995129.606363,36.43964624404907,-4.1380655632057595,3.732629041227923,1.072795194831868,0.009815244750122363,0.0005707113388069916
1786995129.6302977,36.4635808467865,-4.138067571587386,3.732628601748654,1.0727880568938952,0.009813432213541681,0.000310350474868943
1786995129.6586888,36.49197196960449,-4.138067571587386,3.732628601748654,1.0727880568938952,0.009813432213541681,0.0
1786995129.6592286,36.49251174926758,-4.13806952657463,3.732628173995282,1.072781109552918,0.009811668078916574,0.013394046038819867
1786995129.6594448,36.49272799491882,-4.1380715656511615,3.732627727851422,1.0727738640971498,0.009809828298595452,0.034868337914920715
1786995129.6674025,36.500685691833496,-4.138073826227454,3.732627233270432,1.072765832284492,0.009807788879380724,0.0010503690332761006
1786995129.6915226,36.524805784225464,-4.138075983839174,3.732626761347338,1.072758167315313,0.009805842505796454,0.00033071291028410134
1786995129.7022994,36.535582542419434,-4.138078014981142,3.7326263171555416,1.0727509526012484,0.009804010448491607,0.0006967146133486137
1786995129.7197769,36.55306005477905,-4.138079583767666,3.732625974306058,1.0727453811993908,0.009802595444609754,0.0003317521778793512
1786995129.7268686,36.56015181541443,-4.138080550670212,3.7326257632967854,1.0727419483166685,0.009801723246953435,0.0005037803078021675
1786995129.7531993,36.586482524871826,-4.138080952286616,3.7326256761117373,1.0727405235902208,0.009801360702581323,5.6315068491002114e-05
1786995129.765341,36.59862422943115,-4.138080952286616,3.7326256761117373,1.0727405235902208,0.009801360702581323,0.0
1786995129.7765424,36.6098256111145,-4.138080411072938,3.7326257961588025,1.072742449919435,0.009801847770439747,0.0001789521965798155
1786995129.7892811,36.6225643157959,-4.138079393889719,3.732626019720848,1.0727460652254224,0.009802764420758918,0.0002953458550686775
1786995129.8136556,36.64693880081177,-4.138077883547342,3.7326263513460414,1.0727514327526924,0.009804125757566578,0.0002291669570249513
1786995129.826295,36.65957808494568,-4.138075694207138,3.732626831828986,1.0727592131968233,0.009806099391617348,0.000640611837272754
1786995129.837129,36.67041230201721,-4.138072726438356,3.732627482960027,1.0727697607450923,0.009808775286054531,0.00101312788305626
1786995129.8554583,36.68874144554138,-4.138069293082931,3.7326282361998575,1.0727819648123706,0.009811871656243695,0.0006928954113357657
1786995129.8613148,36.69459795951843,-4.138065848291841,3.7326289920701528,1.072794211842032,0.009814978960387999,0.0021761599395448256
1786995129.8855226,36.71880578994751,-4.138061942599657,3.7326298492090006,1.0728080999539584,0.009818502677168175,0.0005970090126731288
1786995129.8964868,36.72976994514465,-4.138057717754244,3.73263077648667,1.0728231261108423,0.00982231527391603,0.0014261309990578268
1786995129.909125,36.74240827560425,-4.138053271751996,3.732631752542494,1.0728389424822473,0.0098263283684276,0.0013022565163908846
1786995129.9224527,36.755735874176025,-4.138049031918617,3.73263268357907,1.072854029145042,0.009830156293938382,0.0011779120635829715
1786995129.9734356,36.806718826293945,-4.138049031918617,3.73263268357907,1.072854029145042,0.009830156293938382,0.0
1786995129.973989,36.80727219581604,-4.138044861368554,3.7326335995681243,1.0728688727841469,0.009833922647900374,0.027911885260842925
1786995129.974226,36.80750918388367,-4.13804102166959,3.732634443124042,1.0728825421109525,0.009837390981752032,0.060017406654372066
1786995129.9744234,36.80770659446716,-4.138037791399333,3.732635153063527,1.0728940444926252,0.00984030934058813,0.06062712096697309
1786995129.985312,36.81859517097473,-4.138034962152647,3.7326357750970973,1.0729041208730654,0.00984286575052461,0.000962891029452835
1786995130.0063324,36.8396155834198,-4.138032650413067,3.7326362835414946,1.0729123557443618,0.009844954817566838,0.0004076180611110845
1786995130.0193012,36.85258436203003,-4.138030631358151,3.7326367277899366,1.072919549139183,0.009846779529888739,0.0005771226108509024
1786995130.0303614,36.86364459991455,-4.138028779141818,3.7326371354761587,1.0729261490044808,0.009848453556398275,0.0006208690770693108
1786995130.0424583,36.875741481781006,-4.1380268097599195,3.732637568907157,1.0729331669852202,0.009850233762096375,0.0006036219693902675
1786995130.0709324,36.904215574264526,-4.138024845559683,3.732638001209618,1.0729401672614154,0.009852009516700401,0.00025579263355594644
1786995130.0912862,36.92456936836243,-4.1380229983917545,3.732638407833796,1.0729467512542834,0.00985367963521931,0.0003365603417203004
1786995130.0972111,36.93049430847168,-4.1380212855437675,3.732638784998958,1.0729528572253977,0.009855228421266527,0.0010722255534458022
1786995130.108613,36.941896200180054,-4.138019647913371,3.73263914570114,1.072958695690068,0.009856709265519441,0.0005327628956973811
1786995130.1302977,36.9635808467865,-4.1380182784633766,3.732639447482881,1.0729635787786773,0.009857947646964819,0.00023428810179116862
1786995130.1422374,36.975520610809326,-4.138017513519862,3.7326396164048994,1.0729663074184632,0.009858639216576408,0.00023776549573989596
1786995130.1533113,36.986594438552856,-4.138017139476833,3.7326396993706243,1.072967642755777,0.009858977214287962,0.00012545026390006474
1786995130.1661022,36.999385356903076,-4.138017139476833,3.7326396993706243,1.072967642755777,0.009858977214287962,0.0
1786995130.1990619,37.03234505653381,-4.1380174126468905,3.7326396405542512,1.0729666723729325,0.009858729445635097,3.0637836826086593e-05
1786995130.2086003,37.04188346862793,-4.138017955985286,3.732639522160105,1.0729647382842873,0.009858237306541963,0.00021098317334640207
1786995130.2225177,37.055800914764404,-4.1380184561914515,3.732639412962189,1.0729629573403692,0.009857784387888957,0.00013314772291392552
1786995130.2334733,37.0667564868927,-4.1380192498208554,3.732639239242287,1.0729601305938667,0.009857066092385772,0.0002684640240567404
1786995130.2419226,37.07520580291748,-4.1380205574290745,3.7326389525631822,1.0729554720924472,0.009855882905728471,0.0005736589613650051
1786995130.267472,37.10075521469116,-4.138022537437042,3.7326385181341224,1.072948417658406,0.009854091635374854,0.00028728272427186756
1786995130.2852945,37.11857771873474,-4.138025180482696,3.7326379380823065,1.0729390013973996,0.009851700916042995,0.0005497180851052486
1786995130.2982898,37.13157296180725,-4.138028368309116,3.732637238428601,1.0729276456325576,0.009848817952586252,0.0009092144075556358
1786995130.3073456,37.140628814697266,-4.138032221144206,3.7326363928129136,1.0729139231246123,0.009845334345744191,0.0015766805543679565
1786995130.3314226,37.164705753326416,-4.138036328621051,3.7326354915419495,1.0728992967085007,0.009841621228572418,0.0006320955530126782
1786995130.347251,37.18053412437439,-4.138039895920347,3.732634709119174,1.0728865968366486,0.00983839700375777,0.0008348653439171411
1786995130.365861,37.19914412498474,-4.138043042504478,3.7326340191794007,1.0728753971071874,0.009835553541222394,0.0006262114495575464
1786995130.375601,37.20888423919678,-4.138046150621077,3.73263333779237,1.072864336221742,0.009832745342158528,0.0011816564154750826
1786995130.394806,37.22808909416199,-4.138049165617988,3.732632676957765,1.072853608601988,0.00983002173677466,0.0005812503276552849
1786995130.4062574,37.239540576934814,-4.138051939146717,3.732632069221336,1.0728437418972787,0.009827516609613987,0.0008965752305351595
1786995130.4183025,37.251585721969604,-4.138054608621308,3.7326314843673027,1.0728342468752774,0.009825105878582532,0.0008202861090108359
1786995130.4288144,37.26209759712219,-4.138057268854259,3.7326309016695354,1.072824786097086,0.009822703775980827,0.0009365534279098995
1786995130.4556656,37.28894877433777,-4.138059939742406,3.7326303167012145,1.0728152888212128,0.009820292434380153,0.0003680665366940384
1786995130.4736645,37.30694770812988,-4.138062241202013,3.732629812804615,1.072807106605561,0.009818214893183614,0.0004730641861755925
1786995130.4773576,37.310640811920166,-4.138064375361864,3.7326293456582254,1.0727995202605163,0.009816288554978313,0.0021376734120720983
1786995130.4905581,37.32384133338928,-4.138066260225294,3.7326289332562745,1.072792821075399,0.009814587338323506,0.0005281233718957817
1786995130.5124915,37.34577465057373,-4.138067916806505,3.7326285709573375,1.0727869340642915,0.009813092217831781,0.00027931803231989993
1786995130.5249734,37.358256578445435,-4.138069130184375,3.7326283058223693,1.0727826229620356,0.00981199707435732,0.00035943522803980456
1786995130.5389118,37.37219500541687,-4.138070293616177,3.7326280516114907,1.0727784896770969,0.009810947107483104,0.00030860176392199384
1786995130.5479114,37.38119459152222,-4.138071440555293,3.7326278010188387,1.0727744152659826,0.009809912098087023,0.00047115232669658706
1786995130.5833704,37.416653633117676,-4.138072272839291,3.732627619331358,1.072771459358572,0.0098091610599956,8.675402255088586e-05
1786995130.6023417,37.435624837875366,-4.138072582162269,3.732627552283764,1.072770362048487,0.00980888170943738,6.019883589170051e-05
1786995130.6078146,37.44109773635864,-4.138072158426361,3.732627645936944,1.0727718698889173,0.009809263445315651,0.00028669381469630394
1786995130.6204648,37.45374798774719,-4.138071397357435,3.7326278134921655,1.0727745766405687,0.00980994948691947,0.00022265969485098973
1786995130.6300378,37.46332097053528,-4.1380705733296015,3.732627994856049,1.0727775072765915,0.009810692342291491,0.00031857145302994404
1786995130.6581824,37.49146556854248,-4.138069845168655,3.7326281552420157,1.0727800972977228,0.009811348720187397,9.576292353736977e-05
1786995130.6700342,37.50331735610962,-4.138068985467293,3.7326283444978405,1.0727831549636535,0.009812123724950621,0.0002684707887146902
1786995130.6821675,37.51545071601868,-4.13806795231206,3.7326285717685677,1.0727868293358762,0.00981305527303554,0.0003151328590763887
1786995130.6936862,37.52696943283081,-4.138066718944478,3.73262884292014,1.0727912156582402,0.009814167542445788,0.00039626697939182083
1786995130.7227998,37.55608296394348,-4.138065521324678,3.7326291062463057,1.072795475178706,0.009815247630254185,0.0001522491512264098
1786995130.7362058,37.56948900222778,-4.1380643519792715,3.7326293634181082,1.0727996344336534,0.009816302246715135,0.0003228510043057493
1786995130.7472565,37.58053970336914,-4.138063090526278,3.7326296408054502,1.0728041214510986,0.009817440023666916,0.0004225262370059817
1786995130.756877,37.59016013145447,-4.138061605579049,3.732629967216113,1.0728094034966948,0.009818779578146117,0.0005713373209217511
1786995130.7831964,37.61647963523865,-4.138060137284984,3.7326302899923496,1.0728146267532195,0.009820104240495694,0.0002065122331751264
1786995130.7932785,37.626561641693115,-4.138058593090465,3.7326306293785216,1.0728201203816843,0.00982149758847684,0.000567011520058257
1786995130.8052495,37.638532638549805,-4.1380566768120675,3.732631050436578,1.072826937894999,0.009823226894948644,0.0005926169791589045
1786995130.8202026,37.6534857749939,-4.1380543472773965,3.7326315621995554,1.0728352261541156,0.009825329463823028,0.0005767758866625069
1786995130.845936,37.679219245910645,-4.138051904190635,3.732632098923817,1.0728439194472386,0.00982753486204099,0.00035152656465339317
1786995130.8594084,37.69269156455994,-4.13804957042631,3.732632611776584,1.0728522249069172,0.00982964175433494,0.0006414890892194465
1786995130.866323,37.69960618019104,-4.13804709627638,3.732633155469978,1.0728610310397935,0.009831875765731003,0.0013251989826731563
1786995130.881763,37.71504616737366,-4.138044658037081,3.7326336913097453,1.0728697105722038,0.009834077695334788,0.0005849365507514436
1786995130.9082408,37.74152398109436,-4.138042074808226,3.7326342590219337,1.0728789073804144,0.009836410974312848,0.00036141839509221395
1786995130.9293792,37.762662410736084,-4.138042074808226,3.7326342590219337,1.0728789073804144,0.009836410974312848,0.0
1786995130.9299343,37.76321744918823,-4.138039218932912,3.7326348867328445,1.0728890761381757,0.009838990843762989,0.0190632135939271
1786995130.9350579,37.768341064453125,-4.138036435235575,3.7326354986986563,1.0728989894958125,0.00984150588196355,0.002013216550631881
1786995130.950716,37.78399920463562,-4.138033966311207,3.732636041626818,1.0729077833995384,0.009843736815168098,0.0005843626860689734
1786995130.9758086,37.80909180641174,-4.138031811477796,3.7326365156123273,1.0729154598377286,0.00984568420401283,0.0003183097312316205
1786995130.9895551,37.822838306427,-4.138029826205809,3.732636952403167,1.0729225332009626,0.009847478531300437,0.0005353840972856436
1786995131.0001562,37.833439350128174,-4.138027865145649,3.732637383928588,1.072929521089364,0.00984925115917804,0.0006858441711846463
1786995131.0111468,37.8444299697876,-4.138026091478617,3.7326377743748704,1.0729358420776351,0.009850854475825873,0.0005983938511950636
1786995131.0292778,37.862560987472534,-4.138024460272426,3.732638133564953,1.0729416560727267,0.00985232909168762,0.00033363623137702773
1786995131.0544884,37.88777160644531,-4.1380229559746,3.7326384648546522,1.0729470183704932,0.009853689143365856,0.00022130154278639447
1786995131.0595362,37.89281940460205,-4.13802145021285,3.732638796511688,1.072952386329068,0.009855050597291044,0.0011064242294435585
1786995131.0722513,37.905534505844116,-4.138019814336223,3.7326391568120725,1.0729582184632673,0.009856529836222216,0.0004772218155548455
1786995131.0844276,37.91771078109741,-4.138018335313706,3.7326394826763147,1.0729634920295557,0.009857867312799114,0.0004506081714094972
1786995131.116207,37.94949007034302,-4.138017307469367,3.732639709400013,1.0729671577425084,0.009858796706124906,0.00012001000295916072
1786995131.1282883,37.96157145500183,-4.138016955232751,3.7326397873683717,1.0729684146499394,0.009859115050241223,0.00010823731843325166
1786995131.138265,37.971548080444336,-4.138016525384178,3.7326398829618084,1.0729699495666367,0.009859503242755242,0.00016005747543609557
1786995131.147536,37.98081922531128,-4.13801630258028,3.732639932462707,1.0729707451496275,0.009859704510357021,8.927419302262184e-05
1786995131.1822977,38.015580892562866,-4.138015806741242,3.7326400424638857,1.072972515413769,0.009860152579402731,5.298024852075819e-05
1786995131.1861627,38.01944589614868,-4.138015624877829,3.7326400832124715,1.072973165728649,0.009860316698170304,0.0001750306380969708
1786995131.1972094,38.030492544174194,-4.138015624877829,3.7326400832124715,1.072973165728649,0.009860316698170304,0.0
1786995131.2113664,38.044649600982666,-4.138015624877829,3.7326400832124715,1.072973165728649,0.009860316698170304,0.0
1786995131.2363887,38.069671869277954,-4.138015624877829,3.7326400832124715,1.072973165728649,0.009860316698170304,0.0
1786995131.2492476,38.08253073692322,-4.1380157874258225,3.73264005036263,1.0729725934488412,0.009860167952588351,4.6335579058407557e-05
1786995131.2632427,38.09652590751648,-4.138016027199963,3.73263999846183,1.0729717406263137,0.009859950515359013,6.340810393758349e-05
1786995131.2740507,38.10733389854431,-4.138016477357465,3.732639900591918,1.0729701384819725,0.009859542540966906,0.00015424321863022488
1786995131.2929661,38.12624931335449,-4.138016690674475,3.7326398542191326,1.0729693793514834,0.009859349234489547,4.1759313033197506e-05
1786995131.3065622,38.13984537124634,-4.138016690674475,3.7326398542191326,1.0729693793514834,0.009859349234489547,0.0
1786995131.3166533,38.14993643760681,-4.138015729521141,3.73264006728628,1.0729728102148017,0.009860217815969697,0.00035371076140044375
1786995131.328348,38.16163110733032,-4.138014648336696,3.7326403057425166,1.0729766665924247,0.009861195633960209,0.00034307640058759374
1786995131.3555663,38.188849449157715,-4.138013434389347,3.7326405734369947,1.0729809965430557,0.009862293594929804,0.00016550839775258033
1786995131.3665345,38.1998176574707,-4.138012310819844,3.7326408212537223,1.0729850045416127,0.00986330986425596,0.0003801784992084627
1786995131.376912,38.21019530296326,-4.138011285135545,3.732641047568324,1.0729886637486308,0.00986423759089121,0.000366843605543984
1786995131.389397,38.22268009185791,-4.1380102330338495,3.7326412796425674,1.0729924173622942,0.009865189373408145,0.0003127946380805591
1786995131.40263,38.23591327667236,-4.138009369829611,3.7326414701923385,1.0729954975684157,0.009865970264039037,0.00024215967478307247
1786995131.4267595,38.260042667388916,-4.138008400682298,3.732641684091221,1.0729989557290258,0.009866847008527834,0.00014910279459363682
1786995131.438883,38.27216625213623,-4.138007326674404,3.732641921042208,1.073002788061397,0.009867818767791248,0.0003288656220555168
1786995131.4495282,38.282811403274536,-4.13800612508143,3.7326421860613332,1.07300707569685,0.009868906083025092,0.0004190362132090353
1786995131.4638636,38.297146797180176,-4.13800532905364,3.7326423619059064,1.073009916972714,0.009869626278645726,0.00020619694480144573
1786995131.4920502,38.3253333568573,-4.138005188952762,3.732642393232048,1.0730104179990878,0.00986975281206943,1.8490659444487888e-05
1786995131.5088336,38.342116832733154,-4.138006151219915,3.7326421826367735,1.0730069882161781,0.009868881023948324,0.00021261589384620624
1786995131.520164,38.3534471988678,-4.138007475025241,3.7326418922563382,1.073002268506533,0.009867682196492488,0.0004333877586340861
1786995131.5275254,38.36080861091614,-4.138009098709844,3.7326415359017098,1.072996479661061,0.009866212082506487,0.0008181577129939311
1786995131.553587,38.38687014579773,-4.1380112989999285,3.7326410527847753,1.0729886351640272,0.00986422025644845,0.0003131643915977774
1786995131.5702784,38.40356159210205,-4.138013975886137,3.7326404649406855,1.0729790923404439,0.009861797378583326,0.0005948306048415229
1786995131.5751488,38.40843200683594,-4.138016810468574,3.7326398425091334,1.0729689887569618,0.009859232216810202,0.0021583624996120766
1786995131.5892103,38.42249345779419,-4.138019662025467,3.7326392164696363,1.0729588262544831,0.009856652068813072,0.0007519523081633818
1786995131.6218443,38.455127477645874,-4.13802255652608,3.732638581083249,1.0729485123283464,0.009854033508367313,0.00032883514082195667
1786995131.6332552,38.466538429260254,-4.138025505370053,3.7326379338573417,1.0729380064110503,0.009851366227834744,0.0009579478831300872
1786995131.6414871,38.474770307540894,-4.138028155171462,3.732637352484565,1.0729285675712399,0.009848969686885267,0.0011930392714399375
1786995131.6542594,38.48754262924194,-4.138030196108865,3.732636904929827,1.0729212990002535,0.009847123989841678,0.000592134031916786
1786995131.6799624,38.513245582580566,-4.138031880727625,3.7326365356859275,1.0729153004012435,0.009845600616871925,0.00024283559880463508
1786995131.6961806,38.52946376800537,-4.138033419663702,3.7326361984770466,1.0729098211860912,0.00984420906163125,0.00035153213025273714
1786995131.7032394,38.53652262687683,-4.138034982452694,3.7326358560723323,1.0729042574644756,0.009842796034012937,0.0008201290366040979
1786995131.716234,38.5495171546936,-4.138036771601944,3.7326354639515498,1.0728978881964657,0.009841178617275764,0.0005100144401128916
1786995131.7449024,38.57818555831909,-4.138038505670425,3.732635083984979,1.0728917156864408,0.00983961109810503,0.00022403456910455
1786995131.7592783,38.59256148338318,-4.138039991502468,3.7326347585456188,1.0728864275487624,0.009838268064910526,0.00038276114717234844
1786995131.7722692,38.605552434921265,-4.138040944419389,3.732634550176937,1.0728830369902385,0.009837406548915484,0.0002715798724331351
1786995131.7847378,38.61802101135254,-4.138041298227863,3.732634473046952,1.0728817787305276,0.009837086545061971,0.00010501044294719836
1786995131.7991176,38.63240075111389,-4.138041814695086,3.7326343607544303,1.0728799427430988,0.009836619263341026,0.00013286395483154607
1786995131.8206553,38.65393853187561,-4.138042305742017,3.732634253752022,1.0728781966517047,0.009836175151676344,8.436239394081484e-05
1786995131.8313987,38.664681911468506,-4.138042901857023,3.7326341236481917,1.0728760766252228,0.009835636195427211,0.0002053432774285292
1786995131.848115,38.681398153305054,-4.138043725657385,3.732633943624225,1.0728731461968055,0.009834891499273295,0.00018241771732873256
1786995131.857185,38.690468072891235,-4.13804462764488,3.7326337464517634,1.072869937611084,0.009834076200561629,0.0003681161989144817
1786995131.8960905,38.72937369346619,-4.13804462764488,3.7326337464517634,1.072869937611084,0.009834076200561629,0.0
1786995131.8966327,38.72991585731506,-4.138045024538304,3.732633659927603,1.07286852624044,0.009833717286829803,0.0027088957601260734
1786995131.8968651,38.73014831542969,-4.138044742687942,3.7326337228581266,1.0728695319668518,0.009833971219923023,0.004501317423274366
1786995131.9064286,38.73971176147461,-4.138043700863183,3.732633952306798,1.0728732420650537,0.009834911872309912,0.0004036645448088173
1786995131.915168,38.748451232910156,-4.138042380131641,3.7326342430232504,1.0728779451586223,0.00983610449476393,0.0005599495320402248
1786995131.9407654,38.77404856681824,-4.138040794562691,3.7326345918686226,1.0728835913923578,0.009837536512392353,0.00022951626443979876
1786995131.9555576,38.788840770721436,-4.138040794562691,3.7326345918686226,1.0728835913923578,0.009837536512392353,0.0
1786995131.95614,38.78942322731018,-4.138039001991491,3.7326349861626413,1.0728899751026955,0.009839155749673438,0.011403990116771687
1786995131.96621,38.799493074417114,-4.138037330299523,3.7326353539386417,1.072895929040374,0.00984066594441416,0.0006152122993722036
1786995131.9812927,38.81457591056824,-4.138035957513953,3.7326356561495326,1.0729008191510605,0.00984190609249826,0.00033734562242732264
1786995132.016275,38.84955811500549,-4.138034727101367,3.7326359271442597,1.072905202612494,0.009843017623062661,0.00013037859150687487
1786995132.0261571,38.859440326690674,-4.138033519248649,3.732636193180223,1.0729095060293865,0.009844108865260402,0.0004530989698239201
1786995132.0361898,38.86947298049927,-4.138032122720835,3.7326365006349733,1.0729144817424845,0.009845370800151824,0.0005160266644190683
1786995132.0491736,38.88245677947998,-4.138030734434352,3.7326368063374247,1.0729194284692514,0.009846625321692554,0.0003964117928980219
1786995132.0689077,38.902190923690796,-4.138029620344563,3.7326370518229073,1.0729233988457758,0.009847632060397104,0.0002093337669833153
1786995132.0838652,38.91714835166931,-4.138029167822688,3.732637151742222,1.072925012114125,0.009848040881145307,0.00011221913712294336
1786995132.09822,38.93150329589844,-4.138029380009496,3.7326371061865182,1.0729242587934031,0.009847848390435617,5.461242650885163e-05
1786995132.1102061,38.94348931312561,-4.138030160733366,3.732636935542147,1.0729214796223399,0.00984714198557435,0.00024126350752026813
1786995132.1314962,38.96477937698364,-4.138030879255532,3.732636778564554,1.0729189221229085,0.00984649184894981,0.00012499492881159905
1786995132.1470833,38.980366468429565,-4.1380312384110765,3.7326367002242358,1.07291764410684,0.009846166819535797,8.531628200657614e-05
1786995132.15839,38.99167323112488,-4.1380310966599945,3.732636732427662,1.0729181515476862,0.009846294290335445,4.66845356393632e-05
1786995132.168025,39.00130820274353,-4.138030596464929,3.732636843101339,1.0729199351188377,0.009846745953716285,0.00019259899060157656
1786995132.1835713,39.01685452461243,-4.138030085272887,3.7326369561823927,1.072921757925182,0.009847207585676638,0.00012199053011511348
1786995132.2055216,39.03880476951599,-4.138029179072965,3.7326371560086837,1.0729249878735272,0.009848026385268946,0.00015310122315688454
1786995132.219344,39.052627086639404,-4.138028155237636,3.732637381650827,1.0729286370536926,0.009848951651233302,0.00027468601492492475
1786995132.2303994,39.063682556152344,-4.138027341590004,3.732637561140366,1.072931537632583,0.009849686904049916,0.0002729761524270986
1786995132.2485363,39.08181953430176,-4.138026975720145,3.732637642017164,1.0729328423858866,0.009850017434520087,7.48466157393269e-05
1786995132.2679636,39.10124683380127,-4.13802679569457,3.732637682077172,1.072933485046088,0.009850179914193848,3.441549554842731e-05
1786995132.2781532,39.11143636703491,-4.138026629761697,3.732637719297454,1.0729340781536398,0.009850329511715794,6.055285979518722e-05
1786995132.2923021,39.125585317611694,-4.138026629761697,3.732637719297454,1.0729340781536398,0.009850329511715794,0.0
1786995132.3021722,39.13545536994934,-4.138026629761697,3.732637719297454,1.0729340781536398,0.009850329511715794,0.0
1786995132.3296216,39.16290473937988,-4.138026461346444,3.7326377589015176,1.0729346851659962,0.009850480405020722,2.299456565777391e-05
1786995132.3502564,39.183539628982544,-4.138026461346444,3.7326377589015176,1.0729346851659962,0.009850480405020722,0.0
1786995132.3508067,39.18408989906311,-4.138026318527512,3.732637790762364,1.0729351952830013,0.009850609286466477,0.0009644170587729992
1786995132.3512256,39.18450880050659,-4.138025594205315,3.732637950935246,1.072937778502694,0.009851263641353943,0.00641588587293402
1786995132.3627527,39.196035861968994,-4.138024987375213,3.732638085044433,1.0729399425499804,0.009851811916668604,0.00019532445331750138
1786995132.3908908,39.22417402267456,-4.138024652086519,3.732638159205379,1.0729411384972076,0.009852114853259522,4.422002313465042e-05
1786995132.4063048,39.239588022232056,-4.1380244267401585,3.732638209219213,1.0729419427160118,0.009852318345168282,5.428117818796918e-05
1786995132.414605,39.24788808822632,-4.138024713424183,3.732638147514286,1.0729409243613195,0.009852058323543626,0.00012767808451257074
1786995132.426251,39.25953412055969,-4.138025517702684,3.732637971595863,1.0729380605238104,0.009851330512628924,0.0002558663910330227
1786995132.4471776,39.280460834503174,-4.138026157906081,3.7326378317588684,1.0729357813900442,0.009850751063923321,0.00011332257255303037
1786995132.4625409,39.29582405090332,-4.138026736835697,3.7326377053555104,1.0729337206351675,0.009850227085754091,0.00013957098892458406
1786995132.4751234,39.308406591415405,-4.138027592496004,3.7326375181223863,1.072930674061302,0.009849452961008549,0.00025193543950363694
1786995132.4893172,39.32260036468506,-4.1380286698779,3.7326372822190055,1.072926837751605,0.009848478364211122,0.00028122900056431425
1786995132.5128992,39.346182346343994,-4.1380297824377985,3.7326370385951737,1.0729228763592373,0.009847472020285084,0.0001747887485314344
1786995132.5244205,39.3577036857605,-4.138030790468945,3.7326368178974474,1.0729192875556717,0.00984656029799511,0.00032411273335365074
1786995132.5377636,39.37104678153992,-4.138031746418061,3.732636608642147,1.0729158844620887,0.009845695743613821,0.00026538060193234626
1786995132.554072,39.38735508918762,-4.138032823557679,3.7326363728161276,1.0729120499027271,0.009844721631923384,0.00024465742263009754
1786995132.5620127,39.39529585838318,-4.138033858497887,3.732636146327141,1.0729083658398724,0.009843785645911684,0.000482745294507925
1786995132.586299,39.41958212852478,-4.138034223785423,3.7326360666358758,1.0729070661842321,0.00984345513700257,5.568433356994188e-05
1786995132.5963004,39.42958354949951,-4.138034223785423,3.7326360666358758,1.0729070661842321,0.00984345513700257,0.0
1786995132.60522,39.43850326538086,-4.138033353259254,3.7326362596243694,1.0729101708485231,0.00984424090197795,0.0003621382597954927
1786995132.616228,39.44951128959656,-4.138032189145934,3.732636516053089,1.0729143187995396,0.009845292707448003,0.0003920624410130585
1786995132.6469793,39.48026251792908,-4.138030795891306,3.7326368227994466,1.0729192831889112,0.009846551772282728,0.00016797080788344662
1786995132.656556,39.48983907699585,-4.138029282744953,3.7326371559015246,1.0729246750349264,0.00984791932506248,0.0005858097943177995
1786995132.6702578,39.503540992736816,-4.1380278650696045,3.7326374680760126,1.0729297272092095,0.009849200659707673,0.00038363893556642923
1786995132.6802504,39.51353359222412,-4.138026325804297,3.7326378070180444,1.0729352129727432,0.009850591969307473,0.0005711925509726052
1786995132.7068431,39.54012632369995,-4.138024689088961,3.732638167405224,1.072941046428301,0.009852071533347948,0.00022823623813818185
1786995132.7264264,39.559709548950195,-4.138023107836906,3.7326385156602644,1.07294668274936,0.009853501031804612,0.00029945413873531647
1786995132.7325106,39.56579375267029,-4.138021402745479,3.732638891151163,1.0729527608818188,0.009855042683785432,0.001039400561117891
1786995132.748109,39.58139228820801,-4.138019816779498,3.7326392404476296,1.0729584150404305,0.009856476786734616,0.0003771350796918528
1786995132.770808,39.60409116744995,-4.138018297518334,3.7326395751211754,1.0729638319423518,0.009857850663405176,0.0002482883006077871
1786995132.7883658,39.62164902687073,-4.138016863210862,3.7326398911840863,1.0729689464692889,0.009859147764997252,0.0003030684301109043
1786995132.7998803,39.63316345214844,-4.138015328667436,3.7326402293019805,1.0729744187409564,0.00986053565705187,0.0004944587960098697
1786995132.806518,39.639801263809204,-4.138013596964374,3.732640610818142,1.0729805943874002,0.009862102033902255,0.0009679668489898315
1786995132.8307528,39.66403603553772,-4.138012105261323,3.7326409395759432,1.072985914896559,0.00986345140280522,0.00022840893167292169
1786995132.8709714,39.70425462722778,-4.138012105261323,3.7326409395759432,1.072985914896559,0.00986345140280522,0.0
1786995132.8715186,39.70480179786682,-4.138011205681972,3.7326411381331264,1.072989124459202,0.00986426505432273,0.006102585541211741
1786995132.8717442,39.70502734184265,-4.138010885558157,3.7326412092839822,1.0729902678876095,0.0098645543385223,0.005274027848135087
1786995132.8719578,39.705240964889526,-4.138010885558157,3.7326412092839822,1.0729902678876095,0.0098645543385223,0.0
1786995132.8939428,39.72722601890564,-4.138010885558157,3.7326412092839822,1.0729902678876095,0.0098645543385223,0.0
1786995132.9103556,39.74363875389099,-4.138010885558157,3.7326412092839822,1.0729902678876095,0.0098645543385223,0.0
1786995132.9181538,39.751436948776245,-4.138010744978289,3.7326412430444416,1.072990776172739,0.009864679846135841,6.776529905031953e-05
1786995132.930264,39.76354718208313,-4.138010744978289,3.7326412430444416,1.072990776172739,0.009864679846135841,0.0
1786995132.9412124,39.77449560165405,-4.138010744978289,3.7326412430444416,1.072990776172739,0.009864679846135841,0.0
1786995132.9752922,39.80857539176941,-4.138010744978289,3.7326412430444416,1.072990776172739,0.009864679846135841,0.0
1786995132.9834392,39.81672239303589,-4.138010744978289,3.7326412430444416,1.072990776172739,0.009864679846135841,0.0
1786995132.9888697,39.822152853012085,-4.138010963306042,3.732641198904466,1.0729900071641718,0.009864479938801594,0.00014743101238768092
1786995133.0041902,39.83747339248657,-4.138011545732593,3.7326410718521297,1.072987932868659,0.009863952232053712,0.00014087330626482352
1786995133.0414197,39.87470293045044,-4.138012219865444,3.7326409243747483,1.0729855310275298,0.009863341737384693,6.71243597915529e-05
1786995133.0481503,39.88143348693848,-4.138013570068257,3.73264062825033,1.0729807187459879,0.009862119479377304,0.0007439019905652368
1786995133.0621223,39.895405530929565,-4.1380157551150365,3.732640148601239,1.0729729305130649,0.00986014194154453,0.0005799546248603633
1786995133.0706928,39.90397596359253,-4.138018375431539,3.732639573378092,1.072963591649062,0.009857770805820738,0.001133729090343345
1786995133.0947251,39.92800831794739,-4.138020514529603,3.732639104023021,1.0729559692337034,0.009855835275582373,0.000330004233944755
1786995133.1037369,39.93702006340027,-4.138022530706056,3.732638661772738,1.072948785750109,0.009854011094709288,0.0008293792581745542
1786995133.117211,39.95049428939819,-4.138024294749937,3.732638275005347,1.072942501493574,0.009852415095331609,0.0004852673763988475
1786995133.1324675,39.9657506942749,-4.138025961410831,3.7326379096694406,1.0729365648277562,0.009850907309472346,0.00040487860852916955
1786995133.1566017,39.98988485336304,-4.138027374439976,3.732637600070808,1.072931532342908,0.00984962903870426,0.00021696462679578866
1786995133.1680028,40.001286029815674,-4.138028144414153,3.732637431734773,1.0729287911225402,0.009848932306656972,0.0002501739544576558
1786995133.1809726,40.01425576210022,-4.138028144414153,3.732637431734773,1.0729287911225402,0.009848932306656972,0.0
1786995133.1914256,40.02470874786377,-4.138027343429487,3.732637609398435,1.0729316484458684,0.009849655390617947,0.0002843955631416457
1786995133.220077,40.05336022377014,-4.138026075661765,3.732637888763525,1.0729361670618738,0.009850801147492066,0.0001640893097005483
1786995133.2342057,40.0674889087677,-4.138024663166155,3.732638199898779,1.0729412016713127,0.009852077946434085,0.0003707526860326161
1786995133.241804,40.07508707046509,-4.138023623591235,3.732638429112556,1.072944907835655,0.009853017593548985,0.0005074941280756221
1786995133.252556,40.08583927154541,-4.138023210976741,3.732638520580944,1.0729463800225534,0.009853390230810877,0.00014244989464585306
1786995133.2774153,40.11069846153259,-4.138023210976741,3.732638520580944,1.0729463800225534,0.009853390230810877,0.0
1786995133.293008,40.126291275024414,-4.138023210976741,3.732638520580944,1.0729463800225534,0.009853390230810877,0.0
1786995133.3031201,40.13640332221985,-4.138023388012924,3.7326384834777175,1.0729457535993658,0.009853229027969958,6.447909947029271e-05
1786995133.3182182,40.151501417160034,-4.1380225928126,3.7326386595428502,1.0729485904523717,0.00985394737571946,0.0001954851562897919
1786995133.329172,40.1624550819397,-4.13802113182766,3.7326389813723213,1.072953798855996,0.009855268307091328,0.0004947199208278469
1786995133.3713756,40.20465874671936,-4.13802113182766,3.7326389813723213,1.072953798855996,0.009855268307091328,0.0
1786995133.371905,40.205188274383545,-4.138019619734843,3.7326393144237584,1.0729591898441166,0.00985663562440723,0.010592327532026923
1786995133.3721588,40.20544195175171,-4.138018401291804,3.732639582980678,1.072963534597004,0.009857737383534378,0.01781930502431498
1786995133.3760953,40.209378480911255,-4.138017667801954,3.732639744964778,1.0729661509945447,0.009858400493372629,0.0006914953300259374
1786995133.3866208,40.21990394592285,-4.138017667801954,3.732639744964778,1.0729661509945447,0.009858400493372629,0.0
1786995133.4165673,40.2498505115509,-4.138017995578657,3.7326396744858426,1.0729649864339317,0.009858102985333713,4.0467433867629545e-05
1786995133.4296632,40.262946367263794,-4.138018833347473,3.732639491118799,1.0729620021684367,0.009857344622519415,0.0002371015433526511
1786995133.4452276,40.2785108089447,-4.138020108148501,3.732639211732128,1.0729574603745655,0.009856190936646829,0.00030361357278576125
1786995133.4533796,40.28666281700134,-4.138021870472039,3.7326388252005205,1.0729511814373482,0.009854596389300717,0.0008013990884511465
1786995133.4783351,40.31161832809448,-4.138023933971102,3.7326383725682906,1.0729438298767622,0.009852729559721957,0.0003065084464516605
1786995133.4861274,40.31941056251526,-4.138025999217036,3.7326379196095907,1.0729364729292472,0.009850861366933814,0.000982355317023604
1786995133.498222,40.3315052986145,-4.138027550782388,3.732637579579361,1.0729309468896036,0.009849457824409833,0.0004753961030050392
1786995133.5101764,40.343459606170654,-4.138028726001649,3.732637322218422,1.072926762031316,0.009848394710030137,0.0003642499335714829
1786995133.5347917,40.368074893951416,-4.138029941097114,3.7326370561019804,1.0729224353982028,0.009847295636795343,0.00018289007054693305
1786995133.5534234,40.386706590652466,-4.138031206542749,3.7326367789224206,1.0729179297104738,0.009846151138843047,0.0002516260156592446
1786995133.5673826,40.40066576004028,-4.138032554603605,3.732636483583525,1.0729131300924877,0.009844932084845768,0.00035776334180562003
1786995133.5793126,40.41259574890137,-4.138033658543761,3.7326362419471457,1.0729092002344276,0.009843933695440557,0.00034275927862889425
1786995133.593698,40.42698121070862,-4.138034168925832,3.732636130363217,1.072907383823318,0.009843472085529228,0.00013138614032247949
1786995133.600202,40.43348526954651,-4.138034333177987,3.7326360948129955,1.072906800130055,0.009843323309360594,9.338855465260268e-05
1786995133.6152704,40.44855356216431,-4.13803371685809,3.7326362313874757,1.0729089981789925,0.009843879656448284,0.00015176916957118538
1786995133.6273062,40.46058940887451,-4.13803286154585,3.7326364199878,1.0729120462252242,0.009844652319057312,0.00026349538515140484
1786995133.6568165,40.49009966850281,-4.138032055387293,3.7326365978118115,1.0729149193446261,0.009845380562452904,0.00010129931819875064
1786995133.6749775,40.50826072692871,-4.138031220107348,3.732636782082709,1.072917896326978,0.009846135104958808,0.0001705533826227188
1786995133.6818163,40.51509952545166,-4.138030162465409,3.732637015187223,1.0729216654896758,0.009847090709452775,0.0005734449672319036
1786995133.6928086,40.52609181404114,-4.138028851455082,3.7326373039300496,1.0729263374435292,0.009848275502442395,0.0004422186567018458
1786995133.702681,40.535964250564575,-4.138027749749423,3.732637546759712,1.072930264072491,0.009849271067016187,0.0004138267933357867
1786995133.7358725,40.5691556930542,-4.1380268543659415,3.732637744295586,1.0729334558701893,0.009850080108724112,0.00010005256990549917
1786995133.7515514,40.584834575653076,-4.1380268543659415,3.732637744295586,1.0729334558701893,0.009850080108724112,0.0
1786995133.7521064,40.585389614105225,-4.1380261784690475,3.7326378935445463,1.0729358658371042,0.009850690821288475,0.004517523999620068
1786995133.7608135,40.594096660614014,-4.1380252839240494,3.7326380908834675,1.072939054901897,0.009851499208982673,0.0003810734970010709
1786995133.7721655,40.605448722839355,-4.138024364555093,3.732638293689317,1.0729423325911536,0.009852330079348735,0.0003004055355098025
1786995133.8083172,40.641600370407104,-4.138023614396691,3.7326384593579407,1.0729450074936293,0.00985300793585871,7.69822609973912e-05
1786995133.8259304,40.65921354293823,-4.138022946837484,3.7326386068702773,1.0729473881584393,0.009853611111580838,0.00014062686099506545
1786995133.8333483,40.66663146018982,-4.13802203697829,3.7326388076090686,1.0729506323878821,0.009854433506015114,0.0004550301770468985
1786995133.8448658,40.67814898490906,-4.138020846652069,3.7326390700080436,1.072954876327841,0.009855509599737586,0.0003833734441242736
1786995133.8710423,40.704325437545776,-4.1380194484144175,3.73263937813026,1.0729598615564808,0.009856773801138193,0.00019814614551775993
1786995133.882396,40.71567916870117,-4.13801790987663,3.7326397170315357,1.0729653472754126,0.009858165157520025,0.0005026943890544485
1786995133.892698,40.72598123550415,-4.1380164068355745,3.7326400481836814,1.0729707069334153,0.009859524477238611,0.0005412763100783498
1786995133.9073625,40.74064564704895,-4.138015092764143,3.7326403378126196,1.0729753933670199,0.009860712934639988,0.0003324913537528003
1786995133.936339,40.76962208747864,-4.138013980227246,3.732640583164419,1.0729793616146392,0.00986171912741467,0.00014247954300224602
1786995133.9448898,40.778172969818115,-4.138013020977294,3.7326407948279696,1.0729827835845263,0.00986258667773101,0.0004163516686187843
1786995133.9568095,40.7900927066803,-4.138012138737179,3.732640989601185,1.072985931144484,0.009863384527898771,0.0002747261169206956
1786995133.9692614,40.802544593811035,-4.138011486046543,3.7326411339066885,1.072988260335697,0.009863974684515331,0.00019460607806882856
1786995133.9954398,40.82872295379639,-4.138011123932776,3.7326412143311627,1.072989553452495,0.009864301881841512,5.1388544925082817e-05
1786995134.010653,40.84393620491028,-4.138011123932776,3.7326412143311627,1.072989553452495,0.009864301881841512,0.0
1786995134.0261488,40.859431982040405,-4.138011331533728,3.73264117027197,1.0729888169656252,0.009864112974103464,4.946214364270722e-05
1786995134.0362437,40.869526863098145,-4.138011331533728,3.73264117027197,1.0729888169656252,0.009864112974103464,0.0
1786995134.0664213,40.899704456329346,-4.138011331533728,3.73264117027197,1.0729888169656252,0.009864112974103464,0.0
1786995134.0825162,40.915799379348755,-4.1380117056423495,3.7326410903174336,1.0729874886693436,0.009863773013375154,8.588349994478104e-05
1786995134.0910935,40.92437672615051,-4.138012376491926,3.732640943573538,1.072985098534317,0.009863165462012076,0.00028992986251776925
1786995134.10324,40.93652319908142,-4.138013391328698,3.7326407211832304,1.0729814820059718,0.009862246688803722,0.0003097850142515566
1786995134.1166387,40.94992184638977,-4.138014659681202,3.732640443126738,1.0729769618304574,0.009861098496397134,0.00035100408391864284
1786995134.1370738,40.970356941223145,-4.138016239044621,3.732640096759717,1.0729713332094284,0.009859668932042322,0.00028657835873239774
1786995134.1548076,40.9880907535553,-4.138018036961228,3.7326397023772695,1.0729649260235532,0.009858041755270663,0.0003759112048962811
1786995134.1667361,41.00001931190491,-4.13801993653822,3.7326392856750066,1.0729581571461289,0.00985632280416324,0.000590407300905898
1786995134.1736064,41.0068895816803,-4.1380223036981,3.732638766239945,1.0729497226084126,0.00985418114198474,0.0012773590265607818
1786995134.2089221,41.04220533370972,-4.1380223036981,3.732638766239945,1.0729497226084126,0.00985418114198474,0.0
1786995134.2094557,41.042738914489746,-4.138024715134781,3.7326382371544624,1.0729411314129933,0.00985199971185014,0.016752629650984095
1786995134.2141128,41.04739594459534,-4.1380268547457835,3.7326377678228266,1.072933509860884,0.009850064424491795,0.0017028204286590881
1786995134.221999,41.05528211593628,-4.138028801619107,3.732637340846799,1.072926575824154,0.009848303704704414,0.0009148685876960865
1786995134.238369,41.07165217399597,-4.138030815294275,3.732636899227881,1.07291940456772,0.009846482799461757,0.000455813354731812
1786995134.258503,41.09178614616394,-4.13803266607055,3.7326364934681964,1.0729128143095426,0.0098448093123184,0.00034057977342156955
1786995134.27035,41.1036331653595,-4.138034001221436,3.732636200995862,1.0729080610698958,0.009843602043431371,0.0004174765171346865
1786995134.2819707,41.115253925323486,-4.13803498291939,3.732635986166461,1.0729045668791692,0.009842714314908893,0.00031287358611519893
1786995134.2953472,41.12863039970398,-4.138035752857271,3.732635817883132,1.0729018269520645,0.009842017969406537,0.00021313699844762989
1786995134.323224,41.15650725364685,-4.1380363000160045,3.7326356985621625,1.0728998804417622,0.009841522931502566,7.265771366953777e-05
1786995134.3531535,41.18643665313721,-4.1380363000160045,3.7326356985621625,1.0728998804417622,0.009841522931502566,0.0
1786995134.3537464,41.18702960014343,-4.138036604740624,3.732635632195411,1.0728987966314343,0.009841247172185668,0.0019020052309235216
1786995134.3542209,41.187504053115845,-4.138036758444613,3.7326355989680713,1.072898250583051,0.009841107952156479,0.0011976760840021528
1786995134.3632708,41.19655394554138,-4.138036758444613,3.7326355989680713,1.072898250583051,0.009841107952156479,0.0
1786995134.3840766,41.21735978126526,-4.138036758444613,3.7326355989680713,1.072898250583051,0.009841107952156479,0.0
1786995134.4002984,41.23358154296875,-4.138036758444613,3.7326355989680713,1.072898250583051,0.009841107952156479,0.0
1786995134.411684,41.244967222213745,-4.138036959275026,3.7326355583797213,1.07289754364036,0.009840924197116062,6.464572473762065e-05
1786995134.4194052,41.25268840789795,-4.1380376394860425,3.7326354100557575,1.0728951241327946,0.009840308889608258,0.00032607404814970144
1786995134.446677,41.27996015548706,-4.138038342261542,3.732635256531771,1.072892623723715,0.009839673334863146,9.54037845337081e-05
1786995134.469295,41.30257821083069,-4.138038342261542,3.732635256531771,1.072892623723715,0.009839673334863146,0.0
1786995134.4698162,41.303099393844604,-4.138039183147023,3.732635072730323,1.0728896316826948,0.0098389129580733,0.005973693066407932
1786995134.471329,41.304612159729004,-4.138040122346131,3.7326348673426444,1.072886289771518,0.009838063801148435,0.002298735530558278
1786995134.484287,41.317570209503174,-4.138040927298996,3.732634691455382,1.0728834259374023,0.009837335942572035,0.00022997328311742467
1786995134.4938395,41.32712268829346,-4.138041287508879,3.732634612928492,1.0728821448467603,0.009837010140414534,0.00013955364330351985
1786995134.5213406,41.354623794555664,-4.138041654250615,3.7326345335235844,1.0728808417784337,0.009836678056650923,4.930785426005995e-05
1786995134.535042,41.36832523345947,-4.138042007397542,3.7326344568370162,1.0728795864921519,0.009836358440709202,9.533804783047519e-05
1786995134.5437515,41.37703466415405,-4.138042649613896,3.7326343166730633,1.0728773022538305,0.009835777703535331,0.00027291538464742506
1786995134.5546882,41.3879714012146,-4.138043437541537,3.7326341444778315,1.0728744994431678,0.009835065427293952,0.00026667405113938505
1786995134.6012444,41.43452763557434,-4.138043437541537,3.7326341444778315,1.0728744994431678,0.009835065427293952,0.0
1786995134.6017656,41.43504881858826,-4.1380444451424845,3.732633924090143,1.0728709148568927,0.009834154730306074,0.007156843676383931
1786995134.6035411,41.436824321746826,-4.138045686278623,3.7326336524659665,1.072866499287424,0.009833033128652507,0.002587841101944514
1786995134.608229,41.44151210784912,-4.13804691251795,3.732633384131093,1.0728621370292033,0.00983192504594765,0.0009683182903910132
1786995134.620039,41.45332217216492,-4.138047835438135,3.7326331823751087,1.0728588544750117,0.009831090994187722,0.00028922738979367046
1786995134.647506,41.48078918457031,-4.138048434232787,3.732633051778881,1.072856725498078,0.009830549672645688,8.065803381816843e-05
1786995134.6584105,41.49169373512268,-4.138048916975706,3.732632946611934,1.072855009565,0.009830113218546425,0.0001637522548528355
1786995134.6743326,41.50761580467224,-4.138049140857579,3.7326328979894505,1.0728542141617023,0.009829910731679917,5.198696564706687e-05
1786995134.6822555,41.515538692474365,-4.138049335212713,3.7326328558611612,1.0728535238196388,0.009829734894092803,9.06759693384935e-05
1786995134.7107801,41.544063329696655,-4.138049335212713,3.7326328558611612,1.0728535238196388,0.009829734894092803,0.0
1786995134.7252502,41.55853343009949,-4.138049131973394,3.732632902238487,1.0728542514180563,0.009829917342817192,5.230598575362291e-05
1786995134.7423832,41.575666427612305,-4.138048535047295,3.7326330341910805,1.0728563780479399,0.009830455877533839,0.00012915168529507748
1786995134.7530234,41.58630657196045,-4.138048017531377,3.7326331484615696,1.072858221524096,0.009830922894893073,0.00018027445191047157
1786995134.7731664,41.606449604034424,-4.138047323477994,3.7326333015171405,1.0728606932803901,0.009831549281446385,0.0001276823106781657
1786995134.785293,41.61857628822327,-4.138046605346625,3.7326334599056485,1.0728632508124272,0.009832197388010831,0.00021944658773836924
1786995134.8003035,41.63358664512634,-4.138045655509566,3.732633669161554,1.0728666330748584,0.009833054787669769,0.0002344600576305735
1786995134.8087866,41.642069816589355,-4.138044213820255,3.7326339863861344,1.0728717661295697,0.00983435652325116,0.0006296112383719038
1786995134.8399336,41.673216819763184,-4.138042215272135,3.7326344258839863,1.072878881783556,0.009836161403627272,0.00023771292248913004
1786995134.8561845,41.689467668533325,-4.138039705289834,3.7326349776778143,1.07288781896299,0.00983842860024698,0.000572236987264217
1786995134.8642826,41.69756579399109,-4.138036771771042,3.7326356225451818,1.0728982654246515,0.009841078837982822,0.0013422464565937243
1786995134.8745277,41.70781087875366,-4.138033392857026,3.732636365257359,1.0729102997272262,0.009844132190808152,0.001222215944024223
1786995134.8885255,41.721808671951294,-4.138029972289121,3.732637117211132,1.0729224846527559,0.009847223823248439,0.0009057323548153564
1786995134.9116783,41.74496150016785,-4.138026915865189,3.7326377893040688,1.0729333746095093,0.009849986822256579,0.0004893869755487781
1786995134.924302,41.757585287094116,-4.138024388192452,3.7326383453912375,1.0729423824067614,0.009852272065771734,0.0007424265195677175
1786995134.9334443,41.766727447509766,-4.138022459482324,3.732638769952443,1.0729492570327044,0.009854015887254059,0.0007823826630741326
1786995134.9462442,41.77952742576599,-4.138020903041972,3.732639112767609,1.0729548056743117,0.009855423167397275,0.00045101587347462805
1786995134.9781218,41.81140494346619,-4.138022647219911,3.7326387305702724,1.0729485907167309,0.009853846229063726,0.0002028504587957685
1786995134.9837554,41.81703853607178,-4.1380627630474525,3.7326358792864305,1.0727800056947294,0.009814425006876883,0.030764678110779584
1786995134.994923,41.828206300735474,-4.1381685633431005,3.732658624846096,1.072312502902243,0.009812191787989042,0.042968713929352226
1786995135.0072668,41.8405499458313,-4.138312327260283,3.7327003331055804,1.0714908378522594,0.009592977873123425,0.0676614769626687
1786995135.0335236,41.866806745529175,-4.138513482997287,3.73277531178931,1.0702939436856267,0.009263205293125085,0.046311579437302894
1786995135.0483482,41.88163137435913,-4.138774819424123,3.732887930980333,1.0687152058543317,0.008821723079325987,0.10821045542654549
1786995135.0653927,41.8986759185791,-4.139100920132137,3.733041619881097,1.066752459257848,0.008277399392036519,0.11708022967760298
1786995135.0809112,41.91419434547424,-4.139497151357648,3.7332404869995885,1.064405545993293,0.00763312236669292,0.15390862911560554
1786995135.098696,41.931979179382324,-4.139968194192033,3.7334890791245408,1.0616825574896245,0.006892926705787982,0.1560087271567479
1786995135.108226,41.94150924682617,-4.1405203350498265,3.7337893682492482,1.0586003069837178,0.006083993491036984,0.3300794875426741
1786995135.125203,41.95848608016968,-4.1411598552408355,3.734143384614395,1.0551787864250275,0.005238034909320011,0.20608853495819615
1786995135.1317413,41.96502447128296,-4.1418895727486476,3.734555636789542,1.0514433372092802,0.004379769281834664,0.585513797927572
1786995135.1571052,41.9903883934021,-4.142714687634004,3.735027497520566,1.047421177259719,0.003541768001683469,0.1629458327922368
1786995135.1733413,42.00662446022034,-4.143642171251584,3.7355589209135247,1.0431370370722908,0.002761814982852858,0.2719552382395582
1786995135.1818938,42.01517701148987,-4.144660679925304,3.7361450977723765,1.038613500937088,0.002140445593445446,0.5464668986454949
1786995135.1953027,42.02858591079712,-4.145783972204515,3.736795973149921,1.0338881781615603,0.001555036947964597,0.36546014701971835
1786995135.2254791,42.058762311935425,-4.146977491740503,3.7374845662111005,1.0289722035480215,0.0011140242888925457,0.169186309323398
1786995135.2390273,42.07231044769287,-4.148201601863643,3.7381864230184085,1.0238758958267058,0.0008853876343291756,0.39031519184154717
1786995135.2496526,42.08293581008911,-4.149454582909192,3.7389033917898393,1.0186291472748608,0.0007367137000995165,0.5121449289560401
1786995135.2633047,42.096587896347046,-4.150699008896999,3.7396064344432527,1.0132364103106515,0.0007341515037360421,0.4086504744434785
1786995135.2735865,42.1068696975708,-4.1519046515858395,3.740277072801963,1.0076970927323117,0.0009222209206793112,0.5552076582515922
1786995135.3058398,42.13912296295166,-4.152930507198435,3.7408262377590686,1.0021551570488842,-0.00020593003416220237,0.17557212436750666
1786995135.3102608,42.14354395866394,-4.153702662738109,3.741055814712688,0.9966981047989183,0.00027296729608334593,1.2477256432280266
1786995135.3224125,42.15569567680359,-4.154175878172893,3.741106974008129,0.9910664639681932,0.0009062123778943258,0.46509629467888597
1786995135.3363166,42.169599771499634,-4.154342170733594,3.7409863898011437,0.9852616278181123,0.0019139530310005328,0.417752432166835
1786995135.3694055,42.202688694000244,-4.154185965743556,3.7406901844965543,0.9792766607804565,0.0032833513596527185,0.1811581500580121
1786995135.3772478,42.21053099632263,-4.153715418315981,3.7402302707890174,0.9730989737370023,0.005052099400728201,0.792194464170041
1786995135.3882055,42.22148871421814,-4.152943670023725,3.739624714391573,0.9667134995082451,0.007292448839291054,0.5895739532663229
1786995135.4024196,42.23570275306702,-4.15190166961417,3.7388969619943655,0.9601049095303681,0.010050025291730397,0.4734543901227742
1786995135.4274871,42.260770320892334,-4.150629876294642,3.7380807520575985,0.9532657298857188,0.013296595129148232,0.27941059889952985
1786995135.4364681,42.26975131034851,-4.1491914904147436,3.7372198096584386,0.9462104155365456,0.017143900406277987,0.8074537184883389
1786995135.4506412,42.28392434120178,-4.147674275561423,3.736364427705409,0.9389650851189484,0.02165984158965341,0.5257689960887149
1786995135.4625275,42.29581069946289,-4.146148904565244,3.735563417877969,0.9315540552871906,0.026841664867110974,0.6401171643522964
1786995135.4978151,42.331098318099976,-4.144660128172653,3.734848773627283,0.9239968192490209,0.03264118378258319,0.2192147482591935
1786995135.5073617,42.34064483642578,-4.143242722018528,3.734237089333191,0.9163096314215295,0.038983542606295024,0.8213116499664648
1786995135.523415,42.35669827461243,-4.141905669823442,3.733734497774698,0.9085109917531964,0.04580544034781214,0.4938737870473897
1786995135.5344617,42.36774492263794,-4.140635648688929,3.733336325952894,0.9006219109862865,0.05307771835621846,0.7242530110165755
1786995135.5622396,42.39552283287048,-4.139419925738112,3.7330336833068833,0.892662636450985,0.06078692350312841,0.2900603952805879
1786995135.5721219,42.405405044555664,-4.138248597086334,3.7328210251613347,0.884652879174333,0.06892219034119698,0.8194262093762887
1786995135.5912547,42.424537897109985,-4.1371121790143315,3.7326952934483812,0.8766127676164295,0.0774764030754708,0.4244531979841867
1786995135.5961082,42.429391384124756,-4.136010045958892,3.7326546196795793,0.8685617015384868,0.08644131882535516,1.674312663704859
1786995135.6207166,42.453999757766724,-4.134950110142357,3.73270066174262,0.8605175379346219,0.09580221219314393,0.3297180405695217
1786995135.633691,42.46697425842285,-4.1339394048938365,3.7328364368771845,0.8524973402060866,0.10554240995647803,0.6231277642106017
1786995135.6462395,42.479522705078125,-4.132986993521509,3.733063065276937,0.8445175911193487,0.11565108961469861,0.6406832669926422
1786995135.6582773,42.49156045913696,-4.132105383981827,3.733381881722925,0.8365934514808457,0.12610350280976967,0.6628647433245943
1786995135.6681905,42.50147366523743,-4.131303049358166,3.733794441323812,0.8287419961374218,0.13688530114392347,0.7972314289827913
1786995135.712401,42.54568409919739,-4.131303049358166,3.733794441323812,0.8287419961374218,0.13688530114392347,0.0
1786995135.712884,42.54616713523865,-4.130586789761991,3.734299146243122,0.8209782451355653,0.1479854644387885,16.174858024979773
1786995135.713105,42.546388149261475,-4.129966175657364,3.734893305530207,0.8133172883118163,0.1593860725234241,34.88007094350209
1786995135.7172904,42.5505735874176,-4.129447453545348,3.7355748211095645,0.8057732764344524,0.17107837062368866,1.8140211491128009
1786995135.7272348,42.56051802635193,-4.129034684145159,3.7363394073791687,0.7983592235079967,0.18305273631525723,0.7506501058833523
1786995135.7681324,42.60141563415527,-4.1287355646623904,3.7371818962491603,0.7910882024579317,0.19529628871925755,0.1791248262547952
1786995135.773201,42.606484174728394,-4.128555052466779,3.7380979227266424,0.7839724302061686,0.207800697310803,1.4159423755276754
1786995135.784148,42.61743116378784,-4.12849647521974,3.739081534440192,0.7770241497827932,0.22055650498933962,0.6410713011502426
1786995135.7992525,42.63253569602966,-4.128567718704796,3.740125311372545,0.7702547741200337,0.23355422821833638,0.453489315938822
1786995135.8182085,42.65149164199829,-4.128774339249466,3.7412230612589186,0.7636737110250011,0.24678654518279816,0.35214218653667406
1786995135.8288033,42.662086486816406,-4.12911879237688,3.7423680471408867,0.757290432196129,0.26024742383952065,0.6129676065279874
1786995135.8401318,42.67341494560242,-4.129607523174256,3.743550952670318,0.7511133620614505,0.27392831303730825,0.5568519028593197
1786995135.8517327,42.68501591682434,-4.130247984291284,3.7447634036925623,0.7451507160008709,0.28781740575321463,0.5273939562592339
1786995135.881284,42.71456718444824,-4.131041619858492,3.7459971108589785,0.7394115990002631,0.3019128485428426,0.20045254565476286
1786995135.9065666,42.73984980583191,-4.131991914579938,3.747241108486223,0.733902535283993,0.3162060755917837,0.2265256010717623
1786995135.907052,42.74033522605896,-4.1331072388840635,3.748483272799229,0.7286275127981711,0.33068785358667835,11.398128147594027
1786995135.9143336,42.7476167678833,-4.134391820874159,3.7497099392672277,0.7235864387485906,0.34534741315585166,0.7340255319253777
1786995135.9345918,42.76787495613098,-4.135850337921954,3.7509029864305226,0.7187793141262904,0.36017205032238403,0.2548719148209975
1786995135.9509864,42.78426957130432,-4.13748965021427,3.7520435543710806,0.714204948801404,0.3751564587558874,0.30444741700843364
1786995135.9659717,42.79925489425659,-4.139309633878705,3.7531159732008414,0.7098636897244278,0.3902939525785272,0.3221775515309355
1786995135.9801843,42.813467502593994,-4.141307328907869,3.754103516998926,0.705756274452759,0.4055797355777391,0.32879226279910995
1786995135.9953406,42.82862377166748,-4.143482253292602,3.754989628887949,0.7018843384095452,0.4210094917385074,0.2987877397181994
1786995136.0094953,42.84277844429016,-4.145827083513634,3.7557646246457335,0.6982450465736221,0.43658065829289333,0.3107172521954607
1786995136.020236,42.85351920127869,-4.148330071402968,3.7564222520680053,0.694836195460483,0.45228609793382296,0.3984744128653645
1786995136.0302327,42.863515853881836,-4.150984246071312,3.756957122318569,0.6916557706072304,0.4681159143657845,0.4178219368777518
1786995136.0411575,42.87444067001343,-4.153785520057436,3.757366377050449,0.6887016593852723,0.4840654072333017,0.37452579158585325
1786995136.0590293,42.89231252670288,-4.156726775397683,3.7576493985728328,0.6859708812546641,0.5001224335700686,0.22512828079059966
1786995136.0715868,42.90487003326416,-4.159805690734204,3.7578045182446065,0.6834610964790502,0.5162819004261076,0.3165655323299304
1786995136.0862932,42.91957640647888,-4.16302338952821,3.7578297378734584,0.6811671870761691,0.5325419819308367,0.26870928959773877
1786995136.0940392,42.92732238769531,-4.166379367866882,3.75772426744445,0.6790838405610016,0.5488935599801216,0.5101305187475254
1786995136.1163504,42.94963359832764,-4.169873136647032,3.757487305975766,0.6772076456842658,0.5653319538165784,0.17806034689398326
1786995136.1274173,42.96070051193237,-4.17350513727595,3.7571175212333063,0.6755336975873423,0.581852403973399,0.3629061431459242
1786995136.140093,42.97337627410889,-4.177276661812522,3.7566136506099777,0.6740570458928448,0.5984506768343064,0.32199383401120296
1786995136.1533403,42.98662352561951,-4.181187052204678,3.755975090101988,0.6727734094953924,0.6151232048513592,0.31439949341945567
1786995136.1709065,43.00418972969055,-4.185234906906676,3.7552017249631855,0.6716784829055455,0.6318627187505925,0.2427414404978612
1786995136.1876206,43.02090382575989,-4.189420036298731,3.7542932186575744,0.6707694113742145,0.6486683157157332,0.2619360908656825
1786995136.1996784,43.03296160697937,-4.193741777851086,3.753249644014441,0.6700435941840183,0.6655331791493081,0.37360186114026744
1786995136.2103791,43.043662309646606,-4.198198681131085,3.752071375934571,0.6694970169339809,0.6824530410059085,0.4338323291264879
1786995136.2230465,43.05632972717285,-4.20278954336792,3.7507586915809314,0.6691253568967859,0.699423807594467,0.37807933760516693
1786995136.2382364,43.07151961326599,-4.207513654440679,3.7493119337382494,0.6689249074148351,0.7164395389316397,0.3255288445071719
1786995136.2487223,43.08200550079346,-4.212370467207943,3.7477313376266532,0.668892066746979,0.7334995217568576,0.4870966448391513
1786995136.268778,43.10206127166748,-4.217359755449177,3.7460168072612228,0.6690239104135159,0.7506018943099472,0.26313171465892077
1786995136.2774608,43.1107439994812,-4.222481738972345,3.7441678938335903,0.669316984061857,0.7677422451677859,0.6280694043367975
1786995136.3013349,43.134618043899536,-4.227736995731175,3.7421839766460208,0.6697677626943196,0.7849213002036647,0.2360438706565156
1786995136.3066208,43.1399040222168,-4.233124863096352,3.7400652717186977,0.6703724124728508,0.8021355778305006,1.1012085296504104
1786995136.3192446,43.152527809143066,-4.238644287918101,3.7378121836855667,0.6711274593703875,0.8193798697525474,0.47602241931358336
1786995136.3291986,43.16248178482056,-4.2442950222310465,3.7354246338510455,0.6720298501974039,0.8366550439094608,0.6229112738367292
1786995136.3404503,43.1737334728241,-4.250077388817618,3.7329023123890748,0.6730770760920175,0.8539577115550748,0.5683489222755863
1786995136.3505569,43.18384003639221,-4.255991180269418,3.730244810145742,0.6742653626349929,0.8712863741508646,0.6521954227981642
1786995136.3661695,43.1994526386261,-4.262035941487156,3.7274520143958747,0.675591815300691,0.8886395358104738,0.4348778298829825
1786995136.3771837,43.21046686172485,-4.268211196776664,3.724524175460972,0.6770531087585598,0.9060138191320636,0.6345124835603282
1786995136.388261,43.22154426574707,-4.2745166170513516,3.7214615966677753,0.6786466234899761,0.9234061767713834,0.6489491428873443
1786995136.4022782,43.23556137084961,-4.280952093098959,3.7182640830626372,0.6803694204034946,0.9408150046004652,0.5271906700547037
1786995136.4095838,43.24286699295044,-4.2875178090282535,3.7149312888456825,0.6822197678049146,0.9582393297676094,1.0392128613221223
1786995136.4220092,43.2552924156189,-4.294213168881647,3.7114636184498218,0.6841944923792621,0.9756749781365623,0.6272917030329209
1786995136.4463797,43.27966284751892,-4.301037315440421,3.707861662338477,0.6862906663051567,0.9931227685955675,0.32810506351794616
1786995136.453256,43.28653907775879,-4.307989478417811,3.704125979577786,0.6885056108624851,1.0105817623819064,1.1921047929445796
1786995136.4664392,43.29972243309021,-4.315069436720365,3.7002569413584565,0.6908362904514377,1.0280535742555192,0.6370195703957954
1786995136.4835942,43.316877365112305,-4.315069436720365,3.7002569413584565,0.6908362904514377,1.0280535742555192,0.0
1786995136.4865735,43.31985664367676,-4.322276874535446,3.6962550311487394,0.6932799541291859,1.0455373350324106,2.886096217725405
1786995136.4887228,43.32200598716736,-4.329611247008063,3.6921206750885482,0.6958333095521958,1.0630344821293574,4.093362492252
1786995136.5026882,43.33597135543823,-4.337072484382443,3.6878534025957848,0.6984934977338874,1.080540732739093,0.6442773684621562
1786995136.5196946,43.35297775268555,-4.344660649683027,3.68345287175223,0.7012586789953165,1.0980557169728327,0.5408167695074159
1786995136.528518,43.36180114746094,-4.352377114114271,3.6789180631865896,0.7041259896839597,1.1155770109730616,1.0651674094764465
1786995136.537078,43.37036108970642,-4.3602218437619396,3.6742486098219644,0.7070929970059854,1.1331060883985522,1.1214220299676712
1786995136.5497212,43.38300442695618,-4.368193548255616,3.6694456218807234,0.7101582113544186,1.1506379644733458,0.7750000398666247
1786995136.561581,43.394864082336426,-4.376291866918668,3.664509270119058,0.7133204476581261,1.1681727313130132,0.842984301311251
1786995136.5731237,43.40640687942505,-4.3845166887056015,3.6594399816215506,0.7165781824103581,1.185696327856444,0.883320573477735
1786995136.5841064,43.41738963127136,-4.392867035998272,3.6542386690208173,0.719930387867215,1.2031693318908592,0.9463229572059328
1786995136.6000156,43.43329882621765,-4.401342542768342,3.648905751095404,0.7233803561929142,1.2205741647982125,0.6657370981550812
1786995136.6081278,43.44141101837158,-4.409942866421515,3.6434412601030752,0.7269266920560952,1.2379125518907843,1.329974602760889
1786995136.619801,43.453084230422974,-4.418668365158595,3.637845007078887,0.7305641490611992,1.2551839063717334,0.9410951145044621
1786995136.632616,43.46589922904968,-4.427519423870666,3.6321160609167435,0.7342899694564274,1.2723652630648503,0.8725946002656267
1786995136.6573036,43.49058675765991,-4.436495325803522,3.626255079976485,0.738103386240832,1.2894438935752766,0.4608825730305328
1786995136.670551,43.50383424758911,-4.4455956776258185,3.6202622212903313,0.7420025629731035,1.306421271690001,0.873599484748698
1786995136.678858,43.51214122772217,-4.454820191800504,3.6141374490824103,0.7459827926787024,1.323291445623863,1.4164399632919569
1786995136.6908603,43.52414345741272,-4.464170057793001,3.6078804750981837,0.7500403684389375,1.3400583450822159,0.9964537813298845
1786995136.7113967,43.54467988014221,-4.473648511200797,3.6014918213769183,0.754172827062795,1.3567280662290966,0.5918535295193266
1786995136.7172866,43.55056977272034,-4.483256174155966,3.5949723961378406,0.7583783399794534,1.3732899897446749,2.0966332404875088
1786995136.7276828,43.56096601486206,-4.4929894707921285,3.5883234461492823,0.7626559259039105,1.3897442085839238,1.2061733948200268
1786995136.7414098,43.57469296455383,-4.502845442558843,3.581545603577181,0.7670038702649643,1.4060991658516855,0.9271755059132967
1786995136.7517135,43.584996700286865,-4.512824346085899,3.5746397662360154,0.7714200196019134,1.422347777716705,1.2533321491342957
1786995136.7662895,43.59957265853882,-4.522928051151707,3.5676065382536972,0.7759033078457729,1.4384726226870201,0.8988476458544443
1786995136.77614,43.60942316055298,-4.533155243904299,3.5604431474554383,0.7804527137382986,1.4544678483786262,1.3491034863197584
1786995136.7921813,43.62546443939209,-4.5435045981928415,3.5531473782164307,0.7850680883015224,1.4703122512590243,0.8401670422280371
1786995136.810706,43.64398908615112,-4.553973737025779,3.545718975921278,0.7897473976850037,1.4860026207536605,0.7375626566426806
1786995136.8272548,43.66053795814514,-4.564558646568754,3.5381581892845544,0.7944883618683792,1.5015361597034305,0.836609685037727
1786995136.8361068,43.669389963150024,-4.575256305156402,3.530464539584496,0.7992891098094171,1.5169039799446975,1.5843010301574005
1786995136.8452306,43.67851376533508,-4.5860657924594435,3.522639136248062,0.8041479532406755,1.5321177070992,1.5565628421841347
1786995136.876247,43.70953011512756,-4.596990428678894,3.5146871488447973,0.8090630837647822,1.5471955713411971,0.4635769916971531
1786995136.8905885,43.72387170791626,-4.608031739626195,3.506612053394584,0.8140327712906348,1.56213326212866,1.0148024096862325
1786995136.901656,43.734939098358154,-4.619185161102926,3.4984102521779747,0.8190547862567475,1.5769321541595613,1.330679663863323
1786995136.9112556,43.7445387840271,-4.63044893575907,3.490078834686577,0.824126821516452,1.5915986670588687,1.5521365267054956
1786995136.9347398,43.7680230140686,-4.641824014609598,3.481618356074733,0.8292487119862982,1.6061183005602948,0.6418498685652595
1786995136.9493432,43.78262639045715,-4.653305882954565,3.4730257384165255,0.8344201090699529,1.6204813601013546,1.0439359919998554
1786995136.9583929,43.79167604446411,-4.6648869917685545,3.464294703304476,0.8396405529242063,1.6346620053340264,1.7033222054645187
1786995136.97241,43.80569314956665,-4.676566157443899,3.4554256487550568,0.8449086373683568,1.6486694534132138,1.1116807867312324
1786995137.0025294,43.83581256866455,-4.688348311239383,3.446426977234916,0.8502223429953784,1.6625074719418131,0.522884938158227
1786995137.0092456,43.84252882003784,-4.700230438841067,3.437300439345114,0.8555803764230898,1.6761845390929326,2.369157356189475
1786995137.0251832,43.858466386795044,-4.712203562159529,3.4280393396041258,0.8609820851661284,1.6896971571839687,1.0084211788008066
1786995137.0331728,43.866456031799316,-4.724265202015001,3.4186431893878035,0.8664264818786562,1.7030558402788434,2.031376861006344
1786995137.0469356,43.880218744277954,-4.73641892152189,3.4091192391506273,0.8719134976905065,1.716282118964093,1.1906634657540676
1786995137.0764039,43.90968704223633,-4.748670412463403,3.3994767508690527,0.8774413149641851,1.7293896501641828,0.5613445113531566
1786995137.0903878,43.92367100715637,-4.76101869993323,3.3897148638726255,0.8830077815214075,1.742354824593825,1.1939470063848492
1786995137.1031933,43.93647646903992,-4.773455569158085,3.379822536457495,0.8886122536705099,1.755157703836791,1.3158945074195225
1786995137.1208797,43.95416283607483,-4.785885985572249,3.369633155202952,0.8941255332154929,1.7667566319206924,0.9607515145650678
1786995137.1475194,43.98080253601074,-4.798193817670581,3.358993790842577,0.8994326837397963,1.7762543268173476,0.6423760190294113
1786995137.162354,43.99563717842102,-4.810528735036644,3.3483548740101634,0.9047803352405739,1.7856357002295438,1.1557074551333977
1786995137.173403,44.006686210632324,-4.822876209631088,3.337861054070647,0.9101317864746761,1.7946479460309752,1.5444902749094418
1786995137.1832776,44.016560792922974,-4.835200142242108,3.3275833201631206,0.9154487393737999,1.803137507882711,1.7119774173231472
1786995137.212687,44.04597020149231,-4.847453827132164,3.3175449417722156,0.9207148379068015,1.8110020244648515,0.5676048007017095
1786995137.2253263,44.05860948562622,-4.859587444706715,3.3077428954975177,0.9259279833780552,1.818194956555085,1.301207160300844
1786995137.2354405,44.06872367858887,-4.871440925676603,3.2984803718064826,0.9308163860683303,1.8284397414726945,1.5638993698821453
1786995137.2474399,44.08072304725647,-4.881771433111126,3.289356057403085,0.9350015419349511,1.828157368447284,1.200433546846073
1786995137.280762,44.11404514312744,-4.891287808736891,3.28052894762731,0.9389309745852064,1.8224182259783408,0.40698821219631337
1786995137.2929077,44.12619090080261,-4.9005727270794335,3.2722855125281725,0.9427661553597693,1.8178051928321195,1.0699288763088053
1786995137.3054361,44.13871932029724,-4.909455700010568,3.264698754451866,0.9462034280930149,1.8158940788050104,0.9719555261420825
1786995137.3187652,44.15204834938049,-4.917938482405968,3.257769022833241,0.9493677738271847,1.8143984464569598,0.8553809338204391
1786995137.3422852,44.17556834220886,-4.926049309551029,3.2515378304832336,0.9522361825407415,1.813514599750443,0.45164412167253376
1786995137.3709733,44.204256534576416,-4.926049309551029,3.2515378304832336,0.9522361825407415,1.813514599750443,0.0
1786995137.3715339,44.204817056655884,-4.933768072849919,3.246020309350428,0.9547656776924756,1.8129826942947518,17.518317677710883
1786995137.3717597,44.20504283905029,-4.941087901551485,3.2412173870857552,0.9569258013267963,1.812634693381997,39.9385988810458
1786995137.38339,44.216673135757446,-4.9480161681843535,3.2371140402674468,0.9587058300761805,1.812416150692013,0.7090640885276909
1786995137.421014,44.25429725646973,-4.954561680710259,3.2336944342793856,0.9601038110727179,1.8123474981919632,0.19976817849167036
1786995137.4311302,44.264413356781006,-4.960733981803692,3.2309430846906415,0.9611223648468239,1.8124974020517959,0.675564873391918
1786995137.4712152,44.30449843406677,-4.966546926978939,3.228841587528614,0.9617652267996298,1.8129068606534604,0.1550325213576265
1786995137.4814641,44.31474733352661,-4.9720133639719934,3.2273730832500784,0.9620380850367058,1.813622066588232,0.5529202069663564
1786995137.4887705,44.32205367088318,-4.977144922771639,3.226522230595009,0.9619477808977805,1.8146074204073894,0.7120398515769398
1786995137.5011911,44.334474325180054,-4.981955585016417,3.2262696918534854,0.9615129151824756,1.8158416917599833,0.38942187879390505
1786995137.5141737,44.34745693206787,-4.9864656196329005,3.226481017936795,0.9607588400985075,1.8163378109529955,0.3525887538072147
1786995137.5253205,44.358603715896606,-4.990698812826947,3.2270063213272318,0.9597084845313464,1.81584626566089,0.3941115104792453
1786995137.5411878,44.374470949172974,-4.9946817290308605,3.22780016658971,0.9583756382406589,1.8146314876333542,0.26938383163822316
1786995137.5729008,44.40618395805359,-4.998444738017139,3.2288481082504785,0.956771513896763,1.8128081500832167,0.1331551943012777
1786995137.586898,44.42018127441406,-5.002024174922188,3.2301343863503704,0.9549136166310834,1.810492722448008,0.30241826132419475
1786995137.5957887,44.42907190322876,-5.005458448235135,3.2316389677122093,0.9528229495654384,1.807821221577158,0.48285538065063
1786995137.607614,44.44089722633362,-5.008783888464434,3.2333387043037347,0.9505209719242906,1.8049458778253777,0.37099305521123255
1786995137.637711,44.47099423408508,-5.012040126191103,3.2352089935067627,0.9480365631546931,1.8020167462831362,0.1496027127265443
1786995137.6471546,44.48043775558472,-5.015269866994966,3.237240762259013,0.9454099828377319,1.7993985238995713,0.4905271115267177
1786995137.6603096,44.493592739105225,-5.018478763156776,3.239377300005913,0.9426568224443801,1.7974540727820512,0.3601119808378181
1786995137.6723278,44.505610942840576,-5.021658765115848,3.241523068371234,0.9397775274451682,1.79623438361588,0.3991086430905615
1786995137.7050881,44.538371324539185,-5.024868867471608,3.2436796991604573,0.9368125021442926,1.795591502878935,0.14875005908037656
1786995137.7164757,44.54975891113281,-5.02811776088987,3.2458110304321215,0.9337820853317124,1.7954772219007844,0.43271738301479595
1786995137.7279332,44.56121635437012,-5.031405375737179,3.2478956886869654,0.9307064193038288,1.795849923493905,0.43301485167946
1786995137.7419124,44.57519555091858,-5.0347248134185465,3.2499174190983515,0.9276032169414115,1.7966712949956003,0.35578027710211513
1786995137.7727242,44.60600733757019,-5.038065761199176,3.2518700161990735,0.9244875210042519,1.7978984959323219,0.16124060687649058
1786995137.7885463,44.62182950973511,-5.041414674313133,3.2537535853525275,0.9213780490265889,1.7995060478758795,0.31240086581111376
1786995137.8009195,44.63420271873474,-5.0447558414354114,3.2555626326628753,0.9182891570386035,1.8014708930590206,0.39574717428381195
1786995137.8085756,44.64185881614685,-5.048074378463126,3.257289461717581,0.9152328598583463,1.8037743164832973,0.6309600182398397
1786995137.8442326,44.677515745162964,-5.051353939320315,3.2589282401285953,0.9122193322756769,1.8064020830316998,0.1330956926243199
1786995137.8607264,44.69400954246521,-5.054576879939919,3.2604697787512187,0.9092574597629545,1.8093414950759272,0.28136214281105454
1786995137.8703876,44.70367074012756,-5.0577277566930565,3.2619056291264603,0.9063557824193096,1.8125888737250235,0.46761064092653226
1786995137.883922,44.717205286026,-5.060792995834396,3.2632334201435054,0.9035211241419359,1.816142120397514,0.3236973479104311
1786995137.895263,44.728546142578125,-5.063759272072251,3.264450853054342,0.9007588851262691,1.819994866934424,0.3731752835913494
1786995137.9286816,44.76196479797363,-5.066615605352533,3.2655546907267845,0.89807791305793,1.8241359823119352,0.12178755979097675
1786995137.9384668,44.77174997329712,-5.0693539009712225,3.266545369533971,0.8954896920938209,1.8285601950216654,0.39815041921723676
1786995137.9485314,44.78181457519531,-5.071967785671517,3.267425067839187,0.8930063903948237,1.8332587535097786,0.3687384752585897
1786995137.9604762,44.7937593460083,-5.074453796717731,3.2681965993090327,0.8906400336428639,1.8382198668141942,0.29450828726171385
1786995137.996804,44.830087184906006,-5.076810720866223,3.2688616326298674,0.8884034631137088,1.8434345380630863,0.09129543260292795
1786995138.0054548,44.83873796463013,-5.079040153984338,3.269422814957955,0.8863108726668989,1.848886892938159,0.35935891979840456
1786995138.0208569,44.85414004325867,-5.081147188289636,3.2698848793587514,0.8843767442674197,1.8545655148350253,0.18810651874062728
1786995138.0282311,44.86151432991028,-5.083139673493406,3.2702529076594447,0.8826132296157662,1.8604518887010328,0.36425957322806823
1786995138.0576737,44.89095687866211,-5.08503138860008,3.2705312193116978,0.881027464939583,1.8665211324905606,0.08437068367098335
1786995138.0829074,44.91619062423706,-5.086842301596108,3.2707296278800784,0.8796239935362944,1.8727474993555968,0.0911348936858026
1786995138.0874188,44.92070198059082,-5.088594500103503,3.2708594993376363,0.8784043025127719,1.8791144493720484,0.47410525001009807
1786995138.0912428,44.92452597618103,-5.0903092163589525,3.270920570632214,0.877367601510293,1.8856174303059667,0.5242362630454945
1786995138.130493,44.96377611160278,-5.092007990420073,3.2709083539193053,0.8765105163557353,1.892246391248986,0.048478342856339625
1786995138.1403022,44.97358536720276,-5.093710131809287,3.2708216187415786,0.8758303287964193,1.8989946111972933,0.18707484411785044
1786995138.1521215,44.98540472984314,-5.095431790228899,3.2706543490374296,0.8753232668595723,1.9058563769828836,0.15250850925383877
1786995138.1752698,45.00855302810669,-5.097188425286326,3.270395874861801,0.874983031583335,1.9128256739025014,0.07809878134028263
1786995138.1945121,45.02779531478882,-5.098993879803297,3.270039676131017,0.8748033217661905,1.9198888659901208,0.09609098708022447
1786995138.212598,45.045881271362305,-5.100858059825137,3.2695804927616834,0.8747822074256009,1.9270281443926869,0.1061606128175821
1786995138.2226632,45.055946350097656,-5.102790406964549,3.269012144120686,0.8749183131907734,1.9342224975511066,0.20057362681963908
1786995138.235455,45.06873822212219,-5.104801657432324,3.268331809180186,0.8752082347004447,1.9414650804652571,0.1675207686676567
1786995138.2686465,45.101929664611816,-5.106899887293582,3.267538657814337,0.8756496914052334,1.9487467709363466,0.06887808772031727
1786995138.2822201,45.11550331115723,-5.109090573274356,3.266631202002947,0.8762389291992922,1.956062752331105,0.1800042299180976
1786995138.2940109,45.127294063568115,-5.111380095956738,3.2656074278055325,0.8769711307358625,1.96341295901667,0.22158802789236243
1786995138.305109,45.138392210006714,-5.113775072839301,3.2644664399622014,0.877841902448203,1.9707874089552426,0.2515855931171256
1786995138.3218186,45.15510177612305,-5.116279407242948,3.263206431086452,0.8788499774361654,1.9781797454965744,0.17829203204875008
1786995138.3492723,45.18255543708801,-5.118895424924312,3.2618235294714224,0.8799926131983967,1.9855779102091844,0.11554013391820292
1786995138.3589876,45.19227075576782,-5.121626496384994,3.260315003513762,0.8812665565368341,1.9929743861692955,0.3468815002994457
1786995138.3743777,45.20766091346741,-5.124475682713492,3.258679957235241,0.8826688526109205,2.0003632273380587,0.23208264696489703
1786995138.3832633,45.21654653549194,-5.127444039215056,3.256916829675507,0.8841957609118161,2.007742393314552,0.4248523307444262
1786995138.4244301,45.257713317871094,-5.130532485262776,3.2550235978454696,0.8858428357424463,2.0151081601046834,0.09666548897021912
1786995138.4313674,45.26465058326721,-5.1337430485672595,3.2529997933517594,0.8876065570826944,2.022462937614314,0.6032634598613728
1786995138.447014,45.28029727935791,-5.137077378776973,3.250845767875132,0.8894827888889342,2.0298037500399646,0.28061211694785926
1786995138.4573283,45.29061150550842,-5.140536267998055,3.2485611262852983,0.891470245606243,2.037117636037428,0.4457064521840484
1786995138.4872723,45.320555448532104,-5.1441208003114856,3.246146065883105,0.8935676489753172,2.0443997925632766,0.16044032029333696
1786995138.4995382,45.33282136917114,-5.147832555788452,3.243601168122187,0.8957733805856041,2.051653733958751,0.40860156969719535
1786995138.5164304,45.34971356391907,-5.151449179787712,3.240706896626895,0.8979158272288695,2.0563612395319777,0.3021284066331585
1786995138.5226178,45.35590100288391,-5.155185245116183,3.237712808040528,0.900155204631884,2.0609305434925003,0.8542467246616456
1786995138.5545135,45.38779664039612,-5.1590394563371165,3.234678420080322,0.9024769764861277,2.0650834053604483,0.17015082685938454
1786995138.5739856,45.4072687625885,-5.163002963462569,3.2316399004180716,0.9048658384746758,2.06867543895883,0.2843101754151403
1786995138.5803766,45.4136598110199,-5.167058320216238,3.228619397553462,0.9073125481671223,2.0716401028580034,0.8789559396927779
1786995138.5933459,45.426629066467285,-5.1711829573714345,3.225632414881038,0.9098143346766014,2.073927573667805,0.43749183218394616
1786995138.62597,45.45925307273865,-5.175283959432416,3.222787066955768,0.9122530141466693,2.0762162151322365,0.1702826425050266
1786995138.6387317,45.47201490402222,-5.179437175394423,3.220131733228465,0.9147291723310009,2.0789999624520727,0.4322626162585992
1786995138.6480222,45.48130536079407,-5.183594956965351,3.2176781424072347,0.9172290538117682,2.082152812503114,0.5851815601729583
1786995138.6622076,45.49549078941345,-5.187707110571071,3.215413590081311,0.9197464473010813,2.0855305890934326,0.37551524499585276
1786995138.6918402,45.52512335777283,-5.191721768625892,3.213301955312305,0.922284133448166,2.0890159721400106,0.1754057778032145
1786995138.7044158,45.53769898414612,-5.195593172757298,3.2113147854481947,0.924840559697443,2.0925446752488974,0.4013296935863058
1786995138.7163286,45.54961180686951,-5.199286970133981,3.209451605478987,0.9274056452538366,2.0960963790827813,0.4086165008630851
1786995138.73035,45.56363320350647,-5.202774855544231,3.2077250472263557,0.9299695517748491,2.099660258419387,0.3323826014477307
1786995138.7422163,45.575499534606934,-5.20603808677969,3.2061539679630635,0.932525857698674,2.1032299080872168,0.37357968236975936
1786995138.770353,45.603636264801025,-5.2087936715741545,3.2046283577657273,0.9349580697789315,2.104493005429563,0.1414342081050668
1786995138.7847857,45.61806893348694,-5.2111888745527715,3.2032275085925983,0.9373807309983311,2.1041950107197813,0.2552242213535696
1786995138.7974353,45.63071846961975,-5.213322516051926,3.20200453762958,0.9397829637983743,2.1032637907372043,0.27177669331258814
1786995138.808373,45.641656160354614,-5.21511575550586,3.201032566961258,0.9419640378082254,2.1016906859344706,0.27302120014162873
1786995138.842481,45.675764083862305,-5.216727757848643,3.2004850050078937,0.9439096230763886,2.0996422705857256,0.07579707885324909
1786995138.8527548,45.68603801727295,-5.2181065099152555,3.200242269997335,0.9456074015303378,2.097079081605723,0.2141856694747054
1786995138.8647156,45.69799876213074,-5.21905045404309,3.1999327431279583,0.9470462371509711,2.0945938920593754,0.14618255730578253
1786995138.8782434,45.71152663230896,-5.2197400235658105,3.1999089880049367,0.9481625647805243,2.0916618643394482,0.09701070359926688
1786995138.9115303,45.744813442230225,-5.220290037249811,3.199989575377911,0.9489756828788435,2.0888590413047163,0.02959046829334859
1786995138.91994,45.753223180770874,-5.220781571648797,3.2001660976357202,0.9494842699728245,2.086309374846052,0.08668407438403337
1786995138.9348812,45.76816439628601,-5.221222080600798,3.2004363225971644,0.9497010368575536,2.0839718329218697,0.037507549257184226
1786995138.9452157,45.77849888801575,-5.221619398583522,3.200794574813623,0.9496504663062421,2.0818083197336166,0.05199745763091868
1786995138.9875154,45.82079863548279,-5.221979615955486,3.2012330369764967,0.9493613569589471,2.07979316495487,0.015055866597771727
1786995139.0012589,45.83454203605652,-5.222308238488645,3.2017442081201533,0.9488627372805585,2.0779053314950158,0.05719637557474058
1786995139.0122898,45.84557294845581,-5.222609895372818,3.202319839947106,0.9481847574929553,2.076129532244522,0.08513814885786586
1786995139.0224276,45.85571074485779,-5.22288751646044,3.202951768134335,0.9473546559172911,2.074459384082739,0.10648979161160253
1786995139.0534456,45.88672876358032,-5.223144357233235,3.2036324611935827,0.9463988194686729,2.0728863745473163,0.03872657687101021
1786995139.0664935,45.89977669715881,-5.223383047645193,3.20435342748128,0.9453439179135705,2.0714048877403957,0.09962033586013246
1786995139.0791767,45.91245985031128,-5.223604139747563,3.2051065757972403,0.9442111712331012,2.0700190024418004,0.10865793482301173
1786995139.095203,45.92848610877991,-5.2238085561012655,3.205885098108235,0.9430189700962252,2.0687295630455487,0.08975773443671639
1786995139.1235583,45.956841468811035,-5.22399657926194,3.2066819832648568,0.9417866076163354,2.0675401931685697,0.05217917787682007
1786995139.1541135,45.98739671707153,-5.22399657926194,3.2066819832648568,0.9417866076163354,2.0675401931685697,0.0
1786995139.1546524,45.9879355430603,-5.224163819911228,3.207493627265909,0.940532745668723,2.0664790690117587,2.7893336642099213
1786995139.1548905,45.988173723220825,-5.224308294767867,3.2083172616905884,0.9392735207956913,2.065559801814506,6.346399957974429
1786995139.1621664,45.99544954299927,-5.224429372536418,3.209150591256407,0.938026115354267,2.06478759147986,0.20685380493546282
1786995139.1822248,46.01550793647766,-5.224525123197605,3.209989653727758,0.9367999791215278,2.0641732425722235,0.07422460888000516
1786995139.216939,46.05022215843201,-5.224595314822358,3.210828670516598,0.9356023621144843,2.0637174682321264,0.042171603839491145
1786995139.2306755,46.06395864486694,-5.22464307021305,3.2116639820883526,0.9344442723798888,2.063417981923433,0.10400803409452904
1786995139.246224,46.07950711250305,-5.224674952255652,3.212490851755745,0.933338032381228,2.063320439834916,0.08885014262618397
1786995139.2652707,46.09855389595032,-5.22468392340704,3.213181402242428,0.9322474993290887,2.0632761060520446,0.06777074894063431
1786995139.3156772,46.14896035194397,-5.224679964913795,3.213809316117343,0.9312120668215753,2.063500506105951,0.02402380733904444
1786995139.335451,46.168734073638916,-5.224666077362064,3.214430251692022,0.9302576955303463,2.063933219588728,0.05758521279557567
1786995139.3467302,46.18001341819763,-5.224619083166004,3.2149801878319297,0.9293645565834605,2.0641443959050534,0.09308356583268095
1786995139.3593595,46.19264268875122,-5.224547641452098,3.215485781174344,0.9285454285702747,2.064304371028913,0.07642925133075373
1786995139.4005785,46.233861684799194,-5.224453866569427,3.2159414280433927,0.9277973943801479,2.0644034366126087,0.02137091329685094
1786995139.4435732,46.276856422424316,-5.224453866569427,3.2159414280433927,0.9277973943801479,2.0644034366126087,0.0
1786995139.44422,46.27750325202942,-5.224346876026208,3.216342482427819,0.9271171040449373,2.064531365164624,1.2320449802715163
1786995139.4444659,46.27774906158447,-5.224230143209747,3.2166847679196113,0.9265017845877319,2.0646928457676372,2.903570600176527
1786995139.4446626,46.27794575691223,-5.224104563777891,3.2169642343385054,0.9259511810772773,2.0648822896574406,3.203471348686979
1786995139.5274198,46.360702991485596,-5.223970632889426,3.2171774937218913,0.9254646697368566,2.0650948876039776,0.006619642014435874
1786995139.5351884,46.36847162246704,-5.223829630953558,3.217321027496476,0.9250412242003367,2.0653266540223982,0.06034747305029988
1786995139.5583522,46.39163541793823,-5.223679471635679,3.217404983910706,0.9246823933475863,2.0655847704556516,0.017179386527825642
1786995139.5711265,46.404409646987915,-5.223512321649438,3.2174583066408373,0.924392760263619,2.065888122707945,0.02650878011879385
1786995139.6331348,46.46641802787781,-5.223327801091981,3.2174822777524397,0.9241707281699542,2.066233381305792,0.004671799111294387
1786995139.6544738,46.487756967544556,-5.223125618629649,3.2174769057844457,0.9240156994896541,2.066615347165689,0.011942217354063842
1786995139.6584368,46.49171996116638,-5.2229057495997795,3.217442244871928,0.9239273216311508,2.0670300570416513,0.06043103799038601
1786995139.6766548,46.50993800163269,-5.2226689432657265,3.2173787851799025,0.9239048213041543,2.067473419194154,0.013513652968877665
1786995139.7204442,46.55372738838196,-5.222415995501555,3.2172867229281774,0.9239484068805408,2.0679407355538943,0.00622721993350126
1786995139.7287946,46.56207776069641,-5.222148068971264,3.217166232761716,0.9240587766729275,2.068428345574382,0.03758174948951811
1786995139.7423236,46.57560682296753,-5.221866808668911,3.2170179579262395,0.9242358612638933,2.0689333330837614,0.026900548362423653
1786995139.7543244,46.587607622146606,-5.221574168803743,3.2168430959946166,0.9244784323577645,2.069452958190768,0.03486404217957664
1786995139.7653332,46.59861636161804,-5.221271507050566,3.216642945507889,0.924784601530528,2.069982125493067,0.04312639287603806
1786995139.8163366,46.649619817733765,-5.221271507050566,3.216642945507889,0.924784601530528,2.069982125493067,0.0
1786995139.816908,46.65019106864929,-5.220959262712712,3.2164186231560463,0.9251523327209952,2.070512703885365,0.9313212434031097
1786995139.81713,46.650413274765015,-5.220637940668701,3.21617120699965,0.9255798322027762,2.0710358971198275,2.65182810342845
1786995139.8231332,46.65641641616821,-5.220356209639352,3.2158521406247376,0.9260253549999697,2.071572745952951,0.10264137103079046
1786995139.8342443,46.66752743721008,-5.220203880955489,3.215454507556099,0.9264227430561763,2.072356085641713,0.05241979305161412
1786995139.8722696,46.70555281639099,-5.220109129545721,3.215104632641045,0.9268330928806872,2.0734326261322624,0.014398783197201689
1786995139.8810546,46.71433782577515,-5.2200702118341775,3.214799673182435,0.9272578914038084,2.0747762356661514,0.059689694615096975
1786995139.8944652,46.72774839401245,-5.220076436265942,3.214525797312631,0.9277030589452789,2.0763317577224867,0.03897712115852958
1786995139.9078884,46.74117159843445,-5.220111496669752,3.214264776231901,0.9281734956747483,2.078036891534913,0.04016477700980617
1786995139.9446847,46.77796792984009,-5.2201373500374455,3.213991984700221,0.9286717402489085,2.0797141493391496,0.015453232321573886
1786995139.957133,46.79041624069214,-5.2200811564124665,3.213704522476343,0.9292305828318524,2.081078588894037,0.05068555236720674
1786995139.9652045,46.79848766326904,-5.220054707400397,3.2133430666261704,0.929805288175952,2.082499088226915,0.08417823261908841
1786995139.9801185,46.81340169906616,-5.220020312897202,3.2129575665525323,0.9303900827059719,2.08396958278186,0.047020726672044176
1786995140.0175693,46.850852489471436,-5.2199402100914,3.2125501970458865,0.9309726996895291,2.085340807974899,0.019102620109344225
1786995140.031435,46.864718198776245,-5.219713419794122,3.2121734809697005,0.9315962203543828,2.086223104979398,0.05502584601869469
1786995140.0405135,46.873796701431274,-5.219551407410311,3.211687240273739,0.9321618912292002,2.0869665588819557,0.08408024350389885
1786995140.0538516,46.88713479042053,-5.219427936021077,3.211237454683631,0.9327311394803754,2.0879589488201664,0.055175216544844585
1786995140.088417,46.92170023918152,-5.2192806926375654,3.2108454708494327,0.9333039285637615,2.088872257151879,0.020526869437408658
1786995140.1030157,46.936298847198486,-5.219123573878348,3.2104604016276337,0.9338585437639593,2.089482474637169,0.04748577719169778
1786995140.119224,46.95250725746155,-5.21904715745603,3.2100885870272897,0.934375627176751,2.090312233532829,0.039575264305045404
1786995140.1244261,46.957709312438965,-5.218930258418995,3.209772319571918,0.9348799431982019,2.0908336710374926,0.11661752075331067
1786995140.1555352,46.988818407058716,-5.2188630577864945,3.209447703446934,0.9353349187625305,2.0912259148523953,0.01809546943432218
1786995140.169001,47.00228428840637,-5.218814399440929,3.2091602457384925,0.935756800888502,2.091516469186191,0.038082895407735365
1786995140.1843853,47.01766848564148,-5.218786463243311,3.2089145544559825,0.9361400978743899,2.0916930284825717,0.029649728973211373
1786995140.1981847,47.0314679145813,-5.218779778658334,3.2087138118581966,0.936479160727218,2.091751866844536,0.0285583329345986
1786995140.2130494,47.046332597732544,-5.218779645959813,3.2085479984907206,0.9367675013451882,2.091772633815069,0.022376360012582624
1786995140.2321079,47.065391063690186,-5.218779517180004,3.2084133421243166,0.9370006802849391,2.091790368822784,0.014128477147012045
1786995140.2432823,47.0765655040741,-5.218779392191446,3.2083103142109497,0.9371773159438707,2.0918044639972235,0.018299527048933735
1786995140.254194,47.08747720718384,-5.2187792708978264,3.208238161810847,0.9372983691526879,2.0918146013384447,0.012915034844421368
1786995140.2661893,47.099472522735596,-5.218779153193786,3.208195128491783,0.9373667608879312,2.0918207419486374,0.006736308409574292
1786995140.3042307,47.137513875961304,-5.218779038963645,3.2081793691195974,0.9373856979663092,2.0918229887649207,0.0006476384009149925
1786995140.3220932,47.15537643432617,-5.21877892811231,3.2081889055195973,0.9373587340783244,2.0918215721370483,0.0016011599114748496
1786995140.3317711,47.16505432128906,-5.218778820537008,3.2082208626683335,0.937291142326709,2.091816937233762,0.0077254198010281525
1786995140.340519,47.17380213737488,-5.218778716131104,3.208272950349294,0.9371871842055934,2.091809503056124,0.013292160655208734
1786995140.375361,47.20864415168762,-5.218778614814279,3.20834407421605,0.9370489800659236,2.091799559973895,0.004461040974940395
1786995140.3845298,47.21781301498413,-5.218778516487383,3.2084328768218087,0.9368791615621697,2.0917874685557263,0.02090070286531614
1786995140.3964224,47.229705572128296,-5.218778421048871,3.2085370502009654,0.9366821019127086,2.0917737327697794,0.018742852380231087
1786995140.415322,47.248605251312256,-5.218778328416865,3.208654110815798,0.9364624819630005,2.091758868458244,0.013167931540495295
1786995140.4457893,47.279072523117065,-5.21877823851608,3.2087821174119058,0.9362239783901514,2.0917432987898934,0.008884407997996694
1786995140.4701123,47.30339550971985,-5.218778151254952,3.208919577125102,0.9359694357239217,2.0917273684736455,0.011893576945921457
1786995140.4901373,47.32342052459717,-5.218778066560782,3.2090646096503694,0.9357023679793082,2.091711438795162,0.015176381077409
1786995140.497173,47.330456256866455,-5.218777984368364,3.2092162619528475,0.9354245966569159,2.091695738076474,0.044980858428216045
1786995140.5122824,47.34556555747986,-5.2187779045883165,3.209373628761249,0.935137838828164,2.0916804699708558,0.021648913401770793
1786995140.5350444,47.368327617645264,-5.2187779045883165,3.209373628761249,0.935137838828164,2.0916804699708558,0.0
1786995140.5356448,47.36892795562744,-5.218777827162834,3.209535453001964,0.9348444141826486,2.091665847599906,0.5581684310146962
1786995140.5358918,47.36917495727539,-5.218777752028076,3.209700011199098,0.9345474340102783,2.0916520893080905,1.3745824115548222
1786995140.544221,47.377504110336304,-5.218777679104548,3.209865932665919,0.9342493447241487,2.091639341290829,0.04095922157350974
1786995140.5860438,47.41932702064514,-5.218777608311279,3.2100318366580733,0.9339525743500283,2.0916277133142738,0.008129402846519048
1786995140.601558,47.43484115600586,-5.218777539604696,3.210196863319549,0.9336586063673956,2.0916172468572296,0.021729964325371144
1786995140.609163,47.44244623184204,-5.2187774729237635,3.2103607254897177,0.9333679072219327,2.0916079303655724,0.04387880975653019
1786995140.6263647,47.45964789390564,-5.2187774082090925,3.2105222765047774,0.9330824254631614,2.0915997860851725,0.019069215942724385
1786995140.6337392,47.46702241897583,-5.218777345403745,3.2106796907005277,0.9328052543202896,2.091592836204869,0.043223444241909645
1786995140.6764123,47.509695529937744,-5.218777284454842,3.2108321312025687,0.9325377450610891,2.091587025882922,0.007215198649263317
1786995140.6841202,47.51740336418152,-5.218777225288877,3.2109784736219633,0.9322817265509227,2.0915822930701604,0.038258801062981664
1786995140.687568,47.520851135253906,-5.218776830234613,3.21111790838926,0.9320379445623429,2.0915803951598466,0.0814559180666621
1786995140.7164478,47.54973101615906,-5.21877558277709,3.2112496664552443,0.9318067930353178,2.0915840611524925,0.009212957395036112
1786995140.7583807,47.59166383743286,-5.218772466427562,3.211372841631318,0.9315881230657622,2.0915987616322056,0.005985640735582594
1786995140.7674165,47.60069966316223,-5.218766647741798,3.2114861755268134,0.9313826693444706,2.0916289741642866,0.025975696537890988
1786995140.7794878,47.61277103424072,-5.218757758195249,3.2115887177896583,0.9311913596090414,2.0916766221592527,0.017996324846129178
1786995140.802009,47.635292291641235,-5.218741018899327,3.2116676570250027,0.931014361861267,2.0917311470164983,0.0086373762286867
1786995140.8355992,47.66888236999512,-5.218713088523461,3.2117238338803267,0.9308677337366696,2.0918684117654625,0.004748006153712802
1786995140.8461702,47.67945337295532,-5.218651381206764,3.211741910255636,0.930762041323574,2.0919954174944366,0.011703254156997783
1786995140.857228,47.69051122665405,-5.218588924159885,3.2117341036308256,0.9306926743754519,2.0921758549987137,0.00847067589978836
1786995140.8688128,47.7020959854126,-5.218535103892844,3.2117080169344367,0.9306522029215293,2.0923840345678864,0.0062336627666974165
1786995140.9084055,47.74168872833252,-5.218487172114018,3.211669913531927,0.9306410309160715,2.0926241608921186,0.0015720703482246271
1786995140.9182146,47.751497745513916,-5.218444623923291,3.2116199638298912,0.930658091505209,2.092896645993417,0.006911665356464258
1786995140.9312503,47.76453351974487,-5.218407060222543,3.2115586079805953,0.930702053771807,2.0932006746126564,0.0064676215639064205
1786995140.9422388,47.775521993637085,-5.218373878556775,3.211486075841033,0.9307716519084456,2.0935366325247986,0.009633513889342624
1786995140.974373,47.80765628814697,-5.218330559183602,3.2113981127140594,0.930851870786319,2.093812617345829,0.003942368567957237
1786995140.9864812,47.819764375686646,-5.21828297243615,3.2113170115354848,0.9309451100862769,2.0941307193934455,0.010936619759750842
1786995140.9976676,47.83095073699951,-5.21823496497526,3.2112172029431276,0.9310380062471928,2.0943936251195407,0.012922438804829801
1786995141.0116537,47.84493684768677,-5.218185330513016,3.211113012480588,0.9311360741610498,2.094665516924022,0.010828469252050428
1786995141.051986,47.88526916503906,-5.218135196753508,3.2110063117863508,0.9312379014656924,2.0949402284828,0.003862397301380202
1786995141.0690186,47.90230178833008,-5.218085205311079,3.210898644477011,0.9313418711929844,2.0952142510264085,0.009264622062213377
1786995141.0762844,47.9095675945282,-5.218036025298994,3.210791561348563,0.9314463832519696,2.095483920312684,0.021677748414939954
1786995141.088456,47.92173910140991,-5.217987692796709,3.2106859937195034,0.9315499040563247,2.0957490301271724,0.012780193181176059
1786995141.1006162,47.93389940261841,-5.217940537860051,3.2105829014639187,0.9316512949161162,2.0960077625560176,0.012507183309645975
1786995141.1378107,47.97109389305115,-5.217894941174272,3.2104827573324237,0.931750319081319,2.096258029066482,0.003979964009541395
1786995141.1493092,47.98259234428406,-5.217851142276079,3.2103857628870434,0.9318469830275083,2.0964985166090067,0.012503535399024622
1786995141.1613479,47.99463105201721,-5.217809693108749,3.210292623424638,0.9319409121685296,2.096726200598394,0.011514576456031005
1786995141.1739829,48.0072660446167,-5.21777067169922,3.2102039587664484,0.9320311423054416,2.096940637378846,0.010477582263433018
1786995141.2156472,48.048930406570435,-5.217734427102871,3.210120653767107,0.9321166686185085,2.0971398979286295,0.002994702486984685
1786995141.225336,48.058619260787964,-5.217701236905674,3.2100428651545796,0.9321976228549183,2.097322460544997,0.012083335579854896
1786995141.23241,48.06569314002991,-5.217671558709394,3.2099709610148754,0.9322740528289847,2.097485820610116,0.015416283828394214
1786995141.2571929,48.09047603607178,-5.217645808054123,3.209905391259358,0.9323458006780486,2.09762770071876,0.004057221706973217
1786995141.2761009,48.109384059906006,-5.217624286449489,3.2098462773401133,0.9324130986380378,2.097746454356326,0.004872165288054043
1786995141.2893736,48.12265682220459,-5.217607286624178,3.209794232593332,0.9324753183057872,2.0978404657720047,0.006244295441682089
1786995141.3042037,48.137486934661865,-5.2175949840123295,3.2097499985207834,0.9325314275625971,2.097908748521724,0.004888704822745333
1786995141.3103876,48.14367079734802,-5.217587868965814,3.2097142140078603,0.9325810599634824,2.0979486089557997,0.009961372597004277
1786995141.3478703,48.181153535842896,-5.217586183460894,3.2096871417448716,0.9326241166065311,2.097958713933753,0.0013576472590286308
1786995141.358178,48.19146108627319,-5.2175861647528015,3.2096664159219306,0.9326588339002415,2.0979595506289566,0.003922686159498698
1786995141.3726082,48.205891370773315,-5.217586146596846,3.209651277130174,0.9326839255976581,2.0979601727440347,0.00203079092436849
1786995141.3852687,48.21855187416077,-5.217586128978143,3.209641375537653,0.932699987086919,2.0979605849539245,0.0014903289118654286
1786995141.4135375,48.24682068824768,-5.2175861118731826,3.2096364181633783,0.9327075190452255,2.0979607934623075,0.00031897332906850027
1786995141.4304018,48.26368498802185,-5.217586095275506,3.2096360143515654,0.9327071944948934,2.09796081174374,3.0735706381546256e-05
1786995141.441572,48.27485513687134,-5.217586079161546,3.209639619560597,0.9326999555637299,2.097960662324026,0.0007239851121278879
1786995141.4511585,48.28444170951843,-5.217586063512216,3.209647042368552,0.9326861345326773,2.0979603548487806,0.001636475091065141
1786995141.4822767,48.31555986404419,-5.217586048324861,3.209658094650308,0.93266605949694,2.097959900344332,0.0007364310287494275
1786995141.4955747,48.32885789871216,-5.217586033587738,3.209672540114107,0.9326401431683344,2.097959313066921,0.002231180626464498
1786995141.5079348,48.34121799468994,-5.217586019277708,3.20969004006005,0.9326089763452027,2.0979586122363,0.002891870678315533
1786995141.5223098,48.35559296607971,-5.217586005375364,3.2097101213977446,0.9325733825282495,2.09795782254289,0.002842985641514803
1786995141.537424,48.370707273483276,-5.217585991877577,3.209732605306646,0.9325336759361584,2.0979569568611955,0.003019024877129729
1786995141.5636892,48.39697241783142,-5.217585978776356,3.2097574183990027,0.932489988688552,2.0979560241991506,0.0019128799233669293
1786995141.5765355,48.40981864929199,-5.217585966057187,3.2097841008322265,0.9324431206433226,2.0979550478865847,0.004198205795792052
1786995141.5876522,48.42093539237976,-5.217585953705892,3.209812840063763,0.9323927531077298,2.0979540271214696,0.005216449784787504
1786995141.6023057,48.43558883666992,-5.21758594170922,3.2098435258240237,0.9323390821601768,2.0979529724694372,0.0042190651079749
1786995141.6469302,48.48021340370178,-5.217585930061052,3.209875701566452,0.932282900659096,2.0979519056878764,0.0014508347592921862
1786995141.6505249,48.4838080406189,-5.217585918747982,3.209908336668929,0.932225988311641,2.0979508645242384,0.01825090469992329
1786995141.6687517,48.50203490257263,-5.217585907752613,3.209941014197779,0.9321690636622999,2.0979498632086555,0.0036011223285560704
1786995141.675648,48.508931159973145,-5.217585897079862,3.209973860799192,0.9321119083536421,2.09794889815959,0.00955900838447941
1786995141.7137268,48.54700994491577,-5.217585886711076,3.210006641692624,0.9320549258290345,2.097947976426607,0.0017263901912575894
1786995141.7191563,48.55243945121765,-5.217585876649812,3.2100391105856656,0.9319985381892062,2.097947104163745,0.011984076521814976
1786995141.7362392,48.56952238082886,-5.2175858668771,3.210071157563544,0.9319429322899713,2.097946282886996,0.0037569451806108967
1786995141.7461584,48.5794415473938,-5.2175858573831695,3.2101024356873356,0.931888701031393,2.09794551928412,0.00631148958595066
1786995141.7787917,48.612074851989746,-5.217585848179906,3.2101327257810044,0.9318362168011968,2.0979448154659246,0.001856928857722714
1786995141.7895534,48.62283658981323,-5.217585839242911,3.210161344089386,0.9317866468686075,2.097944182758287,0.0053186554735847776
1786995141.8001666,48.63344979286194,-5.217585830554434,3.210188239806605,0.9317400722957194,2.0979436166790517,0.005067520389127238
1786995141.815114,48.64839720726013,-5.217585822116881,3.2102135955291766,0.9316961749789477,2.0979431083114295,0.003391493211759327
1786995141.8425066,48.67578983306885,-5.2175858139208655,3.210237397653853,0.9316549733176407,2.097942653411249,0.0017370642145012418
1786995141.876464,48.709747076034546,-5.217585805954128,3.210259652051449,0.9316164526766794,2.097942247659732,0.0013100903088591066
1786995141.87748,48.71076321601868,-5.2175857982258895,3.210280191016705,0.9315808952636093,2.09794188996101,0.04041087635574451
1786995141.8802063,48.7134895324707,-5.217585790717987,3.210298986090271,0.9315483453008212,2.097941576752887,0.013786599213911
1786995141.9161704,48.7494535446167,-5.2175857834249415,3.210315512254926,0.9315196949468375,2.0979413125736115,0.0009196699180353485
1786995141.9353268,48.76861000061035,-5.21758577633474,3.2103296159576993,0.9314952016279896,2.0979410955050795,0.0014754142055252652
1786995141.9501448,48.78342795372009,-5.217585769449411,3.210341376301866,0.9314747261502089,2.097940920484673,0.0015935072992885367
1786995141.9587944,48.79207754135132,-5.2175857478000855,3.2103509969883284,0.9314578945859198,2.097940862956323,0.0022413900504741203
1786995141.9711614,48.804444551467896,-5.217585741300657,3.210359098799127,0.9314436915180642,2.097940748813669,0.0013221745494829758
1786995141.9945142,48.827797412872314,-5.21758573498548,3.2103655895923557,0.9314322493345853,2.097940659450485,0.0005633142251168994
1786995142.0060778,48.83936095237732,-5.217585728855822,3.21037058594461,0.931423367743481,2.0979405920695497,0.0008812610735625633
1786995142.0163314,48.84961462020874,-5.217585722898322,3.2103742153436774,0.9314168282062074,2.0979405441105206,0.000729415003310856
1786995142.0304039,48.86368703842163,-5.217585717111378,3.2103766234489783,0.9314123815183906,2.09794051303872,0.0003593469228218194
1786995142.0656743,48.89895749092102,-5.217585713347327,3.210377444012121,0.9314107606954177,2.0979405029616647,5.1507752064032374e-05
1786995142.0832458,48.916528940200806,-5.217585706024425,3.2103769040195558,0.9314112501959342,2.097940512120088,4.148054790807446e-05
1786995142.0955675,48.92885065078735,-5.217585700718127,3.2103744064501987,0.9314151956162372,2.0979405472344155,0.0003789651694166589
1786995142.1101522,48.94343543052673,-5.2175856955619615,3.210370331287735,0.9314218399567706,2.0979406041248065,0.0005344270232633578
1786995142.1475542,48.98083734512329,-5.2175856905511075,3.210364630296165,0.9314312658439934,2.0979406841935937,0.0002945260371050291
1786995142.1532214,48.986504554748535,-5.2175856856735905,3.2103575929043515,0.9314429804260733,2.0979407843960525,0.0024113952477510005
1786995142.1632705,48.99655365943909,-5.217585680932393,3.210349780470362,0.9314560270306728,2.0979408976606293,0.0015132534004868852
1786995142.1753292,49.008612394332886,-5.217585676327633,3.2103411862032463,0.931470417652248,2.097941024794303,0.001389997061033566
1786995142.2134242,49.04670739173889,-5.217585671857079,3.2103321037543866,0.9314856517569085,2.0979411620911925,0.0004655752697040293
1786995142.2273693,49.06065249443054,-5.217585667517552,3.2103226313198068,0.93150156202915,2.0979413085468113,0.0013278196745445086
1786995142.236293,49.069576263427734,-5.217585663301693,3.210312924884568,0.9315178823943626,2.097941462095585,0.0021278744886975287
1786995142.2511055,49.084388732910156,-5.217585659194631,3.2103032093741004,0.9315342288921707,2.097941619355425,0.0012837670734248405
1786995142.2792337,49.1125168800354,-5.217585655197438,3.2102936399886,0.9315503363196891,2.097941777761858,0.0006660798194770529
1786995142.2958832,49.1291663646698,-5.217585651310409,3.2102844887173703,0.9315657398122748,2.0979419325530695,0.0010761201449415118
1786995142.302973,49.13625621795654,-5.217585647531604,3.2102754762685097,0.9315809158287968,2.0979420881078794,0.0024895260822202342
1786995142.3175178,49.150800943374634,-5.21758564386332,3.210266323779098,0.9315963404722292,2.097942249218937,0.0012331380582525139
1786995142.3511152,49.18439841270447,-5.217585640294954,3.2102569439844877,0.9316121627993277,2.097942417595018,0.0005474714831805446
1786995142.3682258,49.20150899887085,-5.217585636826933,3.2102478880340897,0.9316274408655338,2.097942583371878,0.0010379735937261084
1786995142.3831317,49.21641492843628,-5.217585633457458,3.2102394089966864,0.9316417415686878,2.097942741495379,0.001115355343164399
1786995142.3955107,49.22879385948181,-5.21758563017747,3.2102317162919856,0.9316547061436181,2.0979428874486286,0.001217801120872529
1786995142.4056568,49.23894000053406,-5.217585626993223,3.2102247447515397,0.9316664452009483,2.097943021779381,0.0013456471842140233
1786995142.4292984,49.26258158683777,-5.217585623894379,3.2102179756126485,0.9316778452391205,2.0979431540294033,0.0005608035279040125
1786995142.4405296,49.273812770843506,-5.217585620877254,3.210211260018508,0.931689160567655,2.0979432869618764,0.001171569316020916
1786995142.4533215,49.28660464286804,-5.2175856179410856,3.2102049461182607,0.931699795402291,2.0979434136010497,0.0009668564625399267
1786995142.4645197,49.29780292510986,-5.2175856150870406,3.2101995088677984,0.931708936692474,2.097943524062279,0.000949798564499688
1786995142.509276,49.34255909919739,-5.217585612304478,3.210195141006427,0.9317162539692764,2.0979436138932597,0.00019040460243029294
1786995142.514939,49.34822225570679,-5.217585609594203,3.210191864295574,0.9317217093379899,2.0979436821163406,0.0011237187555925162
1786995142.523655,49.356938123703,-5.217585606960473,3.210189831079388,0.9317250415577433,2.097943725192616,0.0004478664649785238
1786995142.5385766,49.37185978889465,-5.217585605243052,3.2101891444318484,0.9317261209440466,2.097943740242143,8.573319680180794e-05
1786995142.5712042,49.4044873714447,-5.217585605243052,3.2101891444318484,0.9317261209440466,2.097943740242143,0.0
1786995142.5811946,49.414477825164795,-5.2175855994599765,3.210189708689779,0.9317248350888194,2.097943731933272,0.00014055654643059382
1786995142.5993593,49.432642459869385,-5.217585597087913,3.210190419186201,0.9317234887215777,2.097943718775757,8.380784222737297e-05
1786995142.6020994,49.435382604599,-5.2175855947799,3.210191230294243,0.9317219740721988,2.0979437035803645,0.0006270315679957875
1786995142.6380038,49.47128701210022,-5.217585592545029,3.2101921217104645,0.9317203257908362,2.0979436867558117,5.219105270324584e-05
1786995142.6564038,49.48968696594238,-5.2175855903636785,3.2101929446560358,0.9317187983579801,2.097943671378566,9.429481587427663e-05
1786995142.662623,49.49590611457825,-5.217585588246018,3.210193905684341,0.931717038214483,2.0979436531888895,0.00032245795114235336
1786995142.6733932,49.50667643547058,-5.217585586180639,3.2101948731001713,0.9317152706137819,2.0979436349156546,0.00018709016056696698
1786995142.7089422,49.54222536087036,-5.2175855841716015,3.210195703423511,0.931713740961481,2.097943619462569,4.896018159997935e-05
1786995142.717923,49.55120611190796,-5.2175855822147525,3.210196520935553,0.9317122364897736,2.097943604287429,0.00019065663003937287
1786995142.7395592,49.57284235954285,-5.2175855822147525,3.210196520935553,0.9317122364897736,2.097943604287429,0.0
1786995142.7401438,49.573426961898804,-5.217585580297702,3.210197376496806,0.9317106700830768,2.0979435883763706,0.0030530669848831595
1786995142.7421107,49.57539391517639,-5.2175855784340515,3.210198452054482,0.931708730335111,2.0979435680469294,0.0011276237895713392
1786995142.7814255,49.61470866203308,-5.217585576617104,3.2101998177071076,0.9317062972405484,2.097943541907934,7.096965539134195e-05
1786995142.8050363,49.63831949234009,-5.217585576617104,3.2101998177071076,0.9317062972405484,2.097943541907934,0.0
1786995142.805608,49.63889122009277,-5.217585574843008,3.210201401355071,0.9317034941114805,2.0979435114775655,0.005631257197875015
1786995142.805848,49.63913106918335,-5.217585573121816,3.2102034440464213,0.9316999085130959,2.0979434719375925,0.01720512598483764
1786995142.8152769,49.64856004714966,-5.217585571445356,3.210205678084214,0.93169599843397,2.0979434287330916,0.0004776013752731898
1786995142.830204,49.66348719596863,-5.217585569803707,3.210207704830626,0.931692445763494,2.097943389847252,0.0002740061751978529
1786995142.8675375,49.70082068443298,-5.217585568203117,3.210209848475989,0.9316886958218918,2.0979433488031147,0.00011569793092351114
1786995142.8770964,49.7103796005249,-5.217585566635891,3.210212322000113,0.9316843842505222,2.0979433014502074,0.0005200078484174842
1786995142.886269,49.71955227851868,-5.217585565108744,3.210215549276001,0.9316787860771834,2.0979432395887216,0.0007044616424407757
1786995142.898324,49.73160719871521,-5.217585563626593,3.2102197315039374,0.9316715573978678,2.097943159576053,0.0006927741804157564
1786995142.9345717,49.76785492897034,-5.2175855621817755,3.210224605409999,0.931663148786954,2.0979430669423,0.0002681281819302708
1786995142.9464443,49.77972745895386,-5.217585560775062,3.210230037427249,0.9316537889282128,2.097942964597123,0.0009115084602124971
1786995142.959956,49.7932391166687,-5.217585559399565,3.2102356864449173,0.9316440612800175,2.097942859291603,0.000832535532164804
1786995142.971901,49.80518412590027,-5.217585558058688,3.2102411908832016,0.9316345840198501,2.0979427578838914,0.000917521598384746
1786995143.0012674,49.834550619125366,-5.2175855567500875,3.2102461852805715,0.9316259816769566,2.097942666985938,0.0003387219364683313
1786995143.0161774,49.84946060180664,-5.217585555465296,3.2102503682560606,0.9316187690030187,2.097942591821103,0.0005592134256518473
1786995143.0233815,49.85666465759277,-5.217585554205898,3.210253950124572,0.931612586127709,2.0979425281924993,0.0009918675612689478
1786995143.0358808,49.86916399002075,-5.217585552984821,3.2102570919434474,0.9316071575449404,2.0979424729631626,0.0005018030885298036
1786995143.0723119,49.90559506416321,-5.217585551798216,3.210259928684055,0.9316022524007649,2.0979424235480244,0.00015553621523941587
1786995143.0918002,49.92508339881897,-5.217585551798216,3.210259928684055,0.9316022524007649,2.0979424235480244,0.0
1786995143.0923471,49.92563033103943,-5.217585550638751,3.21026248009598,0.9315978367967668,2.09794237951052,0.009324247962472972
1786995143.1023164,49.93559956550598,-5.217585549502627,3.210264942261415,0.9315935755791752,2.0979423372847505,0.0004936593517161109
1786995143.108038,49.94132113456726,-5.217585548389873,3.210267279880433,0.931589528990656,2.0979422974852935,0.000816779136554931
1786995143.1380463,49.9713294506073,-5.217585547307555,3.210269459100493,0.9315857547831037,2.097942260663458,0.00014523206769658333
1786995143.1511898,49.98447299003601,-5.217585546247416,3.2102709977945567,0.9315830765039768,2.0979422351851906,0.00023500610515266257
1786995143.1618612,49.99514436721802,-5.217585545213105,3.2102717314957854,0.9315817749519277,2.0979422237973204,0.00014001071893600007
1786995143.1737382,50.00702142715454,-5.217585545213105,3.2102717314957854,0.9315817749519277,2.0979422237973204,0.0
1786995143.2154393,50.04872250556946,-5.217585543205128,3.2102709678351347,0.9315829874524204,2.0979422399327965,3.4362365167617025e-05
1786995143.2303205,50.06360363960266,-5.21758554224019,3.2102698143444646,0.9315849140142196,2.0979422614849663,0.00015089443786122655
1786995143.2441797,50.077462911605835,-5.217585541291613,3.2102683534277108,0.9315873671431361,2.097942288492077,0.00020601311429652156
1786995143.2502277,50.083510875701904,-5.217585540366636,3.2102668696378793,0.9315898606915931,2.0979423159732677,0.00047976858410907355
1786995143.2623124,50.095595598220825,-5.217585539458173,3.2102654888029316,0.9315921796476699,2.0979423417320575,0.0002233346631044416
1786995143.2918036,50.12508678436279,-5.2175855388663885,3.210264832200591,0.9315932753452816,2.097942354269164,4.3313700255240184e-05
1786995143.301272,50.13455510139465,-5.2175855377023455,3.2102639447369734,0.9315947409240721,2.097942371841766,0.00018095446472219057
1786995143.314001,50.147284269332886,-5.2175855368542585,3.2102628443498427,0.9315965843355224,2.097942392766199,0.00016865693416550883
1786995143.3263779,50.159661054611206,-5.217585536020597,3.21026142735445,0.9315989698488856,2.0979424193779597,0.00022417987825607536
1786995143.3622267,50.195509910583496,-5.217585535206374,3.2102602456432057,0.9316009544602868,2.0979424418560284,6.443131278819753e-05
1786995143.3701162,50.203399419784546,-5.217585534670269,3.2102596157164167,0.9316020083576634,2.0979424540538076,0.0001556251512307645
1786995143.3852587,50.218541860580444,-5.2175855336187995,3.2102588963939196,0.9316031938881231,2.0979424687906163,9.157636852289554e-05
1786995143.3951695,50.22845268249512,-5.217585532844526,3.2102586203867682,0.9316036339505819,2.0979424751384936,5.24131042433938e-05
1786995143.4242737,50.2575569152832,-5.217585532337343,3.2102583696328173,0.9316040419103059,2.0979424805624287,1.6453349978483473e-05
1786995143.4374492,50.270732402801514,-5.217585531340809,3.2102575512026505,0.9316054006041374,2.097942497130052,0.00012038658156812207
1786995143.449152,50.282435178756714,-5.2175855306174315,3.210256781862851,0.9316066864292224,2.0979425123623403,0.00012803879142914793
1786995143.4613426,50.294625759124756,-5.21758552990347,3.2102560795476807,0.9316078585991089,2.0979425264150113,0.00011209195680673623
1786995143.4927695,50.32605266571045,-5.217585529437693,3.2102557356018186,0.9316084281705441,2.097942533548807,2.1171826293775452e-05
1786995143.5062962,50.339579343795776,-5.2175855285283586,3.2102550656037327,0.9316095378308642,2.097942547504368,9.582858143011922e-05
1786995143.5191014,50.35238456726074,-5.217585527860537,3.2102543027553807,0.9316108159200367,2.0979425626917454,0.00011623684499652147
1786995143.5326185,50.365901708602905,-5.217585527206654,3.2102529974782996,0.9316130217684035,2.0979425877167617,0.00018961898717703528
1786995143.5630758,50.39635896682739,-5.217585526560049,3.210250919352971,0.931616549222157,2.0979426268700823,0.00013442068134516858
1786995143.5819316,50.4152147769928,-5.21758552592127,3.210248198969155,0.9316211752337216,2.09794267795415,0.00028461291395594755
1786995143.588199,50.42148208618164,-5.217585525304779,3.210245364682317,0.9316259968985562,2.097942731404254,0.0008924082878197135
1786995143.5982547,50.43153786659241,-5.217585524699596,3.210242141297718,0.9316314846213781,2.0979427923827005,0.0006329074405084062
1786995143.6309679,50.46425104141235,-5.2175855241069655,3.2102389305993095,0.9316369516864917,2.097942853510052,0.00019381001238126855
1786995143.6442642,50.47754740715027,-5.2175855235200075,3.2102357300963362,0.931642402329871,2.0979429148187316,0.0004753793289103115
1786995143.6557972,50.48908042907715,-5.2175855229365435,3.210232122249761,0.93164855039071,2.097942984225566,0.0006180928813042247
1786995143.6662211,50.49950432777405,-5.217585522361332,3.210228086719628,0.9316554307884882,2.0979430622865665,0.000765217693865961
1786995143.6771882,50.51047134399414,-5.21758552179927,3.210223919092529,0.9316625382424798,2.097943143518566,0.0007512742153564543
1786995143.7066035,50.539886713027954,-5.2175855212517375,3.210219779659065,0.9316695986776956,2.097943224856224,0.00027823602594410267
1786995143.7263236,50.5596067905426,-5.217585520708271,3.210216084568097,0.9316759003306316,2.0979432981554553,0.0003704398636095413
1786995143.735248,50.56853127479553,-5.217585520170424,3.2102127857371596,0.9316815252466972,2.097943364190243,0.0007306738140918419
1786995143.7482488,50.58153200149536,-5.217585519641487,3.210209824391747,0.9316865737980748,2.097943423969594,0.000450204478752994
1786995143.7859643,50.61924743652344,-5.217585519121349,3.21020755094138,0.9316904464464277,2.0979434704153106,0.0001190667686044179
1786995143.8004217,50.63370490074158,-5.217585518607678,3.210206265282657,0.9316926299825528,2.0979434973800815,0.0001752672238185029
1786995143.8165479,50.64983105659485,-5.217585518267719,3.210206000331284,0.9316930729826204,2.0979435035930147,3.200926560901348e-05
1786995143.8281355,50.66141867637634,-5.217585517599392,3.2102068645187893,0.9316915747625804,2.0979434882844408,0.00014926194265746785
1786995143.8537908,50.687073945999146,-5.217585517114582,3.2102085388803903,0.9316886961758473,2.0979434564570516,0.00012980286162572613
1786995143.8718596,50.70514273643494,-5.217585517114582,3.2102085388803903,0.9316886961758473,2.0979434564570516,0.0
1786995143.8724258,50.7057089805603,-5.217585516632259,3.2102105691072147,0.9316852094030759,2.0979434177184544,0.007125503567361451
1786995143.878357,50.71164011955261,-5.217585516154757,3.2102131015909685,0.9316808641030132,2.0979433692777842,0.0008479693548431107
1786995143.8885362,50.72181940078735,-5.217585515695412,3.2102162949456,0.9316753891274189,2.0979433081557555,0.0006226576467759979
1786995143.9284034,50.76168656349182,-5.2175855152346875,3.210219902846933,0.9316692059501852,2.0979432393916455,0.00017956670518165939
1786995143.9424365,50.77571964263916,-5.217585514785366,3.2102237578166353,0.9316626011275956,2.097943166360205,0.0005449633750397524
1786995143.9512897,50.78457283973694,-5.217585514338531,3.2102273090659077,0.9316565165574414,2.0979430996706143,0.0007957684736806644
1786995143.966986,50.80026912689209,-5.217585513882734,3.210230016822597,0.9316518750163152,2.0979430494923683,0.0003423500985320297
1786995143.9937866,50.8270697593689,-5.217585513434819,3.2102322253577076,0.9316480876270188,2.097943009029049,0.00016358882174618612
1786995144.0161161,50.84939932823181,-5.217585513434819,3.2102322253577076,0.9316480876270188,2.097943009029049,0.0
1786995144.0166705,50.84995365142822,-5.217585512991932,3.2102340252182384,0.9316449994495372,2.0979429764574418,0.006448224487536954
1786995144.017387,50.85067009925842,-5.217585512556236,3.2102354292461492,0.9316425884369024,2.0979429514385384,0.0038942565126158187
1786995144.0406778,50.873960971832275,-5.217585512121896,3.2102365898773595,0.9316405939164546,2.097942931053795,9.907891836059665e-05
1786995144.059655,50.89293813705444,-5.2175855116922545,3.2102376401255945,0.9316387884555072,2.0979429127869955,0.00011006440049084538
1786995144.0720897,50.905372858047485,-5.217585511264333,3.210238973538286,0.9316364992642363,2.0979428892837935,0.00021305051484802684
1786995144.0924685,50.92575168609619,-5.217585510844571,3.210240727757852,0.9316334910884625,2.0979428580163972,0.00017087828724465
1786995144.1003957,50.93367886543274,-5.21758551043211,3.2102426099703196,0.9316302645267167,2.0979428244800022,0.00047121783792676905
1786995144.1071184,50.940401554107666,-5.2175855100249064,3.210244128384084,0.9316276602109688,2.097942797815566,0.0004484273988824237
1786995144.145318,50.9786012172699,-5.2175855096266925,3.2102452498603857,0.9316257347101969,2.0979427785252582,5.833263197064855e-05
1786995144.1611183,50.99440145492554,-5.21758550921501,3.2102464854053543,0.9316236145373492,2.0979427572062246,0.00015530881229406195
1786995144.1712842,51.00456738471985,-5.21758550881775,3.210248085459987,0.9316208716618971,2.0979427292614736,0.0003123628828212946
1786995144.1862159,51.01949906349182,-5.217585508425705,3.210249835410219,0.9316178729368283,2.0979426986769654,0.00023252474077867217
1786995144.2183065,51.05158972740173,-5.217585508037578,3.2102518800619966,0.9316143709101377,2.0979426628561852,0.0001263675280381028
1786995144.226129,51.059412240982056,-5.21758550765624,3.2102540989492345,0.9316105715071262,2.097942624039629,0.0005624634174471096
1786995144.2361932,51.06947636604309,-5.217585507291234,3.2102561836828514,0.9316070017599876,2.0979425878230398,0.0004107569836508256
1786995144.25421,51.08749318122864,-5.217585506923209,3.2102577273615034,0.9316043569351773,2.0979425614696243,0.00016997226727968765
1786995144.2810464,51.11432957649231,-5.21757971543221,3.210266045137863,0.9316085170226627,2.0979754791167835,0.00040825012876469024
1786995144.3003366,51.13361978530884,-5.217572289479776,3.2102596070331257,0.9316074016301005,2.0980159636536815,0.0005127633703694224
1786995144.312272,51.14555525779724,-5.217565677261041,3.2102526032239744,0.9316085250698266,2.098052030828606,0.0008124741023862423
1786995144.3201587,51.15344190597534,-5.217559744917921,3.2102452584452394,0.9316112975590807,2.098084404115704,0.0012476755316290704
1786995144.3482244,51.18150758743286,-5.217554848767802,3.2102379046783263,0.9316156990366313,2.0981111390898004,0.00035168638488656086
1786995144.3604188,51.19370198249817,-5.217551370697885,3.2102303375610615,0.9316226654720847,2.0981301619757464,0.0008903837447813641
1786995144.3722522,51.20553541183472,-5.217549008548623,3.2102226300739107,0.9316316072762949,2.0981431167799047,0.0010173841321244562
1786995144.3915067,51.22478985786438,-5.217547611179421,3.2102154687733715,0.9316411180841009,2.0981508142790526,0.0006225665279775643
1786995144.4135008,51.2467839717865,-5.217547458274948,3.210209419866756,0.9316506595862183,2.0981517216037227,0.0005136992075766561
1786995144.4275265,51.260809659957886,-5.217547451491019,3.2102033052745247,0.931660556249819,2.0981518372487047,0.0008294237125398645
1786995144.442917,51.27620029449463,-5.217547444903918,3.210196977656473,0.9316708351425322,2.0981519583687973,0.0007842688164741199
1786995144.4484568,51.281739950180054,-5.217547438505269,3.210190564204078,0.9316812783517754,2.0981520826712288,0.0022122903243260482
1786995144.4818556,51.315138816833496,-5.217547432295129,3.210184058567255,0.9316918963289818,2.0981522103362535,0.0003728420321551479
1786995144.4941998,51.32748293876648,-5.217547426260803,3.2101779390586804,0.9317018702629123,2.0981523319703985,0.0009479503254615907
1786995144.509798,51.34308123588562,-5.2175474204001135,3.210172309846621,0.9317110212115296,2.0981524452258165,0.0006887763911522254
1786995144.5170503,51.35033345222473,-5.217547414703041,3.2101667901328956,0.9317200001351054,2.0981525574807813,0.0014533274915735452
1786995144.5324664,51.36574959754944,-5.217547409165382,3.2101612545474985,0.9317290211356498,2.0981526712094216,0.000686553348717803
1786995144.5700905,51.40337371826172,-5.2175474037794825,3.2101558519358573,0.9317378290234206,2.0981527833699785,0.00027463281105282323
1786995144.5750527,51.40833592414856,-5.217547398552977,3.210150742893438,0.9317461483944561,2.098152890545047,0.001967452234752242
1786995144.5946968,51.427979946136475,-5.217547393472485,3.210146368255687,0.9317532239168701,2.098152983301891,0.00042347151294249916
1786995144.6018767,51.43515992164612,-5.217547388534655,3.2101429569112896,0.9317586629481692,2.098153056441982,0.0008941963825714248
1786995144.6355958,51.468878984451294,-5.217547383730339,3.2101404000552347,0.9317626510898247,2.0981531118980765,0.00014049572815563505
1786995144.6517105,51.48499369621277,-5.217547379057807,3.2101381928781128,0.9317660522261816,2.098153160168594,0.00025160553522495736
1786995144.6692688,51.5025520324707,-5.217547374527188,3.2101356527632525,0.9317700349271965,2.0981532157487295,0.00026903354642979514
1786995144.6719053,51.50518846511841,-5.217547370122605,3.2101330555197225,0.9317741265760722,2.0981532727996357,0.0018382294409036164
1786995144.7010756,51.534358739852905,-5.2175473658407165,3.2101307701728836,0.931777694839952,2.0981533233726872,0.00014526341315599525
1786995144.7115006,51.5447838306427,-5.217547361667477,3.210128888002281,0.9317805829828365,2.0981533654234914,0.00033067443134075883
1786995144.7264354,51.5597186088562,-5.2175473576164215,3.210127246706161,0.9317830686287523,2.098153402381758,0.00019944330097404418
1786995144.7382977,51.57158088684082,-5.21754735367262,3.2101258257290577,0.9317851866477602,2.098153434652391,0.00021501170144648868
1786995144.777363,51.61064624786377,-5.217547349838229,3.210124706623727,0.9317867970290326,2.0981534604296335,5.019934808312899e-05
1786995144.7874477,51.62073087692261,-5.217547346117565,3.210124079529758,0.9317875737641452,2.0981534755164355,9.89910080393345e-05
1786995144.801146,51.63442921638489,-5.217547346117565,3.210124079529758,0.9317875737641452,2.0981534755164355,0.0
1786995144.8147151,51.647998332977295,-5.217547338991618,3.210124831062945,0.93178571781467,2.0981534619685194,0.00014756664136973663
1786995144.842652,51.6759352684021,-5.217547335568796,3.2101261320091017,0.9317832177265886,2.098153435070688,0.00010088140910351391
1786995144.8572972,51.69058036804199,-5.217547332236326,3.210127802526811,0.9317800927720421,2.098153400239482,0.00024195410888510935
1786995144.8683395,51.70162272453308,-5.217547328991549,3.2101302367591216,0.9317756677169258,2.0981533490258966,0.0004573667716063317
1786995144.8825252,51.715808391571045,-5.217547325840738,3.2101335598719256,0.9317697281788352,2.0981532789593396,0.00047977779624071477
1786995144.9148917,51.74817490577698,-5.217547322785464,3.210137564619198,0.9317626291641007,2.0981531947889116,0.0002518252871287709
1786995144.9333813,51.76666450500488,-5.217547319816746,3.2101421789530495,0.9317544941226913,2.0981530983340866,0.0005058299142161896
1786995144.9453316,51.77861475944519,-5.217547316919406,3.2101467964229893,0.931746361460121,2.0981530026303417,0.0007825834456050417
1786995144.9512532,51.784536361694336,-5.217547314101649,3.210151328214028,0.9317383830249316,2.0981529095172147,0.0015495216207150261
1786995144.9631934,51.79647660255432,-5.217547311359932,3.2101556531664035,0.9317307659692587,2.0981528214488683,0.0007335921497279821
1786995144.99843,51.83171319961548,-5.217547308690603,3.210159972113386,0.9317231662422848,2.098152734212125,0.0002480725741292623
1786995145.005213,51.83849620819092,-5.217547306088644,3.2101643580158954,0.9317154587828295,2.0981526463327103,0.0013073815904388825
1786995145.0182004,51.85148358345032,-5.217547303555149,3.210169053144342,0.9317072288474886,2.0981525529659377,0.0007295564704758252
1786995145.033165,51.866448163986206,-5.217547301092735,3.2101738412201346,0.9316988464899573,2.0981524585787317,0.00064508829402049
1786995145.064508,51.897791147232056,-5.217547298696161,3.2101780072528214,0.9316915349039282,2.0981523773531965,0.0002684866403768813
1786995145.0761619,51.90944504737854,-5.217547296359598,3.2101816746991947,0.9316850824042188,2.0981523065605536,0.0006368616127425431
1786995145.0901985,51.923481702804565,-5.217547294081595,3.2101852170165057,0.9316788497652446,2.0981522387142233,0.0005107304485478332
1786995145.1030912,51.93637442588806,-5.2175472918635535,3.2101886545784755,0.931672801925404,2.0981521733838715,0.0005395696749737695
1786995145.1334925,51.96677565574646,-5.217547289709594,3.2101922066854907,0.9316665635892687,2.0981521062979396,0.00023613320706053102
1786995145.140091,51.973374128341675,-5.217547287609409,3.2101960763472164,0.9316597874462652,2.098152033630572,0.001182581272580313
1786995145.1553051,51.98858833312988,-5.21754728556141,3.2102002734482733,0.9316524565949641,2.098151955336609,0.0005552251914020068
1786995145.1652157,51.99849891662598,-5.217547283569043,3.2102047185536615,0.931644706875529,2.098151873064182,0.0009014648436140376
1786995145.2029467,52.036229848861694,-5.217547281628482,3.2102094117075226,0.9316365381956107,2.0981517869265116,0.000249685921318236
1786995145.217074,52.05035710334778,-5.2175472797340365,3.2102138675323695,0.9316287803634916,2.098151705998966,0.0006332734228464069
1786995145.22654,52.05982327461243,-5.217547277886803,3.2102182412923104,0.9316211677090043,2.0981516273162235,0.0009274765553183363
1786995145.237851,52.071134090423584,-5.217547276087851,3.2102226695089504,0.9316134667162799,2.0981515483843722,0.000785387861580328
1786995145.2732027,52.10648584365845,-5.217547274336413,3.210227213446919,0.9316055725791079,2.098151468127516,0.0002576534238991178
1786995145.284368,52.11765122413635,-5.2175472726364465,3.210231452733267,0.9315982036529578,2.0981513940412766,0.0007614008989846683
1786995145.293223,52.126506090164185,-5.217547270976854,3.210235179645554,0.9315917146339427,2.098151329648755,0.000845086839260031
1786995145.3062556,52.13953876495361,-5.217547269359783,3.210238727545467,0.9315855355887577,2.0981512689033863,0.0005467166579628306
1786995145.3428702,52.17615342140198,-5.217547267778848,3.2102418683901712,0.9315800559610465,2.0981512156864572,0.00017249787058780549
1786995145.352282,52.18556523323059,-5.217547266240071,3.210244776836595,0.9315749771051091,2.0981511668486497,0.0006218439315859612
1786995145.3611772,52.19446039199829,-5.217547264739652,3.2102472602432703,0.9315706279532241,2.098151125601732,0.0005630294697689571
1786995145.3767483,52.210031509399414,-5.217547263274189,3.2102490451180827,0.9315674754950481,2.0981510964996506,0.00023265349035842776
1786995145.3851826,52.21846580505371,-5.217547261845706,3.210250380353846,0.9315650943231756,2.098151075167548,0.000323677092105026
1786995145.4222193,52.255502462387085,-5.217547260456505,3.210251306276732,0.9315634153859712,2.0981510608463187,5.1768517674393156e-05
1786995145.4280858,52.26136898994446,-5.217547259551345,3.2102517312795578,0.9315626261756591,2.0981510545727926,0.00015279415039731845
1786995145.441204,52.274487257003784,-5.217547259551345,3.2102517312795578,0.9315626261756591,2.0981510545727926,0.0
1786995145.4521036,52.28538680076599,-5.217547256484797,3.210250485614994,0.9315645424613299,2.0981510790163322,0.0002096943020561592
1786995145.4873605,52.32064366340637,-5.217547255225823,3.2102489664555933,0.9315670513471049,2.098151106299137,8.318882866552918e-05
1786995145.4991245,52.3324077129364,-5.217547253994469,3.2102466679928554,0.9315708941788674,2.098151147019573,0.00038063039695213796
1786995145.5129483,52.34623146057129,-5.217547252787722,3.21024335103468,0.931576479704855,2.0981512055131466,0.0004699287785539369
1786995145.525214,52.35849714279175,-5.2175472516162635,3.210238863278563,0.9315840684474291,2.0981512848432664,0.0007187862292922202
1786995145.5549057,52.38818883895874,-5.217547250473271,3.210233566916547,0.9315930419687949,2.0981513791849897,0.0003509384765278975
1786995145.5659878,52.39927101135254,-5.2175472493532675,3.21022793870414,0.9316025858893678,2.098151480516595,0.0009997909275482819
1786995145.588184,52.421467304229736,-5.217547248262212,3.2102220663807692,0.93161255038852,2.09815158745772,0.0005210839843099834
1786995145.5980005,52.431283712387085,-5.217547247189431,3.2102160415645633,0.9316227789379139,2.0981516984965447,0.0012093060558828377
1786995145.6227856,52.45606875419617,-5.217547246137182,3.2102098915051105,0.9316332249961619,2.0981518132356975,0.0004890861167674929
1786995145.6382961,52.4715793132782,-5.217547245108311,3.2102038012241754,0.9316435722263409,2.0981519282824697,0.000774087325437495
1786995145.6474335,52.480716705322266,-5.217547244101151,3.210197646620861,0.9316540327529979,2.0981520459753384,0.0013282557676134012
1786995145.6653168,52.498600006103516,-5.217547243118356,3.2101916445947127,0.931664235597472,2.098152162158791,0.0006619208048315617
1786995145.6893208,52.52260398864746,-5.2175472421601325,3.2101859246157285,0.9316739591451885,2.0981522742248546,0.0004699721373348368
1786995145.7035844,52.53686761856079,-5.217547241220215,3.210180607826169,0.9316829959276423,2.098152379614315,0.0007350745533162721
1786995145.716297,52.549580097198486,-5.217547240301533,3.2101758592298357,0.9316910633520599,2.098152474797279,0.0007363806641778482
1786995145.7262137,52.55949687957764,-5.217547239401371,3.2101719620001137,0.9316976765541329,2.09815255381355,0.0007740536447882392
1786995145.762316,52.59559917449951,-5.2175472385346735,3.210168653027945,0.9317032853425777,2.098152621557694,0.00018037987823307244
1786995145.7892585,52.622541666030884,-5.217547237675566,3.210165855141081,0.9317080215031892,2.098152679385567,0.00020417018488986754
1786995145.7932043,52.626487493515015,-5.217547236835714,3.210163507279503,0.9317119893235085,2.0981527283721264,0.0011684313915788864
1786995145.8122416,52.645524740219116,-5.217547236020181,3.2101617980372557,0.9317148658900022,2.0981527645569518,0.00017576407374951606
1786995145.8171864,52.65046954154968,-5.217547235223498,3.210160697878985,0.9317167015779969,2.0981527883986866,0.0004328013413382522
1786995145.8455253,52.67880845069885,-5.2175472344397065,3.2101600936155057,0.9317176899822248,2.098152802140994,4.087951465936307e-05
1786995145.86025,52.693533182144165,-5.217547233922368,3.2101597701917854,0.9317182137556927,2.0981528096831137,4.180602571924216e-05
1786995145.869527,52.702810287475586,-5.21754723290175,3.2101585657934555,0.9317202173528746,2.0981528362256343,0.000251989081335298
1786995145.8793666,52.71264982223511,-5.217547232403475,3.210157998592819,0.9317211601263565,2.098152848793155,0.00011181878412029424
1786995145.9161098,52.74939298629761,-5.2175472314234765,3.210157252216844,0.9317223832289456,2.098152865990845,3.8996358771058886e-05
1786995145.9308107,52.76409387588501,-5.2175472314234765,3.210157252216844,0.9317223832289456,2.098152865990845,0.0
1786995145.9422684,52.775551557540894,-5.217547230242375,3.2101575911348808,0.9317217381722959,2.0981528613811635,6.359693119124284e-05
1786995145.9524124,52.78569555282593,-5.217547229320739,3.210158177884514,0.9317206842249233,2.0981528512167253,0.0001189144285258943
1786995145.9863784,52.81966161727905,-5.21754722864134,3.210158887030127,0.9317194345143923,2.098152838086624,4.23038119120979e-05
1786995145.9974966,52.830779790878296,-5.217547227971872,3.2101599684235493,0.9317175487812335,2.0981528173599684,0.0001955176267839987
1786995146.0090172,52.84230041503906,-5.217547227316368,3.210161013164874,0.9317157268585089,2.0981527974416245,0.00018230012688848872
1786995146.01936,52.85264325141907,-5.217547226683077,3.2101619709710874,0.931714054776695,2.098152779319826,0.00018631056529062935
1786995146.0540771,52.88736033439636,-5.217547226267326,3.210162472683826,0.9317131747833235,2.0981527700420726,2.9177797150441395e-05
1786995146.062243,52.89552617073059,-5.217547225440794,3.210163542014922,0.9317113032993636,2.098152750193578,0.0002639582744723242
1786995146.0797286,52.9130117893219,-5.2175472248332975,3.210164995386389,0.9317087860672508,2.0981527221251812,0.00016623219470570527
1786995146.0906177,52.923900842666626,-5.217547224229934,3.210167051570166,0.9317052382364535,2.0981526819710727,0.0003765808676698519
1786995146.1275864,52.960869550704956,-5.217547223635276,3.2101694096838975,0.9317011747701325,2.098152635909747,0.00012708406225520408
1786995146.137618,52.97090125083923,-5.217547223051506,3.2101719845352297,0.9316967414891218,2.098152585723724,0.0005110576193690019
1786995146.148179,52.981462240219116,-5.217547222476299,3.2101745671636683,0.9316922959658283,2.098152535638106,0.00048681698793626795
1786995146.1622088,52.99549198150635,-5.217547221908729,3.210176930855387,0.9316882260564472,2.098152490135674,0.0003354663617695692
1786995146.1939058,53.02718901634216,-5.217547221353094,3.2101788263951887,0.9316849580485665,2.0981524540858656,0.00011918955237179627
1786995146.2091148,53.04239797592163,-5.217547221353094,3.2101788263951887,0.9316849580485665,2.0981524540858656,0.0
1786995146.2106538,53.04393696784973,-5.217547220808047,3.210180252894305,0.9316824933345876,2.098152427386659,0.001850403557238683
1786995146.2191722,53.05245542526245,-5.217547220263851,3.210181601759165,0.9316801622224377,2.098152402299152,0.0003161647638648768
1786995146.2300344,53.06331753730774,-5.217547219737312,3.2101831233067237,0.9316775364809792,2.0981523738930736,0.0002793873290745949
1786995146.2423463,53.075629472732544,-5.2175472192130785,3.2101847516577298,0.9316747288020564,2.0981523434845424,0.00026362248707825845
1786995146.2732706,53.10655379295349,-5.217547218696443,3.210186221492665,0.9316721930408023,2.0981523162786853,9.477833235241429e-05
1786995146.2872012,53.120484352111816,-5.217547218202932,3.210187386505296,0.9316701794022498,2.098152295056144,0.0001669975655692763
1786995146.3002987,53.13358187675476,-5.217547217716397,3.2101882389557765,0.9316687010580419,2.098152279934435,0.0001302924978733627
1786995146.3112729,53.14455604553223,-5.217547217391597,3.2101886510895334,0.9316679829602869,2.098152272897362,7.544631383899217e-05
1786995146.3533967,53.18667984008789,-5.217547216740614,3.2101896111724177,0.9316663152530507,2.0981522562160966,4.568249130068509e-05
1786995146.3642623,53.197545528411865,-5.217547216265588,3.2101909276928104,0.9316640449887078,2.098152232232911,0.0002415283352038851
1786995146.3756332,53.208916425704956,-5.217547215800154,3.210192980758668,0.9316605156172757,2.098152194160155,0.000359081601140703
1786995146.3892524,53.222535610198975,-5.2175472153377145,3.210195199835453,0.9316567030228398,2.098152153074132,0.0003239084699914347
1786995146.4153166,53.24859976768494,-5.217547214875951,3.210197269546342,0.9316531465600825,2.0981521150171365,0.00015787454621691446
1786995146.4269333,53.26021647453308,-5.217547214419658,3.2101991633585305,0.9316498915575343,2.0981520804661646,0.00032417466556425274
1786995146.4376879,53.270971059799194,-5.217547213973436,3.2102009167518535,0.9316468772983975,2.098152048703079,0.00032424682799709345
1786995146.4512293,53.284512519836426,-5.217547213540642,3.2102026426804358,0.9316439105918837,2.098152017557784,0.0002534605769813932
1786995146.4859786,53.3192617893219,-5.217547213105979,3.210203846107733,0.9316418378684189,2.0981519963430273,6.897272968474706e-05
1786995146.4964297,53.329712867736816,-5.217547212674744,3.210204884303593,0.9316400481650158,2.0981519782749944,0.00019797296267459955
1786995146.509141,53.342424154281616,-5.217547212247432,3.2102057313569143,0.9316385857494297,2.0981519638192294,0.0001329540804211603
1786995146.5212972,53.35458040237427,-5.217547211963284,3.210206109673378,0.9316379297364015,2.098151957688694,6.229572806655493e-05
1786995146.5515761,53.38485932350159,-5.217547211408697,3.210206766955248,0.9316367881397796,2.098151947295473,4.350530403482663e-05
1786995146.5641325,53.39741563796997,-5.217547210997679,3.2102076728626794,0.9316352263779756,2.0981519318095767,0.00014379082886441222
1786995146.5780056,53.41128873825073,-5.217547210591873,3.2102088589301756,0.9316331860350302,2.0981519111374665,0.00017011575777363866
1786995146.5915492,53.424832344055176,-5.2175472101894,3.2102097690083804,0.9316316179727565,2.098151895642331,0.00013386579745172233
1786995146.6244452,53.45772838592529,-5.217547209785271,3.210210682927212,0.9316300437361287,2.0981518801145382,5.533472985711892e-05
1786995146.647336,53.48061919212341,-5.217547209785271,3.210210682927212,0.9316300437361287,2.0981518801145382,0.0
1786995146.6479008,53.481184005737305,-5.217547209389815,3.2102120168316732,0.931627751875481,2.098151856864295,0.00469496117395081
1786995146.64986,53.48314309120178,-5.217547209009639,3.2102138754040905,0.93162456348276,2.098151824019051,0.0018838113056195125
1786995146.6746776,53.5079607963562,-5.21754720863379,3.210215996103961,0.9316209274513446,2.098151786502481,0.00016960820662987293
1786995146.6831503,53.51643347740173,-5.217547208259222,3.210217919925521,0.9316176284392433,2.098151752749303,0.0004507398570371255
1786995146.7050045,53.53828763961792,-5.217547207884743,3.2102197238269503,0.9316145348457184,2.0981517213216674,0.00016386418807766052
1786995146.7172246,53.55050778388977,-5.217547207519929,3.2102215307833144,0.9316114364621455,2.098151689942405,0.0002935146485831859
1786995146.7331338,53.56641697883606,-5.217547207158987,3.210222684642868,0.9316094547660937,2.0981516704809215,0.00014413956257804323
1786995146.7461565,53.579439640045166,-5.217547206915211,3.2102230968960086,0.931608743968259,2.0981516639800453,6.30974865618342e-05
1786995146.7953753,53.62865853309631,-5.217547206673443,3.2102233909527453,0.9316082353164501,2.0981516596077774,1.1937162036933248e-05
1786995146.7957616,53.62904477119446,-5.217547206673443,3.2102233909527453,0.9316082353164501,2.0981516596077774,0.0
1786995146.8140461,53.647329330444336,-5.217550737240928,3.210225712557858,0.9316096735763437,2.0981775430544736,0.00024411623918189543
1786995146.8173027,53.650585889816284,-5.217536374572647,3.210225842384194,0.9316141096036231,2.098212618641814,0.00461612306779764
1786995146.8524783,53.68576145172119,-5.217529635208782,3.210219119922017,0.9316145567088256,2.098249350389139,0.00027091110828690747
1786995146.8614624,53.6947455406189,-5.217523804598289,3.2102123712014823,0.9316164668295229,2.0982811384347553,0.0010152220038823496
1786995146.8765469,53.70983004570007,-5.217519226043744,3.2102057485421605,0.9316201066413056,2.098306112726478,0.000585752064278138
1786995146.8876138,53.72089695930481,-5.217515920280215,3.2101992186808124,0.9316255642930787,2.0983241617272634,0.0008249629089326627
1786995146.9176834,53.75096654891968,-5.2175142245074335,3.210193202543727,0.931632638048143,2.098333443991461,0.0003139278014072404
1786995146.929209,53.762492179870605,-5.21751405886639,3.2101875546333565,0.9316414537232566,2.098334396572066,0.0009084994497651773
1786995146.940165,53.77344822883606,-5.217514049329983,3.2101816637675955,0.9316509434909597,2.098334506738166,0.0010194839175191386
1786995146.9582853,53.79156851768494,-5.217514040074544,3.210176041494242,0.9316599923779726,2.0983346131705165,0.0005879200519351825
1786995146.9811623,53.81444549560547,-5.217514031085667,3.210170876487332,0.9316682769747161,2.098334712121314,0.00042675140238774314
1786995146.9922905,53.825573682785034,-5.217514022356427,3.210166102886696,0.9316759092068888,2.09833480458296,0.0008089482841275081
1786995147.0052683,53.83855152130127,-5.21751401387687,3.210161596806724,0.9316831003542811,2.0983348927301066,0.00065390768585534
1786995147.017364,53.85064721107483,-5.217514005639499,3.210157349371256,0.9316898650007531,2.098334976603423,0.0006603646918733068
1786995147.0533617,53.88664484024048,-5.217513997642187,3.2101530668692564,0.9316967051795086,2.0983350618614405,0.00022418665026221145
1786995147.0692718,53.902554988861084,-5.217513997642187,3.2101530668692564,0.9316967051795086,2.0983350618614405,0.0
1786995147.0698678,53.90315103530884,-5.2175139898653295,3.2101491172097134,0.9317029908457801,2.098335141228089,0.01245469276863845
1786995147.0786414,53.911924600601196,-5.2175139823095895,3.210146160882547,0.9317075910369724,2.0983352013760643,0.0006232635497879873
1786995147.0902963,53.923579454422,-5.217513974970605,3.2101442825237005,0.9317103601872794,2.0983352402857736,0.00028710047349089557
1786995147.104284,53.93756723403931,-5.217513967853521,3.210142768973492,0.9317125182953033,2.098335272017846,0.00018844775684763373
1786995147.1370096,53.970292806625366,-5.217513960939244,3.2101411141293315,0.9317149311479467,2.098335306679585,8.940465933158393e-05
1786995147.1472454,53.980528593063354,-5.217513954222935,3.2101392681446526,0.9317176837134296,2.0983353453094944,0.00032379146553766216
1786995147.1635933,53.99687647819519,-5.217513947703734,3.210137342586008,0.931720584686193,2.0983353856608917,0.00021298633604419624
1786995147.1742516,54.00753474235535,-5.217513941371691,3.2101351402341254,0.9317239713266249,2.0983354317991507,0.00037902684394739154
1786995147.2092824,54.04256558418274,-5.217513935223026,3.210132848527167,0.9317275224664668,2.098335479921551,0.00012064829486842749
1786995147.2309282,54.06421136856079,-5.217513929243777,3.210130391442324,0.9317313679402573,2.098335531653552,0.0002108234266515148
1786995147.2353451,54.06862831115723,-5.217513923435564,3.210127824392241,0.9317354125969124,2.0983355858804553,0.0010845769900335385
1786995147.2528908,54.08617401123047,-5.217513917784198,3.2101256324672223,0.9317388255910637,2.098335632584639,0.00023118152200039268
1786995147.2971237,54.130406856536865,-5.217513912294448,3.210123938382149,0.9317413964313609,2.098335669136171,6.960499006360767e-05
1786995147.322211,54.15549421310425,-5.217513906961634,3.2101226968393144,0.9317432022954509,2.0983356963558246,8.735412210493141e-05
1786995147.3333905,54.16667366027832,-5.2175139017707854,3.2101214423044913,0.9317450399541568,2.0983357239223666,0.0001990309484159447
1786995147.3441956,54.1774787902832,-5.217513896730341,3.210120354195047,0.931746601904256,2.098335748077898,0.00017617564192892496
1786995147.377239,54.210522174835205,-5.217513893455913,3.210119817645899,0.9317473248250865,2.098335760252032,2.7245496568276143e-05
1786995147.3865323,54.219815492630005,-5.217513890241293,3.210119426272231,0.9317478030584065,2.098335769398624,6.649650258129691e-05
1786995147.40622,54.239503145217896,-5.217513890241293,3.210119426272231,0.9317478030584065,2.098335769398624,0.0
1786995147.4150503,54.24833345413208,-5.217513877989077,3.2101190754997977,0.9317476734228174,2.0983357805408422,4.237240959391309e-05
1786995147.454042,54.28732514381409,-5.217513873623649,3.210118243643045,0.9317488388023845,2.0983357994138454,3.672120944508064e-05
1786995147.4692466,54.30252981185913,-5.217513870780723,3.2101176837887864,0.9317496290627617,2.0983358121144184,6.369632380971477e-05
1786995147.4780428,54.311326026916504,-5.217513865256446,3.210116925692564,0.9317506003728999,2.0983358299537307,0.0001400768398349169
1786995147.4884229,54.32170605659485,-5.217513865256446,3.210116925692564,0.9317506003728999,2.0983358299537307,0.0
1786995147.5220275,54.355310678482056,-5.217513857352474,3.2101171794415997,0.9317496995543908,2.0983358274720345,2.785059358008075e-05
1786995147.5397763,54.37305951118469,-5.217513854815031,3.2101174942252495,0.9317490112288754,2.098335821807463,4.264467054563948e-05
1786995147.547219,54.380502223968506,-5.217513849871348,3.2101186661800183,0.9317467146760225,2.0983357991140412,0.00034642007839728937
1786995147.5624819,54.39576506614685,-5.2175138462810375,3.2101198344661532,0.9317445044108096,2.0983357760768344,0.00016379882000678678
1786995147.574201,54.40748429298401,-5.217513842795724,3.210121187805346,0.9317419835790844,2.0983357492290753,0.00024414082244916916
1786995147.606201,54.43948411941528,-5.217513839406868,3.210122516174521,0.931739511624403,2.0983357229629935,8.769632844400148e-05
1786995147.6165268,54.44981002807617,-5.217513836102545,3.2101235336490803,0.9317375779043804,2.098335703222121,0.0002116106015517161
1786995147.62726,54.460543155670166,-5.217513832882672,3.210124337150955,0.9317360162630253,2.0983356879613115,0.00016362719642784207
1786995147.6371398,54.470422983169556,-5.21751382974995,3.210125379123487,0.9317340518877414,2.098335667788942,0.00022506670360116477
1786995147.6839452,54.51722836494446,-5.21751382974995,3.210125379123487,0.9317340518877414,2.098335667788942,0.0
1786995147.6844857,54.51776885986328,-5.21751382670839,3.2101266534661295,0.931731695092602,2.0983356428470135,0.0049570520009735684
1786995147.684709,54.5179922580719,-5.217513823746326,3.210127802285405,0.9317295584593,2.0983356205596273,0.010859089519470363
1786995147.6950881,54.52837133407593,-5.21751382087034,3.210128685964942,0.9317278808429095,2.09833560377965,0.00018268737935162247
1786995147.7073755,54.540658712387085,-5.217513818071769,3.21012951039394,0.9317263095872693,2.0983355882498524,0.00014440926348264444
1786995147.7347407,54.568023920059204,-5.2175138153456535,3.210130709435445,0.9317241018094907,2.09833556506721,9.180882437935337e-05
1786995147.7613175,54.594600677490234,-5.217513812702146,3.210132395476273,0.9317210650391043,2.09833553197171,0.00013069426832821072
1786995147.7687356,54.6020188331604,-5.2175138101304785,3.210134239167428,0.9317177629963167,2.09833549578509,0.0005098153694715782
1786995147.7820961,54.615379333496094,-5.2175138076302945,3.210136320639881,0.9317140584149246,2.0983354548921818,0.00031804864384183426
1786995147.804267,54.63755011558533,-5.21751380519298,3.210138629780966,0.931709968530431,2.098335409549204,0.0002118433266552263
1786995147.817753,54.65103626251221,-5.217513802811337,3.210140784772991,0.9317061467618127,2.0983353675110057,0.0003253317757406834
1786995147.826981,54.66026425361633,-5.217513800488432,3.2101426798367405,0.9317027739881056,2.098335330875979,0.00041923582868152917
1786995147.846539,54.67982220649719,-5.217513798230615,3.21014443544002,0.9316996438647962,2.0983352971655123,0.00018349806956147551
1786995147.868512,54.70179510116577,-5.217513796036187,3.2101464625552536,0.9316960529536281,2.0983352581571397,0.0001876662959164772
1786995147.8862479,54.71953105926514,-5.2175137938931,3.2101487954108228,0.9316919426241717,2.0983352132473483,0.00026647596255073103
1786995147.8970978,54.73038101196289,-5.2175137918091865,3.210151503332972,0.931687194227099,2.098335161157009,0.0005038059990194456
1786995147.909211,54.742494106292725,-5.217513789788194,3.2101545430602587,0.9316818818015499,2.09833510283121,0.0005052883515894395
1786995147.9438722,54.77715539932251,-5.2175137878240685,3.210157625337452,0.9316765002449396,2.0983350440412427,0.0001789241020656401
1786995147.9580693,54.79135251045227,-5.217513785911357,3.2101608254555156,0.9316709206469365,2.0983349833224456,0.0004530611356802124
1786995147.9671671,54.80045032501221,-5.217513784039247,3.2101644153683493,0.9316646777359296,2.0983349155038584,0.0007915623017261705
1786995147.9762495,54.8095326423645,-5.217513782221717,3.2101685952595234,0.9316574291670624,2.0983348369176755,0.000921283786165366
1786995147.9891872,54.82247042655945,-5.217513780447777,3.210173281707608,0.9316493177934241,2.0983347494142888,0.0007240714597844309
1786995148.0275717,54.86085486412048,-5.217513780447777,3.210173281707608,0.9316493177934241,2.0983347494142888,0.0
1786995148.0282912,54.86157441139221,-5.217513778719164,3.21017773138136,0.9316416150050366,2.0983346671755148,0.012362839904442056
1786995148.0352166,54.868499755859375,-5.217513777031554,3.2101816056813086,0.9316348996055122,2.0983345963679056,0.001119490469954772
1786995148.0421393,54.87542247772217,-5.2175137753861875,3.210184983487203,0.9316290363911517,2.0983345352833513,0.0009774477202682996
1786995148.057596,54.89087915420532,-5.217513773774888,3.210188165376066,0.9316235111630561,2.09833447821766,0.0004125037097297199
1786995148.0885298,54.921813011169434,-5.217513772208374,3.21019092245045,0.9316187151203537,2.0983344292743835,0.00017883453308791225
1786995148.103228,54.936511278152466,-5.217513770687395,3.2101932289207755,0.9316146921472419,2.0983343887837282,0.00031549661866731623
1786995148.1154616,54.948744773864746,-5.217513769199726,3.2101952677350645,0.931611129296965,2.098334353318189,0.0003355505747848788
1786995148.126295,54.95957827568054,-5.217513767745328,3.210196956745509,0.9316081668717711,2.098334324290578,0.0003147727461511508
1786995148.158137,54.99142026901245,-5.217513766331687,3.2101979881677813,0.9316063308617255,2.0983343071678378,6.613557689989609e-05
1786995148.1692376,55.00252079963684,-5.217513765401344,3.2101982669294733,0.9316058069581544,2.0983343031095454,5.346148387073946e-05
1786995148.191435,55.024718284606934,-5.217513763594426,3.2101979295566467,0.9316062916735262,2.0983343110517074,2.6605257037093216e-05
1786995148.1966095,55.029892683029175,-5.217513762278506,3.2101971168011083,0.9316076143912061,2.0983343270521946,0.00030002859839668066
1786995148.2306657,55.0639488697052,-5.217513760987948,3.2101960650879544,0.931609347587559,2.0983343473976666,5.9529013799747964e-05
1786995148.245316,55.07859921455383,-5.217513759733205,3.2101947496185317,0.9316115336263124,2.09833437254773,0.00017414734379313208
1786995148.2531843,55.08646750450134,-5.217513758505667,3.210193525961818,0.9316135646276921,2.0983343960909457,0.0003013538897827161
1786995148.2651649,55.098448038101196,-5.217513757306981,3.2101921284612507,0.9316158946928105,2.098334422852519,0.00022678645709379476
1786995148.295719,55.1290020942688,-5.217513756136337,3.2101902165726166,0.931619105996185,2.0983344590591586,0.0001223192919448589
1786995148.3123972,55.14568042755127,-5.217513754995434,3.210187700825015,0.9316233515534781,2.0983345064742047,0.0002958899540680606
1786995148.3209732,55.15425634384155,-5.217513753882616,3.210184740783924,0.9316283586470955,2.0983345623362264,0.0006782481790175526
1786995148.3352647,55.16854786872864,-5.2175137527930255,3.2101817072634806,0.9316334932954202,2.098334619881947,0.0004172959773389144
1786995148.3636081,55.19689130783081,-5.217513751726516,3.210178742405212,0.9316385124149696,2.0983346765059,0.00020567030042440432
1786995148.37897,55.21225309371948,-5.217513750687093,3.2101763993624157,0.9316424699734822,2.0983347217749833,0.00029938858883071535
1786995148.3928132,55.226096391677856,-5.2175137496606805,3.210174669128669,0.9316453811606805,2.0983347557178433,0.00024463462330520024
1786995148.4003158,55.233598947525024,-5.217513748672918,3.210173330430547,0.9316476242612259,2.0983347823680085,0.0003481753165739098
1786995148.41094,55.24422311782837,-5.217513747707286,3.2101719802964714,0.9316498883682675,2.0983348093055065,0.00024812327002418123
1786995148.448102,55.28138518333435,-5.217513746758127,3.210170609287979,0.9316521895766869,2.0983348366976493,7.208052297648756e-05
1786995148.4612541,55.29453730583191,-5.2175137458234975,3.2101688692063557,0.931655123413037,2.098334871197332,0.0002593537826735262
1786995148.4722981,55.30558133125305,-5.217513744909576,3.210166912742357,0.9316584287327513,2.0983349099573525,0.00034778525371531653
1786995148.4921703,55.32545351982117,-5.217513744018887,3.210164847148622,0.9316619220895742,2.0983349509444125,0.0002042226948654621
1786995148.516345,55.34962821006775,-5.217513743145442,3.2101625375028484,0.9316658342658751,2.0983349968118725,0.0001879271776314918
1786995148.5329552,55.3662383556366,-5.217513742296981,3.2101603670260026,0.9316695097075643,2.0983350401826595,0.0002569797282454215
1786995148.549928,55.38321113586426,-5.217513741459247,3.2101583176149027,0.9316729793179255,2.0983350813787363,0.0002374198684860874
1786995148.561261,55.39454412460327,-5.217513740638904,3.21015652179619,0.9316760163046707,2.098335117779261,0.00031132196548130833
1786995148.5826375,55.41592073440552,-5.217513739834862,3.210155097135555,0.9316784194419738,2.098335147026125,0.00013068930288978419
1786995148.5973387,55.4306218624115,-5.217513739043535,3.210153746945453,0.9316806962554611,2.09833517490196,0.00018005786740514672
1786995148.6071403,55.44042348861694,-5.217513738268341,3.210152575295127,0.9316826686397179,2.0983351993295245,0.00023405677678510367
1786995148.619444,55.45272707939148,-5.217513737505986,3.2101515052276635,0.9316844682164513,2.098335221807846,0.00017016870217164426
1786995148.658815,55.49209809303284,-5.21751373676437,3.2101505030124406,0.931686152672833,2.098335242981905,4.9784302925988184e-05
1786995148.6719117,55.505194902420044,-5.217513736038679,3.210149261172363,0.9316882480964703,2.0983352689419044,0.00018598181376195888
1786995148.6846156,55.51789879798889,-5.21751373532581,3.2101478246220108,0.9316906776332919,2.0983352988348134,0.00022217343950020678
1786995148.690688,55.52397108078003,-5.2175137346296045,3.2101464289019996,0.9316930382216626,2.0983353279858266,0.0004516154972977083
1786995148.7225776,55.55586075782776,-5.217513733951022,3.2101448887789963,0.9316956468271808,2.0983353600878876,9.499386571976487e-05
1786995148.7346094,55.56789255142212,-5.217513733273548,3.21014340257336,0.9316981640504685,2.098335391202219,0.00024295803687104502
1786995148.7450721,55.57835531234741,-5.217513732607842,3.2101421201628315,0.931700333356246,2.0983354183126477,0.00024085543651432482
1786995148.756996,55.59027910232544,-5.2175137319533,3.2101411400464084,0.9317019861200612,2.09833543941513,0.00016115049176142196
1786995148.7924027,55.625685930252075,-5.217513731318059,3.2101404029147864,0.9317032237995367,2.0983354556471374,4.0685945700893356e-05
1786995148.8116584,55.644941568374634,-5.217513730899485,3.210139964920795,0.9317039578896166,2.0983354653932222,4.4393532926801206e-05
1786995148.8213625,55.654645681381226,-5.21751373007845,3.210138945902048,0.9317056718144566,2.098335487837491,0.00020547735631079798
1786995148.8299162,55.66319942474365,-5.217513729480482,3.2101380639999095,0.9317071594031547,2.098335507062199,0.00020217533304421902
1786995148.841432,55.67471528053284,-5.217513729084491,3.2101375349151944,0.9317080507796455,2.098335518703776,9.001264520399902e-05
1786995148.875633,55.70891618728638,-5.217513728309389,3.210136633344606,0.9317095663767513,2.098335538852448,5.1562400502114835e-05
1786995148.882449,55.71573209762573,-5.217513727740683,3.2101359165709367,0.9317107732924831,2.0983355548014235,0.00020594652896572342
1786995148.8976293,55.73091244697571,-5.217513727183698,3.2101348607976967,0.9317125610648869,2.098335577659838,0.00013677179506086016
1786995148.9091449,55.74242806434631,-5.217513726628519,3.2101332941969143,0.9317152238247418,2.0983356109741624,0.0002682810579775902
1786995148.9423344,55.775617599487305,-5.2175137260795035,3.2101311476278167,0.9317188799962742,2.0983356562643207,0.000127743114827943
1786995148.9573078,55.79059100151062,-5.21751372554006,3.210128670717367,0.9317231023698327,2.0983357085247514,0.0003269300630442442
1786995148.9682367,55.80151987075806,-5.217513725003735,3.2101258942676134,0.9317278382789201,2.098335767220416,0.0005023176544721442
1786995148.9783056,55.811588764190674,-5.2175137244833705,3.2101229231941493,0.9317329081936647,2.0983358302437725,0.0005836127935600273
1786995149.0131445,55.84642767906189,-5.217513723967456,3.2101197605743765,0.931738306887089,2.0983358976136794,0.00017959344205176891
1786995149.0224676,55.85575079917908,-5.217513723455131,3.21011643201306,0.9317439905700637,2.098335968849556,0.0007064824504624983
1786995149.0326285,55.86591172218323,-5.217513722956486,3.2101127479099194,0.9317502839643803,2.0983360480481763,0.0007176929354863863
1786995149.045502,55.878785133361816,-5.217513722468252,3.210108874219385,0.9317569029814406,2.0983361317942544,0.0005957407350726597
1786995149.0770652,55.910348415374756,-5.217513721978012,3.210104841926985,0.931763794621048,2.0983362195344033,0.00025297163720520256
1786995149.0888634,55.9221465587616,-5.217513721494358,3.210101181758343,0.9317700498861152,2.0983362998476074,0.0006142852499178983
1786995149.105224,55.938507080078125,-5.217513721021751,3.210098276538853,0.9317750128531906,2.0983363642426904,0.00035150278941057755
1786995149.1198583,55.95314145088196,-5.217513720560143,3.210095970724114,0.9317789497196075,2.098336415875847,0.0003117607551831058
1786995149.1470287,55.98031187057495,-5.217513720104867,3.2100943170163285,0.9317817700265094,2.0983364534214886,0.00012032885035873318
1786995149.1575086,55.99079179763794,-5.217513719649657,3.2100931995764004,0.9317836720968949,2.0983364793017953,0.0002104999829063576
1786995149.1741977,56.00748085975647,-5.217513719198603,3.210092270750706,0.9317852514448366,2.098336501091521,0.00010978612222713673
1786995149.1892157,56.02249884605408,-5.21751371890087,3.2100917039988808,0.9317862146720528,2.0983365144840898,7.441697584677716e-05
1786995149.2152326,56.04851579666138,-5.217513718602839,3.210091307462174,0.9317868864432706,2.0983365241460317,2.998336201474833e-05
1786995149.235242,56.068525075912476,-5.217513717873448,3.210091633516364,0.9317863095258152,2.09833651932077,3.311866566676566e-05
1786995149.2390928,56.072376012802124,-5.217513717448332,3.210093104429917,0.931783778996051,2.0983364884220457,0.0007600676246041642
1786995149.2522485,56.08553171157837,-5.217513717026165,3.210095311002686,0.9317799885804241,2.0983364415198626,0.00033338486598304416
1786995149.2621195,56.09540271759033,-5.217513716609291,3.2100979077008867,0.9317755303503626,2.0983363863221953,0.000522674910587801
1786995149.2982802,56.13156342506409,-5.217513716199859,3.2101010156445517,0.9317701969371215,2.098336320302117,0.00017070720288443322
1786995149.3080797,56.14136290550232,-5.2175137157868585,3.210104364583295,0.931764451385126,2.098336249477842,0.000678640079992503
1786995149.3200018,56.15328502655029,-5.217513715382275,3.210107862674039,0.9317584510722708,2.098336175887518,0.0005825750663452783
1786995149.3330138,56.16629695892334,-5.2175137149844035,3.210111362780024,0.9317524480306866,2.0983361027326355,0.0005340408031195099
1786995149.3594446,56.19272780418396,-5.217513714595343,3.2101149316448563,0.9317463279658543,2.0983360285772013,0.00026804403984861356
1786995149.3846433,56.21792650222778,-5.217513714595343,3.2101149316448563,0.9317463279658543,2.0983360285772013,0.0
1786995149.3852131,56.218496322631836,-5.217513714205971,3.2101184226984336,0.9317403418564004,2.098335956548515,0.012161227977947695
1786995149.3854318,56.21871495246887,-5.2175137138198915,3.2101220146949374,0.9317341836033644,2.098335882876484,0.03260887037827383
1786995149.395271,56.228554248809814,-5.217513713434372,3.2101256302879175,0.9317279856610062,2.0983358092053206,0.0007292639781600827
1786995149.4284976,56.261780738830566,-5.217513713054552,3.210129223847572,0.9317218261478524,2.098335736495457,0.00021462237238070367
1786995149.445093,56.27837610244751,-5.217513713054552,3.210129223847572,0.9317218261478524,2.098335736495457,0.0
1786995149.4494061,56.282689332962036,-5.2175137126846085,3.2101326973496587,0.9317158728506432,2.098335666717193,0.0015979970454941068
1786995149.4530895,56.286372661590576,-5.217513712313151,3.2101359251183506,0.9317103408207437,2.098335602394711,0.0017388700593478292
1786995149.4663243,56.29960751533508,-5.217513711945077,3.210139226988511,0.931704682560156,2.0983355369723666,0.0004949962452591295
1786995149.5010476,56.334330797195435,-5.217488688546687,3.210160308130565,0.9317143319883129,2.09837068025303,0.0009824242972535252
1786995149.518241,56.351524114608765,-5.217480453565528,3.210155483087654,0.9317075662898194,2.098490482063928,0.0006804487991669539
1786995149.5291932,56.36247634887695,-5.2174544597829415,3.210176218849129,0.9317184152734314,2.09864704679527,0.003193540717557095
1786995149.5373313,56.370614528656006,-5.217431536193976,3.2101693952919557,0.9317237359621946,2.098752946691734,0.003010781029300656
1786995149.571607,56.404890298843384,-5.217414141574053,3.210164062509432,0.9317339121020518,2.0988740153547663,0.0006081913614528119
1786995149.578713,56.41199612617493,-5.217399964805835,3.2101439604273123,0.9317415877605053,2.0989515731046855,0.0036263204836551642
1786995149.5898192,56.423102378845215,-5.217385805368169,3.210121529020809,0.9317534303593806,2.0990290730596097,0.0026156473122192683
1786995149.6066148,56.4398980140686,-5.2173720139142645,3.2100979158245937,0.9317680129314226,2.0991045889721516,0.0018451784722977745
1786995149.6378183,56.47110152244568,-5.217358931432832,3.2100741661085137,0.9317840667555743,2.0991762497101965,0.0010098454850220695
1786995149.654439,56.48772215843201,-5.217346649229046,3.2100508933193916,0.9318006774204004,2.099243549030951,0.0018723083842850869
1786995149.6621966,56.49547982215881,-5.217335275066239,3.2100283117665307,0.9318176390640522,2.099305898177939,0.00392471255330931
1786995149.6742141,56.50749731063843,-5.217324820500918,3.2100062652508665,0.9318352328878245,2.0993632386131713,0.0025031336681635005
1786995149.6873932,56.520676374435425,-5.21731532804396,3.2099851547018443,0.9318528326184139,2.0994153323256826,0.0022063553758571745
1786995149.7148163,56.548099517822266,-5.217306957707883,3.209965619704953,0.9318695828047756,2.099461297092229,0.0009867603187801836
1786995149.7289963,56.56227946281433,-5.217300291256276,3.209948182977189,0.9318854768406913,2.099497961018161,0.001729017282889864
1786995149.7432594,56.5765426158905,-5.217295461368482,3.2099325309268805,0.9319012520608614,2.0995246105152208,0.0015944172582991964
1786995149.7501543,56.58343744277954,-5.21729246752685,3.209918900421005,0.9319164965813813,2.0995412436938,0.002997549916431152
1786995149.7849216,56.618204832077026,-5.217291344216079,3.209907271169781,0.9319312939699219,2.0995476737817955,0.0005422826913338854
1786995149.7945406,56.62782382965088,-5.217291356067182,3.209897119883,0.9319454060873852,2.0995479080630557,0.0018072484564990992
1786995149.8083992,56.641682386398315,-5.2172913675683645,3.2098880313775267,0.9319577939544185,2.099548121230151,0.001108647508724746
1786995149.830553,56.66383624076843,-5.217291378728498,3.209880189005649,0.9319681387636198,2.0995483077918795,0.0005859679327869791
1786995149.8563943,56.689677476882935,-5.2172913895408435,3.209873101707483,0.9319772805516995,2.09954847851012,0.0004476291343902977
1786995149.8665922,56.699875354766846,-5.21729140003281,3.2098666893493886,0.9319853538193161,2.09954863470708,0.0010109946347450105
1786995149.8783736,56.71165680885315,-5.217291410207336,3.2098610934297236,0.9319921123409702,2.0995487724130673,0.0007447731395708088
1786995149.890623,56.72390627861023,-5.217291420071118,3.20985659171746,0.9319970757206973,2.099548884222796,0.0005470273228715817
1786995149.9274096,56.760692834854126,-5.217291429636336,3.2098528661503547,0.9320007877451376,2.0995489774999454,0.00014296496795041788
1786995149.9380393,56.77132248878479,-5.217291438907233,3.209849691086863,0.9320036336170531,2.0995490575369398,0.0004011243454124186
1786995149.9496067,56.78288984298706,-5.2172914478880905,3.209846939578329,0.9320058290820564,2.0995491273358744,0.0003043113886004882
1786995149.967653,56.800936222076416,-5.217291456590813,3.2098446422762787,0.9320073190687923,2.09954918600085,0.0001517312050578332
1786995149.9956107,56.8288938999176,-5.2172914650279365,3.2098432556254295,0.9320073166152752,2.099549221879577,4.9599208326307266e-05
1786995150.0041986,56.83748173713684,-5.2172914705125875,3.2098430875101522,0.9320060542909484,2.099549226725995,0.00014828898426623498
1786995150.033879,56.867162227630615,-5.2172914705125875,3.2098430875101522,0.9320060542909484,2.099549226725995,0.0
1786995150.0344558,56.86773896217346,-5.217291481146715,3.209843299364215,0.9320026794576672,2.0995492226237795,0.005863170571676498
1786995150.034678,56.867961168289185,-5.217291488841729,3.2098437587663917,0.9319997098876183,2.0995492119897685,0.013523053981069694
1786995150.0630007,56.896283864974976,-5.217291496299904,3.2098448194671967,0.9319957715177829,2.099549186226511,0.00014400863478052217
1786995150.0742888,56.90757203102112,-5.217291503530156,3.2098462536374623,0.9319912541491107,2.0995491511428956,0.00041987061459870567
1786995150.0906901,56.92397332191467,-5.217291510535499,3.2098480640960396,0.9319861511612139,2.099549106718465,0.00033013481222463764
1786995150.1018834,56.93516659736633,-5.217291517325891,3.2098501789610934,0.9319805843921241,2.0995490548389055,0.0005320128041691583
1786995150.1117911,56.94507431983948,-5.2172915239002835,3.2098528028838347,0.931974200476787,2.0995489904921336,0.0006966413637179495
1786995150.145353,56.978636264801025,-5.2172915302743315,3.2098563488029783,0.931966288322373,2.099548903602658,0.0002583401001768488
1786995150.161165,56.99444818496704,-5.217291536453279,3.2098604836554054,0.9319574189618138,2.0995488027371243,0.0006188898360215681
1786995150.1822114,57.01549458503723,-5.21729154244571,3.2098648456697254,0.9319482126139168,2.099548697009312,0.00048404693898134496
1786995150.1926086,57.02589178085327,-5.217291548256775,3.209869558708506,0.9319384550671135,2.0995485835207246,0.001042220030406941
1786995150.2223244,57.05560755729675,-5.21729155388341,3.2098746161935803,0.9319281563082009,2.0995484626233156,0.0003861101154717279
1786995150.2332308,57.066514015197754,-5.2172915593324785,3.209880085991851,0.9319171985193686,2.0995483328919398,0.0011229233598950554
1786995150.2462082,57.07949137687683,-5.217291564613004,3.2098855570482017,0.9319062863925907,2.099548204294905,0.0009406258755512919
1786995150.2561626,57.08944582939148,-5.217291569724059,3.209890647739206,0.9318960737451414,2.0995480857683186,0.001146331804047587
1786995150.2835195,57.11680269241333,-5.217291574679246,3.20989521044572,0.931886812405767,2.0995479805052355,0.0003773926230451286
1786995150.2952385,57.12852168083191,-5.217291579481156,3.2098992598507383,0.9318784755639119,2.0995478879022067,0.0007908753962259042
1786995150.3094,57.142683267593384,-5.217291584129671,3.209903015472436,0.931870684901704,2.0995478026629386,0.0006107118771513098
1786995150.3243127,57.15759587287903,-5.217291588632916,3.2099065036365713,0.9318633938667634,2.099547724084869,0.00054198987290918
1786995150.3545163,57.18779945373535,-5.21729159299972,3.2099095822545816,0.9318568449821769,2.099547655258975,0.00023958820022340274
1786995150.3719816,57.20526480674744,-5.2172915972272556,3.209912064499236,0.9318513575149519,2.099547600271774,0.00034484146060349824
1786995150.3831499,57.21643304824829,-5.217291601326398,3.209913970209956,0.9318468961103541,2.0995475585070396,0.0004343906157656549
1786995150.3952215,57.22850465774536,-5.217291605295817,3.209915516075303,0.9318430877146675,2.099547524955846,0.0003404833169322712
1786995150.4186556,57.251938819885254,-5.2172916091350885,3.2099166738105134,0.931839979725789,2.099547500203053,0.0001415292257755791
1786995150.4490175,57.2823007106781,-5.2172916091350885,3.2099166738105134,0.931839979725789,2.099547500203053,0.0
1786995150.4495518,57.28283500671387,-5.217291612859008,3.209917492828694,0.9318374862807569,2.099547483089841,0.004912096743073894
1786995150.4497812,57.28306436538696,-5.217291616461924,3.2099183923074337,0.9318348871631352,2.099547464218475,0.011991529614776545
1786995150.4528348,57.286118030548096,-5.217291619957135,3.2099197722658257,0.9318314951671366,2.0995474346595047,0.001199200800350636
1786995150.4874752,57.32075834274292,-5.217291623337516,3.2099213300824148,0.9318278285992275,2.0995474012279947,0.00011500423625717116
1786995150.5021045,57.33538770675659,-5.217291626602821,3.2099229996679632,0.931823999953616,2.09954736540623,0.0002855112051378479
1786995150.5156496,57.34893274307251,-5.217291629756371,3.209924747023629,0.9318200667039094,2.0995473279948538,0.000317748765348644
1786995150.5263782,57.3596613407135,-5.217291632811864,3.2099268879221055,0.9318154863874406,2.099547282035162,0.00047126031277300306
1786995150.538298,57.371581077575684,-5.217291635771206,3.2099291997223265,0.9318106401475882,2.099547232504571,0.00045046306867388696
1786995150.5741985,57.40748167037964,-5.217291638635234,3.2099313418480477,0.9318061113419083,2.099547186899678,0.00013954837615824203
1786995150.5850506,57.418333768844604,-5.217291641412922,3.209933410118997,0.9318017348156784,2.0995471430773684,0.0004460550814469885
1786995150.6012597,57.4345428943634,-5.217291644094077,3.2099354917646026,0.9317973601996297,2.0995470991325536,0.00029888339075400517
1786995150.61173,57.44501328468323,-5.2172916466883565,3.2099377642990388,0.9317926823643322,2.099547051244645,0.0004966988639996068
1786995150.6433866,57.476669788360596,-5.2172916492070165,3.2099401119853033,0.9317878991157948,2.0995470019445746,0.0001683170809770849
1786995150.65732,57.49060320854187,-5.217291651643517,3.2099423476787408,0.9317833306513745,2.0995469552390524,0.00036503436396593023
1786995150.6696515,57.50293469429016,-5.217291653994382,3.20994421331299,0.9317794187187584,2.099546916637817,0.00035146046406169516
1786995150.6801732,57.51345634460449,-5.217291656266742,3.209945770804676,0.9317760564361304,2.099546884739328,0.0003521785892529675
1786995150.7069547,57.54023790359497,-5.217291658473288,3.2099470500508307,0.9317731918601225,2.0995468588349078,0.00011714177804924151
1786995150.7243214,57.55760455131531,-5.217291659903939,3.209947607366345,0.9317717999240099,2.0995468478704296,8.633576337527817e-05
1786995150.741935,57.575218200683594,-5.217291662659166,3.2099484167524164,0.9317695652697612,2.099546832454634,0.00013493620262595472
1786995150.745111,57.578394174575806,-5.217291663989664,3.2099488453019305,0.9317684196625379,2.0995468242590096,0.0003851229299033395
1786995150.7835803,57.616863489151,-5.217291665939384,3.2099495818103967,0.9317665559684654,2.099546809989547,5.2092093573660534e-05
1786995150.8064065,57.639689683914185,-5.217291665939384,3.2099495818103967,0.9317665559684654,2.099546809989547,0.0
1786995150.806989,57.64027214050293,-5.217291668433204,3.209950550585038,0.9317641214568059,2.0995467912876835,0.004498509585786013
1786995150.8072157,57.640498876571655,-5.217291669641637,3.2099508469243707,0.9317632380856324,2.0995467859141703,0.004109415424464595
1786995150.8166285,57.649911642074585,-5.217291671965987,3.2099510471927206,0.931762166271573,2.0995467834587695,0.00011583907848670153
1786995150.8511713,57.68445444107056,-5.217291671965987,3.2099510471927206,0.931762166271573,2.0995467834587695,0.0
1786995150.8673475,57.70063066482544,-5.217291675251238,3.2099515491468154,0.9317602665435892,2.09954677552526,0.00012147002089069368
1786995150.8788593,57.71214246749878,-5.2172916762949155,3.2099519645394214,0.9317592217785478,2.0995467676524475,9.766635752725587e-05
1786995150.891437,57.72472023963928,-5.217291677308323,3.209952227299509,0.9317584452688616,2.099546763013585,6.517552338605434e-05
1786995150.9266217,57.759904861450195,-5.217291678788115,3.2099524922261713,0.9317575141232121,2.099546758774968,2.751490472384669e-05
1786995150.9444516,57.77773475646973,-5.217291678788115,3.2099524922261713,0.9317575141232121,2.099546758774968,0.0
1786995150.9525077,57.78579092025757,-5.21729168206494,3.2099521192199068,0.9317570947912488,2.099546769738933,6.96651789986462e-05
1786995150.9647737,57.798056840896606,-5.217291682947285,3.2099518610196043,0.9317572483041078,2.0995467760674758,2.4489834547676254e-05
1786995150.9723713,57.805654525756836,-5.217291682947285,3.2099518610196043,0.9317572483041078,2.0995467760674758,0.0
1786995151.0032842,57.836567401885986,-5.217291686268641,3.2099525687420365,0.9317549353969066,2.099546764762735,7.8244564108583e-05
1786995151.017098,57.85038113594055,-5.217291687445594,3.209953544782494,0.9317528723014705,2.0995467456095134,0.00016522162372695177
1786995151.0271826,57.86046576499939,-5.2172916885830904,3.2099546814326625,0.9317505455685764,2.099546723119877,0.00025677980476179816
1786995151.038743,57.872026205062866,-5.217291689675599,3.209955541741413,0.9317487037680173,2.09954670647539,0.00017584288248508287
1786995151.0742793,57.907562494277954,-5.2172916903818365,3.2099559286090384,0.9317478019361605,2.099546699286849,2.7614284637111326e-05
1786995151.0881028,57.92138600349426,-5.2172916910696685,3.2099561858776817,0.9317471269782458,2.0995466948074974,5.2253494835693243e-05
1786995151.099895,57.933178186416626,-5.2172916910696685,3.2099561858776817,0.9317471269782458,2.0995466948074974,0.0
1786995151.1082869,57.94157004356384,-5.217291693639983,3.2099555157184394,0.9317473850608645,2.0995467124291185,8.557594558141595e-05
1786995151.1442761,57.977559328079224,-5.2172916942387575,3.2099552263397606,0.93174766935937,2.099546719382499,1.1271893278469429e-05
1786995151.1491413,57.98242449760437,-5.2172916953932145,3.20995465060447,0.9317482453508739,2.099546733240821,0.00016739286484905
1786995151.1621408,57.995424032211304,-5.217291696221294,3.2099539294750823,0.9317491838884352,2.099546749714923,9.104850585183048e-05
1786995151.1743112,58.00759434700012,-5.217291697019553,3.209953113235152,0.9317502942833984,2.099546768204263,0.00011323649665528173
1786995151.2111197,58.044402837753296,-5.217291697786676,3.209952044422207,0.9317518461704846,2.09954679201852,5.1192921028592776e-05
1786995151.2352138,58.06849694252014,-5.21729169851867,3.209950229047147,0.9317546860294568,2.099546831647844,0.00013988970424005798
1786995151.2417161,58.07499933242798,-5.2172916992283325,3.209947918456065,0.9317583829196927,2.099546881902493,0.0006704561851983382
1786995151.2543159,58.08759903907776,-5.217291699916178,3.2099457252046126,0.9317618866775665,2.0995469298521465,0.0003280713479215425
1786995151.274375,58.10765814781189,-5.2172917005634725,3.2099439222746047,0.9317647290815444,2.099546969647747,0.00016780303936685389
1786995151.2913358,58.124619007110596,-5.217291701186191,3.2099421893061186,0.9317674590295042,2.0995470080763146,0.000190647317855523
1786995151.3020575,58.13534069061279,-5.217291701784987,3.2099405352431716,0.9317700609557519,2.099547044926853,0.0002875640959063995
1786995151.314436,58.14771914482117,-5.217291702358043,3.209939148648494,0.9317722113603218,2.099547076120978,0.00020670497998198753
1786995151.3453012,58.1785843372345,-5.217291702905717,3.209938022193068,0.9317739225644477,2.099547101775159,6.637534504381745e-05
1786995151.3581507,58.191433906555176,-5.217291703427985,3.2099370775603555,0.9317753286064712,2.0995471235316887,0.00013182515876409792
1786995151.3742118,58.20749497413635,-5.217291703923244,3.2099362587773412,0.9317765252503993,2.0995471426134036,9.027747371042077e-05
1786995151.388194,58.22147727012634,-5.217291704242207,3.209935861574893,0.9317770715847075,2.0995471521194076,4.83084889326704e-05
1786995151.397471,58.230754137039185,-5.217291704847748,3.2099351616726977,0.9317780102204892,2.099547169118665,0.00012621229212305242
1786995151.4256306,58.25891375541687,-5.2172917052841905,3.20993438899291,0.9317791457860753,2.0995471872677993,4.8776051504891174e-05
1786995151.440409,58.27369213104248,-5.217291705700393,3.209933597431969,0.9317803193625522,2.0995472058341655,9.578686802789406e-05
1786995151.453409,58.28669214248657,-5.217291706094361,3.2099326727664907,0.9317817266368802,2.0995472273319646,0.00012952855900779712
1786995151.4620612,58.29534435272217,-5.217291706471853,3.2099314845680635,0.9317835911041412,2.0995472546163563,0.0002555294296504572
1786995151.4963238,58.329607009887695,-5.217291706824221,3.209930186652399,0.9317856488852911,2.0995472843451504,7.100761192583839e-05
1786995151.5096884,58.34297156333923,-5.217291707151708,3.2099290131238107,0.9317874984076466,2.099547311418662,0.00016389709357857128
1786995151.523432,58.35671520233154,-5.217291707464517,3.2099278958047535,0.9317892564221997,2.0995473373114626,0.0001515632621036756
1786995151.5411828,58.37446594238281,-5.217291707766196,3.2099268720990977,0.9317908586428577,2.0995473612027844,0.00010711314137529697
1786995151.5665436,58.399826765060425,-5.217291708055303,3.209926092812835,0.9317920463077248,2.0995473797390676,5.6011794634373964e-05
1786995151.5773888,58.4106719493866,-5.217291708240471,3.2099256475551687,0.9317927132015951,2.099547390474288,7.393825150319668e-05
1786995151.592041,58.42532420158386,-5.217291708597553,3.20992493913151,0.931793740476602,2.099547407954252,8.516516184238513e-05
1786995151.6006827,58.43396592140198,-5.217291708597553,3.20992493913151,0.931793740476602,2.099547407954252,0.0
1786995151.6416428,58.47492599487305,-5.217291708597553,3.20992493913151,0.931793740476602,2.099547407954252,0.0
1786995151.6555169,58.488800048828125,-5.217291708597553,3.20992493913151,0.931793740476602,2.099547407954252,0.0
1786995151.6712034,58.50448656082153,-5.217291709430159,3.209925203942054,0.9317928077113905,2.0995474071923663,6.181277682468928e-05
1786995151.684801,58.51808428764343,-5.217291709674874,3.20992590362141,0.9317914464985735,2.099547393616676,0.0001125560906554913
1786995151.7060041,58.53928732872009,-5.217291709845761,3.2099269479350516,0.9317895388412807,2.099547372013314,0.00010257010898042161
1786995151.7170522,58.55033540725708,-5.217291710002736,3.2099283641700835,0.931786996938887,2.099547342284993,0.0002633769456980335
1786995151.7432601,58.57654333114624,-5.2172917101491505,3.209930125838416,0.9317838661670024,2.0995473050735205,0.00013707235815032075
1786995151.7552488,58.58853197097778,-5.2172917102839955,3.2099321797520113,0.9317802376829039,2.099547261594231,0.0003477848531623553
1786995151.7797487,58.61303186416626,-5.217291710400171,3.2099338792499386,0.9317772202062153,2.0995472259894514,0.00014135397720309412
1786995151.7917662,58.625049352645874,-5.217291710471195,3.209934579684382,0.9317759519776516,2.0995472116967617,0.00012055736775442606
1786995151.811354,58.64463710784912,-5.217291710534941,3.20993490390608,0.9317753301301079,2.0995472055888684,3.580270264851043e-05
1786995151.8304574,58.66374063491821,-5.217291710620107,3.2099351592445857,0.931774795855125,2.0995472014421486,3.099715435932391e-05
1786995151.832994,58.666277170181274,-5.217291710620107,3.2099351592445857,0.931774795855125,2.0995472014421486,0.0
1786995151.8626575,58.69594073295593,-5.2172917107989605,3.209935508991503,0.9317739820784878,2.0995471971182424,2.9859909272454405e-05
1786995151.8726852,58.705968379974365,-5.217291710884048,3.209936341842777,0.931772438423715,2.099547180935541,0.00017491627494818022
1786995151.887924,58.72120714187622,-5.21729171093361,3.209937476381721,0.931770409515831,2.0995471578018865,0.00015254351671845014
1786995151.8973012,58.730584383010864,-5.217291710971415,3.2099388720083826,0.9317679355390535,2.0995471290986707,0.0003029122756374604
1786995151.9402556,58.77353882789612,-5.217291711008655,3.209940513435757,0.931765042672797,2.0995470951886324,7.74332594422809e-05
1786995151.9482484,58.78153157234192,-5.217291711036503,3.2099424172050948,0.9317617025367307,2.099547055768669,0.00048100958215275316
1786995151.9589443,58.79222750663757,-5.217291711049105,3.209944865043785,0.9317574321816573,2.0995470048739135,0.0004601915947553783
1786995151.9692898,58.80257296562195,-5.2172917110534,3.209947733096808,0.9317524439785169,2.0995469452948297,0.0005561808681894853
1786995151.9979692,58.831252336502075,-5.217291711049565,3.2099507909953644,0.9317471328426644,2.0995468820375933,0.00021369130733918864
1786995152.0112607,58.84454393386841,-5.217291711043439,3.2099540498258765,0.93174147977423,2.0995468149258407,0.0004909204943028843
1786995152.0219412,58.85522437095642,-5.217291711031328,3.2099575467223067,0.9317354211391868,2.099546743252959,0.0006549713347093976
1786995152.0351207,58.868403911590576,-5.217291711011264,3.209961094263959,0.931729278133801,2.0995466709861956,0.0005382410346015168
1786995152.073328,58.90661120414734,-5.217291710976876,3.2099645468214337,0.9317233002404456,2.0995466011712933,0.00018067980909090178
1786995152.095062,58.92834520339966,-5.217291710976876,3.2099645468214337,0.9317233002404456,2.0995466011712933,0.0
1786995152.0956097,58.928892850875854,-5.217291710944305,3.2099677378494986,0.9317177727206751,2.0995465371469315,0.01165437047721616
1786995152.097928,58.93121123313904,-5.217291710904714,3.2099705897368014,0.9317128283848534,2.0995464803966017,0.0024620032067077893
1786995152.1101117,58.943394899368286,-5.217291710847825,3.2099730152795978,0.9317086164588599,2.099546432597532,0.000398928302472192
1786995152.1352909,58.96857404708862,-5.217291710785752,3.209975215331212,0.9317047927021764,2.099546389559215,0.0001752045456909585
1786995152.1497154,58.98299860954285,-5.217291710719693,3.2099772070080514,0.9317013276952628,2.099546350886729,0.00027707112686803565
1786995152.1614118,58.99469494819641,-5.217291710644865,3.2099789718155245,0.9316982530328966,2.099546316901302,0.00030309919113134576
1786995152.176298,59.009581089019775,-5.217291710562804,3.209980302626504,0.931695923386685,2.0995462917088985,0.000180232509596346
1786995152.213297,59.04658007621765,-5.217291710476165,3.2099817353263225,0.9316934207739961,2.099546264554461,7.793984643838093e-05
1786995152.2276354,59.06091856956482,-5.217291710385138,3.2099835631036324,0.931690243031025,2.0995462296224425,0.0002556684002979958
1786995152.2457292,59.079012393951416,-5.217291710290437,3.209985449350907,0.9316869666810753,2.099546193666918,0.00020894028201870964
1786995152.2513614,59.08464455604553,-5.217291710191249,3.209987085909883,0.9316841194413934,2.0995461627763237,0.0005830917874441984
1786995152.2612553,59.09453845024109,-5.217291710098886,3.2099880943061763,0.931682349381093,2.099546144328677,0.00020589962711227362
1786995152.3015263,59.134809494018555,-5.217291710034304,3.209988491005285,0.9316816419880825,2.099546137472637,2.0139366935009353e-05
1786995152.317425,59.15070819854736,-5.217291709898108,3.209989166523965,0.9316804307484814,2.0995461260677404,8.723205465928141e-05
1786995152.3300967,59.16337990760803,-5.2172917097849885,3.2099894375668803,0.9316799272046159,2.099546122138287,4.512865896467471e-05
1786995152.343249,59.17653226852417,-5.2172917096635265,3.209989119849334,0.9316804330813833,2.0995461297785902,4.541953003385103e-05
1786995152.362401,59.19568419456482,-5.217283260225233,3.2099939379481026,0.9316863480650771,2.0995933159618665,0.0005944018941714652
1786995152.37647,59.2097532749176,-5.217275822630467,3.2099868488306895,0.9316863358714206,2.099633834327488,0.0007303177451822305
1786995152.3877673,59.22105050086975,-5.2172692826755975,3.2099801165765323,0.9316871139598618,2.0996694675548753,0.0008336604625800127
1786995152.3965585,59.22984170913696,-5.217263685641787,3.209973595951308,0.931688999781762,2.0996999728860763,0.0010007522674640433
1786995152.4306967,59.2639799118042,-5.217259245879723,3.2099676292208796,0.9316917355779123,2.0997241794909898,0.0002321304138206506
1786995152.4381716,59.27145481109619,-5.217256338735974,3.209962280782807,0.9316957868295273,2.099740047147379,0.0009782489668427798
1786995152.4522657,59.28554892539978,-5.217255406188533,3.2099575816136747,0.9317017788120077,2.0997451741678717,0.0005443226871637279
1786995152.4641929,59.297476053237915,-5.217255400025967,3.209953116715825,0.9317088119882442,2.099745263812339,0.0006984683568358059
1786995152.4968603,59.330143451690674,-5.217255394054663,3.2099483129372954,0.931716444746916,2.099745360974826,0.00027607371758205026
1786995152.5142503,59.34753346443176,-5.2172553882481445,3.209943386158431,0.931724306788549,2.099745461502457,0.0005335357744522941
1786995152.5242748,59.35755801200867,-5.217255382605544,3.2099386086009356,0.931731931131974,2.0997455599016823,0.0008975505867028331
1786995152.5302777,59.363560914993286,-5.217255377122751,3.2099338852397143,0.9317394800616708,2.099745658064883,0.0014834254121668116
1786995152.5615566,59.39483976364136,-5.2172553717953525,3.2099293945289116,0.9317466471742978,2.099745752249602,0.000270399287571127
1786995152.573265,59.406548261642456,-5.2172553666200105,3.209925137510724,0.9317534300986648,2.099745842310194,0.0006839595658718372
1786995152.5856552,59.418938398361206,-5.217255361589457,3.209920827806104,0.9317603192175905,2.0997459341742433,0.0006558525137111043
1786995152.6025307,59.435813903808594,-5.217255356701491,3.20991647355105,0.9317673001640331,2.09974602769924,0.0004875460587891137
1786995152.6373916,59.47067475318909,-5.217255351958677,3.2099121464424165,0.9317742495857486,2.099746121351123,0.0002348328849544979
1786995152.64939,59.48267316818237,-5.217255347340338,3.209907921790944,0.9317810378901801,2.0997462135143543,0.0006663836363733686
1786995152.6611586,59.494441747665405,-5.217255342846183,3.2099039739959285,0.9317873655275362,2.099746300350697,0.0006337346518534053
1786995152.6753004,59.508583545684814,-5.217255338477926,3.20990048605984,0.9317929181292256,2.0997463777257233,0.0004636763726296645
1786995152.6891344,59.5224175453186,-5.217255334231954,3.209897370769995,0.9317978447215555,2.099746447370765,0.00042134774142035635
1786995152.716197,59.54948019981384,-5.217255330103355,3.209894483444253,0.9318023929774377,2.0997465123633776,0.0001990687051944058
1786995152.7333076,59.566590785980225,-5.217255326097221,3.209891935476041,0.9318063713913527,2.0997465701442968,0.0002761096455127643
1786995152.7442179,59.57750105857849,-5.217255322201026,3.2098898602203665,0.9318095507394322,2.099746617649235,0.0003479934353089806
1786995152.756173,59.58945608139038,-5.217255318414043,3.2098881357867803,0.9318121396843843,2.0997466574851598,0.0002601984682528032
1786995152.8097415,59.64302468299866,-5.217255318414043,3.2098881357867803,0.9318121396843843,2.0997466574851598,0.0
1786995152.8102772,59.6435604095459,-5.217255314737489,3.209886636603767,0.9318143532594922,2.0997466924021575,0.004990375730257996
1786995152.810494,59.6437771320343,-5.21725531115501,3.2098859835780407,0.9318151258573072,2.099746708433107,0.004667784935065466
1786995152.8217309,59.65501403808594,-5.21725531115501,3.2098859835780407,0.9318151258573072,2.099746708433107,0.0
1786995152.8311136,59.6643967628479,-5.2172553042936896,3.2098871343070674,0.9318124868995707,2.0997466855054308,0.00030683460555104157
1786995152.8604136,59.69369673728943,-5.217255301002886,3.2098885936973294,0.9318096656183585,2.0997466543239605,0.00010840933651129612
1786995152.8723927,59.70567584037781,-5.217255297797929,3.2098906035407566,0.9318059095880646,2.099746610980893,0.00035561579496081337
1786995152.8844593,59.71774244308472,-5.217255294680771,3.209892744980743,0.9318019371462524,2.099746564882326,0.0003739974063017042
1786995152.8973413,59.73062443733215,-5.217255291648041,3.209894844965175,0.931798044884466,2.099746519883412,0.0003433186453112542
1786995152.9305649,59.763848066329956,-5.2172552886978565,3.2098973117026754,0.9317935323688721,2.09974646698542,0.00015479112694711058
1786995152.9463122,59.779595375061035,-5.2172552886978565,3.2098973117026754,0.9317935323688721,2.09974646698542,0.0
1786995152.9468575,59.78014063835144,-5.217255285832175,3.209899782958042,0.931789020711998,2.099746414228374,0.009434228215720666
1786995152.9530666,59.78634977340698,-5.217255283043469,3.2099023359576613,0.9317843772248398,2.099746359911653,0.000853425872034158
1786995152.9668925,59.80017566680908,-5.217255280323409,3.2099049711135543,0.9317796009849357,2.0997463040665623,0.00039454621123003467
1786995152.9987106,59.83199381828308,-5.21725527767143,3.2099077581367816,0.9317745722353783,2.099746245214583,0.00018069622202727031
1786995153.0185325,59.851815700531006,-5.217255275098962,3.2099106287191255,0.9317694079313479,2.0997461848627705,0.00029807929460686096
1786995153.0224562,59.85573935508728,-5.217255272591868,3.209913473076818,0.9317642961035293,2.099746125379655,0.0014909277658501441
1786995153.037179,59.87046217918396,-5.217255270147045,3.209916120869839,0.9317595285741826,2.099746070383394,0.00037040808151098863
1786995153.064863,59.89814615249634,-5.217255267764997,3.2099184652668584,0.9317552882244056,2.099746022065311,0.00017502123505538252
1786995153.0834472,59.91673040390015,-5.217255265446946,3.209920265787213,0.9317519870245377,2.099745985427206,0.00020233758100329127
1786995153.0922222,59.92550539970398,-5.2172552631887505,3.209921312899868,0.9317499838489761,2.0997459647628585,0.000257589368121478
1786995153.103239,59.936522245407104,-5.217255261716516,3.20992156312283,0.9317494195930537,2.099745960434501,5.6027898636253176e-05
1786995153.1183329,59.951616048812866,-5.217255259559991,3.2099212676547197,0.9317497281560697,2.0997459680611588,2.8304350757125837e-05
1786995153.1582992,59.99158239364624,-5.217255256770469,3.209920555039439,0.9317506949424988,2.099745984954785,3.0051359913236767e-05
1786995153.169193,60.00247621536255,-5.217255256770469,3.209920555039439,0.9317506949424988,2.099745984954785,0.0
1786995153.1822505,60.015533685684204,-5.217255256770469,3.209920555039439,0.9317506949424988,2.099745984954785,0.0
1786995153.195385,60.02866816520691,-5.217255250831597,3.209921601781534,0.9317483633587146,2.0997459671271845,0.00019458519575886904
1786995153.2192793,60.05256247520447,-5.217255248953568,3.209922470118647,0.9317467063206369,2.0997459502780202,7.82936209164084e-05
1786995153.2262363,60.05951952934265,-5.217255247125464,3.2099234766436155,0.9317448174479191,2.09974593056832,0.00030764632327623067
1786995153.2402594,60.07354259490967,-5.217255245353321,3.2099248837476817,0.9317422468531569,2.0997459025158647,0.00020897800844423293
1786995153.2541227,60.08740592002869,-5.21725524363379,3.2099265119384843,0.9317393021048934,2.0997458699292126,0.0002427195322098321
1786995153.2859116,60.119194746017456,-5.217255241964692,3.209928138562464,0.9317363647231988,2.099745837471036,0.00010562502611876215
1786995153.305542,60.13882517814636,-5.217255240331238,3.2099296213100805,0.931733678469573,2.099745808085144,0.0001563035382550985
1786995153.316369,60.14965224266052,-5.217255238730792,3.209930815123909,0.9317314917984122,2.099745784763282,0.00023010206687070384
1786995153.3319213,60.1652045249939,-5.21725523768295,3.209931431236125,0.93173034446192,2.099745772955474,8.373668596107791e-05
1786995153.3567576,60.190040826797485,-5.21725523665178,3.209931844972629,0.9317295458010059,2.09974576534972,3.621575879794372e-05
1786995153.3694415,60.20272469520569,-5.217255235140415,3.2099321121820203,0.9317289568050168,2.0997457612475574,5.099202801894397e-05
1786995153.3783937,60.211676836013794,-5.217255235140415,3.2099321121820203,0.9317289568050168,2.0997457612475574,0.0
1786995153.3891592,60.222442388534546,-5.217255231296656,3.209931466028842,0.9317297334406056,2.0997457783382547,9.384495578891072e-05
1786995153.4182484,60.25153160095215,-5.217255229915296,3.209930340193266,0.9317315456051722,2.0997458030173033,7.334032546697157e-05
1786995153.4363816,60.2696647644043,-5.217255228563785,3.2099286530315005,0.9317343233526244,2.0997458394134663,0.00017922875112849786
1786995153.4422045,60.275487661361694,-5.21725522725147,3.209926324966324,0.9317382030743288,2.0997458892838763,0.0007770382671623129
1786995153.4552748,60.28855800628662,-5.217255225976583,3.2099236169059076,0.9317427376109298,2.0997459473172513,0.00040409262264965926
1786995153.4901295,60.32341265678406,-5.217255224726523,3.209920730568522,0.9317475811849364,2.0997460093913953,0.00016176792532561151
1786995153.5013275,60.3346107006073,-5.217255223500768,3.209918039717212,0.9317520930245542,2.0997460676358672,0.0004691284338092336
1786995153.5171485,60.35043168067932,-5.217255222300397,3.2099160229133945,0.9317554525566756,2.0997461118233955,0.00024767190829502473
1786995153.5262926,60.3595757484436,-5.217255221131694,3.209914612133377,0.9317577761671862,2.0997461432459787,0.00029728098670179115
1786995153.5371814,60.37046456336975,-5.217255219979701,3.2099136407042024,0.9317593494162042,2.099746165370175,0.00016980696395753073
1786995153.565616,60.39889907836914,-5.217255219230523,3.2099133352114317,0.9317598132293569,2.09974617283398,1.953196254368601e-05
1786995153.5816174,60.41490054130554,-5.217255217765737,3.2099136415881895,0.9317591716344003,2.0997461681514773,4.443308358162882e-05
1786995153.5895982,60.42288136482239,-5.217255217046429,3.2099139468769318,0.9317585918037592,2.0997461625855047,8.210809876208645e-05
1786995153.6022773,60.43556046485901,-5.217255215657944,3.2099150198887476,0.9317566426985731,2.099746141604194,0.00017548107399452468
1786995153.634248,60.46753120422363,-5.2172552146497395,3.2099164341175714,0.9317541388882336,2.099746112939292,8.99449355748418e-05
1786995153.644591,60.47787427902222,-5.217255213661645,3.2099181630539126,0.9317510980090496,2.0997460776904147,0.0003381995700980669
1786995153.6565297,60.48981285095215,-5.217255212699321,3.2099199573278767,0.9317479475239273,2.099746041172328,0.0003036879265925307
1786995153.667944,60.501227140426636,-5.217255211757183,3.2099214371524223,0.9317453384001617,2.09974601139027,0.0002627906048689056
1786995153.7060838,60.53936696052551,-5.2172552108278945,3.2099224011710117,0.931743615665304,2.099745992516157,5.176006518619018e-05
1786995153.7163165,60.54959964752197,-5.2172552102165,3.2099228142092935,0.931742861988496,2.099745984780326,8.398924963628442e-05
1786995153.7278793,60.56116247177124,-5.21725520932423,3.2099230654198654,0.9317423645728593,2.09974598091252,4.819342163399664e-05
1786995153.740281,60.573564291000366,-5.217255208452732,3.2099227776163475,0.9317427930713004,2.0997459883619682,4.16213712761979e-05
1786995153.7783484,60.611631631851196,-5.217255207309484,3.20992204034164,0.9317439733891928,2.0997460057295525,3.6557922601307786e-05
1786995153.798478,60.63176107406616,-5.217255206750412,3.2099216929377805,0.9317445284008846,2.099746013969947,3.252812629855127e-05
1786995153.8180678,60.65135097503662,-5.2172552056593124,3.2099208477329553,0.9317458986514398,2.099746033650429,8.218296784602401e-05
1786995153.8315167,60.66479992866516,-5.217255205130013,3.209920451828216,0.9317465391928682,2.0997460429338712,5.5990728345572924e-05
1786995153.8429172,60.67620038986206,-5.217255204606684,3.209920113667134,0.9317470815144576,2.0997460510120773,5.6060308213630625e-05
1786995153.8579361,60.691219329833984,-5.217255204606684,3.209920113667134,0.9317470815144576,2.0997460510120773,0.0
1786995153.8729036,60.70618677139282,-5.217255203069347,3.2099203695310736,0.9317465352554362,2.099746048420964,4.03017722547427e-05
1786995153.8813055,60.71458864212036,-5.217255203069347,3.2099203695310736,0.9317465352554362,2.099746048420964,0.0
1786995153.912383,60.74566626548767,-5.217255201083695,3.20992096923029,0.9317453734456284,2.0997460395304337,4.207070430448793e-05
1786995153.9287071,60.7619903087616,-5.217255200365952,3.209921857191833,0.9317438038672364,2.0997460222484325,0.00011047170062382287
1786995153.939547,60.77283024787903,-5.217255199663483,3.209923013027515,0.9317417765622718,2.099745999367249,0.00021528256879298782
1786995153.9489725,60.78225564956665,-5.217255199204778,3.20992361070623,0.9317407221484066,2.0997459877682574,0.00012859151397523645
1786995153.964772,60.79805517196655,-5.217255198752629,3.2099239952823106,0.9317400336169779,2.0997459806498013,4.991629342893985e-05
1786995153.9907682,60.82405138015747,-5.217255198752629,3.2099239952823106,0.9317400336169779,2.0997459806498013,0.0
1786995154.0078812,60.841164350509644,-5.217255197207172,3.209923681784458,0.9317404727888429,2.099745990486764,3.153093808199763e-05
1786995154.0195608,60.85284399986267,-5.2172551963485905,3.2099227061221907,0.9317420920756279,2.0997460128336916,0.00016186312186332235
1786995154.0330763,60.86635947227478,-5.217255195722987,3.209921887864733,0.9317434562332316,2.0997460314403322,0.00011769811451452068
1786995154.063748,60.89703106880188,-5.217255195114599,3.209921098313307,0.9317447723549785,2.0997460494671043,5.0039327672648814e-05
1786995154.07609,60.90937328338623,-5.217255194716756,3.209920625629767,0.9317455583784341,2.0997460603631666,7.43143595477673e-05
1786995154.0932636,60.926546812057495,-5.217255193932046,3.209919552425022,0.931747351026172,2.0997460848614753,0.00012166068062953134
1786995154.1021712,60.93545436859131,-5.217255193345493,3.209918180805498,0.9317496682444295,2.0997461152692627,0.00030229822766545
1786995154.1332436,60.96652674674988,-5.217255192767633,3.2099165200836133,0.9317524821491296,2.0997461518852685,0.00010515524794362262
1786995154.1430519,60.97633504867554,-5.21725519220136,3.2099149217354093,0.9317551902127259,2.099746187284727,0.00032060298101987343
1786995154.1544323,60.98771548271179,-5.2172551916462675,3.2099136349153308,0.9317573652316213,2.0997462161294753,0.00022206314623559174
1786995154.1707916,61.004074811935425,-5.217255191107311,3.2099125999221463,0.9317591094914845,2.09974623963894,0.00012397906860285975
1786995154.2076218,61.0409049987793,-5.217255190749011,3.2099119961806544,0.9317601249741834,2.099746253503992,3.20769835869804e-05
1786995154.2172854,61.05056858062744,-5.217255190397636,3.2099115839794736,0.931760812465654,2.0997462632672135,8.295008616976209e-05
1786995154.2290914,61.06237459182739,-5.21725518987522,3.2099112307163056,0.931761390016126,2.099746272239983,5.7345588765460756e-05
1786995154.24126,61.07454323768616,-5.2172551891864325,3.2099109183118224,0.9317618894353127,2.0997462808110927,4.840975088056073e-05
1786995154.2777154,61.11099863052368,-5.217255188677173,3.209910517140044,0.9317625510451606,2.099746290818808,2.1224171625561848e-05
1786995154.2942789,61.127562046051025,-5.217255188005617,3.2099097013904485,0.9317639159477062,2.0997463102143827,9.600051851533283e-05
1786995154.301057,61.13434028625488,-5.217255187674009,3.2099093685671587,0.9317644702274513,2.0997463183126635,9.538275908069124e-05
1786995154.3138719,61.14715504646301,-5.217255187674009,3.2099093685671587,0.9317644702274513,2.0997463183126635,0.0
1786995154.3458614,61.179144620895386,-5.217255187674009,3.2099093685671587,0.9317644702274513,2.0997463183126635,0.0
1786995154.3587182,61.19200134277344,-5.217255186085328,3.209910112800273,0.931763117126839,2.0997463070082936,0.00012011374334365614
1786995154.3725662,61.205849409103394,-5.21725518562134,3.209910913518653,0.9317617226175223,2.0997462912419786,0.00011612049159229116
1786995154.3821757,61.21545886993408,-5.217255185322408,3.209911469946578,0.9317607545429414,2.0997462802385725,0.00011619728564017606
1786995154.3954298,61.228713035583496,-5.217255184723561,3.209912177793279,0.931759513646301,2.09974626696275,0.00010778429029776477
1786995154.428395,61.26167821884155,-5.217255184427516,3.209912471662467,0.9317589965719841,2.099746261605341,1.8041697867089013e-05
1786995154.4441833,61.27746653556824,-5.217255183976164,3.209912853688014,0.9317583222260122,2.09974625484567,4.908943139588007e-05
1786995154.4481652,61.28144836425781,-5.217255183384287,3.209913819424366,0.9317566415801972,2.099746236094127,0.0004868000245237938
1786995154.4601872,61.29347038269043,-5.217255182950075,3.209914739604252,0.931755045964682,2.099746217875108,0.0001532133559380033
1786995154.4944015,61.3276846408844,-5.217255182660061,3.20991514975702,0.9317543310733459,2.099746210086516,2.4089183531698078e-05
1786995154.506842,61.34012508392334,-5.217255182095479,3.2099161534193525,0.9317525876701683,2.0997461906176964,0.00016170358555569008
1786995154.5137725,61.34705567359924,-5.217255181822429,3.209916675303765,0.9317516819509134,2.0997461804753863,0.00015082677766113892
1786995154.5298085,61.363091707229614,-5.217255181278943,3.2099176096267805,0.9317500588095995,2.0997461625474974,0.00011678977539805719
1786995154.5572162,61.39049935340881,-5.217255180876352,3.209918623510558,0.9317483052224178,2.0997461424945545,7.390614106899677e-05
1786995154.574084,61.40736722946167,-5.217255180478351,3.2099203235377614,0.9317453759479206,2.0997461079945423,0.00020078688847091148
1786995154.5912523,61.424535512924194,-5.217255180079357,3.2099224872849184,0.9317416523617669,2.0997460638607133,0.00025084690116150885
1786995154.6021092,61.43539237976074,-5.217255179686126,3.2099249508555765,0.9317374154761319,2.0997460136472808,0.0004514248158795767
1786995154.6292114,61.46249461174011,-5.217255179300269,3.209927716761396,0.9317326610508997,2.0997459573557578,0.0002029513969572429
1786995154.6412907,61.474573850631714,-5.217255178913533,3.209930505027455,0.931727868990804,2.099745900895692,0.00045898672412416003
1786995154.652266,61.485549211502075,-5.217255178530232,3.2099333517423405,0.9317229774508953,2.099745843540461,0.0005156631421004963
1786995154.6630397,61.49632287025452,-5.217255178151045,3.2099364854348806,0.9317175948264417,2.0997457806072712,0.0005781115537878237
1786995154.6920104,61.525293588638306,-5.217255177773613,3.2099398653174176,0.931711791092096,2.0997457130449217,0.00023182614376363844
1786995154.7099967,61.54327988624573,-5.21725517740504,3.209943320873921,0.9317058584855755,2.099745644392275,0.0003817137205798489
1786995154.7174287,61.55071187019348,-5.217255177042614,3.2099467267050485,0.9317000118576817,2.0997455771729734,0.000910429128362201
1786995154.7293148,61.56259799003601,-5.217255176676201,3.209949720116616,0.9316948725203774,2.0997455186265257,0.0005003774036081382
1786995154.7727854,61.60606861114502,-5.2172551762994415,3.2099522505419738,0.9316905269437885,2.099745469631341,0.0001156787451856432
1786995154.7823164,61.615599632263184,-5.217255175931573,3.209954445208019,0.9316867570591125,2.0997454275193568,0.0004576820379676186
1786995154.8001666,61.63344979286194,-5.217255175568942,3.2099560215933294,0.9316840467006372,2.0997453977672627,0.00017565376691981724
1786995154.8054402,61.638723373413086,-5.217255175212592,3.2099565738751976,0.9316830908639698,2.099745388289667,0.0002093302414458928
1786995154.8235722,61.65685534477234,-5.217258566690228,3.2099591732141404,0.9316838387187673,2.0997703964063374,0.0002392441707914585
1786995154.8583224,61.69160556793213,-5.217237072636855,3.209968626745047,0.9316937966069918,2.0998064918204524,0.0007339623263724178
1786995154.8662167,61.69949984550476,-5.2172264849374885,3.209972343037884,0.9316996666894349,2.099892257576492,0.00160415588819049
1786995154.8823438,61.71562695503235,-5.217212250710612,3.209972047787072,0.931707985528895,2.0999498640479857,0.0010224706389382928
1786995154.8913314,61.72461462020874,-5.217201567738997,3.2099717789302926,0.9317195373954971,2.1000404679225495,0.0017509221414212788
1786995154.924728,61.75801110267639,-5.217193277009532,3.209957284812481,0.9317281848158409,2.1000856693645864,0.0005630557853417113
1786995154.936264,61.7695472240448,-5.217185333701889,3.2099412754962766,0.9317400684027553,2.1001290142839224,0.00186041032371967
1786995154.947387,61.780670166015625,-5.217178301943803,3.2099250057988677,0.9317539023921995,2.1001674167236284,0.0020214030194964584
1786995154.9579265,61.79120969772339,-5.217172601332123,3.2099094170245595,0.93176871530785,2.100198580761252,0.0021108155264342654
1786995154.9908886,61.82417178153992,-5.217167966510709,3.2098943606361443,0.9317843511540002,2.100223951786046,0.0006733754316249048
1786995155.0043275,61.837610721588135,-5.2171643614738095,3.209880022218452,0.9318004334506823,2.100243722547858,0.00162553897356091
1786995155.0162594,61.84954261779785,-5.217162365763326,3.209867192592461,0.931816493255022,2.1002547299438508,0.0017308115530908373
1786995155.033601,61.86688423156738,-5.217162071936062,3.2098560981108397,0.9318322813246946,2.100256466049666,0.0011128506939356454
1786995155.0684106,61.90169382095337,-5.217162055473321,3.209845713902487,0.9318473633760459,2.1002566875517394,0.0005260391752341064
1786995155.0844321,61.917715311050415,-5.217162039492815,3.2098360191120556,0.9318613463467957,2.1002568981605836,0.0010620155972022394
1786995155.093287,61.92657017707825,-5.217162023981848,3.209827205096661,0.931873898637452,2.100257092855403,0.0017321286790104539
1786995155.1067576,61.940040826797485,-5.217162008923547,3.209819476848075,0.9318846651604813,2.1002572661673007,0.0009838484463441078
1786995155.1352546,61.9685378074646,-5.217161994304794,3.2098127523141957,0.9318937837826751,2.100257418989703,0.000397585888071946
1786995155.1542697,61.987552881240845,-5.217161980109058,3.2098071548152016,0.9319010398457259,2.100257547733252,0.00048194420872003864
1786995155.162407,61.99569010734558,-5.217161966325678,3.2098025779272605,0.9319066134618835,2.1002576541191935,0.0008863000627344175
1786995155.179309,62.01259207725525,-5.217161952937171,3.2097987586422665,0.9319109539740575,2.1002577437198977,0.0003420679899642734
1786995155.2098112,62.04309439659119,-5.217161939944966,3.209795237585937,0.9319148483547808,2.1002578269341945,0.00017212339091055465
1786995155.2231345,62.05641770362854,-5.217161927333417,3.209792309317824,0.9319177884777704,2.1002578967117276,0.0003114547134021562
1786995155.2385302,62.071813344955444,-5.217161915084577,3.209790195136814,0.9319193920905822,2.1002579476584415,0.00017235915553919762
1786995155.2554612,62.08874440193176,-5.2171619031959215,3.2097888689895746,0.9319197020010445,2.1002579801875587,8.043972911923212e-05
1786995155.2683153,62.101598501205444,-5.217161895459531,3.209788510473384,0.9319190381373316,2.1002579895159963,5.869921263146387e-05
1786995155.2870219,62.12030506134033,-5.217161880444373,3.2097888474309584,0.9319159753661599,2.1002579833091217,0.00016471695231481162
1786995155.2999237,62.133206844329834,-5.217161869560831,3.2097897477831525,0.9319126300537106,2.1002579633995,0.00026851879440220947
1786995155.3131676,62.14645075798035,-5.217161858989887,3.209790925777459,0.9319088612401287,2.100257937010213,0.00029814733085893266
1786995155.3246708,62.15795397758484,-5.217161848727064,3.209792219109222,0.9319049462363146,2.1002579079792603,0.0003584312845757304
1786995155.3580801,62.19136333465576,-5.21716183876089,3.2097937018772007,0.9319007562229088,2.1002578745917204,0.00013303607935979673
1786995155.3684766,62.201759815216064,-5.217161829089063,3.2097955660281228,0.93189596002752,2.100257832378474,0.000494950208411958
1786995155.3820763,62.2153594493866,-5.21716181968819,3.2097975332232274,0.9318910343987556,2.1002577879097464,0.0003900059692705681
1786995155.393676,62.226959228515625,-5.217161810555585,3.2097992375004654,0.9318866065301907,2.1002577496972648,0.00040901989805926085
1786995155.4247525,62.25803565979004,-5.217161801690684,3.209800915644399,0.9318822683040581,2.1002577122018637,0.0001496793467659093
1786995155.4352593,62.268542528152466,-5.217161793085899,3.209802780374643,0.9318776530596334,2.1002576705166955,0.00047375941390202683
1786995155.4522073,62.2854905128479,-5.217161784722507,3.209804991673814,0.9318724848087006,2.1002576209980055,0.00033168857001079563
1786995155.4570503,62.29033350944519,-5.217161776596979,3.2098072415974084,0.9318672912290862,2.1002575708039117,0.0011686959290783626
1786995155.4942338,62.32751703262329,-5.2171617687057905,3.2098094310102345,0.9318622413350988,2.100257522182644,0.00014802500522586518
1786995155.5081775,62.34146070480347,-5.217161761040572,3.209811856018181,0.9318568255104278,2.1002574683944952,0.0004255665039136163
1786995155.516101,62.34938406944275,-5.217161753595282,3.20981441452775,0.9318512179786859,2.1002574118247286,0.0007779067007400119
1786995155.5304236,62.363706827163696,-5.21716174636157,3.2098168908479643,0.9318457879624166,2.1002573573540104,0.0004166810938238124
1786995155.5592031,62.392486333847046,-5.2171617393352,3.2098189401786295,0.9318411262710342,2.100257312692362,0.00017694069482044055
1786995155.5724492,62.40573239326477,-5.217161732510436,3.2098207206385823,0.931836960315626,2.1002572742016894,0.0003420249016082892
1786995155.58537,62.4186532497406,-5.2171617258769025,3.209822483977502,0.9318328568815344,2.1002572362133662,0.00034566372030066554
1786995155.5963395,62.429622650146484,-5.217161719430765,3.209824332876234,0.9318286387415654,2.10025719645317,0.0004198551187268543
1786995155.6281333,62.461416482925415,-5.217161713172504,3.2098264943585026,0.9318239153149995,2.1002571498997713,0.00016338066067040334
1786995155.6428976,62.47618079185486,-5.217161707092801,3.209828725956033,0.9318191019008638,2.1002571019863723,0.00035935071811641164
1786995155.654156,62.48743915557861,-5.217161701184693,3.209830855798661,0.9318144925680485,2.1002570565056584,0.0004510086019879635
1786995155.6650918,62.498374938964844,-5.217161695451103,3.209832947465005,0.9318099773243833,2.100257012027231,0.0004550379057065513
1786995155.6775708,62.5108540058136,-5.217161689879191,3.2098348116445345,0.9318058801616449,2.1002569726911386,0.0003607101716901981
1786995155.7134595,62.5467426776886,-5.2171616844675786,3.2098364660933547,0.9318021697340132,2.1002569380349843,0.00011319932674442302
1786995155.7212915,62.554574728012085,-5.217161679207867,3.2098380502672,0.9317986059171677,2.100256905017006,0.000497960855553032
1786995155.7365098,62.56979298591614,-5.217161674092492,3.209839785379761,0.9317948083764372,2.100256868821976,0.00027435200454088254
1786995155.7435877,62.576870918273926,-5.217161669112548,3.209841613772722,0.9317908753219302,2.1002568307366545,0.0006127885676894674
1786995155.7783945,62.61167764663696,-5.217161664280391,3.209843348870599,0.9317871261459503,2.1002567947935717,0.00011869002637960975
1786995155.7893496,62.6226327419281,-5.217161659583819,3.2098452058016296,0.9317831910582273,2.100256756356354,0.00039718702450173963
1786995155.7982996,62.631582736968994,-5.217161655016665,3.2098474392843217,0.9317786324542984,2.100256710023108,0.0005671903272232674
1786995155.8115065,62.644789695739746,-5.217161650576377,3.209850141435492,0.9317732917694888,2.1002566539235703,0.00045319757729524337
1786995155.8513124,62.684595584869385,-5.21716164625972,3.2098528006099545,0.9317680460893386,2.10025659900398,0.00014774671381456286
1786995155.8632486,62.696531772613525,-5.217161642067313,3.209854842529806,0.9317638797190715,2.1002565573570253,0.00038872024882051015
1786995155.874289,62.70757222175598,-5.217161637999007,3.2098563042644273,0.9317607283064728,2.100256528028741,0.00031465342040739723
1786995155.8870142,62.72029733657837,-5.217161634038534,3.2098574167716016,0.9317581950561823,2.1002565060950276,0.00021742634350797852
1786995155.9213338,62.7546169757843,-5.217161630186114,3.2098585153437322,0.931755704344308,2.1002564845012213,7.931980971675762e-05
1786995155.9363382,62.7696213722229,-5.217161626442675,3.2098597900455026,0.9317529296785751,2.1002564592814807,0.00020350468737339957
1786995155.946139,62.77942228317261,-5.217161622803029,3.2098609402317826,0.9317503861003551,2.100256436711569,0.00028482520848345966
1786995155.9614363,62.79471945762634,-5.217161619266775,3.209861461697053,0.9317489376771217,2.100256427254531,0.00010063542734790396
1786995155.9882488,62.821532011032104,-5.217161619266775,3.209861461697053,0.9317489376771217,2.100256427254531,0.0
1786995156.0024548,62.83573794364929,-5.217161613588411,3.209861176555914,0.9317485392806216,2.1002564355071107,3.4489577556917386e-05
1786995156.0141592,62.847442388534546,-5.217161610309491,3.2098609016157225,0.9317484993443326,2.1002564426213692,2.3738405780100143e-05
1786995156.02823,62.86151313781738,-5.217161610309491,3.2098609016157225,0.9317484993443326,2.1002564426213692,0.0
1786995156.0588393,62.89212250709534,-5.217161602998707,3.2098615362751923,0.9317462760998465,2.100256432667563,7.553467628880408e-05
1786995156.0726986,62.90598177909851,-5.217161600002868,3.209862305083221,0.9317444953213028,2.1002564180919,0.00013995332887873087
1786995156.0862384,62.91952157020569,-5.217161597088082,3.2098632397054616,0.9317424439955858,2.1002564001009025,0.00016648782536787715
1786995156.0971959,62.93047904968262,-5.217161594254805,3.2098639608560977,0.9317407720775104,2.10025638656395,0.0001661711975016796
1786995156.1081781,62.94146132469177,-5.217161592405061,3.209864312064006,0.9317398868296403,2.1002563802281267,8.671909367255239e-05
1786995156.142951,62.97623419761658,-5.217161588806535,3.2098648783278914,0.9317383665967574,2.1002563703901784,4.665346099252797e-05
1786995156.156323,62.98960614204407,-5.2171615870565144,3.2098652483405465,0.9317374656963175,2.1002563636843488,7.283361987336218e-05
1786995156.169511,63.00279426574707,-5.217161583652221,3.20986599853575,0.9317356622739905,2.100256350059581,0.00014810578747611325
1786995156.1789143,63.012197494506836,-5.2171615819921575,3.209866256715695,0.9317349687248053,2.100256345661908,7.870141101726526e-05
1786995156.2200532,63.05333638191223,-5.2171615819921575,3.209866256715695,0.9317349687248053,2.100256345661908,0.0
1786995156.228549,63.06183218955994,-5.2171615819921575,3.209866256715695,0.9317349687248053,2.100256345661908,0.0
1786995156.2395012,63.072784423828125,-5.217161574118531,3.209865501268363,0.9317350824413435,2.1002563658823696,6.975734342597363e-05
1786995156.2505898,63.08387303352356,-5.217161571897262,3.2098647224553263,0.9317360858322562,2.100256383359007,0.00011454784703614722
1786995156.2834263,63.1167094707489,-5.217161569730856,3.2098639605574557,0.9317370700908153,2.100256400504121,3.7905815086619825e-05
1786995156.2973607,63.13064384460449,-5.217161567625965,3.209863253490639,0.9317379699214786,2.100256416538993,8.212758024782767e-05
1786995156.306343,63.139626264572144,-5.217161565576572,3.209862535337461,0.9317388980553315,2.100256432823974,0.00013064779895279654
1786995156.3177102,63.15099334716797,-5.217161563580802,3.209861674203323,0.93174008036435,2.100256452079929,0.00012867614934299835
1786995156.353687,63.186970233917236,-5.217161561633773,3.2098600998399736,0.9317424943800724,2.100256486233165,8.010781478956031e-05
1786995156.372245,63.205528259277344,-5.217161559731495,3.20985830517606,0.931745294704874,2.100256525066529,0.0001792246121071365
1786995156.3838966,63.21717977523804,-5.217161557871998,3.209856176785044,0.9317486756387249,2.1002565710389702,0.00034288179220855674
1786995156.3946235,63.227906703948975,-5.217161556065745,3.2098538220174473,0.931752452915953,2.100256621951016,0.0004149512351318538
1786995156.4165928,63.24987602233887,-5.217161554305251,3.209851327873595,0.9317564771532827,2.1002566760172465,0.00021550390308241758
1786995156.434251,63.267534255981445,-5.217161552583447,3.2098489172139146,0.9317603659361763,2.1002567285501725,0.0002591063008205032
1786995156.44627,63.279553174972534,-5.217161550908955,3.20984688262097,0.9317636172084244,2.1002567732916817,0.00031911409280783234
1786995156.4625175,63.29580068588257,-5.217161549283634,3.209845388815438,0.931765948141092,2.100256806601629,0.00017039658110021066
1786995156.4861176,63.319400787353516,-5.217161547692683,3.2098444449533936,0.9317673427300637,2.100256828209936,7.135437345881251e-05
1786995156.4977193,63.33100247383118,-5.217161546654019,3.209844073769656,0.9317678335557384,2.1002568371015826,5.304199036118983e-05
1786995156.517226,63.35050916671753,-5.217161546654019,3.209844073769656,0.9317678335557384,2.1002568371015826,0.0
1786995156.5317705,63.36505365371704,-5.2171615431547815,3.2098443718116316,0.9317668343813155,2.1002568339687007,7.168932228688938e-05
1786995156.5447385,63.37802171707153,-5.2171615431547815,3.2098443718116316,0.9317668343813155,2.1002568339687007,0.0
1786995156.5648673,63.39815044403076,-5.217161541253812,3.2098446250364847,0.9317661362470462,2.100256830408438,3.6894658645545225e-05
1786995156.5802157,63.413498878479004,-5.217161541253812,3.2098446250364847,0.9317661362470462,2.100256830408438,0.0
1786995156.5932696,63.42655277252197,-5.2171615380758505,3.209844290397944,0.9317662733502752,2.1002568408458844,2.770433717946415e-05
1786995156.606656,63.43993926048279,-5.217161536336452,3.2098436478888597,0.9317671392113913,2.100256856493835,8.054463766618206e-05
1786995156.6375415,63.47082471847534,-5.217161535488081,3.209843359317977,0.931767519599846,2.100256863623912,1.5459095853838354e-05
1786995156.6492486,63.482531785964966,-5.217161535488081,3.209843359317977,0.931767519599846,2.100256863623912,0.0
1786995156.6607246,63.49400782585144,-5.217161535488081,3.209843359317977,0.931767519599846,2.100256863623912,0.0
1786995156.6744192,63.507702350616455,-5.217161535488081,3.209843359317977,0.931767519599846,2.100256863623912,0.0
1786995156.7074409,63.54072403907776,-5.217161535488081,3.209843359317977,0.931767519599846,2.100256863623912,0.0
1786995156.7137358,63.54701900482178,-5.217161529540012,3.209843490580104,0.9317665048024548,2.100256867818402,0.00016255350074162372
1786995156.722684,63.55596709251404,-5.217161528071266,3.2098443439589657,0.9317648498527186,2.100256851370421,0.0002080913229826958
1786995156.7339532,63.56723642349243,-5.2171615273507665,3.2098447910468555,0.9317639902463897,2.100256842732023,8.597872155478541e-05
1786995156.768777,63.602060079574585,-5.217161525951957,3.209845673811397,0.9317622961374417,2.100256825718916,5.485664557502691e-05
1786995156.7807384,63.61402153968811,-5.217161524931807,3.2098464426648756,0.9317608471067625,2.100256810686942,0.00013713826838283882
1786995156.8004506,63.63373374938965,-5.217161524261243,3.209846907395451,0.9317599653063897,2.1002568016937544,5.05660309153332e-05
1786995156.804084,63.637367248535156,-5.217161522939729,3.2098476874601536,0.9317584629802683,2.1002567869330453,0.00046588005499576164
1786995156.8395374,63.67282056808472,-5.2171615222899375,3.209848122350497,0.9317576373348417,2.1002567786013144,2.6321303502652448e-05
1786995156.8522894,63.68557262420654,-5.217161521022149,3.2098493520601714,0.9317553735237165,2.100256754320586,0.000202025699611694
1786995156.8641531,63.69743633270264,-5.21716152009685,3.2098505153012624,0.9317532664965918,2.100256731041413,0.00020287093298626178
1786995156.8802273,63.713510513305664,-5.217161519192863,3.2098517348723297,0.9317510662559402,2.100256706613543,0.00015650152534665658
1786995156.908483,63.74176621437073,-5.21716151831259,3.2098526661764937,0.9317493636459949,2.1002566883394875,6.868250276850472e-05
1786995156.9367814,63.77006459236145,-5.21716151831259,3.2098526661764937,0.9317493636459949,2.1002566883394875,0.0
1786995156.939547,63.77283024787903,-5.217161517452395,3.2098535173558496,0.9317478016103693,2.1002566717840323,0.0006432086563837989
1786995156.9417598,63.77504301071167,-5.217161516612209,3.2098541800390694,0.9317465658862766,2.100256659214132,0.0006336872639885299
1786995156.9443877,63.77767086029053,-5.217161516055324,3.2098544879096527,0.9317459733643794,2.1002566536709075,0.00025409848044243304
1786995156.95444,63.78772330284119,-5.217161514961492,3.209855077946796,0.9317448362338551,2.1002566431186644,0.00012744141671640235
1786995157.0141613,63.84744453430176,-5.217161514961492,3.209855077946796,0.9317448362338551,2.1002566431186644,0.0
1786995157.0147445,63.84802770614624,-5.217161514961492,3.209855077946796,0.9317448362338551,2.1002566431186644,0.0
1786995157.014979,63.8482620716095,-5.2171615136346015,3.2098547941408353,0.9317451731463812,2.100256651417909,0.001879627337901254
1786995157.0151765,63.84845972061157,-5.21716151260693,3.209853842424565,0.9317466906498432,2.1002566733194294,0.009062790135654185
1786995157.0296855,63.8629686832428,-5.217161511857943,3.2098524942209,0.9317489196952429,2.1002567031622252,0.00017954779317363632
1786995157.064748,63.89803123474121,-5.217161511126355,3.209850652038019,0.9317519983930983,2.1002567435473827,0.00010232454354621804
1786995157.0781333,63.91141653060913,-5.217161510414717,3.209848502866296,0.9317556060783865,2.100256790576893,0.00031372674263760366
1786995157.090229,63.92351222038269,-5.217161509709505,3.2098459099929686,0.9317599772287797,2.1002568472693683,0.0004201758905578024
1786995157.106196,63.93947911262512,-5.217161509012896,3.2098429817726792,0.9317649260452702,2.1002569114288594,0.0003601351996706353
1786995157.1251402,63.958423376083374,-5.217161508340888,3.2098398314366166,0.9317702583496138,2.100256980698637,0.0003269269683511578
1786995157.1385443,63.97182750701904,-5.217161507678358,3.2098361430113553,0.9317765161795522,2.1002570620521617,0.0005419184881193436
1786995157.149261,63.98254418373108,-5.217161507020953,3.2098321478151868,0.9317833028331239,2.100257150633452,0.0007348634715736609
1786995157.1623144,63.99559760093689,-5.217161506373634,3.209827786574648,0.9317907200829013,2.1002572479045583,0.0006591697891489733
1786995157.206277,64.03956007957458,-5.21716150573666,3.2098234742114116,0.9317980560886661,2.100257344817375,0.00019356528540829244
1786995157.2202458,64.05352902412415,-5.217161505103857,3.209819786159069,0.9318043233157306,2.1002574284807136,0.0005205729262857469
1786995157.2402189,64.07350206375122,-5.217161504499929,3.209816917350461,0.9318091869348694,2.1002574942165926,0.00028271448145332
1786995157.2531526,64.08643579483032,-5.217161503901818,3.2098143491257782,0.9318135367551824,2.1002575534773458,0.0003905607138484847
1786995157.274139,64.10742211341858,-5.217161503322914,3.209811515280649,0.9318183444315684,2.1002576190275946,0.00026592179731004255
1786995157.287363,64.12064623832703,-5.217161502752286,3.2098088273678202,0.9318229035781671,2.1002576815553065,0.00040021649783929676
1786995157.3033588,64.13664197921753,-5.21716150218709,3.2098065014895054,0.9318268431588579,2.1002577360651813,0.0002860094077851433
1786995157.3122633,64.14554643630981,-5.217161501630802,3.209804424834823,0.931830356690977,2.10025778505707,0.000458348907008905
1786995157.3422265,64.1755096912384,-5.217161501074125,3.209802621178173,0.931833403255411,2.1002578279373503,0.00011815947299887326
1786995157.3549366,64.18821978569031,-5.217161500530606,3.209801142400922,0.9318358936825766,2.1002578634200706,0.00022788019168527596
1786995157.37171,64.20499324798584,-5.217161499991611,3.2097996019044177,0.9318384915785028,2.100257900439094,0.00018006400758162753
1786995157.3831475,64.2164306640625,-5.217161499467376,3.209798182427348,0.9318408831797608,2.1002579347309975,0.00024316050152237278
1786995157.3892255,64.22250866889954,-5.217161498941067,3.2097971926226254,0.9318425385078141,2.10025795911313,0.0003173220062852486
1786995157.4244561,64.25773930549622,-5.217161498429191,3.209796335065094,0.9318439681239208,2.1002579804489745,4.731948262619484e-05
1786995157.4310381,64.26432132720947,-5.217161497929126,3.2097950799482287,0.931846081625737,2.1002580110950113,0.00037345522838287573
1786995157.4434311,64.27671432495117,-5.217161497437407,3.2097937435071593,0.9318483360442464,2.1002580436958347,0.0002114724898007593
1786995157.4572976,64.29058074951172,-5.217161496950328,3.2097926602047835,0.9318501570799658,2.1002580704410234,0.0001528075846891445
1786995157.496936,64.33021926879883,-5.2171614964765025,3.2097918395144434,0.9318515284070984,2.1002580910682838,4.031800710056129e-05
1786995157.5052953,64.33857846260071,-5.217161496164893,3.2097914295818284,0.9318522076944382,2.100258101626097,9.491289951676541e-05
1786995157.514213,64.34749627113342,-5.217161496164893,3.2097914295818284,0.9318522076944382,2.100258101626097,0.0
1786995157.5292833,64.36256647109985,-5.217161495079756,3.2097925780119714,0.9318501534398015,2.100258077981226,0.00015616761805608198
1786995157.5600474,64.39333057403564,-5.21716149461501,3.209794051452963,0.931847589964046,2.1002580449362007,9.611075479322952e-05
1786995157.5722518,64.40553498268127,-5.217161494164992,3.2097958859604185,0.9318444076381313,2.1002580035560623,0.0003009756353710582
1786995157.5830965,64.41637969017029,-5.217161493719687,3.2097979340619673,0.9318408596929204,2.1002579573437155,0.0003777567532484527
1786995157.5938525,64.42713570594788,-5.2171614932689065,3.2098001162399328,0.9318370826596449,2.100257908192536,0.00040554942079792385
1786995157.6353781,64.46866130828857,-5.217161492828142,3.2098021560203556,0.93183355117104,2.100257862513001,9.821047548157983e-05
1786995157.6496005,64.48288369178772,-5.2171614924015515,3.2098040018860323,0.9318303536024095,2.100257821448068,0.00025959843749516774
1786995157.6560209,64.48930406570435,-5.2171614919759035,3.209806007860942,0.9318268821834691,2.1002577768459227,0.0006244690427112239
1786995157.6702392,64.50352239608765,-5.217161491557164,3.2098081045813966,0.9318232559852802,2.100257730326782,0.00029460145919948456
1786995157.697287,64.53057026863098,-5.217161491149808,3.2098103945891716,0.9318192989990712,2.1002576795806265,0.00016902833691157174
1786995157.7175763,64.55085945129395,-5.217161490750392,3.209812599707867,0.9318154886901148,2.100257630958682,0.00021698193202403248
1786995157.7230718,64.55635499954224,-5.217161490349963,3.2098147087919395,0.9318118441403718,2.1002575846826317,0.0007662232534763527
1786995157.740285,64.57356810569763,-5.217161489954007,3.2098164635960735,0.9318088085010747,2.1002575465403224,0.00020370195318162012
1786995157.767349,64.60063219070435,-5.217161489564653,3.2098175740324066,0.9318068795077148,2.100257522983936,8.224099404752483e-05
1786995157.787383,64.62066626548767,-5.217161489305549,3.2098179329326038,0.9318062484327576,2.1002575158661987,3.623788200706084e-05
1786995157.7963824,64.62966561317444,-5.217161489305549,3.2098179329326038,0.9318062484327576,2.1002575158661987,0.0
1786995157.8192642,64.65254735946655,-5.217161488537748,3.2098175515486522,0.9318068592072265,2.1002575272391306,3.146915734268725e-05
1786995157.8305771,64.66386032104492,-5.21716148803236,3.2098166904282732,0.9318083092850589,2.1002575484671686,0.00014907605729122587
1786995157.8607354,64.69401860237122,-5.217161487779268,3.2098164054716434,0.9318087848712421,2.1002575558133807,1.838370427957357e-05
1786995157.866511,64.69979429244995,-5.217161487779268,3.2098164054716434,0.9318087848712421,2.1002575558133807,0.0
1786995157.8795547,64.71283793449402,-5.217161487779268,3.2098164054716434,0.9318087848712421,2.1002575558133807,0.0
1786995157.9046926,64.73797583580017,-5.217161487779268,3.2098164054716434,0.9318087848712421,2.1002575558133807,0.0
1786995157.9523084,64.78559160232544,-5.217161486186824,3.2098167008843563,0.931808196845381,2.1002575552618423,1.3820254645099482e-05
1786995157.9611042,64.79438734054565,-5.21716148582822,3.209817478349096,0.9318068453702345,2.1002575391968183,0.00017726154193569964
1786995157.9691703,64.80245351791382,-5.21716148546951,3.209818913732561,0.9318043653862962,2.1002575084055426,0.0003552392140806785
1786995157.9694662,64.80274939537048,-5.217161485113107,3.209820837833716,0.931801047323076,2.1002574667835536,0.012963422772669039
1786995158.0042915,64.83757472038269,-5.217161484772162,3.209823158977147,0.9317970485898838,2.1002574164639105,0.00013276513208780263
1786995158.0151787,64.84846186637878,-5.21716148442907,3.2098259820773682,0.9317921892442437,2.100257355226542,0.0005161947363197109
1786995158.0284772,64.86176037788391,-5.217161484079238,3.2098291599376663,0.9317867219758134,2.1002572864786444,0.0004755231808894462
1786995158.0422544,64.87553763389587,-5.217161483730954,3.2098324012634745,0.9317811466403837,2.1002572167360185,0.0004680956942671378
1786995158.080277,64.91356015205383,-5.217161483381811,3.2098360099743193,0.9317749418727643,2.1002571393932215,0.00018877966364600239
1786995158.0911996,64.92448282241821,-5.217161483035921,3.209839617617882,0.9317687398281878,2.100257062582596,0.0006568895246728041
1786995158.103229,64.93651223182678,-5.217161482701804,3.209842770664456,0.9317633184020584,2.100256996019037,0.0005213595634037152
1786995158.1207337,64.95401692390442,-5.217161482366,3.2098453218341456,0.9317589300225476,2.100256942724982,0.000289982576854931
1786995158.1450984,64.97838163375854,-5.217161482030196,3.2098478609782606,0.9317545628828563,2.1002568899300518,0.00020733468475900597
1786995158.1693316,65.002614736557,-5.217155554278767,3.2098581650509033,0.931755410720917,2.100289158077104,0.0004917931964064574
1786995158.1712158,65.00449895858765,-5.217148110171484,3.209854332247042,0.9317498313291747,2.1003296530319515,0.005339894650601974
1786995158.176172,65.00945520401001,-5.217141705993715,3.2098501090866955,0.9317465401331771,2.100364509692071,0.0016842361048205572
1786995158.217494,65.05077719688416,-5.2171365818649145,3.209845936323833,0.9317451497773496,2.100392413860505,0.00016342158777159075
1786995158.2329738,65.06625699996948,-5.217132626645037,3.2098422249270016,0.9317447839230775,2.1004139609660757,0.00035117904670693456
1786995158.2476912,65.08097434043884,-5.217129986576714,3.2098395671748263,0.9317446507710939,2.1004283447622405,0.0002547003168891262
1786995158.2575555,65.09083867073059,-5.217128920462818,3.2098383727587585,0.9317446481418559,2.1004341539413165,0.00016230303786719168
1786995158.2746525,65.10793566703796,-5.217128314338563,3.2098372729308813,0.9317448007196912,2.100437459152417,7.399106049896934e-05
1786995158.3045647,65.13784790039062,-5.217128312930348,3.209836573382847,0.9317454170627335,2.100437474964894,3.116901335607121e-05
1786995158.3232522,65.15653538703918,-5.217128311548813,3.209835646038786,0.9317464413988628,2.100437495520392,7.393985911894234e-05
1786995158.3373723,65.1706554889679,-5.217128310202708,3.2098342937112014,0.9317482114169409,2.1004375249274743,0.00015775381005577225
1786995158.3562255,65.18950867652893,-5.217128308886287,3.2098324957591298,0.9317507620625488,2.100437563702946,0.00016552347872045607
1786995158.377134,65.2104172706604,-5.217128307600352,3.209830469044817,0.9317537209783403,2.1004376073868314,0.0001715308225295017
1786995158.3863914,65.21967458724976,-5.217128306347493,3.209828456529945,0.931756671019111,2.1004376509252327,0.00038576280616933853
1786995158.419481,65.2527642250061,-5.217128305126021,3.209826580417657,0.931759402120351,2.1004376917453684,0.00010013449204987788
1786995158.4343603,65.26764345169067,-5.217128303929306,3.2098249214919186,0.9317617752395885,2.1004377281160473,0.00019459797025207925
1786995158.446614,65.27989721298218,-5.2171283027669695,3.209823236886801,0.9317642065181421,2.1004377651323223,0.00024138488352643775
1786995158.461236,65.2945191860199,-5.217128301636862,3.2098213794565273,0.9317669479625929,2.1004378059372693,0.0002264694113809985
1786995158.483275,65.31655812263489,-5.217128300536349,3.209819414043542,0.9317698879682461,2.1004378491742934,0.00016046375715543732
1786995158.4921477,65.32543087005615,-5.217128299454442,3.2098175299023963,0.9317727014790607,2.1004378908257078,0.0003816319011310323
1786995158.5182557,65.35153889656067,-5.217128298394613,3.209815944799325,0.9317750145016083,2.1004379261856654,0.00010740135709527361
1786995158.5273013,65.36058449745178,-5.217128297365161,3.2098145706728385,0.9317769777134448,2.1004379570946132,0.0002649172621710089
1786995158.5544243,65.38770747184753,-5.2171282963565515,3.209813194332239,0.9317789564914549,2.1004379881278923,8.886815225612305e-05
1786995158.5601435,65.39342665672302,-5.2171282953725475,3.2098114980583246,0.9317814956053803,2.1004380261656075,0.0005339214592418716
1786995158.5853858,65.41866898536682,-5.217128294409779,3.2098098757275166,0.9317839189550012,2.1004380626922856,0.00011553060790253343
1786995158.603295,65.4365782737732,-5.217128293460806,3.2098082299918285,0.9317863932511073,2.1004380998335144,0.00016592677912780779
1786995158.619772,65.45305514335632,-5.217128292538798,3.209806494585048,0.9317890318805396,2.1004381390399414,0.00019167260230452469
1786995158.639517,65.47280025482178,-5.217128291640372,3.2098045212365625,0.9317920889836439,2.1004381835795884,0.00018428252219644905
1786995158.6631706,65.49645376205444,-5.217128290759702,3.2098025269554586,0.9317951919059659,2.1004382287265466,0.0001559402672459081
1786995158.6762948,65.50957798957825,-5.217128289888685,3.209800577729385,0.9317982271083027,2.100438273015822,0.00027485093136938747
1786995158.6925294,65.52581262588501,-5.217128289033921,3.2097985170188377,0.9318014629673059,2.1004383199377186,0.00023630433410375574
1786995158.699109,65.53239226341248,-5.2171282882040355,3.2097966368033073,0.931804398122539,2.100438363010032,0.0005297761198860972
1786995158.7164001,65.54968333244324,-5.217128287391168,3.2097950443357117,0.9318068481927024,2.100438399802898,0.00016899603401533428
1786995158.7525985,65.58588171005249,-5.217128286591684,3.2097934743475705,0.9318092681641085,2.1004384361939916,7.968964958208466e-05
1786995158.765087,65.59837007522583,-5.217128285806624,3.20979207854322,0.9318113973994124,2.10043846879063,0.00020386657281284772
1786995158.7857614,65.61904454231262,-5.217128285043715,3.2097911764961546,0.9318126871094795,2.100438490382967,7.6125879244659e-05
1786995158.7861493,65.61943244934082,-5.21712828430033,3.209790327149922,0.9318138940630772,2.10043851081722,0.00380464295904769
1786995158.8276396,65.66092276573181,-5.217128283572748,3.209789304810442,0.9318154054392233,2.1004385351689048,4.397831795372729e-05
1786995158.8408709,65.67415404319763,-5.217128282852557,3.2097882676805676,0.9318169494659952,2.100438559895857,0.0001405771649742838
1786995158.8547676,65.68805074691772,-5.217128282143661,3.209787390491533,0.9318182259942628,2.1004385810499238,0.00011145563106448299
1786995158.8642466,65.69752979278564,-5.217128281448764,3.209786600921728,0.9318193589517665,2.100438600261612,0.00014568414104497668
1786995158.9043694,65.73765254020691,-5.217128280767611,3.2097858615210324,0.931820412410163,2.1004386183620145,3.2077723653852876e-05
1786995158.9112575,65.74454069137573,-5.217128280095695,3.2097851296592372,0.9318214593470845,2.1004386363059813,0.00018544595358837245
1786995158.924312,65.75759530067444,-5.217128279651398,3.2097847406661266,0.9318219909745168,2.1004386460467885,5.046063916127554e-05
1786995158.9383626,65.77164578437805,-5.217128278778504,3.2097850774501318,0.9318211486275292,2.1004386402686217,6.456563585658488e-05
1786995158.981686,65.81496930122375,-5.2171282781334645,3.2097864355483474,0.9318186259810162,2.100438610927713,6.613017048008009e-05
1786995158.9963803,65.82966351509094,-5.217128277503377,3.209788276671881,0.9318152799593873,2.100438570758239,0.000259905666694022
1786995159.0059364,65.83921957015991,-5.217128276882222,3.209790125362434,0.9318119266015588,2.100438530570382,0.00040070782673209667
1786995159.0163236,65.84960675239563,-5.217128276270093,3.2097922037657947,0.931808184448081,2.100438485367167,0.00041210335650547687
1786995159.048059,65.88134217262268,-5.217128275674648,3.2097943880101445,0.9318042659996233,2.100438437961294,0.0001413596429633267
1786995159.0648344,65.89811754226685,-5.217128275088368,3.209796310798807,0.9318008014961009,2.1004383965551043,0.00023619807926822202
1786995159.0746922,65.90797543525696,-5.217128274520699,3.20979819926151,0.931797400946503,2.1004383560585733,0.0003945806506794775
1786995159.0832186,65.91650176048279,-5.217128273965028,3.2097998153749856,0.9317944726509472,2.100438321710045,0.00039227428358138187
1786995159.1227908,65.95607399940491,-5.217128273414103,3.2098014650728337,0.9317914914201475,2.1004382867230444,8.610161137282249e-05
1786995159.1319227,65.96520590782166,-5.217128273408582,3.209807422103027,0.9317811239241774,2.100438156431153,0.0013093709628882121
1786995159.148603,65.98188614845276,-5.217128274111644,3.2098380024017077,0.9317285254379901,2.1004375080109217,0.0036475524770413622
1786995159.156677,65.98996019363403,-5.217128275211776,3.2099105736355336,0.9316040211436076,2.100436111453607,0.01784864086537362
1786995159.1692457,66.00252890586853,-5.217130585662589,3.210033678747421,0.9313900761287455,2.1004320589002536,0.019639677104727624
1786995159.207399,66.04068207740784,-5.2171466478393835,3.2102064416019425,0.9310727850263802,2.100432575342571,0.009478459635485565
1786995159.2171123,66.05039548873901,-5.217186009712716,3.2104253004408134,0.9306459332896914,2.1004556502425547,0.04955018337216713
1786995159.2272258,66.06050896644592,-5.217267013120293,3.2106719726675155,0.9301075171658115,2.1005106547739647,0.059103934013314326
1786995159.2382286,66.07151174545288,-5.217411211096437,3.210936431376178,0.929463927630547,2.1006053821623882,0.06458282650108595
1786995159.2793255,66.11260867118835,-5.217586920289519,3.211235383842406,0.9287243817079206,2.100738971095099,0.01987514811471887
1786995159.2891586,66.12244176864624,-5.217792580892778,3.2115658871267465,0.9278981664550789,2.1009086683832945,0.09288261361595765
1786995159.3074982,66.14078140258789,-5.218024997212647,3.21192552999184,0.9269958592752273,2.101112226602478,0.05445902159364633
1786995159.3139343,66.14721751213074,-5.218280065934431,3.21231167573506,0.9260294385068987,2.1013434148529826,0.1664844054752569
1786995159.346543,66.17982625961304,-5.218554568733814,3.212721144942163,0.925010264750021,2.101600723136774,0.03471878272690615
1786995159.3730054,66.2062885761261,-5.218554568733814,3.212721144942163,0.925010264750021,2.101600723136774,0.0
1786995159.373564,66.20684719085693,-5.218846106224962,3.2131498495395525,0.9239496977683457,2.101883596671013,2.113266174179959
1786995159.374561,66.20784425735474,-5.219151288800589,3.2135943331298664,0.9228589695517506,2.1021917423886123,1.2202925602140362
1786995159.387931,66.2212142944336,-5.219466743548785,3.2140522865667,0.921747065517762,2.1025236914816596,0.09298455841226885
1786995159.428537,66.26182007789612,-5.219789125366363,3.2145204114202244,0.9206193365923816,2.102883319787976,0.03110076948854205
1786995159.447924,66.28120708465576,-5.219789125366363,3.2145204114202244,0.9206193365923816,2.102883319787976,0.0
1786995159.4493666,66.2826497554779,-5.220111813624919,3.214987405931479,0.9194813400889906,2.1032980355198445,0.8814973540275315
1786995159.458088,66.29137110710144,-5.22042628603446,3.2154403986549567,0.9183403722334215,2.103796730348354,0.14530342508701918
1786995159.4683163,66.30159950256348,-5.2207242205274556,3.2158681884497735,0.9172004325582763,2.1043905684513797,0.12254979310814278
1786995159.5024962,66.33577942848206,-5.220995534444453,3.21625935144573,0.9160659521045019,2.105069124364814,0.03599513924229815
1786995159.5352793,66.36856245994568,-5.220995534444453,3.21625935144573,0.9160659521045019,2.105069124364814,0.0
1786995159.536134,66.36941719055176,-5.221230097708248,3.2166032327369307,0.9149435497359505,2.105813376920672,1.4005645682197254
1786995159.536361,66.36964416503906,-5.221414763380756,3.216883576373124,0.9138340723317967,2.106621296086145,5.106971812952705
1786995159.5510004,66.38428354263306,-5.221538675779295,3.2170924387504587,0.9127420109108519,2.1074741738229315,0.07641981590051443
1786995159.585094,66.418377161026,-5.221592741094899,3.217222306022195,0.9116669813129772,2.1083640401361974,0.03180050447827563
1786995159.595322,66.42860507965088,-5.221568159321859,3.2172647231594333,0.9106081623685841,2.1092795721639894,0.10363333497461703
1786995159.6159506,66.44923377037048,-5.221568159321859,3.2172647231594333,0.9106081623685841,2.1092795721639894,0.0
1786995159.6179602,66.45124340057373,-5.221453699867004,3.2172067074701993,0.9095668779540972,2.1102203785730405,0.5220669839197304
1786995159.6182067,66.45148992538452,-5.2212386005092295,3.2170375938637434,0.9085411484283147,2.111189247947931,4.306248136969646
1786995159.6334047,66.46668791770935,-5.220915478954952,3.21675121568046,0.9075291733604741,2.1121823026790683,0.07239333849376846
1786995159.6704726,66.50375580787659,-5.220915478954952,3.21675121568046,0.9075291733604741,2.1121823026790683,0.0
1786995159.6714692,66.50475239753723,-5.220479629577902,3.2163438485685045,0.9065294846505989,2.1132026177921515,1.1681530989018638
1786995159.6746552,66.50793838500977,-5.2199278486165746,3.215814546790194,0.905541185346556,2.114246957154528,0.3921996472877372
1786995159.6907804,66.52406358718872,-5.21925806560979,3.2151655044212246,0.9045687491771203,2.11531403608309,0.08355888655988361
1786995159.7023172,66.53560042381287,-5.218470618419233,3.2144010328425487,0.9036148342258306,2.116398367693411,0.12604084638602936
1786995159.748022,66.58130526542664,-5.217565989815084,3.2135236185021787,0.9026792460104496,2.1174957347329655,0.034341327933811096
1786995159.7614014,66.59468460083008,-5.216543742383974,3.212533345216568,0.9017612387116133,2.11860448597861,0.1265851973213851
1786995159.7694123,66.60269546508789,-5.215402379493107,3.211428641647671,0.9008600602844603,2.119724510575933,0.22797209183089315
1786995159.786347,66.6196300983429,-5.2141395822504535,3.2102060750276693,0.8999772753796149,2.1208569989834403,0.11614568882857298
1786995159.8122609,66.64554405212402,-5.212752900482771,3.208861548627705,0.8991124404421587,2.122003292350936,0.08166507110125025
1786995159.8234062,66.65668940544128,-5.21124007219606,3.2073919193973057,0.8982635606287399,2.1231616527735464,0.20399137082941932
1786995159.8506212,66.68390440940857,-5.209599370772367,3.2057951241098586,0.8974305216406565,2.1243271002360586,0.08952086876530232
1786995159.8581853,66.69146847724915,-5.20783026305156,3.2040704564570572,0.8966141848113259,2.1255034549829976,0.3440004508492554
1786995159.8858955,66.71917867660522,-5.20593227226687,3.202217071639274,0.8958151825606236,2.1266838017307927,0.09998213966332357
1786995159.9115417,66.74482488632202,-5.20593227226687,3.202217071639274,0.8958151825606236,2.1266838017307927,0.0
1786995159.9127119,66.74599504470825,-5.2039044838139805,3.2002342067820924,0.8950339337817277,2.1278683987276192,2.5139956175448086
1786995159.9129906,66.74627375602722,-5.201746306727839,3.1981219070626916,0.8942705872187242,2.1290575428921352,11.175869448317554
1786995159.943022,66.77630519866943,-5.199457788876875,3.1958806509635274,0.8935246998641211,2.1302530706112366,0.10951535808295683
1786995159.956603,66.7898862361908,-5.197039273067867,3.193510772270833,0.892796432907313,2.131450460499698,0.255025594078019
1786995159.9692395,66.80252265930176,-5.194490292055741,3.191011942096274,0.8920865344519984,2.132646168393786,0.28801067227172034
1786995159.9834816,66.81676483154297,-5.19181025237193,3.1883841355426545,0.8913953667518519,2.1338383445376192,0.2679719515372367
1786995159.991253,66.82453608512878,-5.188998873017271,3.1856275063972666,0.8907218578090431,2.135026569886924,0.5140168574463942
1786995160.034399,66.86768221855164,-5.186055328934229,3.182740528832943,0.8900652979262481,2.136209135852954,0.09676289001932521
1786995160.0514846,66.88476777076721,-5.1829786354978475,3.179721928818118,0.8894256644527229,2.1373895892895542,0.2550354326858181
1786995160.0609548,66.8942379951477,-5.179767859435865,3.1765706821078927,0.8888029989141641,2.138566556315564,0.4795781148590301
1786995160.071085,66.90436816215515,-5.176422961841079,3.1732867834243184,0.8881964145805717,2.139742233845203,0.4665816477448056
1786995160.0842853,66.91756844520569,-5.1729442128371295,3.1698702061681736,0.8876052155471171,2.140915661642811,0.3720859883362947
1786995160.1224155,66.9556987285614,-5.169331745343683,3.1663213535027106,0.8870298506986062,2.1420823101920483,0.13366276221841333
1786995160.1361947,66.969477891922,-5.165585796452204,3.1626405973406713,0.8864706481797275,2.1432422302013334,0.3832862660453184
1786995160.1452377,66.97852087020874,-5.161707038894399,3.158828712373508,0.8859278953989395,2.1443947212000762,0.6043725429553796
1786995160.1550355,66.98831868171692,-5.157695644318448,3.1548856720194456,0.8854009140733431,2.145537764503092,0.5766057626443949
1786995160.1922908,67.02557396888733,-5.1535509778215,3.150810644259247,0.8848893318158592,2.146671250388349,0.15661885158581426
1786995160.2046354,67.03791856765747,-5.149272613007889,3.1466026134565177,0.8843924801457319,2.14779905459481,0.48778638752998127
1786995160.2162027,67.04948592185974,-5.144860452166249,3.1422614112969165,0.8839095413835638,2.148920391796213,0.5367326848680013
1786995160.227191,67.06047415733337,-5.1403147650814605,3.1377876796164683,0.8834399169130913,2.150032374719001,0.5820007889926261
1786995160.2678778,67.1011610031128,-5.135635485632122,3.1331816610212613,0.8829840376390384,2.1511379660980765,0.16176502678636032
1786995160.2764041,67.10968732833862,-5.130822625973433,3.1284434359097015,0.8825425444380328,2.152235291419868,0.7938071168640704
1786995160.2929232,67.12620639801025,-5.125876584944383,3.1235734491582523,0.8821143097182809,2.153323216039552,0.420991354014497
1786995160.3001423,67.13342547416687,-5.120797010274793,3.118571376387393,0.8816985561487395,2.1544037969754166,0.9892020165144307
1786995160.3331583,67.16644144058228,-5.115584318151384,3.113437600941125,0.8812946106761208,2.1554786016062066,0.22193543935630863
1786995160.3477519,67.18103504180908,-5.110238135924999,3.108172111764684,0.8809030918927709,2.1565433367767906,0.5148837933632439
1786995160.3606117,67.19389486312866,-5.104758403228665,3.102775307479201,0.8805245037093207,2.1575960380119428,0.5987959416013346
1786995160.3735557,67.20683884620667,-5.099145307353888,3.0972475828290666,0.8801584180311461,2.158642429890028,0.6092778629907748
1786995160.3969991,67.23028230667114,-5.093398887405573,3.0915888974358015,0.8798045625851851,2.1596810540236038,0.34434443367235895
1786995160.4182985,67.25158166885376,-5.087518744914991,3.085798495864677,0.8794629881575275,2.1607093714495793,0.38778770088630604
1786995160.4463618,67.27964496612549,-5.081505565229361,3.079876503154222,0.8791335397811371,2.1617274862444424,0.300966605173151
1786995160.4526575,67.28594064712524,-5.075359896430771,3.0738239478860034,0.8788161107118633,2.1627304603875888,1.3710251565524547
1786995160.46738,67.30066323280334,-5.069081993133951,3.0676418718028415,0.8785100421877553,2.163720774394412,0.5988153950595099
1786995160.4787302,67.31201338768005,-5.062671700316646,3.0613299459159435,0.8782150205648326,2.1646987366469217,0.7930351845594513
1786995160.4933524,67.32663559913635,-5.056128753015328,3.0548875188122024,0.8779311092767393,2.165666097107501,0.6282708711859365
1786995160.5020413,67.33532452583313,-5.049453048643463,3.048314581481837,0.8776582518994589,2.1666245651542266,1.078667042673736
1786995160.516256,67.34953927993774,-5.042645046593496,3.041611423932588,0.8773961586116835,2.1675743735564574,0.6723798668590031
1786995160.5567517,67.39003491401672,-5.042645046593496,3.041611423932588,0.8773961586116835,2.1675743735564574,0.0
1786995160.5576448,67.39092803001404,-5.035705311530332,3.0347782646894688,0.8771449107222877,2.168514945614561,10.908368918336851
1786995160.561115,67.39439821243286,-5.028634195052679,3.0278153583542644,0.8769036644159404,2.1694441726848455,2.860593010119228
1786995160.5722272,67.40551042556763,-5.021431938148045,3.0207230368877216,0.8766724743964711,2.170364431680929,0.9098759728351554
1786995160.5883455,67.42162871360779,-5.0140989181093545,3.0135017263743338,0.8764507844044968,2.1712712685637796,0.6386631334618221
1786995160.6220758,67.45535898208618,-5.006635114439396,3.0061514269813587,0.8762394656666554,2.172167471147163,0.31062875850990923
1786995160.6542745,67.48755764961243,-4.999040610015971,2.99867178968076,0.8760394858890443,2.1730505795048476,0.3311072742971436
1786995160.6583745,67.49165773391724,-4.991315191591818,2.9910623642136076,0.8758505211898528,2.1739219001920254,2.645147718704464
1786995160.6701083,67.50339150428772,-4.983458746938058,2.983322767016314,0.8756727310049975,2.1747837341421117,0.9400055661341769
1786995160.6893086,67.52259182929993,-4.975471861498412,2.975453771243548,0.8755056260213976,2.175635921641927,0.5840190833480178
1786995160.702097,67.53538012504578,-4.9673548627328,2.9674559127709,0.8753482036367202,2.176479013603035,0.8911526443151431
1786995160.717324,67.55060720443726,-4.959107802905236,2.9593293174458437,0.8752003911428756,2.1773150687943277,0.7604333777126858
1786995160.7324817,67.56576490402222,-4.950731084553657,2.951074917040277,0.8750625448393198,2.17814027007493,0.7759160741059763
1786995160.7576084,67.59089159965515,-4.942225289229039,2.9426935713180096,0.8749346753883833,2.1789553064421066,0.47527223538197483
1786995160.7772846,67.61056780815125,-4.9335907720888335,2.9341855071627734,0.8748166119222209,2.1797608200960914,0.6161014304266286
1786995160.7861712,67.6194543838501,-4.924827806095636,2.9255510092257917,0.8747086693388154,2.18055778083243,1.3844110575859305
1786995160.7973907,67.63067388534546,-4.915936314557477,2.916790177733984,0.87461113060062,2.181343962297141,1.1125984815162127
1786995160.825114,67.65839719772339,-4.906915972589836,2.907902578962853,0.8745238549407699,2.182120626404921,0.4567807335442261
1786995160.8385994,67.67188262939453,-4.897767062261702,2.89888864017802,0.8744456409734744,2.182885813336509,0.9524104861521671
1786995160.8533907,67.68667387962341,-4.888489989014103,2.8897487971629743,0.8743752548472382,2.1836395314564374,0.8804717588438801
1786995160.86632,67.69960308074951,-4.879085168076462,2.8804831583582016,0.8743121061515275,2.1843809959602054,1.0211401627256353
1786995160.899441,67.7327241897583,-4.869553115089704,2.8710922494270483,0.8742559761550758,2.1851084747132625,0.40400351999207085
1786995160.9125938,67.7458770275116,-4.859894131700351,2.8615765987850468,0.8742059053599949,2.1858224660734327,1.0308790588316281
1786995160.924547,67.75783014297485,-4.850107746762888,2.8519360220166368,0.8741627447717042,2.1865243732619084,1.1492728495895033
1786995160.936948,67.77023124694824,-4.84019395438038,2.8421705011310032,0.8741272891158649,2.1872161476500573,1.1221433204754072
1786995160.9477503,67.78103351593018,-4.8301523703896185,2.8322796189041597,0.8741000029165886,2.1878987317219325,1.3048009909774771
1786995160.9837155,67.81699872016907,-4.819983106310275,2.822263275297976,0.8740808665941026,2.188571391818495,0.3968781155574628
1786995160.9902568,67.8235399723053,-4.8096870180901385,2.812122217245421,0.874069680187292,2.18923425056412,2.2093116919298463
1786995161.0032914,67.83657455444336,-4.799264643422478,2.801857151558684,0.8740659015180184,2.189887670686181,1.1222954908788576
1786995161.0181527,67.8514358997345,-4.788716801793206,2.791468598963685,0.8740690949443098,2.1905320086422893,0.9961880874284068
1786995161.0495148,67.88279795646667,-4.778043905436622,2.7809569680520045,0.8740789536354738,2.1911691215429063,0.4776523517721664
1786995161.0542657,67.88754892349243,-4.767245658787957,2.770322277497187,0.8740962005454052,2.1918003499200056,3.1900508326840415
1786995161.0680423,67.90132546424866,-4.756321867837334,2.7595641435947527,0.8741203494643947,2.192424189777795,1.1128993017354936
1786995161.0840676,67.91735076904297,-4.745272690260968,2.7486823824007183,0.874150497558639,2.1930390155126234,0.9677192957445324
1786995161.110929,67.94421219825745,-4.7340979948242525,2.7376769784935626,0.8741870918617692,2.1936468416348505,0.5838929138949909
1786995161.1217504,67.95503354072571,-4.7227983215627285,2.726548654446482,0.8742306516776653,2.194247019199403,1.4655770930224152
1786995161.1399558,67.97323894500732,-4.711374189123474,2.7152982527892613,0.8742815312441492,2.1948365540871757,0.8807202472333947
1786995161.156595,67.98987817764282,-4.699825408501633,2.7039258799561603,0.8743402165693432,2.1954122622914944,0.9741007679860262
1786995161.182073,68.01535630226135,-4.688152219322371,2.6924316505182793,0.8744067784509437,2.1959822230392474,0.6430011241836165
1786995161.2023745,68.03565764427185,-4.676354817129084,2.680815558372807,0.8744811762260233,2.196541422002734,0.8155374240592307
1786995161.2041416,68.03742480278015,-4.664433419730324,2.669077909362808,0.8745628237904073,2.197090178065209,9.467275203859487
1786995161.2152686,68.04855179786682,-4.652388398598143,2.657219108130223,0.8746502868945631,2.1976310613408487,1.5191247899432456
1786995161.2382374,68.07152056694031,-4.640220112731542,2.6452392978300145,0.8747432468184555,2.198164345847849,0.7434467044013708
1786995161.2577872,68.09107041358948,-4.627928303163697,2.633137993891332,0.8748425041659337,2.198695646535466,0.8823264896454824
1786995161.2645683,68.09785151481628,-4.615513181534778,2.6209155284671373,0.8749478209028458,2.199220441277578,2.569236947418647
1786995161.2763276,68.10961079597473,-4.602975227879235,2.608572403470483,0.8750586096656526,2.199739559330312,1.496219656562561
1786995161.3052468,68.13853001594543,-4.590315375359463,2.596109556150222,0.8751741894308571,2.200256812706126,0.6143095698391963
1786995161.3183813,68.15166449546814,-4.577533930505027,2.5835273143506594,0.8752958285652626,2.200768218263453,1.3655509079677748
1786995161.3322587,68.16554188728333,-4.564630540034423,2.5708256494773556,0.8754244788791372,2.201274787197997,1.304750016212057
1786995161.3403492,68.17363238334656,-4.551605830700025,2.5580054225597872,0.8755592092588623,2.2017757660011137,2.258971284551533
1786995161.351279,68.18456220626831,-4.538460274103417,2.5450669595998643,0.8756991586317767,2.202270931056021,1.6876119104898901
1786995161.377264,68.21054720878601,-4.525193568324728,2.5320100597925275,0.87584386488875,2.2027606394381913,0.7163652830449035
1786995161.389251,68.2225341796875,-4.511805927820535,2.518835374030603,0.875992652056225,2.2032416412151328,1.5670008779876903
1786995161.402253,68.23553609848022,-4.498297049092949,2.505542588107726,0.8761461701122674,2.203712285553825,1.4576984259914842
1786995161.4140267,68.247309923172,-4.484666545783155,2.492131445679196,0.8763043600211025,2.204174213446744,1.624163346434371
1786995161.4471989,68.28048205375671,-4.470914812328588,2.4786024250281624,0.8764667839032106,2.204627049489214,0.581564477669761
1786995161.4662852,68.29956841468811,-4.45704205609369,2.4649562709294432,0.8766341374946613,2.2050729078404756,1.0195860536759536
1786995161.4748933,68.30817651748657,-4.44304829458362,2.4511929856628503,0.8768067633465172,2.20550938863516,2.280250614390153
1786995161.4841437,68.31742691993713,-4.428934093130393,2.4373126848825377,0.8769846712588716,2.205937765091345,2.1400790758923476
1786995161.5035179,68.3368010520935,-4.414699845300294,2.4233151952037186,0.877167758311241,2.206362178712177,1.030466520089833
1786995161.5141528,68.34743595123291,-4.400345703907842,2.409200335803953,0.8773555605428747,2.2067794521623467,1.8930325771988674
1786995161.5272415,68.36052465438843,-4.385871593564503,2.3949678996416166,0.877547513118987,2.2071890788657718,1.5509726462194022
1786995161.5381546,68.37143778800964,-4.371277861310211,2.3806184829433956,0.8777437750164788,2.207592024075529,1.8754986169108645
1786995161.5702953,68.40357851982117,-4.356565231509482,2.366152792105551,0.877943368848819,2.2079882208777546,0.6419857750518138
1786995161.583141,68.41642427444458,-4.3417343732631295,2.3515715312809125,0.878146882164404,2.208376900821301,1.619153875446296
1786995161.5954037,68.42868685722351,-4.3267857603842295,2.3368749880352824,0.8783546684649893,2.208756805544872,1.7095973037824526
1786995161.612341,68.44562411308289,-4.311719024259173,2.322062878436678,0.8785662370523176,2.209128534312291,1.2475079207066946
1786995161.6288834,68.46216654777527,-4.296533445390225,2.3071345049890595,0.8787815036177358,2.20949592992362,1.2873343615570074
1786995161.6528513,68.48613452911377,-4.296533445390225,2.3071345049890595,0.8787815036177358,2.20949592992362,0.0
1786995161.6533911,68.48667430877686,-4.281229054028417,2.292089838412735,0.8790005371904689,2.2098620954029062,39.76053506798808
1786995161.6565359,68.4898190498352,-4.265806237243868,2.276929344729819,0.8792236731539033,2.2102255476136112,6.877390669222017
1786995161.6704814,68.50376462936401,-4.2502651256757185,2.2616532277498496,0.8794515582199613,2.2105831083847445,1.562722320482642
1786995161.6961145,68.52939772605896,-4.234605812416727,2.246262234721183,0.8796844354824039,2.2109329345609483,0.856624429522585
1786995161.7122338,68.54551696777344,-4.2188288142995765,2.2307574682324387,0.8799231769487386,2.211275574258166,1.3723768260637246
1786995161.720708,68.55399107933044,-4.202934670337257,2.2151397829810917,0.8801671452242673,2.2116124597568794,2.629705897472429
1786995161.7315264,68.56480956077576,-4.186923671660849,2.1994094645589715,0.8804155550506734,2.211941792081889,2.074852440742182
1786995161.7430835,68.57636666297913,-4.1707962683645325,2.1835665810828324,0.8806684347276994,2.2122660665083353,1.9562616706086242
1786995161.7678137,68.60109686851501,-4.15455223042338,2.1676109758276954,0.8809250497743175,2.2125848454292325,0.9207746157695422
1786995161.779581,68.61286425590515,-4.138191210564465,2.1515423580371986,0.8811858452841439,2.212897792152249,1.9489144817595794
1786995161.7983909,68.63167405128479,-4.121713032489911,2.135360688063112,0.881450440409625,2.2132081674974295,1.2278957284995677
1786995161.8091218,68.64240503311157,-4.105117630399624,2.1190658040485855,0.8817188633285431,2.2135129588807954,2.1675056760318068
1786995161.835594,68.66887712478638,-4.088405480564726,2.1026583307802604,0.8819914030241617,2.2138109972601385,0.8847690243993132
1786995161.8525708,68.68585395812988,-4.0715774542799,2.0861391213834657,0.8822684386585427,2.2141054259623774,1.3891103467173174
1786995161.8642704,68.69755363464355,-4.054633950166462,2.0695084038036025,0.8825492526253855,2.2143971302334067,2.029393778945353
1786995161.8745022,68.7077853679657,-4.037575437267132,2.052766490801281,0.8828343545476495,2.2146863991478742,2.3361886363265727
1786995161.8994327,68.73271584510803,-4.0204022088793145,2.0359133582305593,0.8831239062968176,2.214970245871317,0.9652072521325648
1786995161.911375,68.74465823173523,-4.003114059632107,2.018948750109725,0.8834179563481646,2.2152495901361635,2.0283401513127854
1786995161.9273622,68.76064538955688,-3.9857111506442138,2.0018729641629553,0.8837169049134661,2.2155233567652397,1.5251647130968096
1786995161.9494967,68.7827799320221,-3.968193716979366,1.9846864791525545,0.884019409277857,2.21579497874925,1.1087808319307983
1786995161.960808,68.79409122467041,-3.950562018635766,1.967389491879762,0.8843247686165633,2.2160608328460434,2.18377622312402
1786995161.9728959,68.80617904663086,-3.9328159179707707,1.949981415217986,0.8846336244174802,2.2163194259803176,2.056683574813884
1786995161.986595,68.81987810134888,-3.9149555860573075,1.9324625992254598,0.8849464384299113,2.216575769028993,1.8264002151021799
1786995162.0004117,68.83369493484497,-3.8969808995432023,1.914833055422163,0.8852628473523967,2.216828968497119,1.8223541382672181
1786995162.0253086,68.85859179496765,-3.8788920775477256,1.8970932485620975,0.8855824635059748,2.2170812003216422,1.0177140499071167
1786995162.040592,68.8738751411438,-3.860689403018967,1.879244099497265,0.8859061027409535,2.2173276804177653,1.6682059325706156
1786995162.0480402,68.88132333755493,-3.8423738931121143,1.8612867728994396,0.8862337185871603,2.217571733340466,3.4440701987262443
1786995162.064347,68.89763021469116,-3.8239457737251796,1.843220938022394,0.8865643525232278,2.2178120751595958,1.5826765483970502
1786995162.0858188,68.91910195350647,-3.8054050431817354,1.8250464130313406,0.8868979035627456,2.218049900622957,1.2092658288446125
1786995162.099107,68.9323902130127,-3.7867520931822956,1.8067636231213648,0.8872346592628158,2.2182838461336454,1.9657197778813142
1786995162.1109488,68.94423198699951,-3.767987113248453,1.788372803750493,0.8875753758714361,2.2185153294391693,2.2189799276165596
1786995162.1215308,68.95481395721436,-3.749110248743804,1.7698738384191974,0.8879202919370405,2.218744944160648,2.497862264094849
1786995162.1353068,68.96859002113342,-3.7301212376770185,1.751266085743033,0.8882700698460091,2.218972578034036,1.930057412009803
1786995162.1584294,68.99171257019043,-3.711020172639704,1.7325498281928629,0.8886242192428615,2.2191959303372353,1.1566464588618393
1786995162.1722548,69.00553798675537,-3.6918075924323794,1.7137257405780313,0.8889819519007722,2.219416425872839,1.945675000779188
1786995162.1822746,69.0155577659607,-3.6724842864327676,1.6947947040819236,0.8893422602256551,2.219634609076643,2.700032204789581
1786995162.1976528,69.03093600273132,-3.6530500641331844,1.6757565755880415,0.8897053693403205,2.2198489677522923,1.769248671074861
1786995162.2272844,69.06056761741638,-3.633505328324853,1.6566119194250781,0.8900716137757752,2.2200606825823805,0.9233869181521049
1786995162.2342174,69.06750059127808,-3.613850698795745,1.6373612305870953,0.8904416677000935,2.220264636296525,3.968597948193866
1786995162.2471762,69.08045935630798,-3.594086189940264,1.618004817242335,0.8908152741792138,2.22046443155186,2.134979456663784
1786995162.2665913,69.09987449645996,-3.574211354171664,1.5985423551725253,0.8911925629705989,2.220660632572394,1.4328898309942237
1786995162.2798955,69.11317873001099,-3.5542260957063405,1.57897385920961,0.8915735213405949,2.2208554769222126,2.102554393771886
1786995162.2925925,69.12587571144104,-3.5341274911605955,1.5592935562104182,0.8919579430610025,2.221049643291168,2.215653950963047
1786995162.31684,69.15012311935425,-3.513916346871054,1.5395027361569251,0.8923456947763153,2.221241826185709,1.166717665991952
1786995162.324277,69.15756011009216,-3.4935958852959055,1.5196059965130082,0.8927376289427279,2.2214332223960938,3.824414414711215
1786995162.3467946,69.18007779121399,-3.4731690297486586,1.499607554938904,0.8931339334695266,2.2216186889827854,1.2696402279117123
1786995162.3591797,69.19246292114258,-3.4526372811825707,1.4795100278417006,0.8935345338510176,2.2217971629877358,2.320013587286226
1786995162.3651662,69.19844937324524,-3.4320005550902657,1.459313422912935,0.8939394526060509,2.2219722415749295,4.823899177636966
1786995162.3777034,69.2109866142273,-3.411257260736435,1.4390161149279361,0.8943483921100991,2.2221433028022632,2.31507735259491
1786995162.4014983,69.23478150367737,-3.3904050944077166,1.418615689754195,0.8947611699360813,2.222314322601034,1.2260891741363864
1786995162.421191,69.25447416305542,-3.3694415531317476,1.3981086380891385,0.8951774560607131,2.2224842617239746,1.489330003318575
1786995162.4271352,69.26041841506958,-3.3483651612025214,1.3774921380068794,0.8955973965465721,2.2226524854243697,4.96044087618667
1786995162.432099,69.26538228988647,-3.327177058527592,1.3567679748204682,0.8960210482790207,2.2228206673368867,5.971401740195509
1786995162.4641633,69.2974464893341,-3.3058783573803856,1.3359367520163865,0.8964485567623285,2.2229858677367664,0.9292374820144923
1786995162.474305,69.30758810043335,-3.2844713649445216,1.3150005626652284,0.8968792309247442,2.223147945704818,2.9527950194544665
1786995162.4862392,69.31952238082886,-3.26295953514812,1.2939651036014816,0.8973142004871973,2.2233038163932046,2.5213506896995743
1786995162.4946969,69.3279800415039,-3.241344000173262,1.2728323810448794,0.8977541595231953,2.223456092497602,3.5745950597245963
1786995162.5097702,69.34305334091187,-3.2196179861602876,1.2515894123609923,0.8981988757644362,2.223607998224692,2.0160704207482634
1786995162.5276344,69.36091756820679,-3.1977804233475835,1.2302337519588196,0.8986482462631782,2.223764061432878,1.7099775319594
1786995162.5433445,69.37662768363953,-3.175837641333087,1.2087771685980917,0.8991036267898675,2.2239195897055386,1.953727818400788
1786995162.5566802,69.389963388443,-3.153795447093085,1.1872301491814052,0.8995662810526478,2.2240702259624636,2.3116655368245977
1786995162.5668159,69.40009903907776,-3.131654394371638,1.1655938020334817,0.9000361686775283,2.224215025933279,3.0546553428323797
1786995162.5914328,69.42471599578857,-3.109413852269076,1.143869220949274,0.9005118298602666,2.2243519671248864,1.2631056026822387
1786995162.6103346,69.44361782073975,-3.087070453539768,1.1220526041425738,0.9009920640629638,2.224482881311093,1.6523145530489773
1786995162.6276076,69.4608907699585,-3.064616867372322,1.1001324643660615,0.9014765030713687,2.2246159486304316,1.8168853831910599
1786995162.636087,69.46937012672424,-3.0420524003583735,1.0781098433632055,0.9019646283879301,2.22475091102408,3.718906907099767
1786995162.6493096,69.48259282112122,-3.0193713649653904,1.0559739270727264,0.9024562026627155,2.224896769881149,2.397130698187899
1786995162.666532,69.4998152256012,-2.9965800154837012,1.033735092711123,0.9029536570402724,2.2250433579737035,1.8491860692243538
1786995162.6764119,69.50969505310059,-2.9736862589526463,1.0114071658456538,0.9034600510648324,2.225183419161278,3.2372094721891362
1786995162.6907222,69.52400541305542,-2.9506878528024223,0.9889841086903141,0.9039757868309913,2.2253179226604165,2.244845099271761
1786995162.7002752,69.53355836868286,-2.927582438719407,0.9664594793973307,0.9044989441466821,2.2254523209573085,3.378238997199378
1786995162.7155437,69.5488269329071,-2.904376554180576,0.9438456700693011,0.905031039572576,2.225583397046362,2.1224320263870666
1786995162.7282755,69.5615587234497,-2.8810791204150306,0.921159786158418,0.9055753204836026,2.2257071976114875,2.554436139384562
1786995162.7387743,69.57205748558044,-2.857686116448711,0.8983941469106682,0.9061305425707339,2.2258217339394983,3.109588103735597
1786995162.7616496,69.59493279457092,-2.8341965740771458,0.875551545361046,0.9066953940130188,2.225929016269492,1.4325417541793908
1786995162.7748528,69.60813593864441,-2.810608171516532,0.852631860884079,0.9072683390037865,2.226031154841636,2.4914196870719074
1786995162.7910411,69.62432432174683,-2.7869126648383977,0.8296229778995342,0.907846670721461,2.226133454342307,2.0405757674790963
1786995162.8028698,69.63615298271179,-2.763100253825841,0.80650860286249,0.9084283100145145,2.2262418540797113,2.8059825444494666
1786995162.822091,69.65537428855896,-2.739172409413461,0.7832929630496175,0.9090141625679232,2.2263589060336137,1.7347639377742
1786995162.8458476,69.6791307926178,-2.7151363883843835,0.7599880305068404,0.909605986457298,2.2264781721763933,1.4094805879959627
1786995162.8526382,69.68592143058777,-2.6909936353560284,0.73659382020681,0.9102052626519024,2.2266022099131573,4.951407702131629
1786995162.8638375,69.6971206665039,-2.66674875486705,0.7131159039089549,0.9108111737806968,2.2267262714421476,3.0140368237405113
1786995162.8785472,69.71183037757874,-2.642401095407493,0.6895514740495772,0.9114235102505805,2.226853789383784,2.303853700230075
1786995162.8900924,69.72337555885315,-2.6179581665658387,0.6659156193592228,0.9120443700975988,2.2269738370847922,2.945583142543716
1786995162.900553,69.73383617401123,-2.5934221520667933,0.6422137119564101,0.9126731708614556,2.2270843069147808,3.261782853874153
1786995162.9146252,69.74790835380554,-2.5687948265859233,0.6184522188217483,0.9133093132343134,2.2271848430246868,2.43227782589353
1786995162.9247634,69.75804662704468,-2.5440713714148644,0.5946257236623936,0.913950296348949,2.227280404914506,3.38734605712832
1786995162.951849,69.78513216972351,-2.5192394708958044,0.5707146954292452,0.9145949089708468,2.2273803700113532,1.2729533475513637
1786995162.9702032,69.80348634719849,-2.4942953600773636,0.5467140420339465,0.915244536055864,2.227489843445438,1.886311662328606
1786995162.9791474,69.81243062019348,-2.469240533847361,0.522627359019968,0.9158990035261969,2.2276062788573556,3.8864197060770063
1786995162.997048,69.83033108711243,-2.444071533069825,0.4984466599574747,0.9165540482608138,2.2277362814123167,1.950153078015651
1786995163.0070648,69.8403480052948,-2.418793513778764,0.4741784621266129,0.9172086390119074,2.2278796914882624,3.4988661032891453
1786995163.0187712,69.85205435752869,-2.3934204871007903,0.4498464228855796,0.9178688804999072,2.228018715285194,3.003556973547738
1786995163.0394452,69.87272834777832,-2.3679713815077825,0.42548555890792855,0.9185453000293171,2.228132624649791,1.7043572626541896
1786995163.0594203,69.89270353317261,-2.342449539248629,0.40110405681067246,0.9192356316408252,2.228219787696163,1.7673405449371675
1786995163.0761838,69.90946698188782,-2.3168443594773436,0.3766870202015179,0.9199368024976792,2.2282907145029958,2.1110197791683385
1786995163.0909193,69.92420244216919,-2.291146650165745,0.3522257955113078,0.9206460139140913,2.228356891586965,2.4081762318429565
1786995163.0987139,69.93199706077576,-2.2653422531632454,0.3277015895584968,0.9213603308619268,2.228430137012065,4.568071288325092
1786995163.1073654,69.94064855575562,-2.239419773998668,0.3030987406403194,0.9220765518972204,2.2285210560702002,4.131790140813821
1786995163.132965,69.96624827384949,-2.2133798474107707,0.2784196184037951,0.9227916349030368,2.2286307785122803,1.4017269678065192
1786995163.1441255,69.97740864753723,-2.187230440243777,0.25367699771898505,0.9235062696959095,2.2287531195307766,3.2263199702571543
1786995163.1580493,69.99133253097534,-2.160981330400239,0.2288851586015913,0.9242237784609577,2.2288749233331506,2.5936181507937293
1786995163.1710715,70.00435471534729,-2.1346386960445156,0.20405389946960228,0.9249476544772075,2.2289891120125347,2.780518290561667
1786995163.2017918,70.03507494926453,-2.1082125427564726,0.17920173164649233,0.9256815863732356,2.229081403177884,1.1811026444817903
1786995163.2125375,70.04582071304321,-2.081704426133239,0.15433222621151715,0.9264247631490289,2.2291470637604314,3.3832433731177645
1786995163.225402,70.05868530273438,-2.0551049807530735,0.12943229225265224,0.9271755466070353,2.229201045435071,2.832824000836728
1786995163.2373385,70.0706217288971,-2.0284071095936786,0.10449381920062602,0.927932679699349,2.229250249968478,3.0613386207995847
1786995163.2512066,70.0844898223877,-2.0015914482645987,0.07948346102159257,0.928692417632769,2.2293227372762963,2.6446768793041553
1786995163.271431,70.10471415519714,-1.9746497661161944,0.05438680529251187,0.9294516257432794,2.2294317029723763,1.820955432706642
1786995163.2923987,70.12568187713623,-1.9475921906992342,0.029220647675781405,0.9302109960124385,2.229565456677844,1.7626983533968312
1786995163.2951233,70.1284065246582,-1.9204251964651802,0.003991667486436982,0.9309682617328547,2.2297196695545662,13.610060199525762
1786995163.3083248,70.14160799980164,-1.8931580189570882,-0.021288040591882693,0.9317252891679741,2.2298823692736165,2.817149750130832
1786995163.333136,70.16641926765442,-1.8658023585545616,-0.04660183127804857,0.932488482713312,2.2300372023330652,1.5024913514022424
1786995163.3426156,70.1758987903595,-1.838374203276968,-0.07191946980856292,0.9332646614548776,2.230161864446818,3.9384707151245744
1786995163.3502715,70.18355464935303,-1.8108843476132719,-0.09721705342330497,0.9340567877548549,2.2302379957360414,4.88082771577554
1786995163.3622348,70.19551801681519,-1.783328432876672,-0.12249580634507667,0.9348622436151459,2.2302686941340846,3.1264699412388888
1786995163.3810143,70.21429753303528,-1.7556805354062157,-0.1477926948796439,0.9356797901937457,2.2302879418926413,1.9959739671058123
1786995163.3921907,70.22547388076782,-1.7279153988859082,-0.17314552031843805,0.9365053803687,2.230337675135463,3.3649496232118397
1786995163.4032493,70.23653244972229,-1.7000206340888868,-0.1985743349405982,0.9373321174867633,2.230439886721019,3.4140777668571722
1786995163.4143732,70.24765634536743,-1.6720039973419594,-0.22406661468952216,0.9381612695743852,2.230584411454467,3.40597161880948
1786995163.4400673,70.27335047721863,-1.643898810125854,-0.24956391778193343,0.939005286479062,2.23071466930314,1.4772595472521428
1786995163.456251,70.28953409194946,-1.6157244340107166,-0.2750347253512305,0.939866478735136,2.230800333049628,2.3474840405708832
1786995163.4613338,70.29461693763733,-1.5874776467993206,-0.3004843679911948,0.940738801723798,2.2308470810601957,7.482146520584151
1786995163.4723828,70.30566596984863,-1.5591471249779694,-0.325923927367148,0.9416185399605708,2.2308684044742724,3.4470227206792874
1786995163.4942272,70.32751035690308,-1.5307227538140507,-0.35136623374381587,0.9425034276664728,2.2308802113940183,1.7468138204646644
1786995163.5110753,70.34435844421387,-1.5021894110502394,-0.37682974591122786,0.9433889034156858,2.230905120696509,2.2704919428461348
1786995163.5187893,70.3520724773407,-1.4735417280067553,-0.4023270721385357,0.9442734937830882,2.230955866999541,4.972918110951627
1786995163.531386,70.36466908454895,-1.4447808197932381,-0.42786123467759196,0.9451570884953143,2.2310306131556836,3.0540208235079804
1786995163.555798,70.38908123970032,-1.4159122146517116,-0.4534267996374839,0.9460407834322198,2.231121851415869,1.5800199261388563
1786995163.5767844,70.41006755828857,-1.3869442712550295,-0.4790121547535076,0.9469252965861874,2.231219909838608,1.8421148838442643
1786995163.5872922,70.42057538032532,-1.3578868234513988,-0.504603844292443,0.9478105150684347,2.231308064145114,3.6858754803165357
1786995163.6030488,70.43633198738098,-1.328742239918995,-0.5301980735441317,0.9486968564245911,2.2313869379581925,2.4623093365947923
1786995163.6166651,70.44994831085205,-1.29950708350108,-0.5557969823169425,0.9495866822707719,2.231458889252399,2.8545800915687023
1786995163.6294217,70.46270489692688,-1.2701798168987501,-0.5814003053122139,0.9504761965208169,2.231529603102637,3.052627757735751
1786995163.6565173,70.48980045318604,-1.2407561138769756,-0.6070194591762099,0.9513636290849599,2.2316109277382594,1.440241036493252
1786995163.6630342,70.4963173866272,-1.2112363122629513,-0.6326563352514776,0.9522470595544459,2.23170232295168,6.001007240968185
1786995163.674319,70.50760221481323,-1.1816246104935348,-0.6583032530193244,0.9531265977681038,2.231795238505419,3.4722782844693927
1786995163.6865554,70.51983857154846,-1.1519273470585951,-0.6839507999104736,0.9540043474679909,2.2318798133782565,3.207583383054675
1786995163.7023222,70.53560543060303,-1.1221453455828767,-0.7095947416852406,0.9548806239349172,2.231959542392699,2.4932616245635155
1786995163.715313,70.54859614372253,-1.09227087527621,-0.7352420208406979,0.9557563040884616,2.2320424837673616,3.031639993559343
1786995163.72745,70.56073307991028,-1.0623206133780896,-0.7608683655993035,0.9566363318673788,2.2321010387198723,3.2485278881910196
1786995163.7485008,70.58178400993347,-1.032300013063634,-0.7864712944243966,0.9575192156150485,2.23212981575986,1.874762896681011
1786995163.775701,70.60898423194885,-1.032300013063634,-0.7864712944243966,0.9575192156150485,2.23212981575986,0.0
1786995163.7763016,70.60958480834961,-1.002205592957225,-0.8120587905603545,0.9584039678893721,2.2321355658969932,65.78968254057625
1786995163.77653,70.60981321334839,-0.9720252964378802,-0.8376525744155092,0.9592931161320166,2.232141594763787,173.294553382821
1786995163.7864652,70.61974835395813,-0.941734725434591,-0.8632916053880629,0.9601844764222628,2.2321946418600835,3.9953887806536867
1786995163.8140938,70.64737701416016,-0.9113388911359734,-0.8889697396348242,0.961074643033083,2.232284646675411,1.440544810871322
1786995163.8312397,70.66452288627625,-0.8808536201796047,-0.9146669194396639,0.9619654371460975,2.2323919780652304,2.3259797717349047
1786995163.8340688,70.66735196113586,-0.8502864515444537,-0.9403747176777408,0.9628573653514316,2.232505623344326,14.121382110955192
1786995163.8551996,70.68848276138306,-0.8196398971622995,-0.9660806107653754,0.9637509746579052,2.2326194921585465,1.8934461984467796
1786995163.8783643,70.71164751052856,-0.7889341470163759,-0.991748810133231,0.9646534483469978,2.2327000097300926,1.7281176901009883
1786995163.9032848,70.73656797409058,-0.7889341470163759,-0.991748810133231,0.9646534483469978,2.2327000097300926,0.0
1786995163.9039257,70.7372088432312,-0.7581733280496339,-1.0173697205238255,0.9655640680652134,2.2327379206130002,62.483238752917565
1786995163.9117756,70.74505877494812,-0.727350813817009,-1.0429544154096038,0.9664818128475434,2.232744326430322,5.104250808056513
1786995163.920135,70.75341820716858,-0.6964548496440326,-1.0685236742519726,0.9674055475255188,2.2327394185608447,4.798752492090964
1786995163.9497447,70.78302788734436,-0.6654686549827226,-1.094104278055105,0.9683343115876081,2.2327486048760417,1.357384383471831
1786995163.9585044,70.79178762435913,-0.6343783111649194,-1.1197204070795361,0.969265436190057,2.2328018013959383,4.599989255775662
1786995163.9693072,70.80259037017822,-0.603176212545902,-1.1453874356623799,0.9701964312558318,2.2329120103265265,3.7410202360171994
1786995163.9852445,70.81852769851685,-0.5718781600774564,-1.1710923500443433,0.9711277889997871,2.2330607471484734,2.5419227127841966
1786995163.9913037,70.82458686828613,-0.5405069773859777,-1.1968067709977555,0.9720615689439581,2.233217805906988,6.696307146903779
1786995164.0158548,70.84913802146912,-0.5090750875590765,-1.2225164955670347,0.9729968128769344,2.233373058877886,1.6544265106628313
1786995164.0267332,70.86001634597778,-0.47761769510823954,-1.2481731101812008,0.9739449213902158,2.233472378401589,3.7326093473361506
1786995164.042389,70.87567210197449,-0.4461539150230431,-1.2737452728229592,0.9749092219327924,2.2334877493175633,2.5905209183330173
1786995164.0516417,70.88492488861084,-0.4146766096267197,-1.2992491186026403,0.9758862375190008,2.2334330528735578,4.379689421750364
1786995164.0892935,70.9225766658783,-0.38316777575597144,-1.3247195706205879,0.9768741080581375,2.2333459022562265,1.0763925961229681
1786995164.0940506,70.92733383178711,-0.3515949938372297,-1.350191960859143,0.9778691656570466,2.2332721874431285,8.530125721897459
1786995164.1062899,70.93957304954529,-0.3199308742925914,-1.37569473837039,0.9788636217656622,2.2332420910282553,3.3228727194898915
1786995164.117496,70.95077919960022,-0.2881799816859497,-1.4012258127407289,0.9798526831935038,2.2332447163542093,3.6368019164371
1786995164.138513,70.97179627418518,-0.25634159699055487,-1.4267871033326178,0.9808328143759736,2.2332842857559623,1.9432503227823863
1786995164.1500518,70.98333501815796,-0.2244098152228766,-1.4523863447257475,0.9818030087767862,2.2333695710675867,3.547853341468582
1786995164.1640494,70.99733257293701,-0.19239346629228188,-1.4780104727522811,0.9827642060320217,2.233484791073172,2.9304474302067507
1786995164.178293,71.0115761756897,-0.16031357130858445,-1.503632219012684,0.9837227815323103,2.2336051258767347,2.8832009858163565
1786995164.2051165,71.0383996963501,-0.12820249595025607,-1.529207462433884,0.9846879495022599,2.2336923895534335,1.5308469777634521
1786995164.2230623,71.05634546279907,-0.09606748256108878,-1.5547320746781783,0.9856592729308191,2.2337380607306234,2.287451572318168
1786995164.2304194,71.06370258331299,-0.06390128009609543,-1.5802132527080377,0.9866337233738233,2.2337519221212867,5.579300895307676
1786995164.246282,71.07956528663635,-0.03169916126064601,-1.6056591063567076,0.9876135811242963,2.2337403726703995,2.588081250502895
1786995164.2664802,71.0997633934021,0.0005568835465981307,-1.6310947214341909,0.9885973271453419,2.23373059160559,2.034350648824066
1786995164.2804046,71.11368775367737,0.032885265287144944,-1.6565320488365693,0.9895803218985337,2.2337420395305343,2.9551003354057834
1786995164.2903717,71.12365484237671,0.0652980667234874,-1.681993627867045,0.9905629699359729,2.2337942776030593,4.136534318997039
1786995164.3044798,71.13776302337646,0.09778059398493863,-1.7074641927903158,0.9915490717989003,2.2338686890318438,2.9266471428773833
1786995164.3296797,71.16296291351318,0.13031906716777844,-1.7329298277024867,0.9925357163249897,2.2339502629480537,1.6401130947002835
1786995164.3479035,71.18118667602539,0.16291219836019452,-1.7583846671164443,0.9935178260506434,2.23403469466341,2.269946314063211
1786995164.3552313,71.18851447105408,0.19554437243684583,-1.7838031652691855,0.9944974173406584,2.2341022116351206,5.64635553775893
1786995164.3662286,71.19951176643372,0.2282109171429111,-1.8091809010587097,0.9954740917809541,2.234147574077971,3.7625039331756787
1786995164.3792717,71.21255493164062,0.26091920343001984,-1.8345383873964003,0.9964472351235409,2.2341852742917565,3.1739105361285005
1786995164.3999531,71.23323631286621,0.2936714941057036,-1.859886613966614,0.9974157404667696,2.2342266378573514,2.0030983584861386
1786995164.4282389,71.26152205467224,0.32647164254221184,-1.8852354098126014,0.9983796214263859,2.2342757983353785,1.465930372039814
1786995164.428774,71.26205730438232,0.35931584484203655,-1.910584155390809,0.9993409186626871,2.234327387243494,77.53333337257506
1786995164.4372437,71.27052688598633,0.39218281714316006,-1.935914772725408,1.0003037505760486,2.2343648478357236,4.900677413613731
1786995164.4654694,71.29875254631042,0.42506808307550537,-1.9612191570852693,1.0012690290707835,2.2343893276946885,1.4704787160333308
1786995164.4812536,71.31453680992126,0.4579721313600234,-1.9864893536116017,1.0022371334563651,2.2344002613460403,2.6291600205506094
1786995164.489239,71.32252216339111,0.4908918561300718,-2.011726719744197,1.0032048061027465,2.2343918695224523,5.19598767486401
1786995164.5011563,71.3344395160675,0.5238374999383613,-2.036949751282772,1.0041691302739648,2.234378525833558,3.4826169465479473
1786995164.5245674,71.35785055160522,0.5568156552781838,-2.0621721992166737,1.0051278880192314,2.234372416419156,1.773902885750465
1786995164.5380251,71.37130832672119,0.5568156552781838,-2.0621721992166737,1.0051278880192314,2.234372416419156,0.0
1786995164.5385792,71.37186241149902,0.5898173409035702,-2.087388539540553,1.0060816616981745,2.234366996971767,74.97727936598613
1786995164.5526943,71.38597750663757,0.6228496176999696,-2.1126050501048357,1.0070294408501632,2.2343644227877415,2.9449352065077927
1786995164.559237,71.39252018928528,0.6559170209833594,-2.1378265876058706,1.0079691466842289,2.2343707930308256,6.358068436495628
1786995164.5868924,71.42017555236816,0.6890257664958014,-2.1630600760218712,1.008904265567996,2.23439126087978,1.505633207001708
1786995164.6064365,71.43971967697144,0.7221684895979598,-2.1883012932018695,1.0098359337176706,2.234418461297569,2.132122044111885
1786995164.616653,71.44993615150452,0.7553333097481678,-2.2135439152815417,1.0107662421137886,2.234441560471387,4.080552068618979
1786995164.6349688,71.46825194358826,0.7885107209921871,-2.238776732868962,1.0116947508416114,2.234460668556214,2.276336116375712
1786995164.6420083,71.47529149055481,0.8216907675313666,-2.2639901416381765,1.0126249877245619,2.234470789662228,5.921303166785287
1786995164.659198,71.49248123168945,0.8548734813762784,-2.2891912587520804,1.01355702240459,2.2344724807435705,2.4245869292740196
1786995164.6710684,71.50435161590576,0.8880633617483928,-2.3143903205006127,1.0144884492055033,2.2344707608014835,3.511467759792361
1786995164.6805816,71.5138647556305,0.9212584310026145,-2.3395949256375768,1.0154189428119385,2.2344615410537245,4.382352701476496
1786995164.7047224,71.53800559043884,0.954465543813358,-2.3648102335138397,1.0163470345747432,2.2344483275565787,1.7276096919432316
1786995164.713423,71.546706199646,0.9876851691379729,-2.390028746296504,1.0172722075736882,2.23443397658407,4.794810921753047
1786995164.7293067,71.56258988380432,1.0209231914253303,-2.415254208420657,1.0181920217338871,2.234422569859082,2.6276339833758673
1786995164.742241,71.57552409172058,1.0541838759554456,-2.4404859199126325,1.0191065638129992,2.234415533330026,3.2285098919680535
1786995164.7508893,71.58417248725891,1.0874811660205745,-2.465741217680454,1.0200155249021454,2.2344185570993993,4.833440444264977
1786995164.7710354,71.60431861877441,1.120816193369039,-2.4910210281633396,1.0209174577999214,2.234434686139912,2.0771343922213186
1786995164.784623,71.61790609359741,1.154195615535685,-2.5163342928971777,1.0218106222022332,2.234467938168406,3.0838408723708755
1786995164.8033426,71.63662576675415,1.187596307759079,-2.5416524557052305,1.0227013347512162,2.234508899853098,2.2394334381872607
1786995164.8179731,71.65125632286072,1.2209946827268126,-2.5669489593835424,1.0235931576061963,2.2345353921468867,2.864317746759192
1786995164.8384395,71.67172265052795,1.254369501263772,-2.5921890139719452,1.0244915419780358,2.2345421207130474,2.0450109588710803
1786995164.8443375,71.67762064933777,1.2877250285280295,-2.6173790967233352,1.0253924299666952,2.2345343865710383,7.08857536222702
1786995164.8613362,71.69461941719055,1.3210715041521683,-2.6425413668740436,1.0262931808670157,2.234516929891188,2.4580858336310927
1786995164.8731627,71.7064459323883,1.3544181919227647,-2.6676952459462635,1.027193453629982,2.2344965943034905,3.5327005683968666
1786995164.8909004,71.72418355941772,1.3877737390795901,-2.692855594596762,1.0280930098879355,2.2344756290473784,2.3560359988168074
1786995164.9043467,71.7376298904419,1.4211607574711949,-2.718045358076159,1.0289882373264279,2.234464624778661,3.111125534805752
1786995164.9152484,71.74853157997131,1.45458610641582,-2.743275023979089,1.0298796148128513,2.2344674258700365,3.8423183118366744
1786995164.9303024,71.76358556747437,1.4880315101795225,-2.768528793769424,1.0307658282632235,2.2344734253750187,2.784522958089254
1786995164.9564004,71.78968358039856,1.521486877200324,-2.7937996229406767,1.0316461306362876,2.2344781600018826,1.60687624150148
1786995164.9693432,71.80262637138367,1.5549431225082644,-2.8190754744172493,1.0325216356207354,2.2344781554688002,3.240406478239501
1786995164.9854019,71.81868505477905,1.588387816220559,-2.844336502087659,1.0333969794211049,2.234471888590058,2.6105348040250163
1786995165.0008144,71.83409762382507,1.621825360842617,-2.869582436764879,1.034270859343937,2.2344617187665805,2.719009648286777
1786995165.012767,71.84605026245117,1.6552687111645652,-2.8948306648645064,1.0351435228796786,2.2344560528010664,3.506582432087416
1786995165.0271711,71.86045432090759,1.6887130848350504,-2.9200785040360384,1.0360145524905158,2.2344518135221008,2.9098369073447876
1786995165.0402508,71.8735339641571,1.7221669710072163,-2.9453337985686336,1.036880856040041,2.234450160920894,3.2053966265247156
1786995165.0544374,71.88772058486938,1.755641967856638,-2.970611325663562,1.0377433131742215,2.234454457461477,2.9574064072607698
1786995165.075147,71.9084300994873,1.789130794173457,-2.9958980974324128,1.0386018729812523,2.2344634904798255,2.0267074197589596
1786995165.0857432,71.9190263748169,1.8226241376888597,-3.0211821953495623,1.0394563179260674,2.234474073499161,3.961206672604373
1786995165.104294,71.93757724761963,1.8561196078289355,-3.0464525592725056,1.0403065253109787,2.234487533467698,2.2622858044744243
1786995165.1202378,71.95352101325989,1.889607889812392,-3.071692691208483,1.0411543735340212,2.2344952925711903,2.630708014651669
1786995165.1266198,71.95990300178528,1.9230899406032331,-3.0969068768516212,1.0420022923211854,2.2344947238689583,6.568925665334391
1786995165.137443,71.97072625160217,1.956579191629314,-3.122115099439663,1.042849455112022,2.234496203223718,3.8736016197616197
1786995165.157536,71.99081921577454,1.9900883877539421,-3.1473348756086557,1.0436949515758303,2.234505749720567,2.08768616270115
1786995165.1621926,71.99547576904297,2.0236029851225084,-3.172547791077067,1.0445404302079313,2.234518482386382,9.008378365710787
1786995165.175241,72.00852417945862,2.057113920615004,-3.197747548874559,1.0453876339330084,2.234529130442808,3.213969664224299
1786995165.2133274,72.04661059379578,2.0906351685852496,-3.2229581634376303,1.0462330771843793,2.234544905006743,1.101493136584974
1786995165.2273004,72.06058359146118,2.124170403457685,-3.2481948150297284,1.0470740360884956,2.234562964818498,3.0042700608881807
1786995165.2372756,72.07055878639221,2.157714569889958,-3.273452347327293,1.047907592830984,2.2345808061723886,4.210263651124399
1786995165.2479057,72.08118891716003,2.1912626600452776,-3.2987228520524146,1.0487344805718943,2.234597503755873,3.9518803643760663
1786995165.2633636,72.09664678573608,2.2248006283979604,-3.3239974677528377,1.049560120351152,2.2346096653819254,2.717280917444153
1786995165.2733486,72.10663175582886,2.25832015864889,-3.349271526843474,1.0503846699884558,2.234614917028459,4.205149725118924
1786995165.2879725,72.12125563621521,2.2918238981118098,-3.3745515331930758,1.0512069193328335,2.23461580504736,2.87059415040768
1786995165.3024478,72.13573098182678,2.3253277073591008,-3.3998606192880736,1.0520274450668714,2.2346139704614045,2.901261697059856
1786995165.3351526,72.16843581199646,2.3588397845631865,-3.425197795607712,1.052845359812344,2.234611878345453,1.2848329315619615
1786995165.3450546,72.1783378124237,2.3923453769655154,-3.450539671589493,1.053662233317343,2.2346103117545955,4.243373405394414
1786995165.3535151,72.1867983341217,2.4258236619424918,-3.4758601939735225,1.054480955328242,2.2346062478958384,4.96225512983309
1786995165.36408,72.19736313819885,2.4592733716098882,-3.5011473224068905,1.0553019350140487,2.234594831367184,3.96982143243289
1786995165.3841608,72.21744394302368,2.4927138297871294,-3.5264261401921937,1.056126949915191,2.234579187015147,2.0879678847260483
1786995165.4005349,72.23381805419922,2.526155286903915,-3.55171349807206,1.0569531890568127,2.234565996224162,2.560996765560025
1786995165.4124615,72.2457447052002,2.5595923745877514,-3.5770019842274494,1.0577782685435049,2.2345562988016887,3.5157580218206794
1786995165.4236841,72.25696730613708,2.5930295208659917,-3.6022943805751915,1.0586007579932613,2.2345483320517636,3.7365289328441387
1786995165.4473352,72.28061842918396,2.626461778559768,-3.6275827390158515,1.0594236604538412,2.234540078965255,1.7727381303575183
1786995165.462427,72.29571008682251,2.6599003754065675,-3.6528809652517635,1.060246205136188,2.2345338607426832,2.77890264537559
1786995165.4770298,72.3103129863739,2.6933383024356012,-3.6781851578777705,1.061065013282572,2.234529458168254,2.8721172398191155
1786995165.4871352,72.32041835784912,2.7267588497917146,-3.703492812157866,1.0618804446504977,2.234523057876093,4.149219886371093
1786995165.5011282,72.33441138267517,2.7601516241293296,-3.7287931671125514,1.0626910767943343,2.2345122636175874,2.9945472443424093
1786995165.5221863,72.35546946525574,2.7935218930972807,-3.754090513058858,1.0634943765695364,2.2345010074772036,1.988921945890207
1786995165.535192,72.36847519874573,2.8268730397234343,-3.779389229995966,1.064289811465652,2.2344922769722584,3.2192207140002265
1786995165.547767,72.38105010986328,2.8601973691264364,-3.8046862057997615,1.0650773142633103,2.2344802081754436,3.3277185766008084
1786995165.5601733,72.39345645904541,2.8934924375082534,-3.8299855975192383,1.065858543851184,2.234464437959632,3.3711617998574344
1786995165.5948706,72.42815375328064,2.926762778058553,-3.855299081450208,1.06663336118436,2.2344452608482275,1.2050662555541718
1786995165.6001904,72.43347358703613,2.960012214679759,-3.880621370211032,1.0674006259308826,2.234421946962014,7.8575953404904375
1786995165.612197,72.44548010826111,2.993237743063305,-3.9059412631422727,1.068162378027356,2.2343965996505237,3.4798200686622134
1786995165.6273074,72.46059060096741,3.026438293035316,-3.9312538619077135,1.0689187509284181,2.234368525087795,2.763387888689568
1786995165.6433756,72.47665882110596,3.0596295896710273,-3.9565731856947632,1.0696678764047156,2.234342589743207,2.5984671783742948
1786995165.6584535,72.49173665046692,3.0928217186986293,-3.9819015509810374,1.0704092124710876,2.234318645050684,2.7695464475558595
1786995165.6739068,72.50718998908997,3.126016392137814,-4.0072359447617645,1.0711465131594646,2.234299076034556,2.7026105760058114
1786995165.6851149,72.51839804649353,3.1591972792643674,-4.032554040117896,1.0718828932902125,2.234282193560183,3.724418491166979
1786995165.706604,72.53988718986511,3.192379226474631,-4.057876083914686,1.0726157101421636,2.234268439013069,1.94268660793307
1786995165.7145271,72.54781031608582,3.2255752548778434,-4.083217732661481,1.0733445866610416,2.2342631652819906,5.271869398463496
1786995165.7263248,72.5596079826355,3.258769736161365,-4.108564770246503,1.0740703018906008,2.2342590872360155,3.540672354134929
1786995165.7374809,72.57076406478882,3.2919551157816134,-4.133905631907935,1.0747923834788549,2.2342562424464765,3.743305931128755
1786995165.7574773,72.59076046943665,3.325127258531431,-4.159238341431814,1.075513506230677,2.2342500623414954,2.0876326066261135
1786995165.7774756,72.6107587814331,3.3582775045899362,-4.184550813813169,1.076237507949984,2.2342368324927486,2.085951839805721
1786995165.7836869,72.61697006225586,3.3914097205184452,-4.2098392479058635,1.0769633927602382,2.2342244453448115,6.711439430530428
1786995165.7989156,72.63219881057739,3.4245205242904824,-4.235096725590648,1.0776918479796502,2.234207288588187,2.735016909735642
1786995165.820919,72.6542022228241,3.4576221932031626,-4.2603442894104,1.0784220550163204,2.2341862603708496,1.892326551364358
1786995165.8313816,72.66466474533081,3.490730207226915,-4.285606690500144,1.0791504267264744,2.2341627536631172,3.9810333427826965
1786995165.8513029,72.68458604812622,3.5238430797643976,-4.31087906957043,1.079873643862225,2.2341429283793883,2.091302743236732
1786995165.8554053,72.68868851661682,3.556951497511992,-4.336144226508517,1.0805914100911647,2.23412644531272,10.153267323349725
1786995165.8712661,72.70454931259155,3.5900511163604047,-4.361396771583623,1.0813014679275372,2.234112523799959,2.6252581394320216
1786995165.8911982,72.72448134422302,3.6231529372679154,-4.386649262534546,1.0820033898796495,2.234102260429596,2.089112852630275
1786995165.8982892,72.73157238960266,3.65627627531832,-4.411927399383704,1.0826961599156983,2.2340972409559905,5.876815974698675
1786995165.9169655,72.750248670578,3.6894304769438944,-4.4372507110676365,1.0833782581087887,2.234099538494616,2.2340920392943597
1786995165.928876,72.7621591091156,3.7226089756359246,-4.462606564455979,1.0840524327000682,2.23410709618528,3.5064586269304767
1786995165.943398,72.77668118476868,3.75579776012438,-4.487972869824702,1.08472027014226,2.2341235357774765,2.8768528942845437
1786995165.9585369,72.79182004928589,3.7889743420993756,-4.513323429677068,1.085386094093632,2.234136837809515,2.758369986270778
1786995165.9703882,72.80367136001587,3.82211692683609,-4.538623384927438,1.086059621208992,2.2341409018115326,3.518681411594625
1786995165.9782178,72.81150102615356,3.8552323900883647,-4.563878714520726,1.0867398531084913,2.2341382463072628,5.319827144480176
1786995165.9994147,72.83269786834717,3.8883351568556175,-4.589106875427098,1.0874232536881518,2.234125627263075,1.963781055052695
1786995166.0146384,72.84792160987854,3.921439495333481,-4.614328386158312,1.0881115472377176,2.2341115510152525,2.7341017033843977
1786995166.0314434,72.86472654342651,3.9545597392726664,-4.639558355616908,1.0887996652690075,2.234102511630088,2.4779050993981997
1786995166.0425496,72.8758327960968,3.987704519589011,-4.664802468201291,1.0894824704308737,2.2341007048687787,3.751853065729311
1786995166.055421,72.88870429992676,4.020874089385906,-4.690065197969264,1.090159420625816,2.2341089692136964,3.2397092255850835
1786995166.0706162,72.90389943122864,4.0540563499283415,-4.715333049363411,1.0908312101349924,2.2341203209059173,2.745158501996528
1786995166.081437,72.91472029685974,4.087229244410903,-4.740572199349625,1.0915031050148338,2.2341235844103187,3.8525764888999903
1786995166.0957892,72.92907238006592,4.12039772791821,-4.765787018450094,1.0921727099037306,2.234121337112533,2.9034069730558447
1786995166.1078668,72.94114995002747,4.153573589388185,-4.79099937736976,1.0928387441055478,2.2341158354250577,3.450550558645543
1786995166.1205564,72.95383954048157,4.186755853813508,-4.81621719235399,1.0934996200754445,2.2341122119279007,3.2847854238353738
1786995166.1374946,72.97077775001526,4.219946002381331,-4.841441549016987,1.0941569683981667,2.234109519778375,2.461462053238394
1786995166.1431992,72.97648239135742,4.253143794718687,-4.8666730538135905,1.0948122347326554,2.2341075793750513,7.310387167784429
1786995166.1746404,73.00792360305786,4.286352396855981,-4.8919129956788865,1.0954626573928323,2.234113543775331,1.3268181664433352
1786995166.1814082,73.01469135284424,4.319572543087875,-4.917156870992709,1.0961085660250502,2.234129068297253,6.165752541693269
1786995166.191311,73.02459406852722,4.35279563316742,-4.942392066134207,1.0967518762919377,2.2341396297946186,4.2135233422523015
1786995166.2054524,73.03873562812805,4.386028261010929,-4.967629322544309,1.0973933539984753,2.2341490775783766,2.9511693040052944
1786995166.2147963,73.04807949066162,4.419278207635818,-4.992881331965387,1.0980293823968148,2.234164808266308,4.468897666204773
1786995166.2346184,73.06790161132812,4.452541551565441,-5.018148028631226,1.098659062933001,2.2341789991924093,2.107555498370587
1786995166.244437,73.07772016525269,4.485819296954043,-5.043432301534426,1.099280521301745,2.2341972167542443,4.257062101058635
1786995166.2551975,73.08848071098328,4.519102723343837,-5.0687258746266375,1.0998953292656306,2.2342137109172144,3.885327515830414
1786995166.2695003,73.10278344154358,4.5523755672127395,-5.094008965665583,1.1005063477746482,2.2342241260102558,2.9220590050932542
1786995166.285641,73.11892414093018,4.585632513515778,-5.119282783170801,1.1011163847084007,2.2342251184843693,2.5881865968420743
1786995166.304312,73.13759517669678,4.618877424938548,-5.1445613973801825,1.1017242375283078,2.2342202396532174,2.2370709939613165
1786995166.321388,73.15467119216919,4.652109199736901,-5.169842020817503,1.1023293214484995,2.234207449959801,2.4454858104975505
1786995166.3222673,73.15555047988892,4.685334353056995,-5.195122621515644,1.1029318883614256,2.234195309296857,47.48597447532294
1786995166.3495555,73.18283867835999,4.718561556744894,-5.220406688759806,1.1035308699027724,2.234187783849323,1.5302407428342581
1786995166.3601298,73.1934130191803,4.751786555125674,-5.2456903684192495,1.1041253332113623,2.234182161147362,3.948752907401347
1786995166.3713858,73.20466899871826,4.785000668379575,-5.270954629760046,1.1047175461006131,2.234176028194485,3.707807781863864
1786995166.381979,73.21526217460632,4.818212473132473,-5.29620830062801,1.1053042289419814,2.23417212483148,3.9390153924577556
1786995166.404614,73.23789715766907,4.851441745422773,-5.321473702518451,1.1058837646183413,2.2341748797308574,1.844383351965413
1786995166.4192517,73.25253486633301,4.884698185028101,-5.346761327240878,1.1064583723815478,2.234188426878715,2.854448875296981
1786995166.4259167,73.25919985771179,4.9179754696183515,-5.372066783983505,1.1070268160139265,2.2342070971183614,6.2730599435765795
1786995166.4447966,73.27807974815369,4.951253711790156,-5.39737092490307,1.10759167819999,2.234227994701238,2.2145153764488907
1786995166.4523118,73.28559494018555,4.984512183403163,-5.422650346043117,1.1081582979427285,2.234240042896639,5.559290417101887
1786995166.4653084,73.29859161376953,5.017746603221075,-5.44791492202341,1.1087260484343249,2.2342455653678757,3.2124390355110073
1786995166.4747856,73.30806875228882,5.05094565490911,-5.473154302511437,1.109293025741462,2.2342424329423065,4.400865410497702
1786995166.486231,73.31951427459717,5.084114163786231,-5.4983696968554865,1.1098567381011106,2.234231161515402,3.6406149527621303
1786995166.510157,73.34344029426575,5.117264736932552,-5.523570888913175,1.1104164709345963,2.2342201810629203,1.740607726457961
1786995166.5217028,73.35498595237732,5.150415756543285,-5.5487699320443244,1.1109704274258179,2.2342092102116644,3.6069656761152187
1786995166.534363,73.36764621734619,5.183577100214486,-5.573987617487281,1.1115168834354783,2.2341984435409574,3.290941635941318
1786995166.5467308,73.3800139427185,5.216741844309468,-5.59921768768177,1.112055481313463,2.2341887372681475,3.3696005326453693
1786995166.5575492,73.39083242416382,5.249916041794594,-5.624464869474641,1.1125850948154903,2.2341778710585056,3.853781373804483
1786995166.577735,73.41101813316345,5.28310613899707,-5.649729909565177,1.1131043167328067,2.2341689299370615,2.0665807463837313
1786995166.5868723,73.42015552520752,5.316300127439875,-5.674992423008459,1.113615503181425,2.234163941008867,4.565511043425965
1786995166.5985575,73.43184065818787,5.3494906564725015,-5.700254658714181,1.1141219442937682,2.2341611701875794,3.5698254938950518
1786995166.6144485,73.44773173332214,5.382682767595674,-5.725514282267274,1.1146229131201684,2.2341577148812206,2.624963772173569
1786995166.6342304,73.46751356124878,5.415871680192587,-5.750761842775898,1.115116370386373,2.2341537961523388,2.1081751357589456
1786995166.649389,73.48267221450806,5.449058112772971,-5.775998768524825,1.1156016046753268,2.234140949609523,2.7505774506963934
1786995166.6580257,73.49130892753601,5.482241183543694,-5.801226141530555,1.1160813004020624,2.2341294676539505,4.826665905769169
1786995166.670328,73.50361108779907,5.515431085765317,-5.82645425834535,1.1165537221068396,2.2341204019304346,3.3890253885190913
1786995166.6784515,73.5117347240448,5.548648068285431,-5.85170902765225,1.1170183697783784,2.234120551551743,5.136853795131233
1786995166.6993515,73.53263473510742,5.581920690284211,-5.877018790416952,1.1174755794063005,2.2341400029541916,2.000354044918906
1786995166.7037241,73.53700733184814,5.615245122744537,-5.902378862377679,1.1179224932678375,2.2341772798913215,9.57760437347126
1786995166.7141356,73.54741883277893,5.64861347913441,-5.9277854197561055,1.1183598998025381,2.234226341492586,4.028430114989464
1786995166.7450864,73.57836961746216,5.68198732704171,-5.953193842144893,1.1187989224431802,2.2342767869186977,1.35529744859348
1786995166.7525213,73.58580446243286,5.715348957749118,-5.978582586509371,1.119239130881653,2.2343200048281853,5.639107936382759
1786995166.7652295,73.59851264953613,5.748698849619348,-6.003950779832056,1.119679854059325,2.2343576024291876,3.2974108347984923
1786995166.7765725,73.60985565185547,5.782045927922898,-6.029307691794164,1.1201233416996743,2.234393950218439,3.693473180501253
1786995166.7942781,73.62756133079529,5.815386399261781,-6.054661303159428,1.1205696176994766,2.23442952084403,2.3657860299880187
1786995166.8074193,73.64070248603821,5.8487205274394665,-6.080020246959726,1.121017821256463,2.234462658958685,3.187394657658999
1786995166.818184,73.65146708488464,5.882041718883337,-6.105375862174268,1.121468575826156,2.2344874394551604,3.8899512815680293
1786995166.8313022,73.66458535194397,5.915331858129832,-6.13070225853153,1.1219226461257468,2.2345013625776775,3.1887899785157297
1786995166.8519561,73.68523931503296,5.9485811470178955,-6.155994623973137,1.1223785936642081,2.234505237289609,2.0227743114263212
1786995166.8643174,73.69760060310364,5.981794393328251,-6.18125723853436,1.122837851345169,2.234500496482196,3.375995004440764
1786995166.8779163,73.71119952201843,6.014982608110624,-6.206509737459984,1.1233013423666574,2.234485449103133,3.0668355974335464
1786995166.8899004,73.72318363189697,6.048129246039493,-6.231738742008034,1.1237715305548877,2.234464143700561,3.4761374168699453
1786995166.9017963,73.73507952690125,6.081202587194456,-6.256911682000725,1.1242513917470334,2.2344343541929494,3.4941674545560626
1786995166.929321,73.76260423660278,6.114204769888495,-6.2820381579813125,1.1247385801100787,2.234392631707589,1.5070668213085416
1786995166.9381855,73.77146863937378,6.147131386259033,-6.307105201837954,1.1252298965235492,2.234346880476031,4.668730373772787
1786995166.9441743,73.77745747566223,6.1799830897381955,-6.332112357555954,1.1257212690957379,2.234292126084152,6.894433233684075
1786995166.9543862,73.78766942024231,6.2127638952268835,-6.3570668958168985,1.1262109999045768,2.23422577920105,4.034621898396106
1786995166.980303,73.81358623504639,6.2454692433117245,-6.381963006744249,1.126696822352227,2.2341519377278334,1.586069335230048
1786995166.9902785,73.823561668396,6.278096412294008,-6.4068068950935055,1.1271816105731838,2.234061629878395,4.111302311183452
1786995167.0003304,73.8336136341095,6.310634368386384,-6.431595559682093,1.1276686757456922,2.233951497986958,4.069614370670234
1786995167.0125513,73.84583449363708,6.343069103723372,-6.456309329079089,1.1281587485021918,2.233830931036575,3.3369317702338175
1786995167.0367477,73.87003087997437,6.375377866018093,-6.480922197351448,1.128651532051771,2.2337046059695855,1.678716194089146
1786995167.0513008,73.88458395004272,6.407548593404913,-6.505423107522167,1.1291450931195322,2.2335751562722503,2.778880327552195
1786995167.0595548,73.89283800125122,6.43957017294763,-6.529801567849016,1.1296366485166105,2.2334449009238075,4.876197661134518
1786995167.069852,73.90313529968262,6.471447050073996,-6.554066007671715,1.1301251237297036,2.233315943152761,3.89074480078158
1786995167.0993578,73.93264102935791,6.503183003870777,-6.578221380944618,1.130609193975157,2.233184927828098,1.3518027548102596
1786995167.1107125,73.94399571418762,6.534773832484916,-6.6022642622727234,1.1310874825948645,2.233052471140379,3.4965531330349613
1786995167.124151,73.95743417739868,6.5662096626008015,-6.626183340138075,1.1315591275789563,2.2329231736453274,2.9396125513661993
1786995167.1345382,73.9678213596344,6.5974848533113795,-6.649971076835349,1.1320214229272236,2.2328004540618585,3.783163440314156
1786995167.1614635,73.99474668502808,6.628598960009124,-6.673628181099498,1.1324728675875635,2.2326825959901417,1.451755947064391
1786995167.1702077,74.0034909248352,6.659544890004889,-6.697145213031491,1.1329102006486942,2.232570270172056,4.4452351781927595
1786995167.1812315,74.01451468467712,6.690319242978313,-6.720518983145345,1.1333341527153984,2.232468101588795,3.5057712927975047
1786995167.1932619,74.02654504776001,6.72093068532167,-6.743766272144164,1.1337467725987749,2.232366192318614,3.195284757381946
1786995167.215581,74.04886412620544,6.751383211803907,-6.766894741731289,1.1341479650953237,2.2322587628831627,1.713417819608555
1786995167.235047,74.06833028793335,6.781671977363039,-6.789901153062844,1.134536219564614,2.23214542992898,1.9540342915754798
1786995167.246919,74.08020210266113,6.81178589641966,-6.812770006275412,1.1349095187576232,2.232033034484959,3.185272883403531
1786995167.2667818,74.10006499290466,6.841713441831045,-6.835481182741951,1.135266747629563,2.2319327881773683,1.8915193387851068
1786995167.2739553,74.10723853111267,6.871453986059765,-6.858033728489697,1.1356068772402734,2.231845071301176,5.2032950998531025
1786995167.2913396,74.12462282180786,6.901009104836854,-6.880431459342636,1.1359297097091454,2.2317636643941388,2.133224841773329
1786995167.2982779,74.1315610408783,6.930380518052326,-6.902676654527093,1.136235250058213,2.2316885779910853,5.310573471503892
1786995167.3112347,74.14451789855957,6.95957171812074,-6.9247733026715235,1.1365235688079667,2.2316148651586065,2.8257194889848876
1786995167.3211017,74.15438485145569,6.988581790184119,-6.946717929792653,1.1367949161037372,2.2315462616713053,3.6866654019053593
1786995167.356374,74.18965721130371,7.017406096895577,-6.968502263569089,1.1370488126124683,2.2314848878944757,1.0243483067611077
1786995167.3664222,74.19970536231995,7.046040155606006,-6.9901178123618255,1.137284012299324,2.231435550650694,3.570559595309672
1786995167.3721607,74.20544385910034,7.0744884864514255,-7.011571047498251,1.137500778754399,2.2313904643765734,6.209184983460185
1786995167.387213,74.22049617767334,7.102754769288826,-7.032866860895246,1.1376984363996647,2.2313498758696615,2.3512091908625683
1786995167.4111068,74.24439001083374,7.130840625147984,-7.0540070537253134,1.1378760481834989,2.2313123203758143,1.4712290467504432
1786995167.4256904,74.25897359848022,7.130840625147984,-7.0540070537253134,1.1378760481834989,2.2313123203758143,0.0
1786995167.4272401,74.26052331924438,7.158745089614497,-7.074990021806338,1.1380326237478564,2.231277256903067,22.529046307803185
1786995167.4351788,74.26846194267273,7.186465583122924,-7.095811131402222,1.1381677845080242,2.2312453908982874,4.36717184869833
1786995167.4513578,74.28464102745056,7.213999758739921,-7.116465832007823,1.138280563223066,2.2312157882165513,2.1274593862691313
1786995167.4804385,74.31372165679932,7.2413454364873235,-7.136950801975956,1.1383702298674838,2.23119164046018,1.1749280578136216
1786995167.505139,74.3384222984314,7.268500019619561,-7.1572610569657975,1.138436031288804,2.2311747819037517,1.372835293387989
1786995167.505579,74.33886218070984,7.295464253063645,-7.177395901814184,1.1384782671756932,2.231163762902671,76.5031828043506
1786995167.512763,74.34604620933533,7.3222400750893435,-7.197357374289961,1.1384984629711516,2.2311577458635576,4.648879874358628
1786995167.5445411,74.37782430648804,7.348828854504387,-7.2171469962825325,1.1384980829874474,2.2311558183026157,1.0430146122321229
1786995167.5653758,74.39865899085999,7.348828854504387,-7.2171469962825325,1.1384980829874474,2.2311558183026157,0.0
1786995167.5659378,74.39922094345093,7.375232085365429,-7.236766545949826,1.138477289932672,2.231155604851893,58.53633727187621
1786995167.566169,74.39945220947266,7.4014508585824865,-7.256216403013883,1.1384358062688344,2.2311564892792908,141.15955629950292
1786995167.5751817,74.40846490859985,7.427485769124571,-7.275496279851425,1.138372851557103,2.2311597961189915,3.5945408246517894
1786995167.6063426,74.43962574005127,7.453335716034101,-7.294604015819647,1.1382886380025559,2.2311639433631685,1.0315991855274322
1786995167.6283069,74.461590051651,7.478999507202493,-7.313537153870869,1.1381827027720608,2.231167435880989,1.4519956762173192
1786995167.6306531,74.46393632888794,7.5044757263997885,-7.332293317450317,1.1380553425034776,2.231174937044359,13.48356263681797
1786995167.6406047,74.47388792037964,7.5297636477676635,-7.350871184263514,1.1379067852363234,2.231185709737892,3.1531584415917036
1786995167.6573052,74.49058842658997,7.5548640183266516,-7.369270816257394,1.1377378016823623,2.231200096425978,1.8635601179603127
1786995167.674693,74.50797629356384,7.57977749301257,-7.387491821981465,1.1375492987564206,2.2312151134741676,1.7751568936058935
1786995167.692214,74.52549719810486,7.604505994299321,-7.405536684876437,1.1373422652850733,2.2312304214850895,1.7472298907658042
1786995167.7022593,74.53554248809814,7.62905094659573,-7.423407269322648,1.1371169554751779,2.2312449454987493,3.0225310369425014
1786995167.7113905,74.54467368125916,7.653412774854046,-7.441104147098661,1.136873317313625,2.2312604560517304,3.2977160894032207
1786995167.755252,74.58853507041931,7.677591292098888,-7.45862716620304,1.136611869121775,2.2312754039324134,0.6808213238551503
1786995167.769051,74.60233426094055,7.701585869473264,-7.475975591794257,1.1363339445010503,2.231292837117179,2.14581812408404
1786995167.802088,74.63537120819092,7.7253964236566945,-7.493148972137444,1.136040007885782,2.231311384173974,0.8886732445492188
1786995167.8113084,74.64459156990051,7.749022588896709,-7.51014666897147,1.1357296719076717,2.2313301080060777,3.156810583476997
1786995167.8374343,74.67071747779846,7.7724635727746385,-7.526967680090387,1.1354036781730186,2.2313512896247745,1.1044070841648819
1786995167.8588839,74.69216704368591,7.795718984520413,-7.543611296930767,1.135062390618,2.2313753169102073,1.3333445341016408
1786995167.8703923,74.70367550849915,7.818789343713579,-7.560077630871029,1.1347068706167824,2.231401927194597,2.4630754416714815
1786995167.8871925,74.72047567367554,7.841675064405524,-7.576367243891312,1.1343375767123016,2.231426722004274,1.6722150022226356
1786995167.9170816,74.75036478042603,7.864376821797975,-7.592481215759107,1.1339554416020838,2.2314485829455957,0.931509302698447
1786995167.9328375,74.76612067222595,7.886895231283735,-7.608420113602749,1.1335606933305977,2.231470672342314,1.751177192351473
1786995167.9418566,74.77513980865479,7.909231746495808,-7.624185272619661,1.133152903863261,2.2314923876175827,3.031638197852165
1786995167.962325,74.79560828208923,7.931386851260699,-7.6397766364566495,1.1327320260262164,2.2315139756741655,1.3237227072227735
1786995167.988795,74.82207822799683,7.9533607331245,-7.65519422796991,1.1322989949940043,2.2315379832850644,1.0142303417860126
1786995168.0036757,74.83695888519287,7.975153278903996,-7.670437887504926,1.1318537894948868,2.2315616014726833,1.7874574526160598
1786995168.0163336,74.84961676597595,7.996764456053829,-7.68550730693581,1.1313968110786674,2.231584463522352,2.0817321247994984
1786995168.027647,74.86093020439148,8.018194436547729,-7.70040248700405,1.1309278755003778,2.231607656180647,2.3071947332038323
1786995168.0642524,74.89753556251526,8.03944300402692,-7.715123002904362,1.1304477396974155,2.231630129692974,0.7062881540277962
1786995168.0760655,74.90934872627258,8.06051049818916,-7.7296695724154,1.1299563006346196,2.231651790211071,2.1676088003042624
1786995168.0907755,74.92405867576599,8.081397297010154,-7.744042917716572,1.1294542524530744,2.2316750143874917,1.7239681804666407
1786995168.0988781,74.93216133117676,8.102103435359902,-7.758242825111331,1.1289416916605082,2.2316975811503967,3.099308817828952
1786995168.115498,74.94878125190735,8.122628365561507,-7.772268116916506,1.1284197360254162,2.231720038203501,1.4960789832471773
1786995168.1421063,74.97538948059082,8.142972077601641,-7.786118543817475,1.1278897452286876,2.231743781970815,0.9251535903450298
1786995168.1578531,74.99113631248474,8.163136001483036,-7.799796073979585,1.1273519946614654,2.231769501772468,1.5476792501391272
1786995168.167735,75.00101828575134,8.183122038793444,-7.813302970081153,1.1268068381825804,2.2317953259845646,2.4416485278227067
1786995168.1774228,75.01070594787598,8.20293143442023,-7.826641351774505,1.1262545153673964,2.2318164399294282,2.465801885116209
1786995168.212407,75.04569029808044,8.222564603678503,-7.839812085500069,1.1256950217440775,2.231837899493662,0.6759682681046784
1786995168.2348351,75.06811833381653,8.242021609768795,-7.852814897371343,1.1251282014681057,2.2318577523618366,1.0437270735235231
1786995168.245925,75.07920813560486,8.261301146564067,-7.865648084407316,1.1245532848304898,2.2318784414423365,2.089059533765003
1786995168.266666,75.09994912147522,8.280400972110453,-7.878309242610797,1.1239716619954319,2.23189912793049,1.1051847306006253
1786995168.2935154,75.12679862976074,8.299320415657846,-7.890797646470354,1.123384713254908,2.231919963270317,0.8445995565435306
1786995168.2981305,75.13141369819641,8.318060342294475,-7.903113967079967,1.1227923853256006,2.2319428726774033,4.860758212854349
1786995168.3184483,75.15173149108887,8.336622357791828,-7.915259665388508,1.1221946279196238,2.2319667573849182,1.0921768164297017
1786995168.3293009,75.16258406639099,8.355007056377692,-7.927235819890709,1.1215924603808802,2.2319883748194016,2.022531025898467
1786995168.3588204,75.19210362434387,8.373215504491633,-7.939044008051671,1.1209860017894127,2.2320070514240067,0.7354637959279163
1786995168.3699477,75.20323085784912,8.391249000822201,-7.950685497103764,1.1203746049575123,2.23202379414289,1.9298019627141092
1786995168.384407,75.2176902294159,8.409107796040889,-7.962160494236377,1.1197582267512125,2.232042056104682,1.4687065242765618
1786995168.3939848,75.22726798057556,8.426791513008315,-7.973468544605458,1.1191380321242694,2.2320608641105366,2.1925081395915953
1786995168.4245005,75.25778365135193,8.444299574298553,-7.984608921349984,1.1185141195989723,2.2320797831576713,0.6803471375709426
1786995168.4388094,75.27209258079529,8.461631317416904,-7.995580647450007,1.1178868393375163,2.2320985287721578,1.4342247993758017
1786995168.4523041,75.28558731079102,8.478786824256568,-8.006383898808394,1.1172561424326664,2.232116395306698,1.503066520323594
1786995168.4632766,75.29655981063843,8.495766545424575,-8.017019306507837,1.1166232995616328,2.232134536599677,1.8268882571049607
1786995168.500625,75.33390808105469,8.512571528426607,-8.027487815720246,1.115989117737898,2.2321528618119957,0.5303879289483414
1786995168.513579,75.34686207771301,8.529203319376935,-8.037791279421247,1.1153532645154722,2.232170879262231,1.5111196420674355
1786995168.5207515,75.3540346622467,8.545662980007242,-8.047930925324481,1.1147157498959603,2.2321874431584523,2.696751773587784
1786995168.5324755,75.36575865745544,8.561950855208284,-8.057907099929135,1.114076544332997,2.2322023082656655,1.6300694798202728
1786995168.5460374,75.37932062149048,8.578066532713185,-8.06771972319409,1.1134355719671816,2.2322191570062135,1.392048843078728
1786995168.5722015,75.40548467636108,8.594009268995512,-8.077367859263651,1.1127930380086826,2.232235724556171,0.7126539469037623
1786995168.584327,75.41761016845703,8.609778589697852,-8.086850481189728,1.1121497710245303,2.2322506846625045,1.5184619946400248
1786995168.5962403,75.42952346801758,8.625374756092736,-8.096168106977013,1.111506365625885,2.232264912115425,1.5259335382574781
1786995168.610138,75.44342112541199,8.640798575748171,-8.105321878887375,1.1108621443449833,2.2322771563491957,1.291380674736405
1786995168.6390586,75.47234177589417,8.656051081596582,-8.114312811509604,1.110217814991091,2.232287273019879,0.6126061470407016
1786995168.6537342,75.48701739311218,8.6711324090814,-8.123141101168699,1.1095742374995272,2.2323002220772707,1.1915763872294645
1786995168.6625428,75.49582600593567,8.686042684448877,-8.131806965007618,1.1089318963083268,2.232314331129031,1.9591778545051872
1786995168.6764245,75.50970768928528,8.700782614910409,-8.140311089091878,1.1082904498534967,2.232327384459778,1.2267461856679773
1786995168.701677,75.53496026992798,8.715352320792526,-8.148653249106946,1.107651068007261,2.2323378213363823,0.6653218780830062
1786995168.7131512,75.54643440246582,8.72975247653962,-8.156834185523321,1.1070147335109468,2.232350379241248,1.4444655785823848
1786995168.725787,75.55907011032104,8.74398368694207,-8.164854592934502,1.1063808375923532,2.232363754775051,1.2937913524955615
1786995168.7378116,75.57109475135803,8.7580461582342,-8.172714526039865,1.1057484965864295,2.232376604503025,1.3407794284261854
1786995168.7702522,75.60353541374207,8.771939307675623,-8.18041325152167,1.1051175257098376,2.232389891230694,0.4900074482645242
1786995168.781381,75.61466407775879,8.785663224777709,-8.187951070724006,1.104488100367325,2.2324041620898165,1.4081096819512082
1786995168.7912824,75.62456560134888,8.799218263405706,-8.195328571522193,1.1038598074480257,2.23241545669134,1.5599044905734556
1786995168.804014,75.6372971534729,8.81260482843632,-8.202546264467385,1.1032340635914029,2.2324284208383447,1.19555418826751
1786995168.8292794,75.66256260871887,8.825823560611562,-8.209604622411986,1.1026109099969121,2.2324429157205747,0.5936216198285246
1786995168.8551855,75.68846869468689,8.838874765384082,-8.216504030867725,1.101990691915612,2.2324560562551388,0.570355206068908
1786995168.8576748,75.69095802307129,8.85175869713526,-8.223245130264228,1.1013725813776793,2.232468785103669,5.846574314588248
1786995168.8722987,75.70558190345764,8.864475321589682,-8.229827896000586,1.1007565718842152,2.2324809625591238,0.9800851767181863
1786995168.8991542,75.73243737220764,8.877024974318877,-8.236252407965116,1.1001424156808999,2.232490936535577,0.5254753173331387
1786995168.9134562,75.7467393875122,8.889408190425895,-8.24251905459117,1.099529864947343,2.232499237540805,0.9713378207008708
1786995168.9402819,75.77356505393982,8.90162528778346,-8.248628123718825,1.098920185820679,2.2325056222110518,0.5096970278185716
1786995168.9420075,75.77529072761536,8.913676377090116,-8.254579833606583,1.098313528446227,2.232513376651737,7.796580564505283
1786995168.9473174,75.78060054779053,8.925561145214676,-8.260373903716093,1.09771016712932,2.2325238982696947,2.4926779653291944
1786995168.9751632,75.80844640731812,8.937278846738153,-8.266008304371027,1.0971104933882465,2.2325380140085365,0.4674225636386273
1786995168.991923,75.82520627975464,8.948828554364358,-8.271480313885288,1.0965154607285084,2.2325523103978746,0.7633855674993743
1786995168.998712,75.83199524879456,8.960208752727295,-8.276786906666741,1.0959269652120494,2.232569083045133,1.8515931329350515
1786995169.00995,75.84323310852051,8.971424526090534,-8.281936666536764,1.095345420817853,2.232585196124491,1.0994294034810421
1786995169.043349,75.87663221359253,8.982480066300827,-8.286936569754857,1.0947713341923726,2.2325993470489025,0.3636972698703058
1786995169.058097,75.89138007164001,8.993377761866956,-8.29179070571829,1.0942047351442463,2.2326097896321966,0.8098357631900813
1786995169.073301,75.9065842628479,9.004117399570243,-8.296499479617314,1.0936451149987343,2.232618124905469,0.7721497506597814
1786995169.0780501,75.91133332252502,9.014697401444762,-8.301061540761516,1.093091905329549,2.232627266766806,2.4288896310078325
1786995169.11878,75.95206308364868,9.014697401444762,-8.301061540761516,1.093091905329549,2.232627266766806,0.0
1786995169.1194541,75.95273733139038,9.025115213757973,-8.305474260606207,1.0925449558864775,2.2326364626461346,16.799537290892836
1786995169.1196976,75.95298075675964,9.035368482608066,-8.30973425429952,1.0920035134592925,2.232647673111309,45.665801760131075
1786995169.127306,75.96058917045593,9.045455507940112,-8.313839059726156,1.0914667939812017,2.232662945669349,1.4330800936075894
1786995169.1392112,75.97249436378479,9.055375797707324,-8.317788068026655,1.0909350266257134,2.232680490250853,0.8979804653169708
1786995169.1734836,76.00676679611206,9.065130119485973,-8.32158162245042,1.0904086394409647,2.2326989690615187,0.30576359146751614
1786995169.1840746,76.01735782623291,9.074719713814924,-8.32522101817857,1.0898880166983398,2.2327176418472345,0.9697053538442126
1786995169.2032948,76.03657793998718,9.084145551878645,-8.328706541514375,1.0893737103394163,2.2327359869952956,0.5235553408912331
1786995169.2162085,76.04949164390564,9.093402370900893,-8.33202633327003,1.0888666387678725,2.232757089736831,0.7625367701276274
1786995169.235847,76.06913018226624,9.102493222278168,-8.335185083443733,1.0883690080350588,2.2327797932060314,0.49071126834881584
1786995169.2617228,76.0950059890747,9.102493222278168,-8.335185083443733,1.0883690080350588,2.2327797932060314,0.0
1786995169.2623813,76.09566450119019,9.111426248488433,-8.338196368000366,1.0878836429765708,2.232802637535109,14.334444292402386
1786995169.2626739,76.09595704078674,9.120204201024137,-8.341062567031743,1.0874099941377229,2.2328227275996766,31.60660166731018
1786995169.276275,76.10955810546875,9.128827144531437,-8.343783509300096,1.086945761439414,2.2328407983525262,0.6656802474800855
1786995169.3029346,76.13621783256531,9.137296194353716,-8.346362991513947,1.0864912269222233,2.2328536263997725,0.33251749674438286
1786995169.3114467,76.14472985267639,9.145609906241003,-8.348799809486072,1.0860457527344642,2.2328646055232118,1.0191382893607652
1786995169.339044,76.17232728004456,9.15376852078118,-8.351096176939146,1.0856086126168913,2.232873942094046,0.3075248592398798
1786995169.3433127,76.17659592628479,9.161767156969796,-8.353244432077739,1.085180070333003,2.232881110586385,1.9428125994793697
1786995169.353333,76.18661618232727,9.169601548826204,-8.35523813424359,1.084760476253895,2.2328912242387426,0.8078609885098876
1786995169.3871312,76.22041440010071,9.177272384868306,-8.357080017929992,1.0843499822618115,2.2329064484824768,0.23372658931165452
1786995169.3975616,76.23084473609924,9.184783891561498,-8.358777149864826,1.0839482836835699,2.2329224458685175,0.7393158961147447
1786995169.407125,76.24040818214417,9.192136679965303,-8.360329292682028,1.0835548719188868,2.2329419319181363,0.7868627128295045
1786995169.4185257,76.25180888175964,9.199331924825174,-8.361738034116259,1.083169142480467,2.2329628346026036,0.6439951131968255
1786995169.4464552,76.2797384262085,9.206370480302072,-8.363006049882427,1.0827909310106525,2.2329836140740196,0.256425782258154
1786995169.5766845,76.40996766090393,9.206370480302072,-8.363006049882427,1.0827909310106525,2.2329836140740196,0.0
1786995169.5979698,76.43125295639038,9.213252824737264,-8.364132772392873,1.0824206420323315,2.233003899824041,0.3281038367282876
1786995169.6428878,76.47617101669312,9.219978061436013,-8.365116606869245,1.0820587318051729,2.2330254469966953,0.15153029197957626
1786995169.6450408,76.4783239364624,9.226554249069663,-8.365974135329505,1.081708707476802,2.2330426047117378,3.0846913425702267
1786995169.7125514,76.5458345413208,9.232987348531545,-8.366717452382066,1.0813719544156521,2.233049538697288,0.0960538047428429
1786995169.7174778,76.55076098442078,9.239271613196271,-8.367338417402857,1.0810475969998117,2.2330502050121894,1.2835212527908637
1786995169.7252827,76.55856585502625,9.245393309389236,-8.367818205956922,1.080723616637035,2.2327090093524466,0.7878426641686364
1786995169.738144,76.5714271068573,9.251323093010805,-8.368143304541013,1.0802690216814048,2.2314177447053067,0.46310129766116276
1786995169.809055,76.64233827590942,9.25706168592723,-8.368314904567518,1.07958764207321,2.2293637156708392,0.0815308911326823
1786995169.8172705,76.6505537033081,9.262642541163062,-8.368346722957732,1.0786598438071013,2.226648069972561,0.68864837614591
1786995169.8367085,76.66999173164368,9.268099061839887,-8.36825259653932,1.0774879166611255,2.2233323814560273,0.2871559876413443
1786995169.8404624,76.67374563217163,9.273463289532504,-8.368049191035974,1.0760870605626107,2.21944581386997,1.4778911515152473
1786995169.878645,76.71192812919617,9.278758765306192,-8.367749127456936,1.0744766427689876,2.2150118127238283,0.14517287815518398
1786995169.8903964,76.7236795425415,9.283991719087117,-8.367357956515331,1.0726775880548054,2.210052097661352,0.47206061127849785
1786995169.9186516,76.75193476676941,9.28915765354399,-8.366880505962644,1.0707117982905188,2.2045924484113613,0.19634944343766875
1786995169.9386306,76.77191376686096,9.294246637594062,-8.366318326954433,1.0686019725222526,2.198647857314071,0.27717172840770876
1786995169.953705,76.78698825836182,9.299237136951783,-8.36566760486074,1.0663672025604611,2.192242116577389,0.36529304674492713
1786995169.9627802,76.79606342315674,9.304115712674538,-8.364931110140652,1.0640279123172534,2.185403363013547,0.6016783371355295
1786995169.9815671,76.81485033035278,9.308874963460493,-8.364113330358634,1.0616052101283107,2.1781460236509904,0.2875757215732558
1786995170.0045307,76.83781385421753,9.313510672445917,-8.36321914921004,1.0591188184052953,2.170489751276519,0.23236282737206063
1786995170.0174234,76.85070657730103,9.318023305764168,-8.362259818552227,1.0565893231280543,2.1624442236762627,0.4080920790320455
1786995170.0263896,76.8596727848053,9.322406952825453,-8.361244183205066,1.0540348624905977,2.1540213689352363,0.5770865023255648
1786995170.0480664,76.88134956359863,9.326651509993019,-8.360176260765824,1.0514728433740204,2.145245496097867,0.2339625562660701
1786995170.0631816,76.89646482467651,9.330750938381794,-8.359065509845266,1.048921308877173,2.136131368532214,0.32779691946759776
1786995170.080335,76.91361808776855,9.334698598319802,-8.357923375982088,1.0463979110570505,2.126690126168142,0.2811389360316336
1786995170.0935645,76.92684769630432,9.338490359970585,-8.356759286588701,1.043919700588575,2.1169321019382825,0.3535232494873591
1786995170.1094759,76.94275903701782,9.342117522796324,-8.355583380189488,1.041501927556103,2.1068694546541824,0.28375616526957215
1786995170.1304014,76.96368455886841,9.345574867454012,-8.354415143192638,1.039156866263314,2.09650104168876,0.20730158062428183
1786995170.1502566,76.98353981971741,9.348849031962292,-8.353270365771431,1.0368906609701047,2.0858343180215213,0.208671648887377
1786995170.1960218,77.02930498123169,9.351915121141415,-8.35216077470838,1.0347041209070285,2.074894576668033,0.08578460013797339
1786995170.1983979,77.03168106079102,9.354758766677959,-8.351108805631904,1.0325985790086596,2.0636675410662435,1.5535579083718123
1786995170.2132733,77.04655647277832,9.357363569309863,-8.35013223274763,1.0305731592384537,2.0521420135299535,0.23132655603391933
1786995170.222281,77.05556416511536,9.359707076095864,-8.349240191072923,1.0286255951349614,2.040330001483719,0.3524790206824103
1786995170.2599664,77.09324955940247,9.36177556122176,-8.34844740510561,1.0267569830663004,2.028214131752192,0.07690186714618918
1786995170.2760231,77.10930633544922,9.363556056699757,-8.347765154354471,1.0249689896644003,2.0157727269311403,0.16279200778018932
1786995170.2891426,77.12242579460144,9.363556056699757,-8.347765154354471,1.0249689896644003,2.0157727269311403,0.0
1786995170.2896545,77.12293767929077,9.365034158470925,-8.347195709387861,1.0232648064866954,2.0030136747713247,4.545258797542601
1786995170.2952654,77.12854862213135,9.366187134220548,-8.34673685727775,1.0216465531671226,1.9899623319675024,0.36344603117355817
1786995170.3240473,77.15733051300049,9.36700411157729,-8.34638747298734,1.0201196916547084,1.976622813545294,0.06137839917458662
1786995170.3462057,77.17948889732361,9.36747851048005,-8.346142627037825,1.0186939350552933,1.9630041934879792,0.06870661500298583
1786995170.3532674,77.18655061721802,9.367603833364331,-8.345995921038025,1.0173818042838434,1.9491298051978894,0.18780710483488383
1786995170.362146,77.19542908668518,9.36737677405125,-8.345942255098189,1.0162021275444166,1.9350057681795343,0.13544314493363205
1786995170.389926,77.22320914268494,9.36678724289029,-8.345968907675994,1.0151684757050385,1.9206768446373008,0.04284546197481
1786995170.401373,77.23465609550476,9.365829704128888,-8.346064587317647,1.0142962869534964,1.9061568733600336,0.11345803212806031
1786995170.4171445,77.25042772293091,9.364504417402383,-8.346215363472483,1.0136000045424363,1.8914652144716242,0.09540140117411026
1786995170.4252179,77.25850105285645,9.362812986802597,-8.346400278265834,1.0130927862011814,1.8766341443145895,0.21992168539383652
1786995170.438232,77.2715151309967,9.360763210502272,-8.346599407231587,1.0127910293885884,1.8617026249535205,0.15993572022504118
1786995170.4585297,77.29181289672852,9.358369636205769,-8.34679709262909,1.0127131288299158,1.8466999988909296,0.11838676767516328
1786995170.471269,77.30455207824707,9.355645849225244,-8.346971645202254,1.0128702135330419,1.8316629932331083,0.21460491357599001
1786995170.4852555,77.31853866577148,9.352610793905184,-8.347099789105984,1.0132734398663736,1.8166267211373424,0.21909591597500064
1786995170.5221827,77.35546588897705,9.349287096953423,-8.347160743120938,1.0139323621044614,1.801632715017558,0.09177325026600577
1786995170.5737906,77.4070737361908,9.345701372901923,-8.347131845210242,1.0148545867619165,1.7867003168009656,0.0717436042816373
1786995170.5781567,77.41143989562988,9.341877591067178,-8.346996431395885,1.01604391617107,1.7718359560927888,0.9176858854681369
1786995170.5832088,77.41649198532104,9.337837216088099,-8.346751010941853,1.0175001477206111,1.7570180771903754,0.8514889675448039
1786995170.5992439,77.4325270652771,9.333603111378094,-8.346390844948065,1.0192226728372147,1.7422440293545434,0.2859507524830162
1786995170.6218963,77.45517945289612,9.329202371404046,-8.34590769194612,1.0212139708688956,1.727514033694919,0.2142997858714969
1786995170.6360621,77.46934533119202,9.324662114263658,-8.34530200532927,1.0234775400224532,1.712818063308146,0.36067370976681534
1786995170.6501882,77.4834713935852,9.320008514921314,-8.344575045930945,1.0260160072795368,1.698165027643754,0.37877076710178914
1786995170.6582794,77.49156260490417,9.315261184272922,-8.343716438942645,1.0288268422342952,1.6835579438848987,0.6900661333143037
1786995170.6871963,77.52047944068909,9.310431522028018,-8.342718581621853,1.0319037931558543,1.6689968827582626,0.20101885520441007
1786995170.698177,77.53146028518677,9.30553588862099,-8.34158248531642,1.0352414067788522,1.6544902954552434,0.549415197174766
1786995170.7031262,77.53640937805176,9.300589558828062,-8.340305206889818,1.0388362776477538,1.6400343280006136,1.2621820784281133
1786995170.7152247,77.54850792884827,9.295605892803755,-8.338878611127635,1.0426830664423938,1.625637681462304,0.5335532955833897
1786995170.7336888,77.56697201728821,9.290592647563221,-8.337304790475446,1.0467760293616006,1.6112922646034233,0.3607257316089263
1786995170.7459857,77.57926893234253,9.285557370994844,-8.335592688715316,1.051110161319365,1.5969888158043308,0.5579251478180566
1786995170.7583435,77.59162664413452,9.280513819519117,-8.333739088055683,1.0556815586184776,1.5827431047283722,0.5708864993405726
1786995170.769352,77.60263514518738,9.27548053592965,-8.33173363548688,1.0604866190139803,1.5685513595189535,0.6578415903330783
1786995170.8143892,77.64767241477966,9.27046839262939,-8.329577217362012,1.0655211249372203,1.5544082316432868,0.16484453420272732
1786995170.827717,77.66100025177002,9.265483584174921,-8.327275014663932,1.070783627174993,1.54035933185871,0.5706415803701957
1786995170.8536682,77.68695139884949,9.260534344144572,-8.324823972742658,1.076273350958339,1.526418537632211,0.3000694526161609
1786995170.8643112,77.69759440422058,9.2556279500075,-8.322223194027417,1.081983653119809,1.5125918385289967,0.7483969998280672
1786995170.873391,77.7066740989685,9.25077258688965,-8.31947586076743,1.0879072968711376,1.4988727420951617,0.8961834698683004
1786995170.891015,77.72429823875427,9.245970288711812,-8.316587391010154,1.0940373761943085,1.4852571881682335,0.4712634222647651
1786995170.9102888,77.74357199668884,9.241224253231774,-8.313557863249088,1.100367428094267,1.4717373999905072,0.4395542467008402
1786995170.91226,77.74554324150085,9.236535577876001,-8.310390202986294,1.1068923372917343,1.4583058738272356,4.38133146340166
1786995170.9251091,77.75839233398438,9.231907720344763,-8.3070852520933,1.1136080318950297,1.4449709409465161,0.6848746849843146
1786995170.9399006,77.77318382263184,9.227353129687367,-8.303632001833536,1.1205101759812395,1.4317583039195505,0.6058564770010999
1786995170.959323,77.79260611534119,9.222883937123548,-8.300019680878998,1.127593639488386,1.4186629433800184,0.4696301260777565
1786995170.97115,77.8044331073761,9.218501855616658,-8.296252388991014,1.1348530515100765,1.4056865117518287,0.7845355294605046
1786995170.9863842,77.81966733932495,9.21421191587096,-8.292335537646434,1.142283087417838,1.3928360778019362,0.6190906167243508
1786995170.9957314,77.82901453971863,9.21001329531083,-8.288278398892057,1.1498798679182096,1.380119094019911,1.0250368157534309
1786995171.00952,77.84280323982239,9.21001329531083,-8.288278398892057,1.1498798679182096,1.380119094019911,0.0
1786995171.017478,77.85076117515564,9.205906818684356,-8.284086888762184,1.1576391494098197,1.3675347155481756,1.2224558681524826
1786995171.0386035,77.87188673019409,9.201892239333043,-8.279765464337533,1.165556846892148,1.3550705312308722,0.4673615187200846
1786995171.0430233,77.87630653381348,9.197962641486715,-8.275322377481858,1.1736312097513335,1.3427387585135488,2.266817218158694
1786995171.0546553,77.88793849945068,9.19411789928101,-8.270756206478179,1.1818569447011484,1.330535132328682,0.8737473222098223
1786995171.0787573,77.91204047203064,9.190357516172355,-8.266064034527057,1.190229998250394,1.3184502813457912,0.42770320389041805
1786995171.1032212,77.93650436401367,9.186681009887817,-8.261241920915271,1.198746584821947,1.3064765091991775,0.42735418124757135
1786995171.11973,77.9530131816864,9.18308839794107,-8.256285396184948,1.2074027948861263,1.294618793628322,0.6422067343558535
1786995171.1297464,77.96302962303162,9.179584151610088,-8.25118605003515,1.2161937597706287,1.2828987327460726,1.0732430584488986
1786995171.1520298,77.98531293869019,9.179584151610088,-8.25118605003515,1.2161937597706287,1.2828987327460726,0.0
1786995171.1602275,77.99351072311401,9.17617001906125,-8.245941880131973,1.2251154156747228,1.2713151215102285,1.329311711642764
1786995171.1785135,78.01179671287537,9.17284908949225,-8.24055264127551,1.234162179384585,1.2598738054350394,0.6038270950412143
1786995171.1903107,78.02359390258789,9.169618453611287,-8.235025075279834,1.2433319201656339,1.2485755664645148,0.94799693988065
1786995171.2028763,78.03615951538086,9.166475526988638,-8.229365619064216,1.2526199228931008,1.2374240455124381,0.9009838773251566
1786995171.2191043,78.05238747596741,9.163413004180244,-8.223584086796306,1.2620237071872968,1.226417383845907,0.7059323402145561
1786995171.231263,78.06454610824585,9.16042059818687,-8.21769107738345,1.2715428671317333,1.2155511706801791,0.9531199453932413
1786995171.2419136,78.07519674301147,9.157490391554752,-8.211691530367913,1.2811766504051143,1.2048302522692715,1.1005322904959445
1786995171.255716,78.08899927139282,9.154626766179977,-8.205576156356484,1.290920995488291,1.1942433554402059,0.8589292859505013
1786995171.2693942,78.10267734527588,9.151836974908134,-8.199331897562873,1.3007707074634367,1.1837795930494788,0.8766781768255917
1786995171.2843277,78.11761093139648,9.151836974908134,-8.199331897562873,1.3007707074634367,1.1837795930494788,0.0
1786995171.284972,78.11825513839722,9.149117159858775,-8.192956465125897,1.3107232791991723,1.1734400626436592,18.826812081342055
1786995171.2952642,78.12854743003845,9.146463476466312,-8.186448678251613,1.3207757944468028,1.1632333920975686,1.1917325442844175
1786995171.3512444,78.18452763557434,9.143869030673056,-8.179813172586604,1.3309250006975217,1.153148302030051,0.22151224999798064
1786995171.382722,78.2160050868988,9.14133824277324,-8.173044725830538,1.3411676840378477,1.1431857342312333,0.3982254903727761
1786995171.4013093,78.23459243774414,9.138871595338607,-8.166141974417435,1.3514996103210206,1.1333490898391574,0.6815447102806281
1786995171.4044178,78.23770093917847,9.136462390960034,-8.15911073705402,1.3619191956960917,1.1236439813067658,4.117366840145288
1786995171.4186258,78.25190901756287,9.13410349004132,-8.151958821710227,1.3724242930263606,1.1140659927793015,0.9097366287074438
1786995171.4563107,78.28959393501282,9.13410349004132,-8.151958821710227,1.3724242930263606,1.1140659927793015,0.0
1786995171.4569077,78.29019093513489,9.131791824608557,-8.144688811772477,1.3830128215514426,1.1046112346990793,21.86001579166606
1786995171.4571433,78.29042649269104,9.129530984155675,-8.137294881966275,1.3936813991765984,1.0952899120009643,55.934273696002656
1786995171.4673638,78.30064702033997,9.127314918075077,-8.129780067873183,1.404427235245655,1.0860997507689887,1.301178980859541
1786995171.480361,78.31364417076111,9.125140938620625,-8.122144134756452,1.415246670817862,1.0770348597651045,1.0325267045462245
1786995171.5044582,78.33774137496948,9.123011801566292,-8.11438221381797,1.4261361015066891,1.0680955894740078,0.5619349537071364
1786995171.5151446,78.34842777252197,9.120929029135787,-8.106490772006147,1.4370916263802642,1.0592842484971552,1.2783999789661953
1786995171.5274932,78.36077642440796,9.11888684745157,-8.098472984644202,1.4481115520035257,1.0505940593449636,1.1159282717273078
1786995171.5403764,78.37365961074829,9.116878559011253,-8.090333114835191,1.4591952242220383,1.042012039051625,1.0787259606376165
1786995171.5580611,78.39134430885315,9.11490285827883,-8.082071186606786,1.4703411932359458,1.0335365036352022,0.7924431034685212
1786995171.5767412,78.41002440452576,9.112960930647143,-8.073684417506152,1.4815459749437085,1.0251638199044213,0.7564186160191044
1786995171.589995,78.42327809333801,9.11104973564353,-8.065173661458276,1.4928090887822572,1.0169085306040906,1.074856934168892
1786995171.6063476,78.43963074684143,9.109181624975001,-8.056526796663894,1.5041279854679108,1.008776867550017,0.8784981811605532
1786995171.6171942,78.45047736167908,9.107372716201048,-8.047730481912575,1.5154998012445668,1.0007775340668517,1.3359178406813075
1786995171.627746,78.46102929115295,9.105625383208029,-8.038785133154569,1.5269234153497258,0.9929019404251908,1.3849677593399479
1786995171.6393054,78.47258853912354,9.103921160439118,-8.029708847475941,1.5384004262921471,0.9851326332090176,1.2743989562405076
1786995171.6843357,78.51761889457703,9.102237514014082,-8.02052401318234,1.5499330743579813,0.9774594901724781,0.3295346829838199
1786995171.6846957,78.51797890663147,9.100571537029046,-8.01123538472894,1.5615194034202984,0.96987664850199,41.507303178009664
1786995171.7181897,78.55147290229797,9.098926439190281,-8.001837974690806,1.573159144429928,0.9623997715096224,0.4493330106067473
1786995171.7269979,78.5602810382843,9.097300916347884,-7.992329516038398,1.5848473867034598,0.9550251393311521,1.720546223719871
1786995171.7423675,78.57565069198608,9.095693911094685,-7.982707159660617,1.5965788871668558,0.9477473692897612,0.9927221129725382
1786995171.7508378,78.58412098884583,9.094104844360759,-7.97296769835015,1.6083499579302387,0.9405585303793843,1.8134370111486142
1786995171.7752795,78.608562707901,9.092542487509483,-7.963100324944957,1.6201592768781878,0.9334699617815776,0.6328616436042483
1786995171.7832806,78.61656379699707,9.091005344472517,-7.953103440712458,1.632004127490538,0.9264799831268,1.946691699409492
1786995171.7947915,78.6280746459961,9.089497770564122,-7.94297282774921,1.6438812185480185,0.9195961444949324,1.362483995942669
1786995171.812886,78.64616918563843,9.088023215991445,-7.9327055748764765,1.6557865225047728,0.9128293312509461,0.8726441172356723
1786995171.8346553,78.66793847084045,9.086582872784962,-7.922302055400502,1.667717723294441,0.9061802653431323,0.7301721162931003
1786995171.8437355,78.67701864242554,9.08516912996481,-7.911770205513292,1.6796751145926543,0.8996406106482747,1.761729261032185
1786995171.8549008,78.68818402290344,9.083773251711497,-7.90111800204172,1.6916592528534014,0.8931994938629585,1.441477209279119
1786995171.869099,78.70238208770752,9.082391592931284,-7.890349177569809,1.7036686367742861,0.8868473889520768,1.1402652792861114
1786995171.8961673,78.72945046424866,9.08103203752687,-7.879457900591551,1.715701717525716,0.8805929362995543,0.6016950041132877
1786995171.9109666,78.74424982070923,9.079689330445598,-7.868447290647028,1.727756093296757,0.8744322156945262,1.1068873197070417
1786995171.9197717,78.75305485725403,9.078356809439265,-7.857321350096098,1.7398293771962976,0.8683531132475093,1.8707459903155688
1786995171.93551,78.7687931060791,9.07702987920182,-7.846082059105393,1.7519214666799894,0.8623509170080302,1.0523429961587114
1786995171.951027,78.78431010246277,9.075726560950816,-7.834714544871046,1.7640323397277535,0.8564441278920242,1.0737323075401706
1786995171.9659393,78.79922246932983,9.07445544362653,-7.82321168431966,1.7761607825799968,0.8506393918300944,1.1241655622412268
1786995171.9800074,78.8132905960083,9.073210096040816,-7.811577847126139,1.7883055646701391,0.8449345038877114,1.1987345449910618
1786995171.987549,78.82083225250244,9.071970014750866,-7.799828387620212,1.8004687990922252,0.8392977211993496,2.248413832665592
1786995172.0065653,78.83984851837158,9.070726319649868,-7.787970183440932,1.8126480203204647,0.8337208637840233,0.8962842087251789
1786995172.0404196,78.87370276451111,9.070726319649868,-7.787970183440932,1.8126480203204647,0.8337208637840233,0.0
1786995172.0410073,78.8742904663086,9.069479690680884,-7.776002096856581,1.8248434855678273,0.8282102992276162,29.151490155820603
1786995172.0412476,78.87453079223633,9.068226494304335,-7.763924931179586,1.837053110986166,0.8227581227862302,71.64967095170417
1786995172.049318,78.88260126113892,9.06698012828373,-7.751726603352178,1.8492749624715001,0.8173761128060455,2.145179539704863
1786995172.0604994,78.89378261566162,9.065747888956587,-7.739399788411468,1.8615053885589232,0.8120696473234007,1.5569125989658685
1786995172.0800984,78.91338157653809,9.06454252773705,-7.7269348841037235,1.8737409637258675,0.8068598021557275,0.893321366579332
1786995172.0945606,78.92784380912781,9.06335650537309,-7.714336721885604,1.88598246371077,0.8017320830719605,1.2173844662381799
1786995172.1053214,78.93860459327698,9.062191187648155,-7.701606362948941,1.8982286834085773,0.7966873326977721,1.6451237744578044
1786995172.1187267,78.95200991630554,9.061048706789164,-7.688744790344664,1.9104775277742574,0.7917333535092077,1.3276620489560036
1786995172.1489372,78.98222041130066,9.059926972287755,-7.675755977965039,1.9227276794993837,0.7868705929751765,0.5921613403632633
1786995172.1635604,78.99684357643127,9.058809002009573,-7.662652658961521,1.9349821693472264,0.7820705437805726,1.2292496621136961
1786995172.1685421,79.0018253326416,9.05768440554786,-7.649442282046545,1.9472390367293055,0.7773186659239127,3.6243714933958557
1786995172.1798463,79.01312947273254,9.056561443963313,-7.636118726693451,1.959496454769566,0.7726238953925781,1.6046312513021814
1786995172.1947088,79.02799201011658,9.055450756678109,-7.622673864764734,1.9717550102069603,0.7679951573973669,1.2264580104333445
1786995172.2149963,79.04827952384949,9.055450756678109,-7.622673864764734,1.9717550102069603,0.7679951573973669,0.0
1786995172.216325,79.04960823059082,9.054346572975957,-7.609109680467178,1.9840170329423152,0.7634263087626681,13.786633530099165
1786995172.218021,79.05130410194397,9.053247132724788,-7.595426504767309,1.996280701015567,0.7589223588521898,10.854295129943164
1786995172.2294593,79.06274247169495,9.052158791492722,-7.581619426488095,2.0085427971666623,0.7544906906682791,1.6171953400182688
1786995172.2917056,79.12498879432678,9.051088122157793,-7.567684809257817,2.0207999001012356,0.7501365272555064,0.2986385101542954
1786995172.3001297,79.13341283798218,9.050031061587612,-7.553626136077569,2.0330523427624394,0.7458485429529988,2.2172832427320786
1786995172.3042514,79.13753461837769,9.04899168081191,-7.539441797391777,2.0453012752856186,0.7416292492719768,4.5538523491824945
1786995172.3209677,79.15425086021423,9.047968007905661,-7.525133837313154,2.057545127952021,0.7374749403532562,1.128209065320777
1786995172.3328905,79.16617369651794,9.046960685734401,-7.5107035339516095,2.069781151987028,0.7333895171545567,1.5890906483516047
1786995172.3501935,79.18347668647766,9.04597461256594,-7.496149107796693,2.0820071765651376,0.7293798002268493,1.1000201154953513
1786995172.3584535,79.19173669815063,9.04500346221231,-7.481475204367119,2.0942242562667652,0.7254393070420437,2.314605905484599
1786995172.373112,79.20639514923096,9.044039570497775,-7.466687475845412,2.1064332990354053,0.7215506243199007,1.309872094131788
1786995172.3967497,79.2300329208374,9.0430664493623,-7.451795343628604,2.118635566827807,0.7176858956868208,0.8155334594221567
1786995172.4110167,79.24429988861084,9.042063140625338,-7.436809434896098,2.1308332246867727,0.7138269840000833,1.3561791654282243
1786995172.4269896,79.26027274131775,9.04104217302441,-7.421720065464506,2.143025440046249,0.7099916801794613,1.216207986256255
1786995172.430144,79.26342725753784,9.040022789565054,-7.406513221019393,2.155208257109724,0.7062049104652653,6.185337523271179
1786995172.4463716,79.27965474128723,9.039014237434078,-7.391181408220517,2.1673779401974325,0.7024787224800421,1.2078633471369749
1786995172.454589,79.28787207603455,9.03803779124542,-7.375711435228643,2.179532610823802,0.6988457460384531,2.397122437260544
1786995172.4676316,79.3009147644043,9.037105439525089,-7.360097953469575,2.1916690728122754,0.6953173194083023,1.517905668409951
1786995172.485293,79.3185760974884,9.036223029607987,-7.344340765481035,2.203784345155484,0.6919016849672185,1.1265239819350334
1786995172.4906192,79.32390236854553,9.035382596648656,-7.328448705217164,2.2158803510014513,0.6885766834946988,3.7529875220827154
1786995172.5141807,79.34746384620667,9.034553235154318,-7.312442825924599,2.227962799349563,0.6852990003357853,0.8518740658024665
1786995172.5312333,79.36451649665833,9.033713637608335,-7.296338951133242,2.2400330227314758,0.6820422910355562,1.181208791006683
1786995172.544185,79.37746810913086,9.032844974666482,-7.280148979979257,2.2520933513093833,0.6787734907658524,1.560188809698971
1786995172.5644703,79.39775347709656,9.031942929624751,-7.263873540755185,2.2641428674566844,0.6754852499482668,0.999268611575064
1786995172.5753176,79.40860080718994,9.031026576926283,-7.247497805311941,2.276180461153575,0.6722140839557187,1.875551931175687
1786995172.6119256,79.44520878791809,9.031026576926283,-7.247497805311941,2.276180461153575,0.6722140839557187,0.0
1786995172.6124687,79.44575190544128,9.030127456768469,-7.230999734671363,2.2882036323175563,0.66900829120161,37.623669890258505
1786995172.6187046,79.45198774337769,9.029267466650206,-7.214364125716585,2.300209832313069,0.6659008944451054,3.2928497479644534
1786995172.6197903,79.45307350158691,9.02844259394458,-7.197593311151531,2.312194754201781,0.6628881098788694,19.00014728440769
1786995172.6350024,79.46828556060791,9.027643486961404,-7.180694700290693,2.3241583569222506,0.659954010030215,1.362094748670066
1786995172.6499357,79.48321890830994,9.026845604886796,-7.1636835916436175,2.336103600997043,0.657058218744136,1.3929576766552898
1786995172.6679587,79.50124192237854,9.02605388519493,-7.1465598061647695,2.348029531171709,0.6542048506512991,1.1586572818642837
1786995172.6709137,79.50419688224792,9.025262869983283,-7.129327049680834,2.359935951460284,0.6513887450814789,7.093440229531484
1786995172.6970294,79.53031253814697,9.024460919169071,-7.111991624152442,2.3718229658902614,0.6485873285580287,0.805446439986545
1786995172.7126918,79.54597496986389,9.023646741735455,-7.094553552778555,2.383690743922258,0.64579805056826,1.3477525781402098
1786995172.7461617,79.5794448852539,9.022826487320062,-7.0770077275218135,2.395538868530116,0.643032162995793,0.6330288534475252
1786995172.7498875,79.58317065238953,9.022029353014817,-7.059336796839033,2.4073678082426877,0.6403372525368318,5.711465872333887
1786995172.7731366,79.60641980171204,9.022029353014817,-7.059336796839033,2.4073678082426877,0.6403372525368318,0.0
1786995172.7737095,79.60699272155762,9.021249681867088,-7.04154291933699,2.4191735011342064,0.6377103081036195,37.29719363823868
1786995172.7744076,79.60769081115723,9.020482178478442,-7.0236297062804445,2.4309524997353953,0.6351427592034675,30.730540191803474
1786995172.7842507,79.61753392219543,9.01972337548434,-7.005599934571953,2.4427035567905757,0.6326303968902176,2.187776353616867
1786995172.7967393,79.63002252578735,9.018963451437987,-6.987459670269385,2.454426629713967,0.6301605753135181,1.7305351008927
1786995172.8106642,79.64394736289978,9.018198323052479,-6.969211829354685,2.466121808331305,0.6277267921920557,1.557466638422296
1786995172.830469,79.66375207901001,9.018198323052479,-6.969211829354685,2.466121808331305,0.6277267921920557,0.0
1786995172.8317235,79.66500663757324,9.017420404033249,-6.950860328732892,2.4777934838484086,0.6253161669148318,17.346818445184873
1786995172.8325133,79.6657965183258,9.01661186136369,-6.932413547131577,2.489443791008676,0.6229017449774465,27.64051178775869
1786995172.8444655,79.67774868011475,9.015772932126708,-6.913870006785301,2.5010693492436786,0.6204807936165968,1.832515188072368
1786995172.8647306,79.69801378250122,9.014911784609568,-6.895223017014464,2.5126687859197214,0.6180690938187307,1.0844866089875784
1786995172.8866925,79.71997570991516,9.01403550869241,-6.876466238727873,2.5242413577519267,0.6156788384479843,1.0043266617292077
1786995172.8954682,79.72875142097473,9.013168469374014,-6.8575851807739925,2.535785746545549,0.6133464521390412,2.5237458045311305
1786995172.940331,79.77361416816711,9.012329577582223,-6.838569575508364,2.5472993282336946,0.6111054863899241,0.49585547404879826
1786995172.9432006,79.77648377418518,9.011527233562143,-6.819416697351205,2.558780113128542,0.6089673120173064,7.7866732316777245
1786995172.9661531,79.79943633079529,9.010741889110012,-6.8001383544355045,2.570231306372359,0.6068957259071736,0.9775208110112766
1786995172.9863715,79.81965470314026,9.009953713595738,-6.7807474588434955,2.5816538218698186,0.6048543056982292,1.1137851778291945
1786995172.9883194,79.82160258293152,9.009142196827376,-6.761256781918639,2.593049908642073,0.6028085217454384,11.598449074159895
1786995173.0014172,79.83470034599304,9.008308016834455,-6.741667675470768,2.604420144053782,0.6007558387849259,1.7304632789068992
1786995173.022217,79.85550022125244,9.007452875276241,-6.721979868589254,2.6157612178895535,0.5987007632751571,1.0931207649761692
1786995173.0306275,79.86391067504883,9.00658883149093,-6.702186928033332,2.6270716761748267,0.596659865971795,2.7124591536393217
1786995173.051283,79.88456606864929,9.005721863035852,-6.682284121440747,2.6383523426364057,0.5946392587935243,1.1083698414665528
1786995173.0685437,79.90182685852051,9.004859470628478,-6.662266494212978,2.649603909385971,0.5926525361035389,1.3312988986707301
1786995173.086338,79.91962122917175,9.004859470628478,-6.662266494212978,2.649603909385971,0.5926525361035389,0.0
1786995173.0869746,79.92025780677795,9.004011310361966,-6.642128982098347,2.6608244138386303,0.5907170792461487,36.23772957859937
1786995173.0908074,79.92409062385559,9.003189769444942,-6.621865623575458,2.672014137258933,0.5888525719047173,6.043132702207977
1786995173.1027727,79.93605589866638,9.002387864892752,-6.6014813281383855,2.6831721384474028,0.5870479347474131,1.9433045383589997
1786995173.1193488,79.95263195037842,9.001600157033064,-6.580980952387234,2.6942968707596977,0.5852987349990593,1.4079132311215965
1786995173.1330717,79.96635484695435,9.000807269048883,-6.560375915344698,2.705391371429848,0.5835682225010846,1.7063065682166383
1786995173.1677039,80.00098705291748,9.000807269048883,-6.560375915344698,2.705391371429848,0.5835682225010846,0.0
1786995173.1682694,80.00155258178711,8.999996993706327,-6.539673762900705,2.716460000563202,0.5818381088669682,41.535216122565686
1786995173.1684911,80.00177431106567,8.99916829542971,-6.5188751755202885,2.727502169331795,0.5801068963198855,106.26755656291287
1786995173.1736615,80.00694465637207,8.99832245824521,-6.49797954207887,2.7385143753195935,0.5783748810343791,4.571254840236719
1786995173.1834357,80.01671886444092,8.99747511638437,-6.4769781361963235,2.7494962207373863,0.5766701392318634,2.4262333524283908
1786995173.1971736,80.03045678138733,8.99663738115913,-6.455864146294113,2.7604471325474877,0.5750097939114946,1.7324083112523383
1786995173.2311747,80.06445789337158,8.99579640073948,-6.43464219139903,2.7713707124317732,0.5733741637495191,0.7024216061624925
1786995173.2454143,80.07869744300842,8.994931757311205,-6.413321264387985,2.782268058049422,0.5717324331265004,1.682637600674464
1786995173.2542622,80.08754539489746,8.994059215683244,-6.391893741955576,2.79313609632992,0.5701112620708609,2.7172308703578354
1786995173.2651806,80.09846377372742,8.993182839563547,-6.370357585792874,2.803970043938668,0.5685149697740047,2.209449652841218
1786995173.2812731,80.11455631256104,8.992315898674839,-6.348706581584706,2.8147684770215013,0.5669682151313246,1.5044234189614911
1786995173.29009,80.12337327003479,8.991453292249345,-6.326943066338614,2.8255310035387664,0.5654589888758386,2.7554381436087025
1786995173.302035,80.13531827926636,8.990590031403926,-6.305069736284666,2.8362574886388727,0.5639786071278778,2.040780880747677
1786995173.3152053,80.14848852157593,8.989709871009124,-6.283094800260196,2.846951945017604,0.5624968397498558,1.8568326524123533
1786995173.3373282,80.17061138153076,8.988817631188354,-6.261017419623611,2.857612719316347,0.5610252977346294,1.1089349890216502
1786995173.3384807,80.17176389694214,8.987911809808766,-6.23883820505599,2.8682383145552386,0.5595574856665412,21.353104049858807
1786995173.3508158,80.18409895896912,8.986987299409215,-6.216559666495825,2.8788276635636527,0.5580829812547957,2.0011617952952143
1786995173.373223,80.20650625228882,8.98604991881119,-6.194178670730429,2.8893792061416357,0.5566135804336269,1.105056033554868
1786995173.3799744,80.21325755119324,8.985122194020358,-6.171684108823885,2.899894660460589,0.5551832898706693,3.6805295979528014
1786995173.412033,80.24531626701355,8.984222378936067,-6.149067888749977,2.9103733742235365,0.5538236256152727,0.7780119266582075
1786995173.4258425,80.25912570953369,8.983361272783092,-6.126326352515814,2.92081416822657,0.5525506664484074,1.8131472944313418
1786995173.4355614,80.26884460449219,8.98252527519073,-6.1034683123431686,2.9312194500478115,0.5513439748394217,2.5855659248755374
1786995173.4523282,80.2856113910675,8.981698667132466,-6.080503634021271,2.9415897579271486,0.5501786182289801,1.5036374668779546
1786995173.4611511,80.29443430900574,8.980865957999436,-6.057441027634698,2.9519251862035123,0.549024301864727,2.8659822558132584
1786995173.4772851,80.31056833267212,8.980011208008742,-6.034288600616552,2.9622288509058143,0.5478538924732496,1.5715908334929365
1786995173.4977248,80.3310079574585,8.979139881389894,-6.011044458098833,2.9724992165919506,0.5466790414818681,1.2440027738587485
1786995173.5050156,80.33829879760742,8.978260436259868,-5.987704060819451,2.9827375713003925,0.5455134343974253,3.4978659867485167
1786995173.516442,80.34972524642944,8.977365951271135,-5.96426840702036,2.9929442654990495,0.5443463662157987,2.2384436950391344
1786995173.5302255,80.36350870132446,8.97647320207695,-5.94072831714618,3.0031197795543707,0.5432076804446565,1.8617064333046542
1786995173.5392199,80.37250304222107,8.975579244795288,-5.9170845439632584,3.013259965849466,0.5420967032123252,2.862021796375576
1786995173.5679512,80.40123438835144,8.975579244795288,-5.9170845439632584,3.013259965849466,0.5420967032123252,0.0
1786995173.5684905,80.40177369117737,8.974687501808475,-5.893335410766456,3.023363427921398,0.5410156369363128,47.88467192508344
1786995173.5696802,80.40296339988708,8.97379075119489,-5.86948361432783,3.0334339874075584,0.5399580609036283,21.775202752218075
1786995173.5923557,80.42563891410828,8.972869504215693,-5.845536875209898,3.0434738955385945,0.5388930925488944,1.1458432899040776
1786995173.600203,80.43348622322083,8.971916129670442,-5.8214979164171385,3.0534814911416404,0.5378078219987213,3.320416149861208
1786995173.635989,80.46927213668823,8.970940526015486,-5.797361107611443,3.063457134740513,0.5367193687388484,0.7303220227948483
1786995173.649414,80.48269724845886,8.969941907618852,-5.7731255182344094,3.0733980322206893,0.5356224610086744,1.952621770829763
1786995173.6580877,80.49137091636658,8.968935198900558,-5.748783724784344,3.0833039998384666,0.5345436181816837,3.032110143604914
1786995173.6700835,80.5033667087555,8.967912806502994,-5.7243380154390335,3.0931734403749735,0.5334693357641295,2.1993247363187147
1786995173.6890895,80.52237272262573,8.96688146287327,-5.699785345934536,3.1030057602532204,0.5324115493926563,1.392628480830606
1786995173.7038043,80.53708744049072,8.965863808186924,-5.675116315698224,3.1128020736015087,0.5314099058933872,1.8051629005967693
1786995173.7170796,80.55036282539368,8.964862562311918,-5.650330920199678,3.1225636933617418,0.5304711348996909,2.008018848401015
1786995173.7274072,80.56069040298462,8.963867164613188,-5.62543560252311,3.132291489459178,0.5295715238565494,2.5898540833195924
1786995173.7415297,80.57481288909912,8.962881452642245,-5.600431415015925,3.141982665584239,0.5287185045810753,1.9001383514520667
1786995173.762639,80.5959222316742,8.961894564268256,-5.57532511478227,3.1516379536527377,0.5278946136140726,1.2751225737331677
1786995173.7768998,80.61018300056458,8.960873431862584,-5.5501317222937665,3.161261110927781,0.5270382667949928,1.8924681499653702
1786995173.7831693,80.61645245552063,8.959799378638468,-5.524859520178608,3.1708518804055115,0.526117604256488,4.314917964372074
1786995173.7980003,80.63128352165222,8.958687015443502,-5.499501445342085,3.180407326710866,0.525161519467467,1.8286953655753038
1786995173.812724,80.64600729942322,8.957551295577865,-5.474048399757782,3.1899271767810773,0.5241955392557693,1.8472707439319436
1786995173.824016,80.65729928016663,8.956416148616029,-5.448488210182622,3.199411901766708,0.5232576859191232,2.416479859688361
1786995173.8438954,80.67717862129211,8.9552989282608,-5.422813105852861,3.208861749298784,0.5223777484397293,1.3773959273138676
1786995173.857926,80.69120907783508,8.9552989282608,-5.422813105852861,3.208861749298784,0.5223777484397293,0.0
1786995173.8584895,80.69177269935608,8.954190881050952,-5.397027031830662,3.218277291450905,0.5215369086426583,48.7448682190293
1786995173.870192,80.7034752368927,8.953072821892262,-5.371139039343694,3.227660480034456,0.5207004269933985,2.3549344634909537
1786995173.9039862,80.7372694015503,8.951943787311672,-5.345151601908567,3.2370099487731223,0.519863887202383,0.8179272562785393
1786995173.9222555,80.75553870201111,8.950804968811427,-5.319065650617302,3.2463239089465508,0.5190291503262914,1.517423097922655
1786995173.9293747,80.76265788078308,8.949662254769867,-5.292879173414417,3.25560176372095,0.518206028339984,3.905641927082279
1786995173.9468758,80.78015899658203,8.94851028202593,-5.266595131350512,3.26484205419326,0.5173864825108632,1.5933143292074494
1786995173.960437,80.79372024536133,8.947359545260266,-5.240209829433371,3.274041441467657,0.5165852146144926,2.0622520990577833
1786995173.9806073,80.81389045715332,8.946221165858162,-5.213719160461119,3.2831988938289607,0.5158204624037405,1.3907599627364278
1786995173.9893813,80.82266449928284,8.94509844227487,-5.187122962771703,3.29231283437032,0.515093057207676,3.2068283304254663
1786995174.0042937,80.8375768661499,8.943998429166514,-5.16041994418675,3.301384057834633,0.5144179968750581,1.8926028295527875
1786995174.0192635,80.85254669189453,8.94291298613391,-5.133614978986425,3.31041852042281,0.5137759102829679,1.890960314646677
1786995174.0234263,80.85670948028564,8.941825690219973,-5.106716185573775,3.319419605249091,0.5131417720405845,6.818910140440311
1786995174.0382125,80.87149572372437,8.940719770648155,-5.079731058511008,3.328386709460226,0.5124866996294208,1.9245927114602843
1786995174.086776,80.92005920410156,8.939604460188898,-5.052654368830807,3.3373169377142466,0.5118296236436435,0.5875431234469535
1786995174.0871682,80.92045140266418,8.938478669706345,-5.025486176861117,3.3462076599599064,0.5111725352333453,72.9428815075773
1786995174.0873802,80.920663356781,8.937335512126545,-4.998227069283878,3.355061006759703,0.5105019591354529,135.32917384202747
1786995174.1092565,80.94253969192505,8.936189232431387,-4.970870579382212,3.3638803617050814,0.5098426355942637,1.314928751372307
1786995174.1246529,80.95793604850769,8.935037408273207,-4.943418801589843,3.3726640625937225,0.5091892568348907,1.873547180123457
1786995174.1351926,80.96847581863403,8.933882237350776,-4.915871945200119,3.3814119281862838,0.508540970934864,2.744421776787347
1786995174.162164,80.99544715881348,8.932735085243754,-4.888226068971932,3.390123011634058,0.507919419134002,1.0755307502740392
1786995174.176747,81.0100302696228,8.931608978344194,-4.860477073565753,3.3987954047056337,0.5073452815369417,1.9950763726419514
1786995174.1852143,81.01849746704102,8.930507215412764,-4.832624584248451,3.407431496400456,0.506826845307041,3.44641210597022
1786995174.2002397,81.03352284431458,8.929403379610156,-4.804680947958297,3.416034061887348,0.5063205639918829,1.947283124109835
1786995174.2137103,81.04699349403381,8.928275648588293,-4.776655745434649,3.424603213258207,0.5057906993942428,2.1771557189653445
1786995174.2277017,81.06098484992981,8.927113714505552,-4.748553198000424,3.433137042353188,0.5052172760583585,2.1007740718101777
1786995174.237362,81.07064509391785,8.925909926307963,-4.720375090961949,3.441636162015438,0.5045915411025629,3.0492579511921996
1786995174.2551045,81.08838772773743,8.924691001910203,-4.692108939945457,3.450101491108441,0.5039562406288428,1.6644499763676883
1786995174.2673812,81.10066437721252,8.924691001910203,-4.692108939945457,3.450101491108441,0.5039562406288428,0.0
1786995174.2732682,81.1065514087677,8.923489089919793,-4.6637390674312735,3.4585315535092893,0.5033674829260261,5.031443541335265
1786995174.2820208,81.1153039932251,8.922307721568496,-4.635263273664498,3.4669237333157445,0.502829884823094,3.394447206180864
1786995174.2955673,81.12885046005249,8.921142592750492,-4.606681841347142,3.4752766447437047,0.5023396332871994,2.19981941023008
1786995174.3073335,81.14061665534973,8.919983076141639,-4.577997673011403,3.4835910234536915,0.5018780108694653,2.540104871615729
1786995174.328345,81.16162824630737,8.91881079001821,-4.549222364223966,3.4918706773447243,0.5014091916208548,1.4261526322214773
1786995174.3287082,81.16199135780334,8.917612618461199,-4.520365020219589,3.5001160004659613,0.5009093228586076,82.71866852017573
1786995174.3411694,81.17445254325867,8.916387586631235,-4.491427388609773,3.5083256557280658,0.5003750279008481,2.415867970507045
1786995174.353322,81.18660521507263,8.915144717069547,-4.462406080295704,3.516498997146751,0.49981964095757464,2.4830666320627097
1786995174.3651125,81.19839572906494,8.913908408038331,-4.433289206920412,3.52463626502812,0.49928593089829626,2.5662853937728825
1786995174.378934,81.21221709251404,8.912688010072088,-4.404071676976461,3.5327337576904876,0.4987852963964807,2.195399520097162
1786995174.3883824,81.22166562080383,8.911484502999777,-4.374754316710161,3.5407900991938877,0.49832089759426174,3.2203913595349123
1786995174.4092185,81.24250173568726,8.910286323006824,-4.345342910378444,3.5488064582291505,0.49787235835225463,1.4641809632452214
1786995174.42244,81.25572323799133,8.90908957015704,-4.315841887858207,3.5567826857365814,0.4974332610292024,2.313178945918597
1786995174.4354646,81.26874780654907,8.907892089833643,-4.28625446680091,3.5647200003354884,0.4969944952326901,2.3537808264065374
1786995174.456399,81.28968214988708,8.906682093543454,-4.256583816361598,3.5726210808798964,0.49654466572812134,1.4678495593445275
1786995174.4771852,81.31046843528748,8.905453722097496,-4.226831947987496,3.5804865312050826,0.4960757874827074,1.4816742802681506
1786995174.4943166,81.32759976387024,8.904209834424408,-4.196993764401807,3.5883145699296017,0.49559262775247687,1.8021374251334423
1786995174.5033069,81.336590051651,8.90296188154861,-4.16706277906431,3.5961032912197486,0.49511359182568426,3.4429326592087666
1786995174.518698,81.3519811630249,8.901743986571969,-4.137018173681202,3.6038530691095936,0.4946951425811975,2.0175217742840608
1786995174.5244505,81.35773372650146,8.900571321139575,-4.106858865875746,3.6115615368897913,0.4943553538930112,5.4151361409909295
1786995174.533687,81.36697030067444,8.899442881357437,-4.076584123666738,3.619225570618404,0.4940907478710356,3.383303408494258
1786995174.5542414,81.38752460479736,8.898333636599723,-4.046204972861894,3.6268457606241538,0.49386311936054356,1.5247375351754051
1786995174.567589,81.40087223052979,8.89724548350791,-4.015723060454481,3.634418567958483,0.49368032477202506,2.354527533364262
1786995174.5744693,81.4077525138855,8.896173147480791,-3.985145096191302,3.6419425478853,0.49353301713676445,4.579504101407984
1786995174.5900383,81.42332148551941,8.89510329657749,-3.954482761115797,3.6494184142104396,0.4933977413632944,2.0283075621498354
1786995174.593153,81.42643618583679,8.894025771098843,-3.9237430840908005,3.6568445681918593,0.4932591588963239,10.159026291169805
1786995174.6070898,81.44037294387817,8.892916793173773,-3.8929404348539447,3.6642236384899918,0.49309116781421436,2.2741006844253446
1786995174.6242228,81.45750594139099,8.891759674983891,-3.8620928124392098,3.6715570786732963,0.49286837293094976,1.8518909300444666
1786995174.639517,81.47280025482178,8.890559193692349,-3.8311966199123506,3.6788439107569264,0.4926069204326901,2.077017158992999
1786995174.6556091,81.48889231681824,8.889341828700031,-3.8002444386382743,3.6860828497342246,0.4923456980918843,1.976795602318035
1786995174.6723847,81.50566792488098,8.888119010983107,-3.7692375979762955,3.6932707503334905,0.492089656882491,1.8987423016101639
1786995174.7139175,81.54720067977905,8.888119010983107,-3.7692375979762955,3.6932707503334905,0.492089656882491,0.0
1786995174.714507,81.54779028892517,8.88691590477588,-3.7381743120400213,3.70040581811473,0.4918563996691382,54.094981727856265
1786995174.7209148,81.5541980266571,8.885744943486005,-3.707061878329401,3.707489412637028,0.4916518165058384,4.983055238556845
1786995174.755605,81.58888816833496,8.884603755462798,-3.675901661859611,3.714519208813583,0.4914653200361194,0.9214064589456179
1786995174.7657259,81.59900903701782,8.883473414379072,-3.6447055238868415,3.7214923855299067,0.49128104461296446,3.1603970902131224
1786995174.7685535,81.60183668136597,8.882322497701095,-3.6134992489170337,3.728411350658107,0.49107306995427213,11.311469694758364
1786995174.785616,81.61889910697937,8.8811197267956,-3.5823017073394054,3.735277905679099,0.4908257916875827,1.8735262455185493
1786995174.7956507,81.62893390655518,8.87986264189235,-3.5511275200107537,3.742093670421828,0.49054543087525043,3.1824575016329733
1786995174.8104036,81.64368677139282,8.87855091194746,-3.5199949761227423,3.7488573654138806,0.49023812468037753,2.1613285712572927
1786995174.8261933,81.65947651863098,8.877204509858917,-3.488912002584645,3.7555681416058047,0.4899162132119593,2.0157155031245173
1786995174.846986,81.68026924133301,8.875848081095095,-3.4578719092694583,3.7622230850670317,0.48959585560901264,1.5281523613227095
1786995174.8573716,81.69065475463867,8.874506966957066,-3.4268666389472777,3.7688204748181455,0.48927610755734363,3.0550018832480346
1786995174.861918,81.69520115852356,8.873199733444977,-3.39589485872903,3.7753598866088196,0.4889504531079563,6.968497143120475
1786995174.8746774,81.70796060562134,8.87193766457788,-3.364961781800839,3.7818406768033483,0.48860639226576885,2.478937390779439
1786995174.8884404,81.72172355651855,8.870727322225887,-3.3340717757274203,3.7882628579987916,0.4882302427920332,2.2941120862978117
1786995174.9033124,81.73659563064575,8.869541564484104,-3.303247067952447,3.794629996684788,0.4878257112574866,2.1179132728325745
1786995174.9106133,81.743896484375,8.868358264303458,-3.2725108199146162,3.80094197120441,0.48740037573312595,4.300862877993688
1786995174.9232116,81.7564947605133,8.867156076138999,-3.2418834942655277,3.8071963937124975,0.486968863396374,2.483079500228995
1786995174.9346821,81.76796531677246,8.865927042227177,-3.211376412820182,3.813390783530998,0.4865460265874586,2.7159851306921166
1786995174.949529,81.78281211853027,8.864657778041096,-3.1810052813842544,3.8195275093120453,0.48615538971573413,2.088726095735454
1786995174.9642692,81.79755234718323,8.863374058768938,-3.150767782890876,3.825606552976665,0.48578652362384844,2.0942161239289243
1786995174.9744692,81.80775237083435,8.862095798602024,-3.1206609381700563,3.83162851616527,0.48542293635965017,3.012717676121026
1786995174.9869485,81.82023167610168,8.860836172230313,-3.0906827593744004,3.8375896174909947,0.48505379950386734,2.4513427193213952
1786995175.0042021,81.83748531341553,8.859602664415629,-3.060834388943031,3.8434887818354877,0.48466284142590865,1.7648875123175625
1786995175.022425,81.85570812225342,8.858392801247488,-3.031123708084473,3.849326784225936,0.4842539145324013,1.6629148824418272
1786995175.0268679,81.86015105247498,8.857211276695313,-3.0015560897405775,3.855100349825801,0.4838228760359602,6.785881405621965
1786995175.0429518,81.87623500823975,8.856048206877878,-2.9721410997899564,3.860805626810402,0.483383338072082,1.8643261371833324
1786995175.0530436,81.88632678985596,8.854899878442776,-2.9428858992624995,3.866440276929583,0.4829416753184961,2.95438497057814
1786995175.0632362,81.89651942253113,8.85375860621783,-2.913799110726929,3.8720007154116436,0.48250984229989,2.9075402377643957
1786995175.0761836,81.90946674346924,8.852619408793059,-2.884888175214227,3.87748679899517,0.48209471239297697,2.2745160452214614
1786995175.0881517,81.92143487930298,8.851489575027458,-2.856153497711854,3.8828994821864837,0.4816861241151133,2.444979041181169
1786995175.1007233,81.93400645256042,8.850366030625453,-2.8275976440570343,3.88823611062668,0.481287642261234,2.3125154864997812
1786995175.113053,81.94633626937866,8.84923833042081,-2.7992261515801182,3.8934942020263854,0.48091535173964317,2.342017626640283
1786995175.1370428,81.97032594680786,8.84808790697089,-2.7710479202244964,3.8986735843175473,0.48060728304812017,1.1952378667911698
1786995175.1374855,81.97076869010925,8.84691415760206,-2.7430634653742083,3.903776155366392,0.48036698076837303,64.30373512950854
1786995175.1470754,81.98035860061646,8.845735721317402,-2.7152647215202803,3.9088031409144754,0.480163364485009,2.9483261113401507
1786995175.1684043,82.00168752670288,8.84456996122225,-2.6876445552543133,3.9137551543941775,0.47996526013324436,1.316746214728984
1786995175.174288,82.00757122039795,8.843422729979617,-2.6602010610638276,3.918632031074743,0.4797594826169286,4.741417920310351
1786995175.1862187,82.01950192451477,8.842300999045715,-2.6329325060853312,3.923434754709698,0.4795357983906341,2.3226610735940207
1786995175.1960926,82.02937579154968,8.841192316476121,-2.6058447474610373,3.928163478371212,0.47931540683960566,2.787129954174749
1786995175.2091165,82.04239964485168,8.840101297510605,-2.5789380918807643,3.9328176229299294,0.4790916361649742,2.09830361272245
1786995175.2208052,82.05408835411072,8.839030651579915,-2.5522136950527883,3.9373981728946825,0.47885870376521716,2.3214913432491198
1786995175.2335064,82.0667896270752,8.837963736955524,-2.5256798662528537,3.9419077346231135,0.47864858719554015,2.1206890954751305
1786995175.2591364,82.09241962432861,8.836896842903972,-2.499339059860596,3.946345620472931,0.4784719714007875,1.0430486693511056
1786995175.270797,82.10408020019531,8.835823182682605,-2.4731941418287633,3.9507101526045196,0.4783430679246228,2.2750548233321326
1786995175.2817724,82.11505556106567,8.834753524848798,-2.447241342017003,3.9550041238346036,0.478243750234063,2.398769919673796
1786995175.297359,82.13064217567444,8.833708048037687,-2.421472391556498,3.959227351537678,0.4781358563459104,1.676672401462754
1786995175.312433,82.14571619033813,8.832709925722439,-2.3958785096103585,3.9633800332914233,0.4779731255644995,1.7213589478290405
1786995175.3201597,82.15344285964966,8.831772927736777,-2.370455305608086,3.967463457555335,0.4777255231032341,3.3346961494331566
1786995175.3303275,82.1636106967926,8.830871416844165,-2.345214878152948,3.9714788285739884,0.4774456914958992,2.5151582051064225
1786995175.3411024,82.17438554763794,8.82998315626933,-2.320168556597079,3.9754280108545204,0.47718074835687024,2.3546783516016303
1786995175.3552299,82.1885130405426,8.829085938096133,-2.295325989394233,3.9793097373286903,0.47697748810406343,1.7809251116060199
1786995175.4076204,82.24090361595154,8.828176106692899,-2.2706889399596166,3.9831242953053705,0.4768395567632863,0.4761772716333006
1786995175.4089997,82.24228286743164,8.827263579750287,-2.246252068410976,3.986870339609307,0.4767519957754007,17.936659513564333
1786995175.4126644,82.24594759941101,8.826357755141245,-2.2220096762930486,3.990545475550952,0.4766920139900372,6.695199165671497
1786995175.4244885,82.25777173042297,8.825473057494342,-2.1979547347716086,3.9941495517760073,0.47663387721220907,2.0584616878817634
1786995175.463317,82.2966001033783,8.824634409492829,-2.1740769156161313,3.9976854979812595,0.476521239006602,0.6220393026588631
1786995175.4666576,82.29994082450867,8.823848721305502,-2.1503743279946597,4.001156930160614,0.47634420714424885,7.174597435476895
1786995175.4782093,82.31149244308472,8.823098725616966,-2.1268548693450953,4.004567170348071,0.476140082065503,2.0583470935600543
1786995175.4955606,82.32884383201599,8.822358217489215,-2.1035291652026946,4.007914693369844,0.4759647895927042,1.3587567757075647
1786995175.5045366,82.337819814682,8.821631772602492,-2.080395780608032,4.0111975395523185,0.475805264174971,2.6043329267790476
1786995175.5167735,82.3500566482544,8.820932406212982,-2.0574498161422534,4.014415687848347,0.4756360744137243,1.8943698664973663
1786995175.5275352,82.36081838607788,8.820262397631224,-2.034689955111524,4.017566139500232,0.4754511145306674,2.1359596822911597
1786995175.5385475,82.371830701828,8.819613583756635,-2.012118965540115,4.020647986527994,0.47526471283215516,2.0694696835527946
1786995175.5553286,82.38861179351807,8.818976724067948,-1.9897402386958813,4.023662498471659,0.4750947887406544,1.346147646490434
1786995175.564203,82.39748620986938,8.818344747620063,-1.9675559095876678,4.026609142685035,0.4749549528146704,2.5227675715437656
1786995175.5809145,82.41419768333435,8.817722664050256,-1.9455634944768674,4.029487184156314,0.4748335346559304,1.3277497972105727
1786995175.591698,82.42498111724854,8.81712429273968,-1.9237568500877835,4.0322986377020955,0.4746989482520538,2.0397281358101127
1786995175.6115828,82.44486594200134,8.816539449538581,-1.9021388925425173,4.035044582022729,0.4745754314234441,1.096288425026526
1786995175.6214578,82.45474100112915,8.815958839824194,-1.8807124051929136,4.037725506632458,0.4744804783807354,2.1874665616496913
1786995175.6372457,82.47052884101868,8.815388962356025,-1.8594742847450414,4.040343078784707,0.47439691624641994,1.3558793246779066
1786995175.643608,82.47689127922058,8.814840123686135,-1.8384196976414402,4.042897728441519,0.4743059184387481,3.3345871479923272
1786995175.658654,82.49193716049194,8.814304604873227,-1.8175505301694843,4.045389219354388,0.4742217570296534,1.3973383865332225
1786995175.6702242,82.50350737571716,8.813783449108595,-1.796866447865021,4.047822983889695,0.474140172764566,1.8005967940291558
1786995175.6970098,82.53029298782349,8.813301204261805,-1.7763579755527308,4.050201562840036,0.47401224430353933,0.770995150841598
1786995175.7085137,82.54179692268372,8.81285680298769,-1.7560246878081276,4.052522453032573,0.4738396029712801,1.779403293329568
1786995175.7211823,82.55446553230286,8.812432677515401,-1.7358736584951844,4.054786521166759,0.47365708931060363,1.6009850839768873
1786995175.733934,82.56721711158752,8.81202634396119,-1.7159067098076843,4.056992438206729,0.47346794404851844,1.575690420369279
1786995175.7651012,82.59838438034058,8.81163760683621,-1.696124336881981,4.059139417307892,0.47327053849003115,0.6385652382008071
1786995175.7655003,82.59878349304199,8.811247008711245,-1.67653390225977,4.061227497506676,0.4731061942480011,49.3727027200398
1786995175.780781,82.61406421661377,8.810849357571893,-1.6571367216988562,4.063254118941544,0.4729815509882579,1.276563740715245
1786995175.7902164,82.62349963188171,8.810434840228629,-1.6379353447481606,4.065221257439789,0.47291469042419654,2.046155716961323
1786995175.802176,82.6354591846466,8.81000633166996,-1.61892681530985,4.067129310677997,0.4729016972829597,1.59779040286261
1786995175.8117745,82.64505767822266,8.809580719708539,-1.6001027106709964,4.068981907740263,0.47290373197379626,1.9711255094748625
1786995175.8274686,82.6607518196106,8.809158640783672,-1.58146022841421,4.070779247339724,0.47292169471308093,1.1936733862749582
1786995175.855687,82.68897008895874,8.80874612324498,-1.5629954911794794,4.072519961269633,0.47294406853436577,0.6574178302330138
1786995175.8763232,82.70960640907288,8.80836235813273,-1.5447008559247248,4.074206552719259,0.4729355434556602,0.8904796099209003
1786995175.891583,82.72486615180969,8.808029046489716,-1.5265686777234635,4.075842361453008,0.4728512075036224,1.193261757219374
1786995175.9008937,82.73417687416077,8.807736537757053,-1.508603709099031,4.07742864727301,0.472713326014487,1.9372544380396008
1786995175.9148326,82.74811577796936,8.80747368987978,-1.4908120114904333,4.078963863950727,0.47254396414913624,1.2812876112539058
1786995175.936206,82.76948928833008,8.807224227923545,-1.4732018011202674,4.080448509160794,0.47238066285297514,0.8269321248319305
1786995175.945799,82.77908229827881,8.80697729920873,-1.4557783391870518,4.081884370205589,0.47223868306014394,1.822605216283676
1786995175.9585905,82.79187369346619,8.806731033087017,-1.4385423955847008,4.083271826677089,0.47212139055732516,1.3519596858744511
1786995175.9940894,82.82737255096436,8.806731033087017,-1.4385423955847008,4.083271826677089,0.47212139055732516,0.0
1786995175.9946797,82.82796287536621,8.806475578789698,-1.421496756429303,4.084610421429669,0.4720482333555925,28.967168674461746
1786995175.9954007,82.82868385314941,8.80620251013245,-1.40464278911673,4.085898926325151,0.4720348982858033,23.447816743309144
1786995176.0022697,82.83555293083191,8.805928565884944,-1.3879721181455713,4.087140110110913,0.472046086827961,2.4339594575992196
1786995176.0212176,82.85450077056885,8.805684769618395,-1.3714714996340556,4.088338997137938,0.47202391631055063,0.87323470359986
1786995176.030075,82.86335825920105,8.805476602528262,-1.355137672188009,4.089495749678946,0.4719528645952672,1.8488377812625685
1786995176.04146,82.87474322319031,8.805304964387233,-1.3389698510672818,4.090609567237198,0.4718298052275154,1.4235486919873017
1786995176.0549614,82.88824462890625,8.80517461895614,-1.3229664921657438,4.091680462543952,0.47164396275447656,1.1880006682164834
1786995176.0685523,82.90183544158936,8.805065026330412,-1.3071367547466353,4.092711982551664,0.47143753721485804,1.1672362379875967
1786995176.0767794,82.91006255149841,8.80494202376955,-1.2914948027573712,4.0937048335599435,0.471278069638386,1.9051541850653286
1786995176.1094944,82.94277763366699,8.804788547402335,-1.2760465634008114,4.094655918118338,0.4711954066117926,0.4731227540165183
1786995176.1214707,82.95475387573242,8.804604386955694,-1.260791009315607,4.095565878082843,0.4711903070082539,1.2761747804397237
1786995176.1343718,82.96765494346619,8.804410337653755,-1.2457186935397218,4.096436857228735,0.4712201525950932,1.1703455581230455
1786995176.1539514,82.98723459243774,8.80422334348937,-1.2308208081381091,4.097269451730596,0.4712548018897703,0.7621334000287905
1786995176.1723547,83.00563788414001,8.804053597487588,-1.2160907640493757,4.098061818862025,0.4712723504870017,0.8016129551648365
1786995176.2005801,83.03386330604553,8.803903233380346,-1.2015262599940373,4.098814326288977,0.47126699014006324,0.516722345434079
1786995176.2055416,83.03882479667664,8.803762362911842,-1.1871307497805086,4.099526494799137,0.47125955491647914,2.9051357684166903
1786995176.2060723,83.03935551643372,8.803642099967652,-1.1729008682512965,4.100199431958525,0.47123203607274905,26.843342114831717
1786995176.2238405,83.05712366104126,8.80354158426747,-1.1588376721592721,4.100836418920902,0.4711852053487909,0.7923153424817753
1786995176.2354448,83.06872797012329,8.803450098495016,-1.1449455243360847,4.101437508680407,0.47114023440518843,1.1983002749234875
1786995176.247606,83.0808892250061,8.803362512769176,-1.1312267255423143,4.102003709577994,0.47110778713972545,1.1290576011213984
1786995176.2605047,83.09378790855408,8.803290804183101,-1.1176766732127157,4.102534212191937,0.4710621677206511,1.0513183646840205
1786995176.2791355,83.11241865158081,8.803251524111875,-1.1042894462445694,4.103029326405058,0.47097325804994367,0.7190500710670009
1786995176.291788,83.12507128715515,8.803249244529548,-1.0910637355825827,4.103488803743922,0.4708301440526885,1.0459235766055464
1786995176.30356,83.13684320449829,8.803258843228782,-1.0780101678734455,4.103914503832182,0.47068091748173924,1.109463346541553
1786995176.323274,83.15655708312988,8.80326601270567,-1.0651349487664215,4.104305989832558,0.47055141128017697,0.6534062505580693
1786995176.3416927,83.1749758720398,8.803259528536255,-1.0524425943947762,4.104663152805368,0.4704654127611887,0.6893710753554056
1786995176.3569949,83.19027805328369,8.803239349809322,-1.0399319667323095,4.104984969645242,0.4704225467127907,0.8178430362655766
1786995176.3622334,83.19551658630371,8.803220982773505,-1.0275966692905478,4.105277520013794,0.4703850764479332,2.355388372273331
1786995176.3742063,83.20748949050903,8.803220575416072,-1.0154288850686684,4.105542263854916,0.4703209011586036,1.0165172790912984
1786995176.386362,83.21964526176453,8.803242989256422,-1.0034249624474143,4.105777286952071,0.4702205822119496,0.9876990782428268
1786995176.4031293,83.236412525177,8.803266878964385,-0.991592163185068,4.105982965885632,0.47012407601425327,0.7058164778993076
1786995176.4219725,83.25525569915771,8.803286456799672,-0.9799323525591463,4.106161075349656,0.47004238081824157,0.6188547295051395
1786995176.4279625,83.26124572753906,8.80331403457332,-0.9684401439906976,4.1063112701598685,0.4699455494244257,1.918725980837952
1786995176.440343,83.27362608909607,8.803335697773326,-0.9571197416130474,4.106434010446113,0.4698615787761339,0.9144392457308184
1786995176.4723604,83.3056435585022,8.803337789587095,-0.9459753864997503,4.1065277927831,0.4698126282241847,0.34808340913304336
1786995176.4810627,83.3143458366394,8.80331968950033,-0.9350061790246438,4.106592367276732,0.4697960280382288,1.2605219351699912
1786995176.4953678,83.3286509513855,8.803292112863348,-0.9242063684330932,4.106627840737992,0.469794655606418,0.7549680131315993
1786995176.5055537,83.33883690834045,8.803254718229889,-0.9135742607875207,4.106636463302629,0.46980526028120106,1.0438073663479797
1786995176.5168698,83.35015296936035,8.803208101256573,-0.9031082934266288,4.106620145514671,0.46983038643479724,0.9248875454158678
1786995176.5304008,83.3636839389801,8.803154576449641,-0.892806255305506,4.1065780100333775,0.4698659103468958,0.7613839673782206
1786995176.5413313,83.37461447715759,8.803110903688852,-0.8826613899276007,4.106512857834274,0.4698793253792311,0.9281490464676034
1786995176.5573044,83.39058756828308,8.803092480762636,-0.8726676604341196,4.10642755589296,0.4698403770472388,0.6256841858533788
1786995176.5703232,83.40360641479492,8.803092412463382,-0.8628283643005517,4.1063222042727325,0.46976530235154595,0.7558165864216675
1786995176.5848317,83.41811490058899,8.803087075590096,-0.8531533952247566,4.106196344937346,0.46969772411154437,0.6669055122067837
1786995176.59532,83.42860317230225,8.803064647838092,-0.8436483331996021,4.106051098343471,0.46965493887062554,0.9063645976732192
1786995176.6043172,83.4376003742218,8.803030973225988,-0.8343119734411991,4.105888645981573,0.46962779028674917,1.0378597465870378
1786995176.6233587,83.45664191246033,8.803001952857537,-0.8251379404789202,4.105709228963089,0.4695899042810719,0.48188507697206523
1786995176.6342862,83.46756935119629,8.802962750603525,-0.8161309238514657,4.105511695049812,0.4695662451605475,0.8244628906619123
1786995176.6411588,83.47444200515747,8.802910646655402,-0.8072910895728386,4.105295858182139,0.4695627771576896,1.286638673197377
1786995176.6592925,83.49257564544678,8.802869467908312,-0.7986089427070198,4.105063638176444,0.4695347912673919,0.47896337228469915
1786995176.6706035,83.50388669967651,8.80283752832437,-0.7900847520484425,4.1048146683009055,0.4694867660324458,0.7539425954439751
1786995176.6859603,83.51924347877502,8.8027932438868,-0.7817268546451919,4.10454808683916,0.4694596988197365,0.5445324789787295
1786995176.7047107,83.53799390792847,8.802732683280508,-0.7735361278642403,4.104261508883195,0.4694607980533306,0.43710799022097147
1786995176.7103245,83.54360771179199,8.802645537287999,-0.7655160076872756,4.103957590450257,0.46951061094547036,1.4297524159808828
1786995176.7216396,83.55492281913757,8.802532964051835,-0.757664803689995,4.1036366695259785,0.4696063847982136,0.6945198347458124
1786995176.7382472,83.57153034210205,8.802400864798896,-0.7499780330478951,4.103296636990717,0.46974095470670724,0.4633696261042439
1786995176.7461262,83.57940936088562,8.802272250377719,-0.742445314223567,4.102940770324717,0.46987406367824924,0.9572533203388404
1786995176.7602823,83.59356546401978,8.802163483255944,-0.7350598382191884,4.102571362206161,0.4699713993699359,0.5224254583166802
1786995176.7658007,83.59908390045166,8.802087851659396,-0.7278173637834447,4.102189191665524,0.4700159822881937,1.3143115875529985
1786995176.7798808,83.61316394805908,8.802052093722086,-0.7207161151605321,4.101792165562365,0.4699961976812473,0.505142367569245
1786995176.79827,83.63155317306519,8.8020462966331,-0.7137613689939638,4.101378656439396,0.4699333362101576,0.3788648385104647
1786995176.8023438,83.6356270313263,8.80205661245304,-0.7069612299271868,4.100950381055406,0.469853566191696,1.672522598112882
1786995176.8181255,83.65140867233276,8.802068104491111,-0.7003232703759226,4.10050824135694,0.4697845272423032,0.4215453987657343
1786995176.8300714,83.66335463523865,8.802087385134547,-0.6938464704115234,4.10005270169842,0.4697127712964876,0.5435165718359665
1786995176.840242,83.67352509498596,8.802133245666978,-0.6875247672117656,4.099586694765789,0.4696010658744888,0.6232777993422136
1786995176.8514354,83.6847186088562,8.80218690668633,-0.6813651655337575,4.099110746674161,0.46948593821793555,0.5519442343013121
1786995176.8645136,83.69779682159424,8.802232516649639,-0.6753732930262353,4.098621345147273,0.4693965304064733,0.4596957534269469
1786995176.8771515,83.71043467521667,8.802265468746105,-0.6695503141500456,4.098117519899125,0.4693375124683537,0.4624857742863406
1786995176.8902776,83.72356081008911,8.80227564592754,-0.6638983119383361,4.097599274493231,0.46932483836923905,0.4323985112122538
1786995176.9006548,83.7339379787445,8.802274298535108,-0.6584109992835471,4.097066296987439,0.4693326508434637,0.5312755379501546
1786995176.909264,83.74254727363586,8.80227665290976,-0.6530805045523267,4.096520337232696,0.46933480906071934,0.6223949242622658
1786995176.92879,83.76207327842712,8.802285778317927,-0.6479034064560208,4.09596178929436,0.4693231920957538,0.2666776613950278
1786995176.9432452,83.77652835845947,8.802293144210761,-0.6428817006265561,4.095393043394823,0.46931264233891484,0.3496221350792067
1786995176.9526558,83.78593897819519,8.802294967707146,-0.6380161479064947,4.0948157924641535,0.46931135259803475,0.5206539177179363
1786995176.9590967,83.79237985610962,8.802291678826817,-0.6333060505558562,4.094229364867646,0.46931726812796026,0.7369281885652034
1786995176.9718015,83.80508470535278,8.802286742953962,-0.6287497328939647,4.093634136602787,0.46932169886236874,0.36167572396364644
1786995176.990188,83.82347106933594,8.80228722888812,-0.6243440570797696,4.093029584226291,0.46931424411102296,0.24186191042684016
1786995177.0014725,83.8347556591034,8.80229643621627,-0.6200873483925513,4.092414962960424,0.46928244617668574,0.3811270032907285
1786995177.0102148,83.84349799156189,8.802318000332654,-0.6159783240625782,4.091791064194346,0.46922488859498335,0.4754080928239938
1786995177.024931,83.85821413993835,8.802336908489012,-0.6120229505308832,4.091160216582165,0.46916673906958817,0.2721778477628019
1786995177.038452,83.87173509597778,8.802338607336212,-0.6082274535125649,4.090523520352919,0.4691333136667377,0.28463445296830325
1786995177.0493548,83.8826379776001,8.802325387608626,-0.6045910129853422,4.0898819239649535,0.46912121983393323,0.3386839076138192
1786995177.0621161,83.89539933204651,8.802301302353724,-0.601111414631539,4.0892360352983115,0.46912382769258065,0.27733091511063235
1786995177.0771556,83.91043877601624,8.802274715890238,-0.5977843690753694,4.088584979026108,0.46912547325377574,0.22542407073248905
1786995177.0828655,83.91614866256714,8.802235614136686,-0.5946123479362037,4.087926671481575,0.4691434703356462,0.5674102448134473
1786995177.09486,83.92814326286316,8.80217803550044,-0.5915962675230657,4.087259198080478,0.46918820105750814,0.25758188354577916
1786995177.115182,83.94846510887146,8.80210316248431,-0.5887351935456652,4.086584687403788,0.46925898402888233,0.1446946150758733
1786995177.1274612,83.96074438095093,8.802017148208085,-0.5860263304247566,4.085906324600441,0.469345215977088,0.2275244796955977
1786995177.142194,83.97547721862793,8.801947250615822,-0.5834587268222529,4.0852259694644735,0.46940112828169245,0.18035447726833403
1786995177.171627,84.0049102306366,8.801915741779332,-0.5810241297855796,4.084545281598917,0.4693900713226293,0.08589537853078831
1786995177.1907399,84.02402305603027,8.801906260771073,-0.5787292238389006,4.083862460449833,0.4693395278632345,0.12527469332066188
1786995177.2029114,84.03619456291199,8.801905131839643,-0.5765807080137013,4.083177189260888,0.4692770409700425,0.1852813873911308
1786995177.2202976,84.05358076095581,8.801904481699516,-0.5745826980797856,4.082487346408837,0.469214359637781,0.12157616100891165
1786995177.231345,84.06462812423706,8.801884291984878,-0.5727435301364086,4.081795227831192,0.4691880845318293,0.1778877589683282
1786995177.2425554,84.07583856582642,8.80183416209015,-0.5710671174274189,4.081102683732011,0.4692202912602798,0.1618599887787839
1786995177.2569976,84.0902807712555,8.801771449034073,-0.5695459491874469,4.080408503230715,0.4692781045155071,0.11585848328538141
1786995177.2717755,84.10505867004395,8.801706492195548,-0.5681744711569031,4.079711759001194,0.4693424359646981,0.10418822553904589
1786995177.2859023,84.11918544769287,8.801662525710436,-0.5669427178709349,4.07901443975136,0.46937265517027943,0.10024385462329001
1786995177.2902207,84.12350392341614,8.801657480043101,-0.5658432465243268,4.078317417146873,0.4693352230486643,0.30145073268711975
1786995177.3026767,84.13595986366272,8.80168446522021,-0.5648785047075469,4.0776194881842835,0.46924193061386466,0.09561968518290072
1786995177.3156576,84.14894080162048,8.801713408818298,-0.5640613345067196,4.076922413212584,0.4691442588520574,0.08277407808599996
1786995177.334258,84.16754126548767,8.801713589159972,-0.5634039666423775,4.076226807020649,0.4690988134199243,0.05145458551178328
1786995177.3391867,84.17246985435486,8.801689298419923,-0.5629045814223232,4.075530696360082,0.4691017166108606,0.17389488817853938
1786995177.3532066,84.18648982048035,8.801642800468775,-0.562561287534038,4.074831881699515,0.4691479153204832,0.05563286980373808
1786995177.3640187,84.19730186462402,8.801592651336772,-0.5623663708153726,4.074133312332415,0.46920292349735593,0.06723840565470461
1786995177.3803039,84.21358704566956,8.80154866651962,-0.5623147779226902,4.073435636598571,0.4692504348691583,0.043042944198092334
1786995177.3861067,84.21938991546631,8.801510980880831,-0.5624049530953558,4.0727383937140065,0.4692898845394436,0.12132949069425424
1786995177.4006882,84.23397135734558,8.80147916655955,-0.562636255993464,4.072040493547414,0.4693246304628386,0.05046961194026816
1786995177.4133112,84.24659442901611,8.801463733465463,-0.5630052800392243,4.071346266591348,0.4693340389726082,0.06229575492759738
1786995177.4382794,84.27156257629395,8.801460598287026,-0.5635138542082192,4.070656146789616,0.46932991226768267,0.03433480296485417
1786995177.4392786,84.27256178855896,8.801459603828658,-0.5641664289280269,4.069969127522497,0.46932978221866084,0.9482965973363434
1786995177.4480782,84.28136134147644,8.801465888289489,-0.5649618994176548,4.06928377636959,0.46932865884104863,0.1193252720961181
1786995177.4579122,84.29119539260864,8.801487339341334,-0.5658975455189509,4.068599528303059,0.46930892149160347,0.11789125262472364
1786995177.4703097,84.30359292030334,8.801516473869587,-0.5669767022102984,4.067919870677474,0.4692884794254926,0.10289803027694057
1786995177.4839172,84.31720042228699,8.80154948690827,-0.5682006756557282,4.067243601817666,0.46927433994066803,0.1027935835722892
1786995177.4944441,84.32772731781006,8.801588198790755,-0.5695682424991808,4.066568576933667,0.4692608962021393,0.14492217882075747
1786995177.5126739,84.34595704078674,8.801632597022232,-0.5710787622339405,4.065893761682516,0.46925037729890984,0.09078566323387018
1786995177.5323625,84.36564564704895,8.801689362627457,-0.5727298872355615,4.065218319832597,0.46922855809437874,0.09065350228029606
1786995177.5425532,84.37583637237549,8.801771267397479,-0.5745170948345696,4.064543054308133,0.46917664739785764,0.18764875250595747
1786995177.5535095,84.38679265975952,8.801867780444303,-0.5764446385278003,4.063868294834385,0.469108294543655,0.18660651121629276
1786995177.5650072,84.3982903957367,8.80196732162615,-0.578517166026966,4.063193565677619,0.4690483526787739,0.1897648151305478
1786995177.5753028,84.40858602523804,8.80206607288343,-0.5807362364492882,4.062518478687418,0.4690026571681524,0.22549251052461466
1786995177.5945277,84.42781090736389,8.802154502457661,-0.5831052573609867,4.0618433395284494,0.468985959093261,0.12821574614454226
1786995177.6018815,84.4351646900177,8.802222602287152,-0.5856284969547746,4.061169227639209,0.4690190584651655,0.35527616183856175
1786995177.6103156,84.44359874725342,8.802284487037245,-0.5882990273245682,4.060497524253176,0.46907881794502465,0.32658127072894205
1786995177.622787,84.45607018470764,8.802343262114434,-0.5911131763642805,4.059828705910661,0.4691552503950518,0.2319805608489301
1786995177.6362808,84.46956396102905,8.802436467209839,-0.5940572396259304,4.059168768277268,0.4691812532943451,0.22370027483713334
1786995177.6481318,84.48141503334045,8.802550259740242,-0.5971383804579,4.058518120406072,0.46918656175147644,0.2658954207052823
1786995177.6664336,84.49971675872803,8.80266407374486,-0.6003660781800998,4.057874084424643,0.4692117498851938,0.17994431551509985
1786995177.674582,84.50786519050598,8.802775770647083,-0.6037404104859407,4.057234792620352,0.46925893799390844,0.4216975304481091
1786995177.6854613,84.51874446868896,8.802888564267596,-0.6072625217735144,4.056598354957636,0.469325915001945,0.3291512215966006
1786995177.7090297,84.54231286048889,8.802888564267596,-0.6072625217735144,4.056598354957636,0.469325915001945,0.0
1786995177.7097344,84.54301762580872,8.803025892002271,-0.6109198077826588,4.055967100787078,0.46936886759295776,5.269702877543993
1786995177.7107267,84.54400992393494,8.803189530793361,-0.6147056765489639,4.0553428889799195,0.4693764239726264,3.8702797771204263
1786995177.7192774,84.55256056785583,8.803365516214274,-0.6186249750674945,4.054723477712373,0.4693791414657957,0.46450813498069116
1786995177.7314646,84.56474781036377,8.803560518175964,-0.6226734526984524,4.054107216878756,0.46936496866200433,0.33639709346366603
1786995177.7462885,84.57957172393799,8.80377924312546,-0.6268490853758805,4.053492871723845,0.46932763661073823,0.28509661670203995
1786995177.7668965,84.60017967224121,8.804007965533279,-0.6311613539090044,4.052879669554119,0.4692980265064843,0.21164892002462496
1786995177.7739902,84.60727334022522,8.804241702888948,-0.6356083386776497,4.052267184799966,0.4692736768274505,0.6336702881976997
1786995177.7902377,84.62352085113525,8.804473006685196,-0.640188983194722,4.051655927828376,0.4692650972965969,0.2847841562159017
1786995177.7966185,84.62990164756775,8.804699836749974,-0.6449021109410257,4.0510473905749045,0.4692748454538129,0.7456218852637972
1786995177.8110428,84.6443259716034,8.804916238662717,-0.6497509844874514,4.050442016905723,0.46931478800077253,0.3391012805400376
1786995177.8354547,84.66873788833618,8.805123000417913,-0.6547365756613783,4.049837731123808,0.46938569852485,0.2058967272678951
1786995177.836733,84.67001628875732,8.805333887402533,-0.6598620688714535,4.049234772057546,0.46946965760176407,4.040317898327341
1786995177.8503554,84.68363857269287,8.805563187390637,-0.6651173478733035,4.048634998787058,0.46953703485787024,0.388654467907245
1786995177.8592117,84.69249486923218,8.805816940225204,-0.670495316139986,4.048039709936964,0.4695797610282015,0.6116282562123139
1786995177.868504,84.70178723335266,8.806089814200783,-0.6759937020277422,4.047448852543277,0.4696054831214939,0.5958408159604452
1786995177.8836238,84.71690702438354,8.806375369653221,-0.6816119909870257,4.046861282713679,0.4696240913928077,0.37408868680137813
1786995177.8937569,84.72704005241394,8.806666898773413,-0.6873469699177132,4.0462783077611,0.4696417246418548,0.5696125798522743
1786995177.9071014,84.74038457870483,8.806953674366591,-0.6932003135416638,4.0456999961546485,0.46967211541639275,0.44129178121421814
1786995177.9194493,84.75273251533508,8.80723699976174,-0.6991710253737348,4.045124873991185,0.4697172441297994,0.4863188575302348
1786995177.9312177,84.76450085639954,8.807509348794374,-0.705255579903573,4.044552437861029,0.469782896752835,0.519825869281866
1786995177.9424074,84.77569055557251,8.807773639986332,-0.7114555366756375,4.043981565389632,0.4698673125032967,0.5569220504501842
1786995177.9531734,84.78645658493042,8.808050841006098,-0.7177595866581847,4.043416838470343,0.4699450733770353,0.588458484688727
1786995177.9653742,84.79865741729736,8.808339458195888,-0.724163072179968,4.042858047978851,0.47001351806246,0.5273653852137048
1786995177.9787028,84.81198596954346,8.808636434584143,-0.7306601881111786,4.042304210156783,0.4700763893851616,0.4897334587362989
1786995177.9920719,84.825355052948,8.808947001147066,-0.7372468007547445,4.041753855918173,0.470126066515537,0.4949372837421847
1786995178.0084455,84.84172868728638,8.809275904784512,-0.7439208989487742,4.041207293200482,0.4701564984015678,0.40947006034058436
1786995178.0186663,84.85194945335388,8.809611506744503,-0.7506828069706926,4.040662937597778,0.47018480001039253,0.6645372796694736
1786995178.0297961,84.8630793094635,8.8099511810727,-0.7575335367982385,4.040121766021469,0.4702156395664802,0.6181985642237069
1786995178.0382264,84.87150955200195,8.810289456451931,-0.7644710648980324,4.039587193749698,0.47025613869039157,0.8263476788788854
1786995178.0552633,84.88854646682739,8.810632547439845,-0.7714819621599162,4.03906070823855,0.4702929672605443,0.4131619005191668
1786995178.0622456,84.89552879333496,8.810986845554154,-0.7785613792730364,4.03854255913078,0.47031553687413347,1.017882818343487
1786995178.0749907,84.908273935318,8.811326185915634,-0.7857176194912661,4.03803438274289,0.47035873673548484,0.5635309221023825
1786995178.0852396,84.91852283477783,8.811638320459096,-0.7929578069505542,4.037535724815572,0.47042821162022735,0.7087637686620292
1786995178.1017392,84.93502235412598,8.811944113041507,-0.8002673936983153,4.0370469670928735,0.4704994487980189,0.4443940541589448
1786995178.1102123,84.94349551200867,8.812261954281238,-0.8076346231220594,4.036566710152399,0.4705550726569429,0.8721311518874685
1786995178.1237774,84.95706057548523,8.812598142952572,-0.8150490502824196,4.036095082953144,0.470593687785202,0.5482476764801127
1786995178.1337492,84.96703243255615,8.812943230843207,-0.8225160898205587,4.035630075100093,0.4706250027798712,0.7510596104613498
1786995178.1484015,84.98168468475342,8.813292832282539,-0.8300373859119475,4.035170692683101,0.4706569933169891,0.5148299008194981
1786995178.163989,84.9972722530365,8.813647739304319,-0.837604556130947,4.034717279430947,0.47068493880939577,0.48686524445669305
1786995178.173572,85.00685524940491,8.814002450100967,-0.8452093391669812,4.034273799357047,0.47070671458077973,0.7957800100678372
1786995178.1886415,85.0219247341156,8.814347894042148,-0.8528560180671377,4.03383944267022,0.4707326516145538,0.5087627001462959
1786995178.202267,85.03555011749268,8.814687975486343,-0.8605388854406598,4.033411697767021,0.47075674845564297,0.5652888336267939
1786995178.2217624,85.05504560470581,8.815029361338883,-0.8682502189521266,4.03298854569227,0.47077472327477693,0.39652645705924333
1786995178.231446,85.0647292137146,8.815379246447037,-0.8759850112936668,4.032569458677761,0.47078362462999085,0.8007381817765762
1786995178.2483392,85.08162236213684,8.815736424738066,-0.883745917101533,4.032152911513543,0.47078764290832326,0.460558278408713
1786995178.2578146,85.09109783172607,8.816084865527355,-0.8915399310044387,4.031739809266524,0.4707991215415956,0.8245214468692703
1786995178.2733302,85.10661339759827,8.816427092758628,-0.8993575347315768,4.031330638995988,0.4708110678224412,0.5050271009211312
1786995178.280149,85.11343216896057,8.816758541885568,-0.9071930303594812,4.030930299484528,0.4708211692802891,1.1516318541107473
1786995178.29218,85.1254632472992,8.817064183656198,-0.9150472530345626,4.030540356758355,0.47083689234931264,0.6541253997617364
1786995178.3071706,85.1404538154602,8.817346806961034,-0.9229183689534075,4.030156102837911,0.47085336430771324,0.5260344955846246
1786995178.3252318,85.15851497650146,8.817620579320986,-0.9308032923255748,4.029778106378563,0.4708678190777856,0.43733204707857715
1786995178.3382378,85.17152094841003,8.817894758018785,-0.9386935715165067,4.029406631911618,0.4708739525962227,0.6077035935583988
1786995178.353386,85.18666911125183,8.818168893583808,-0.9465835306125143,4.029044381159038,0.47087050142430564,0.5217151905858656
1786995178.371402,85.20468521118164,8.818470653991264,-0.9544594723920483,4.028691710312121,0.47086117821795187,0.43791979400003767
1786995178.3827338,85.21601700782776,8.818795408337584,-0.962321905984559,4.028346961400842,0.4708484963734805,0.6950959363381523
1786995178.4002943,85.2335774898529,8.819120682067407,-0.9701818188501783,4.0280126703849515,0.4708354824243262,0.44837836030149125
1786995178.410302,85.2435851097107,8.819437208988854,-0.9780423684647331,4.027686164688943,0.4708199088211239,0.7867697548271656
1786995178.4281273,85.26141047477722,8.819743513242672,-0.9859024014942477,4.0273634967510885,0.47079967631146863,0.44165234672501913
1786995178.437494,85.27077722549438,8.820040706944162,-0.9937580683165104,4.027042634146704,0.4707763014969604,0.839974511390586
1786995178.4572473,85.29053044319153,8.820328026510905,-1.0016063875440606,4.026727412900656,0.47075343426652866,0.39790480482789115
1786995178.4679866,85.30126976966858,8.820638853581782,-1.0094279978477452,4.026423459766843,0.4707308884371697,0.7294389435658815
1786995178.488444,85.32172727584839,8.820979051172719,-1.017209815166409,4.026129775320117,0.4707084498137391,0.38102320258201394
1786995178.5026362,85.33591938018799,8.821349582810731,-1.0249475746278154,4.025848242426177,0.4706916208593065,0.5462009017734788
1786995178.513205,85.34648823738098,8.821719515193605,-1.0326493463897601,4.025578237288463,0.4706789774220871,0.7300105185418501
1786995178.5222957,85.35557889938354,8.822071281091304,-1.0403259784570371,4.025318743382374,0.4706637519168672,0.8458203942091285
1786995178.5426097,85.37589287757874,8.822398213098479,-1.047979282906087,4.0250658583808265,0.47063889991090435,0.3772996671618091
1786995178.5591664,85.39244961738586,8.8226985194587,-1.0556064977364703,4.024817166899554,0.4706029325367818,0.4612728587360401
1786995178.5678773,85.40116047859192,8.822966508916613,-1.063208401085839,4.024573776823454,0.4705580442999816,0.8736815229929593
1786995178.585282,85.41856527328491,8.823210852528176,-1.0707712373060914,4.024337291006066,0.47050518935187663,0.43496502368558604
1786995178.6090186,85.4423017501831,8.823438824255001,-1.0782909625237975,4.024110235087186,0.47044905856319064,0.31709026146020736
1786995178.6225781,85.45586133003235,8.823663909755068,-1.085752445397747,4.023889661858472,0.47039689724756234,0.5507644955915646
1786995178.6345766,85.46785974502563,8.823902839628426,-1.0931435427957548,4.023673427950554,0.4703524424373015,0.6165913618106861
1786995178.6431973,85.47648048400879,8.824172305780472,-1.1004540463348962,4.023461401480016,0.4703227559355586,0.8489457941452072
1786995178.6552882,85.48857140541077,8.824483435719422,-1.1076768807657822,4.02325110295625,0.4703225211424861,0.5981835629465043
1786995178.683627,85.51691007614136,8.824828961958712,-1.1148130541477907,4.023042069556084,0.47034865290559164,0.2522203967379362
1786995178.6978433,85.53112649917603,8.825166326639563,-1.1218890157648815,4.022841651322688,0.47037387490009874,0.4984962754933471
1786995178.705488,85.53877115249634,8.825455440931691,-1.1289287907141048,4.022654401764945,0.47037419813402087,0.9219773211997675
1786995178.719239,85.5525221824646,8.825685567763312,-1.135938467890065,4.022477081395752,0.4703396457189205,0.5101941396381272
1786995178.7409232,85.57420635223389,8.825866624091404,-1.142914335942898,4.022308361390767,0.47028004103095783,0.32190564481076844
1786995178.7540603,85.58734345436096,8.826028080489678,-1.1498403200023237,4.02214864921083,0.47020954580905056,0.5274912513175574
1786995178.766211,85.5994942188263,8.826198028753161,-1.1567020877134657,4.021996434602132,0.4701437439627213,0.5650310777826347
1786995178.7790349,85.61231803894043,8.826400768410593,-1.163486574902401,4.0218500772063175,0.47010138362968484,0.529412719379567
1786995178.8031943,85.63647747039795,8.826624303699955,-1.1701990112407041,4.0217096642165115,0.47007362068356884,0.2780539350052772
1786995178.8112793,85.64456248283386,8.826884888372092,-1.1768330477582638,4.021574792754376,0.4700703289605615,0.8213372905657318
1786995178.8205564,85.65383958816528,8.827180356029437,-1.1833909129193618,4.021449554880887,0.4700921004571387,0.7077328868777079
1786995178.833639,85.66692209243774,8.827470293481063,-1.1898883668722062,4.021335708912708,0.47011004862697603,0.4972225416550086
1786995178.8629982,85.69628143310547,8.827739367912143,-1.1963306337431017,4.021229505090769,0.4701153890761864,0.2196492865818313
1786995178.886375,85.7196581363678,8.827739367912143,-1.1963306337431017,4.021229505090769,0.4701153890761864,0.0
1786995178.8876297,85.72091293334961,8.827983215078696,-1.2027132607224367,4.021127895670171,0.4701052100983574,5.090936300683654
1786995178.9022937,85.73557686805725,8.828210268875148,-1.2090339788609177,4.021028670411016,0.4700863035068596,0.43136943597139216
1786995178.9056113,85.73889446258545,8.828430325966838,-1.2152838092056506,4.020930997220806,0.4700687998010896,1.8852412229229167
1786995178.9268663,85.76014947891235,8.828650565747726,-1.22145753563399,4.020838361128195,0.47005673009391824,0.2906771741165519
1786995178.9384086,85.77169179916382,8.828877757568865,-1.2275497062136878,4.020749526982407,0.4700547187486287,0.5282345692957958
1786995178.9613552,85.79463839530945,8.829107557686923,-1.233563423544108,4.020661471556712,0.47005755990301706,0.2622938275956645
1786995178.970247,85.80353021621704,8.8293338833443,-1.2394978583651601,4.020572579143928,0.47006546186885495,0.6679637755392174
1786995178.9975638,85.8308470249176,8.829559708023277,-1.2453517232460662,4.0204848357861716,0.470083685899844,0.2144787926353883
1786995179.0103621,85.84364533424377,8.829766871616055,-1.2511325052113678,4.0204018879089745,0.4700953203024379,0.45201966445644937
1786995179.0202854,85.85356855392456,8.829958654891277,-1.2568409625891808,4.020323025304341,0.4701017558625571,0.5756420469602991
1786995179.0287864,85.862069606781,8.830129945180754,-1.2624853964418274,4.020248216124685,0.470100067515106,0.6643327478449293
1786995179.0403557,85.87363886833191,8.830275874099557,-1.2680758350012988,4.020179874943356,0.47008203351180516,0.4834155049447104
1786995179.0702846,85.90356779098511,8.830408046531796,-1.273607773652837,4.020115180231777,0.47005449422563,0.1849012621047524
1786995179.0872571,85.92054033279419,8.830526720569368,-1.2790830925822971,4.020051364132986,0.47002160381067826,0.3226963131217913
1786995179.095082,85.9283652305603,8.830634816787864,-1.2844993603706936,4.019985543725309,0.4699821231573832,0.6923727773439722
1786995179.107753,85.94103622436523,8.830735848794088,-1.2898572617040664,4.019918213430938,0.46993448160168616,0.4229563091750486
1786995179.144257,85.9775402545929,8.830829430123575,-1.2951487083052453,4.019851539300167,0.4698824050835583,0.1449893064298581
1786995179.1535826,85.98686575889587,8.830952895305192,-1.3003471140513878,4.019789563928717,0.4698621129522363,0.5576364423271635
1786995179.1657813,85.9990644454956,8.83111267339901,-1.3054490200467155,4.019729848899987,0.4698814113186185,0.41846772069550275
1786995179.1772149,86.010498046875,8.831295595657224,-1.3104612157104478,4.019673866514599,0.4699256138499437,0.43869334977380803
1786995179.1896229,86.02290606498718,8.831487079014444,-1.3153921671572117,4.019621842196479,0.46998117169582326,0.3977220343601233
1786995179.200697,86.03398013114929,8.831641600966911,-1.3202644982085991,4.01957853000583,0.4700078020922308,0.44021527791058923
1786995179.2172785,86.05056166648865,8.831756566421888,-1.3250821981867489,4.019540742726922,0.4700040052842324,0.2906377213672494
1786995179.2301753,86.06345844268799,8.831855585793315,-1.329836407544966,4.019503711590838,0.4698544697571618,0.36872661304899884
1786995179.2532158,86.08649897575378,8.832038991007277,-1.3345124300055582,4.019406767088505,0.4693902123527888,0.2031472938721048
1786995179.264295,86.09757828712463,8.832369785295658,-1.3391069942712122,4.019172767214816,0.46871059308871615,0.4163071474963097
1786995179.2760565,86.1093397140503,8.832833049996458,-1.343632503274361,4.018752605888543,0.46784254513902807,0.3884325207319
1786995179.2871873,86.12047052383423,8.833373645635646,-1.3481104992729156,4.018122584629746,0.4667953612395112,0.40916131048052956
1786995179.3102746,86.14355778694153,8.833917398332552,-1.352566809197734,4.017272792118466,0.4655490069995693,0.1979048885939955
1786995179.3221152,86.15539836883545,8.834390163471312,-1.357026412652671,4.016194419780105,0.4640607318755674,0.3895437077621516
1786995179.3381934,86.17147660255432,8.834744583372984,-1.3614999049158685,4.0148770868422,0.46230136428446483,0.2908820729682166
1786995179.3534896,86.18677282333374,8.834964447189439,-1.3659744507646576,4.013316229537941,0.46026940993938625,0.3101463779843726
1786995179.375278,86.2085611820221,8.835052269276092,-1.3704242028159328,4.011513986027801,0.45797830214455354,0.22037802750622046
1786995179.3885648,86.22184801101685,8.835026423853398,-1.374819781682315,4.009475308539501,0.45546003272317104,0.36467759967621965
1786995179.3975344,86.23081755638123,8.834913586476864,-1.3791313077422616,4.007205955606304,0.4527747680983449,0.5433494384238355
1786995179.409493,86.2427761554718,8.834731952789726,-1.3833360484345258,4.004708686577632,0.4499737161544572,0.4092277607676116
1786995179.4232957,86.25657892227173,8.834482075302066,-1.3874237461162222,4.001983923478813,0.447089229590466,0.3563740245307599
1786995179.4552634,86.28854656219482,8.834153009469095,-1.3913921931394715,3.9990367825649336,0.44412559451076256,0.15497041166652795
1786995179.460265,86.29354810714722,8.833731320948024,-1.3952413678882611,3.995871536586793,0.44107474775321465,0.9999459848628484
1786995179.4750881,86.3083713054657,8.833200541271086,-1.3989716444814648,3.9924938649354194,0.4379242273643157,0.3413685384824428
1786995179.4857397,86.31902289390564,8.832542825295029,-1.4025852017006242,3.988906335567174,0.43464423266611474,0.482019412054349
1786995179.5093176,86.34260082244873,8.831746307147073,-1.406081428601204,3.985110403270715,0.4312207288091457,0.2214696361831388
1786995179.521465,86.35474824905396,8.830808485774336,-1.409453595551669,3.981110643949484,0.4276697191445424,0.4375402133933783
1786995179.5319624,86.36524558067322,8.829733052310637,-1.41269175947351,3.976911589910443,0.424015397444654,0.5154238048252673
1786995179.5432167,86.37649989128113,8.828523038783393,-1.4157902785245358,3.9725185261746403,0.42027167252313635,0.48962132266483793
1786995179.561705,86.39498829841614,8.827181864902832,-1.4187454105640023,3.967936742895528,0.41645647141164754,0.30368487752938056
1786995179.5765715,86.40985465049744,8.825711579495845,-1.4215538160858463,3.963171851552763,0.412585789905276,0.3849653084722333
1786995179.5873106,86.42059373855591,8.824115342752323,-1.4242097806479792,3.958227589325212,0.4086836980495714,0.543347199793094
1786995179.597712,86.43099522590637,8.82239049735082,-1.426714899042779,3.953107590577047,0.40474616691577375,0.5725390734323134
1786995179.619196,86.45247912406921,8.820531956561522,-1.429073297079004,3.9478148736299588,0.40076368431588666,0.28324242542939376
1786995179.6350212,86.46830439567566,8.818537493704019,-1.4312843734040246,3.9423524047370573,0.3967395648682108,0.39312809857228254
1786995179.6483977,86.48168087005615,8.816404401661144,-1.4333490554699038,3.93672461735671,0.3926710586421373,0.4756695232860072
1786995179.6563828,86.48966598510742,8.81413097748114,-1.4352684999953518,3.930935757837002,0.3885563222675916,0.8151083658106714
1786995179.6746325,86.50791573524475,8.811715902007583,-1.4370435967766537,3.924988660113634,0.3843986441500423,0.3649197576170743
1786995179.6877365,86.52101969718933,8.80915920643671,-1.4386737467371031,3.918887630114619,0.38020514442255626,0.5199172955792417
1786995179.6994412,86.53272438049316,8.806463447650344,-1.4401565222809898,3.9126379029627105,0.3759914360483616,0.5951443787144359
1786995179.7103562,86.54363942146301,8.80363162813738,-1.4414886422870057,3.9062443805272644,0.3717765633721176,0.6521595075213313
1786995179.7320926,86.56537580490112,8.80066424305662,-1.4426709316255706,3.899710405330088,0.367559781702495,0.334598652426472
1786995179.7568471,86.59013032913208,8.797560621134592,-1.4437049185776352,3.8930387942786626,0.363342835777714,0.3001664332007791
1786995179.769041,86.60232424736023,8.794319147085048,-1.4445912463151311,3.8862348041681845,0.35912573381244134,0.6223275040907122
1786995179.7695124,86.60279560089111,8.790938807139964,-1.445330314614868,3.8793018866705844,0.35491140978370284,16.43869366453497
1786995179.7832456,86.61652874946594,8.787423275416229,-1.4459160083483473,3.8722439125983183,0.3507179281295504,0.5757433636523939
1786995179.8022797,86.63556289672852,8.783774362582314,-1.4463457406038598,3.8650633122160976,0.3465488797603243,0.42376439158153384
1786995179.814337,86.64762020111084,8.77998795719176,-1.4466242785693595,3.857762890056307,0.3423909828754937,0.6824614865258726
1786995179.8272781,86.6605613231659,8.776060058393714,-1.4467556286585133,3.850344732734122,0.33823077149538283,0.6487011744553176
1786995179.8394046,86.67268776893616,8.771990525770414,-1.4467392258559804,3.8428107174500394,0.33407837030024395,0.706131925037865
1786995179.86218,86.69546318054199,8.7677788898131,-1.4465768665287349,3.835164642483248,0.3299359504004674,0.3833428135320105
1786995179.8735123,86.70679545402527,8.763427342227462,-1.4462679267514962,3.827410589512268,0.3258170189589346,0.7851035191866528
1786995179.8878515,86.72113466262817,8.758937641610279,-1.4458127955860094,3.819551762346554,0.32172451010573316,0.6319961219544786
1786995179.8981934,86.73147654533386,8.754307966819725,-1.4452156459303755,3.8115920974588637,0.31765479060578683,0.8922455865587046
1786995179.9200695,86.75335264205933,8.74953850305321,-1.444477407920042,3.8035356829166607,0.3136075310656508,0.42930010937885577
1786995179.9437997,86.77708292007446,8.744632643501301,-1.443597023252304,3.795383981010017,0.309590710968181,0.4026385817410548
1786995179.951106,86.78438925743103,8.73959304690685,-1.4425730250907458,3.7871382136421627,0.30561236985677387,1.330072994438336
1786995179.9572608,86.79054403305054,8.73441910619638,-1.4414069807497392,3.77880129939098,0.30166953559133375,1.6054142660834128
1786995179.982942,86.81622529029846,8.729105629801454,-1.4401066327622132,3.770377054011575,0.2977403483883947,0.39112155784208275
1786995179.9955716,86.82885479927063,8.723652100520155,-1.4386740550220996,3.7618674030962826,0.2938340781254106,0.8082819017102653
1786995180.0082316,86.84151482582092,8.718060058699814,-1.437109626346894,3.7532758427082995,0.2899537796006042,0.8190998141066836
1786995180.0182493,86.85153245925903,8.712329820393457,-1.43541544050915,3.7446055921264034,0.28610184824068674,1.0511381337693935
1786995180.0453415,86.87862467765808,8.706464253432557,-1.433590937795597,3.735859106794702,0.28228533416782114,0.3945067503967449
1786995180.059012,86.8922951221466,8.700461115146975,-1.4316431156103508,3.727039687421882,0.2784934213233374,0.7933166632556224
1786995180.0709348,86.90421795845032,8.694324734224232,-1.4295690607222236,3.7181477342305054,0.2747384422334588,0.9226896365456495
1786995180.0802562,86.91353940963745,8.688056095321521,-1.4273693178666509,3.709185377546735,0.27102202210399395,1.1968199522640064
1786995180.0985603,86.93184351921082,8.681654654335967,-1.4250464748728928,3.700154542052273,0.26733671211331844,0.617927686104654
1786995180.1184533,86.95173645019531,8.675119772217172,-1.4226043215825803,3.691056715148947,0.2636910505330443,0.5763200946948919
1786995180.127394,86.96067714691162,8.668450056122863,-1.420046826137347,3.6818943397907926,0.2600833517435794,1.2994373146304823
1786995180.142878,86.97616124153137,8.66164508701406,-1.4173763614895574,3.6726679613021243,0.25651083814530085,0.7602230418584515
1786995180.1569812,86.99026441574097,8.654702455378214,-1.414598664302202,3.6633808478028205,0.2529675369107974,0.8454371481919594
1786995180.1736166,87.0068998336792,8.647624936814703,-1.4117118007445641,3.6540361932051137,0.24946431110851475,0.7257170343505627
1786995180.1994343,87.03271746635437,8.647624936814703,-1.4117118007445641,3.6540361932051137,0.24946431110851475,0.0
1786995180.2001166,87.03339982032776,8.64041844208688,-1.4087105468230532,3.6446350030222936,0.24601359385439317,17.90829786804559
1786995180.2003713,87.03365445137024,8.633084768219854,-1.4055947596266807,3.635178978959152,0.24261703959961847,48.56269189833628
1786995180.203971,87.03725409507751,8.62561952779508,-1.4023718459251868,3.625670960090486,0.23926395109353188,3.47555835563201
1786995180.2217126,87.05499577522278,8.618020400944825,-1.3990452298882854,3.6161130418900296,0.23594922564294915,0.713331897337278
1786995180.2340477,87.06733083724976,8.610286260356736,-1.3956183288688713,3.60650760039503,0.23267341665983998,1.037645164739215
1786995180.2496448,87.082927942276,8.602413720801213,-1.3921001522253342,3.596856883740226,0.22942574301200877,0.8297580094540911
1786995180.2609189,87.09420204162598,8.594400360317401,-1.3884995792018902,3.587163155286498,0.22619887437025457,1.1603849354234657
1786995180.2759392,87.10922241210938,8.586250483437098,-1.3848156201111108,3.577427921953986,0.22300279814878737,0.8801340883781144
1786995180.2892478,87.12253093719482,8.577967338668586,-1.3810521542275846,3.5676535846006057,0.21984151726458587,1.0033677898721194
1786995180.300169,87.13345217704773,8.569556644640597,-1.3772050003846699,3.5578419659581124,0.2167234810169342,1.234624300476044
1786995180.3111372,87.14442038536072,8.5610206968889,-1.3732776118665426,3.54799487395957,0.21365169962143507,1.2409256709171006
1786995180.3319194,87.16520261764526,8.5523612717162,-1.369269212157081,3.5381153259008076,0.21062822395141173,0.6609153802791409
1786995180.3565753,87.18985843658447,8.5523612717162,-1.369269212157081,3.5381153259008076,0.21062822395141173,0.0
1786995180.357122,87.19040513038635,8.543578099371182,-1.3651820485923825,3.5282051092539017,0.2076512924912581,25.349880335978362
1786995180.3573496,87.1906328201294,8.534667868860556,-1.3610220942224969,3.51826506067601,0.2047113808892783,61.409014595024736
1786995180.366635,87.19991827011108,8.525626978343846,-1.3567947985188489,3.5082965393355243,0.20180309411050473,1.5191505968128949
1786995180.385777,87.21906018257141,8.51645356542389,-1.3525043368863467,3.4983005119683463,0.19892742556142118,0.7433714514368477
1786995180.3983915,87.2316746711731,8.507149665703341,-1.3481478184421951,3.4882786131967176,0.19608339051187093,1.1377403226015246
1786995180.4091973,87.24248051643372,8.49771350530809,-1.3437340040684709,3.478233263845521,0.19326904100672293,1.339253213126715
1786995180.4204469,87.25373005867004,8.488145801333735,-1.3392652984222513,3.4681645617625185,0.19048532723716116,1.2970054844930659
1786995180.4403234,87.27360653877258,8.478448978406593,-1.334742064325596,3.4580744232288176,0.18773400154558148,0.7399249884650075
1786995180.471623,87.30490612983704,8.478448978406593,-1.334742064325596,3.4580744232288176,0.18773400154558148,0.0
1786995180.472225,87.30550813674927,8.468624542551204,-1.3301665983259803,3.4479654407055937,0.18501519202887126,24.61841727813303
1786995180.4724483,87.30573153495789,8.458677767480692,-1.3255335245849933,3.437837793695817,0.1823366376097767,66.84153185677002
1786995180.4769518,87.31023502349854,8.44861174197389,-1.3208434974323031,3.427690227340335,0.1797016832781347,3.340317674261974
1786995180.4887948,87.32207798957825,8.438424665987846,-1.3161012739300164,3.417524881794903,0.17710307852850452,1.279454768380596
1786995180.5016353,87.33491849899292,8.428113141929389,-1.3113125081315142,3.4073438636469127,0.17453728577607588,1.1885420518436036
1786995180.513288,87.34657120704651,8.417675294082628,-1.3064772108800045,3.3971474806171424,0.17200137014588074,1.3191688718063226
1786995180.5242186,87.357501745224,8.407109951223353,-1.301596542031175,3.3869348974266122,0.16949575102394215,1.4165521178139546
1786995180.5376222,87.37090539932251,8.39641849175603,-1.2966682450444669,3.3767064667574695,0.1670219959271086,1.1635178416650884
1786995180.5550811,87.38836431503296,8.385604176035496,-1.2916864784644588,3.366463292287067,0.16458280471557826,0.8996188457439552
1786995180.5689108,87.40219402313232,8.374668326780524,-1.2866511348751128,3.356204226651457,0.16218262323179045,1.1437394228464681
1786995180.5784223,87.411705493927,8.36360924159689,-1.2815669498975695,3.345929301701997,0.1598145874860042,1.6746927374332048
1786995180.5948145,87.42809772491455,8.35242483764809,-1.2764395709211476,3.3356396865940274,0.15747898944456815,0.9784657036381351
1786995180.6039538,87.43723702430725,8.341112683632153,-1.2712757010873228,3.3253370898462298,0.15517422918583898,1.76692916703649
1786995180.6152923,87.44857549667358,8.329671645713963,-1.266078723873513,3.3150233667027664,0.15289549204382544,1.4337605347604012
1786995180.6255891,87.45887231826782,8.318103738920588,-1.2608484005683647,3.3047008650348015,0.15064400142620307,1.5890688978237586
1786995180.6410851,87.47436833381653,8.30641107187443,-1.2555880589001505,3.2943714343687978,0.14842600809842227,1.0625127201773605
1786995180.6590004,87.49228358268738,8.294595367933674,-1.2503019731307992,3.284037546601873,0.14623586350497572,0.9245362347538271
1786995180.667029,87.50031208992004,8.282656247754936,-1.2449968010637609,3.2736989838165607,0.1440742233933916,2.075171806477499
1786995180.678357,87.5116400718689,8.270595950671085,-1.2396710760831744,3.263357031813414,0.14194048468134496,1.4791862711233947
1786995180.692749,87.52603220939636,8.258417925340858,-1.2343183699913454,3.2530130637616224,0.13983766451208032,1.1708419266687107
1786995180.7026765,87.53595972061157,8.246121428237455,-1.2289433037750797,3.242666152867789,0.13776942190384503,1.7069344923515868
1786995180.7159386,87.5492217540741,8.233704787597883,-1.2235499750636065,3.232315602663437,0.13573419246302337,1.2849443965998715
1786995180.7286022,87.56188535690308,8.221166807622561,-1.2181407743795039,3.2219621861636294,0.13372751370182615,1.3531950595700342
1786995180.7404554,87.57373857498169,8.208505992540031,-1.2127156714564766,3.2116080817626123,0.13174889894307762,1.453766831658324
1786995180.752416,87.5856990814209,8.19572309759214,-1.2072716969361823,3.201254269524334,0.12979749259039525,1.4487225004746385
1786995180.7670465,87.60032963752747,8.182818448650465,-1.2018143023518402,3.1909005948129727,0.12787268364105217,1.1907672583608748
1786995180.7759492,87.6092324256897,8.16979251100288,-1.196347495047318,3.180546178857806,0.1259750460292615,1.967360361172286
1786995180.7927809,87.62606406211853,8.156646078303122,-1.1908739056763784,3.1701914334066816,0.12410510140708719,1.0460712072510234
1786995180.8079965,87.64127969741821,8.143380288227313,-1.1853938361656269,3.159838490579815,0.12226046672836093,1.1631021433952253
1786995180.8126051,87.64588832855225,8.129996172550987,-1.1799112084491514,3.1494886359847687,0.12043916748271097,3.8591063069608675
1786995180.8295016,87.6627848148346,8.116492111594928,-1.1744352581423867,3.1391434498663053,0.11864580137859221,1.0576687838164365
1786995180.8353229,87.66860604286194,8.102866484025526,-1.1689680826470346,3.1288042141495946,0.11687998268089858,3.084714077525482
1786995180.8468153,87.68009853363037,8.089120820929422,-1.1635032085519272,3.118472248543205,0.11514038984477766,1.570000411693973
1786995180.866623,87.69990611076355,8.075255818773718,-1.1580420426248215,3.108147368106178,0.11342667558673963,0.9152629546293164
1786995180.878255,87.71153807640076,8.061272750134743,-1.152585365339217,3.097829881275153,0.11173620600857263,1.5658628123916907
1786995180.8936,87.72688317298889,8.047173450566481,-1.1471282924040627,3.087521889932586,0.11007069853738573,1.1924468734741123
1786995180.9040844,87.73736763000488,8.032957515244181,-1.1416747449492808,3.0772228933914816,0.10842604591827479,1.7532760091606097
1786995180.9210832,87.75436639785767,8.032957515244181,-1.1416747449492808,3.0772228933914816,0.10842604591827479,0.0
1786995180.9217472,87.75503039360046,8.018625881414115,-1.1362261362830843,3.0669331535071143,0.1068087500109788,27.809141057008677
1786995180.9309688,87.76425194740295,8.004179080774348,-1.1307832203526225,3.0566527198544193,0.10521602304933098,2.0113583125415437
1786995180.9402032,87.77348637580872,7.989616336836912,-1.125345183582198,3.0463800763030635,0.10364564029647855,2.017729426715923
1786995180.9534564,87.78673958778381,7.974936954915272,-1.1199154975296832,3.0361172020445863,0.10210049955944302,1.4121933797645085
1786995180.9720156,87.80529880523682,7.960140241172018,-1.1144942528873116,3.0258645656191288,0.10057857987554814,1.012986906433387
1786995180.986398,87.81968116760254,7.9452267218875,-1.1090795119149082,3.015622772675729,0.09907963580415435,1.3130363875101716
1786995180.9958286,87.8291118144989,7.930196934729305,-1.1036704564613344,3.005392359064771,0.0976007958462582,2.0113951141749378
1786995181.0079882,87.84127140045166,7.915050721113914,-1.0982681829033631,2.9951728532701,0.09614216896339964,1.5669417665481737
1786995181.0254395,87.85872268676758,7.899786590284178,-1.0928804954433047,2.98496484125179,0.09469976813030594,1.0965947938145768
1786995181.0354748,87.86875796318054,7.884405098541166,-1.0875081482895534,2.9747683398257645,0.09327848073268265,1.9152764828533788
1786995181.0453334,87.87861657142639,7.868906941154324,-1.0821525327446693,2.964582781097726,0.0918789285830471,1.9580244767239166
1786995181.0565574,87.88984060287476,7.85329227986878,-1.0768194722945377,2.9544099840776354,0.09050357690124076,1.7270213985329959
1786995181.06842,87.90170311927795,7.837563895521336,-1.071503480779709,2.9442511104989224,0.08914921141643158,1.6407926327195392
1786995181.082999,87.91628217697144,7.821723855637014,-1.0661997244225538,2.9341062833916833,0.08781110737047337,1.3405289494220447
1786995181.0934272,87.92671036720276,7.805773514767266,-1.0609037276116378,2.9239758490062213,0.08649059374894036,1.881786248007721
1786995181.1054025,87.93868565559387,7.7897127297553705,-1.0556130128084142,2.913858996795163,0.0851919134543524,1.6454806523074896
1786995181.1165605,87.94984364509583,7.773539841474193,-1.0503288624872116,2.903755655719287,0.08391471271549933,1.7734312391929292
1786995181.134298,87.96758127212524,7.757256218175494,-1.0450457030010938,2.893666840766069,0.08265524877033947,1.1202677771625935
1786995181.1416402,87.97492337226868,7.7408609874523115,-1.039765566698776,2.8835918481342175,0.08141647735450429,2.717842429565181
1786995181.1538393,87.98712253570557,7.724351025820682,-1.0344962593997125,2.8735316864018516,0.08019830475657401,1.6426326886493063
1786995181.166735,88.00001811981201,7.707725483117037,-1.0292417427295315,2.863486021420635,0.07899782086884058,1.560454477663562
1786995181.1797292,88.0130124092102,7.690985184895059,-1.0239978925170132,2.853456360788225,0.0778162917762681,1.5550806562580592
1786995181.1903179,88.02360105514526,7.674130098048565,-1.0187637832067435,2.8434429705445985,0.07665166602234755,1.916375060758765
1786995181.2045176,88.0378007888794,7.657162083688075,-1.0135392145161053,2.83344485956759,0.07550361374869784,1.4349400266847798
1786995181.2145007,88.04778385162354,7.640082538776072,-1.0083291560204428,2.823462214401964,0.07437386578374823,2.0492195010236385
1786995181.2243145,88.05759763717651,7.6228916409830285,-1.0031360742332882,2.8134956850125072,0.07326108046818541,2.092813397263077
1786995181.237371,88.07065415382385,7.605589902532689,-0.9979592557504846,2.803546893580465,0.07216516223326698,1.5791833469804621
1786995181.2476366,88.08091974258423,7.58817715093787,-0.9928026541584329,2.7936150913090287,0.0710839676752897,2.0163164206948814
1786995181.260805,88.09408807754517,7.570653665356949,-0.9876645969554678,2.783700102115484,0.07001798955838529,1.5779745272929637
1786995181.2750344,88.10831761360168,7.5530182809603605,-0.9825506041979626,2.7738022751196265,0.06896638001439183,1.4659431148438729
1786995181.2925282,88.12581133842468,7.535269794470074,-0.9774629694923566,2.7639213604930175,0.0679298256486162,1.1970575309910725
1786995181.3039143,88.13719749450684,7.517408792746274,-0.9724028396448794,2.7540569053400916,0.06690707587492789,1.846284036043282
1786995181.313838,88.14712119102478,7.499437930207493,-0.9673642142317789,2.7442107577712465,0.06590348161059909,2.126405940794205
1786995181.3281357,88.16141891479492,7.481359020879193,-0.9623455078712096,2.7343855237819104,0.06491391270995582,1.4813170310142358
1786995181.3372421,88.1705253124237,7.463173360072439,-0.9573408816842264,2.7245823539591374,0.0639392688117121,2.334310103455812
1786995181.3504834,88.18376660346985,7.444880210501673,-0.9523542821054494,2.7148006188879426,0.0629800415212655,1.6112576530359644
1786995181.3623495,88.19563269615173,7.42647674232389,-0.9473937933196345,2.705040648816148,0.06203796953524073,1.8046215382611075
1786995181.3737738,88.20705699920654,7.407962306801815,-0.9424542955872787,2.695301857777299,0.06110730590656135,1.8814988967842938
1786995181.388267,88.22155022621155,7.389337624421731,-0.9375331064825507,2.6855829595072747,0.060190350071912854,1.48874350741605
1786995181.39891,88.23219323158264,7.370603338955672,-0.9326312883948631,2.675883176181665,0.059289980368493915,2.034990796009628
1786995181.4104304,88.24371361732483,7.351758672974615,-0.9277549553067921,2.6662029740385766,0.058402518265935205,1.8870472134530665
1786995181.4197094,88.25299263000488,7.332803648015277,-0.9229073112627557,2.656542438929354,0.057526627264239516,2.3515585080024524
1786995181.4354448,88.268728017807,7.313739361436115,-0.9180869105698751,2.6469008444401085,0.05666282723188574,1.3918162086662949
1786995181.4457517,88.27903485298157,7.294567388374729,-0.9132893016957996,2.637278292840744,0.05581250183334032,2.132686118882789
1786995181.4582841,88.29156732559204,7.27528862384597,-0.9085132031188241,2.6276751289205733,0.054974437095201806,1.7603340328614823
1786995181.4704814,88.3037645816803,7.255904479364603,-0.9037557834805326,2.6180918905561663,0.0541503640683597,1.8152307725586163
1786995181.48279,88.316073179245,7.236414706158326,-0.8990199529078016,2.608530891870862,0.05333865491791693,1.8051757592395072
1786995181.4926236,88.32590675354004,7.216819402913631,-0.8943036723233135,2.598991901688122,0.05254165722897025,2.2675621490510562
1786995181.5102746,88.34355783462524,7.197117832861972,-0.8896066422157786,2.5894731279409875,0.05175505044574528,1.267856083916095
1786995181.5236912,88.35697436332703,7.177308996043456,-0.8849298541257217,2.579974019704304,0.05097759453404593,1.674127190073062
1786995181.5398653,88.3731484413147,7.157392104406966,-0.8802739683813579,2.5704958913935436,0.050214665859658274,1.3937842700462222
1786995181.5476344,88.3809175491333,7.137368000752748,-0.8756350307650682,2.5610407603430385,0.0494629908113145,2.91215587583491
1786995181.5623295,88.3956127166748,7.117237342153955,-0.8710160606962517,2.551607981450681,0.048723728789772366,1.5451235784375357
1786995181.5690572,88.40234041213989,7.097000087313392,-0.8664169714384936,2.5421967270128816,0.04799656501712913,3.3871171255038575
1786995181.5829647,88.41624784469604,7.076656701733057,-0.8618320224136341,2.532808204635885,0.04728109381695257,1.644416992967376
1786995181.5929472,88.42623043060303,7.056207272552795,-0.8572627189866187,2.523441913996037,0.04657713579390257,2.2991837430929647
1786995181.6077647,88.44104790687561,7.035652362129004,-0.8527104105557148,2.5140977526599375,0.045884750188107976,1.5544806469923256
1786995181.6152873,88.44857048988342,7.0149928964179775,-0.8481710529399831,2.504776816568566,0.04520259234126513,3.0727360040171368
1786995181.6278079,88.46109104156494,6.994229647785386,-0.8436387149607883,2.4954794505990554,0.044530874820282534,1.8527049135841056
1786995181.6438682,88.47715139389038,6.9733625136971025,-0.8391147929887569,2.486205062619878,0.04386942653968605,1.4494775405385156
1786995181.6539536,88.48723673820496,6.952390701037196,-0.8346049642080235,2.4769534094446226,0.043219667779472073,2.3163574194632255
1786995181.6683018,88.50158500671387,6.931314102240781,-0.8301126280225026,2.4677241466660265,0.042578908742865795,1.6338692716630954
1786995181.6794982,88.51278138160706,6.910132480401686,-0.8256436210806017,2.458517328447268,0.04194911833604591,2.101075252846879
1786995181.689404,88.52268719673157,6.888845735173175,-0.8211996343633301,2.4493323477648192,0.04132894211831489,2.383034358501512
1786995181.701327,88.53461027145386,6.867454189875229,-0.816781737043792,2.4401692503976373,0.04071862988197057,1.9866597893951399
1786995181.7122788,88.54556202888489,6.845958050048955,-0.8123919197497612,2.4310282079802596,0.04011822352623645,2.1702363707847554
1786995181.7294316,88.56271481513977,6.824358972618783,-0.8080268707315396,2.421908945770606,0.0395261931940235,1.3903373938558559
1786995181.7375817,88.57086491584778,6.802657574964882,-0.8036873807338792,2.4128107907084657,0.038944055099722506,2.9359379092548132
1786995181.7517612,88.58504438400269,6.780853819235944,-0.7993717967776746,2.4037338422297925,0.03836981116692958,1.6932037072988284
1786995181.7690113,88.60229444503784,6.758949091238813,-0.7950695972063959,2.394681217842401,0.037801145307972024,1.396454154883845
1786995181.7723355,88.60561871528625,6.736942668591435,-0.7907818293242188,2.3856531836491186,0.03723898538479611,7.2706696860333615
1786995181.7921772,88.62546038627625,6.714833603038909,-0.7865083448462271,2.3766487863625168,0.036684535639492144,1.222268934853069
1786995181.8096044,88.64288759231567,6.692621838194087,-0.7822482032968417,2.3676662790127416,0.03613699090017356,1.396385212294458
1786995181.8197286,88.65301179885864,6.670307151338908,-0.7780019158018051,2.3587057124700403,0.03559838876756057,2.4119024577027024
1786995181.827565,88.66084814071655,6.647888271760412,-0.7737742660123278,2.349767224582401,0.0350665117102368,3.126786278180172
1786995181.8416662,88.67494940757751,6.625365714494392,-0.7695688584693029,2.3408497223017917,0.03454457462238625,1.7435334378496656
1786995181.857409,88.69069218635559,6.602740163776146,-0.7653852862237187,2.331954181205649,0.03403107746157455,1.5669898954923094
1786995181.8683915,88.70167469978333,6.580013205082954,-0.7612222282485049,2.3230807142386283,0.03352797812659759,2.2536222614022154
1786995181.8758953,88.70917844772339,6.557185957784182,-0.7570786959219337,2.314229839860953,0.03303293213426168,3.3091771838085933
1786995181.8915615,88.72484469413757,6.53425905517882,-0.7529547515391223,2.305402076566137,0.032547206728974494,1.5901337269887268
1786995181.898215,88.73149824142456,6.511232003670916,-0.7488575824657364,2.2965991613221854,0.03207125508541987,3.7559607454335406
1786995181.914404,88.74768710136414,6.488105658999465,-0.7447857292418234,2.287820308031985,0.03160411442164244,1.548560252511491
1786995181.9240642,88.75734734535217,6.464879605848413,-0.7407369869830244,2.2790653868900304,0.03114295290647133,2.603388061517112
1786995181.9424307,88.77571392059326,6.441552595689483,-0.7367095395376425,2.2703328341499036,0.030686143818330604,1.3737712307067729
1786995181.9494357,88.78271889686584,6.418125002605191,-0.7327011364500694,2.261621373098333,0.030234794335069252,3.6137459793005364
1786995181.9585059,88.7917890548706,6.39459742086374,-0.7287100113254581,2.2529306101021813,0.02979218998595447,2.8000569922387943
1786995181.980148,88.81343126296997,6.370970127005875,-0.7247340395434261,2.2442609138025253,0.029356302549954614,1.1773205134819162
1786995181.9929523,88.82623553276062,6.347243036771827,-0.7207705638806213,2.235613210220783,0.028923231062845983,1.9964430377642088
1786995182.00381,88.8370931148529,6.323416971730066,-0.716819566128781,2.2269878768359836,0.02849441503754002,2.3619836211179552
1786995182.0131397,88.84642291069031,6.299492668187369,-0.7128826873438563,2.2183857352635976,0.028075496311531962,2.757487818069868
1786995182.0250714,88.85835456848145,6.27547147874655,-0.7089537194676727,2.2098070865701254,0.02766536774029757,2.1629766278297127
1786995182.0379858,88.87126898765564,6.251353024320746,-0.7050330562203296,2.2012503378409094,0.027261897665584515,2.0047318715562534
1786995182.051375,88.88465809822083,6.2271367493357,-0.7011183782573497,2.1927146235528334,0.02686526174958017,1.9398806552476429
1786995182.0605288,88.89381194114685,6.202822308279442,-0.6972073879032779,2.1841993496109975,0.026473873561591817,2.8466280281526175
1786995182.0735037,88.90678691864014,6.17840927902346,-0.6933007905072014,2.175705172580257,0.026085507160422287,2.014807639435732
1786995182.0879,88.92118310928345,6.153897232432152,-0.6894003154954971,2.1672331202363013,0.025701803671087577,1.8217673148267264
1786995182.1042352,88.93751835823059,6.12928641963334,-0.6855096661159888,2.1587827817645375,0.025322552161499118,1.610652300548267
1786995182.1156387,88.94892191886902,6.104576592648382,-0.6816308299061156,2.1503537815488882,0.024952262353492058,2.3145829822234005
1786995182.1323078,88.9655909538269,6.079768275984912,-0.6777628506902401,2.141946748456259,0.024587565423606492,1.5884628493726944
1786995182.1438425,88.97712564468384,6.054863189391821,-0.6739043909684805,2.1335624016613086,0.024227611836902155,2.302643170215892
1786995182.155142,88.98842525482178,6.029862448350781,-0.6700537431982693,2.1252001642964524,0.023872579327663006,2.357772805284095
1786995182.1682975,89.00158071517944,6.004766409632224,-0.6662130338748868,2.1168598113717363,0.023522943705427516,2.0313308829864396
1786995182.1900396,89.02332282066345,5.979574762920651,-0.6623801365386088,2.1085424418212177,0.023178917611156733,1.2328447882478892
1786995182.1981406,89.03142380714417,5.954287442935226,-0.6585531065896982,2.1002470896793883,0.022840560539078358,3.318971178688025
1786995182.2092721,89.04255533218384,5.9289033215197655,-0.6547342435214415,2.091972841552863,0.02250615369251788,2.422881284237836
1786995182.2232912,89.05657434463501,5.903421436536634,-0.6509275044474201,2.0837203153442543,0.022177108734716698,1.9298117818599643
1786995182.2332768,89.06656002998352,5.877841641116793,-0.6471359539897636,2.0754898243731876,0.021855661499201297,2.717638111140356
1786995182.2467465,89.08002972602844,5.852165853179496,-0.6433582440101105,2.0672805508818377,0.021540589326356375,2.0208065559275448
1786995182.2590833,89.09236645698547,5.82639586458502,-0.6395931406787695,2.0590926697449357,0.021230228441828817,2.212933161336723
1786995182.2734444,89.10672760009766,5.800532767230678,-0.6358382125114119,2.050926191612881,0.020922709583820153,1.906566855070628
1786995182.2802086,89.11349177360535,5.774575655253137,-0.632090763089654,2.0427823813668327,0.020618977020661303,4.059852866458827
1786995182.2925346,89.12581777572632,5.748522681195827,-0.6283564913059095,2.034661869315802,0.02032107899625636,2.2345858792786766
1786995182.3053453,89.1386284828186,5.722373753009129,-0.6246389249553673,2.0265639822459067,0.02002812762740971,2.1564302489770513
1786995182.3237898,89.15707302093506,5.6961300271068085,-0.6209381842219299,2.018488102727265,0.019739724901903146,1.5021503649763652
1786995182.328918,89.16220116615295,5.669792103817749,-0.6172536962230009,2.0104336101856877,0.01945614456447941,5.418595447789524
1786995182.345401,89.17868423461914,5.643360679800236,-0.6135840050010123,2.0024004186236226,0.019176587795741537,1.6906976008410266
1786995182.3534415,89.18672466278076,5.616836042117716,-0.6099291807525781,1.9943875232373411,0.018902937581405193,3.476000897528573
1786995182.365634,89.19891715049744,5.590217704682211,-0.6062861372301285,1.9863947086556393,0.01863425024235128,2.2989739118680945
1786995182.3878474,89.22113060951233,5.563504322696817,-0.6026486197070393,1.9784224816393936,0.018367919097561355,1.2656256657016869
1786995182.3952148,89.22849798202515,5.536696542008923,-0.5990090962462846,1.9704724348029268,0.01810605596117161,3.827366200878181
1786995182.4066122,89.23989534378052,5.509795192589558,-0.5953669739237067,1.962545387037222,0.017848786531831258,2.481318397757736
1786995182.4223378,89.2556209564209,5.48280127561756,-0.5917236138027752,1.9546417678971555,0.017593623443488478,1.8035654970101298
1786995182.4331696,89.26645278930664,5.455714680933535,-0.5880811478021316,1.9467607162656468,0.0173412253611413,2.6259653408570394
1786995182.4412189,89.27450203895569,5.428534897338112,-0.5844450899752432,1.9389024721916275,0.017092391710536753,3.5438911764187098
1786995182.4549298,89.28821301460266,5.4012615161973105,-0.580814704235522,1.9310664365622108,0.016848144725513985,2.0865071783491795
1786995182.4664786,89.29976177215576,5.3738945338512245,-0.5771897255057007,1.9232531383164515,0.01660665192505534,2.4842857166096537
1786995182.483048,89.31633114814758,5.34643529204411,-0.573568258738689,1.9154632816402222,0.016369603320946842,1.7364342948828353
1786995182.4884322,89.32171535491943,5.318883675492358,-0.5699507228039905,1.9076964347979937,0.016136494581295225,5.358841673892051
1786995182.5025136,89.33579683303833,5.291240519542593,-0.566338480942143,1.8999508263439084,0.015906041186378745,2.054768714625197
1786995182.5150664,89.34834957122803,5.263506926378363,-0.5627322080946072,1.8922256476662735,0.015682059969802268,2.311400586092812
1786995182.5292969,89.36258006095886,5.2356821648816405,-0.5591282813793689,1.884522350849904,0.01546159652529322,2.0445867546059473
1786995182.5367737,89.37005686759949,5.207765330648358,-0.5555204456279123,1.8768410175607144,0.015237188179350662,3.9024986837437687
1786995182.5516198,89.38490295410156,5.179756040361094,-0.551912824214049,1.8691813375046546,0.015013756480285629,1.9709569569569427
1786995182.5644765,89.39775967597961,5.151652147367843,-0.5483088184465177,1.8615426516620617,0.014794223027221873,2.2825141889097744
1786995182.5739188,89.40720200538635,5.123454515096578,-0.5447099098778795,1.8539247202478502,0.014576565083367743,3.1167555238069924
1786995182.5873148,89.42059803009033,5.095160626481387,-0.5411206673526672,1.8463274107550047,0.014363218839988074,2.203279077218352
1786995182.5979424,89.43122553825378,5.066768394633584,-0.5375439535524191,1.8387509795009234,0.01415266250375167,2.785469664587816
1786995182.6117363,89.44501948356628,5.03828355789755,-0.5339784557943306,1.8311958550487266,0.013947129067231553,2.1520059699329064
1786995182.6247966,89.45807981491089,5.009707838484862,-0.5304169673394473,1.8236623898962736,0.013743133003961632,2.279107868807594
1786995182.6375656,89.47084879875183,4.981043509461168,-0.5268558008880879,1.8161514354030386,0.013543008264543657,2.337325328053836
1786995182.64628,89.47956323623657,4.952299937350162,-0.5232899425233402,1.8086639123446115,0.013343873986977117,3.4329319288465596
1786995182.6601682,89.49345135688782,4.923479491802527,-0.5197174606307772,1.8011987305945303,0.013145526100750623,2.1590507358363444
1786995182.669467,89.50275015830994,4.8945796118621345,-0.516140004749803,1.7937548637436835,0.012948885027380699,3.2323326676007875
1786995182.6871464,89.52042961120605,4.865595372875091,-0.5125624763799144,1.7863322114371765,0.01275530400230633,1.7043918941664444
1786995182.6921523,89.52543544769287,4.836519774412664,-0.5089866822589824,1.7789288506074599,0.012566097539934202,6.036087321946744
1786995182.708453,89.54173612594604,4.807340139566356,-0.5054164841039348,1.7715458350113722,0.012380765107925523,1.8594421768649736
1786995182.720532,89.55381512641907,4.778062298663523,-0.5018523704319104,1.7641851993719546,0.012200210055219679,2.516647199832613
1786995182.7333841,89.56666731834412,4.778062298663523,-0.5018523704319104,1.7641851993719546,0.012200210055219679,0.0
1786995182.7339344,89.56721758842468,4.7486959168925775,-0.49829555480866317,1.7568482747076877,0.01202458358594693,55.386074011037316
1786995182.7431495,89.57643270492554,4.719245350837358,-0.4947434530382707,1.7495346879781455,0.011852118022840679,3.315452397049217
1786995182.7522016,89.58548474311829,4.689714433257957,-0.4911960108519569,1.7422446995250276,0.011685141651741364,3.38305857270005
1786995182.7731907,89.60647392272949,4.660102821459139,-0.48765082181817165,1.7349798523765605,0.01152190512395893,1.4624286458045586
1786995182.7899146,89.62319779396057,4.630392626013195,-0.48411261615931034,1.7277402160300557,0.01136436282177139,1.8406952265166858
1786995182.7957833,89.62906646728516,4.6005908657568195,-0.4805788015325531,1.720525798031433,0.011210948813350472,5.259369970573068
1786995182.8154309,89.64871406555176,4.57071700913952,-0.47705274444816653,1.7133389385724673,0.011057488817334121,1.5741283174526757
1786995182.8324337,89.66571688652039,4.540779316059749,-0.4735332289873923,1.7061780590275142,0.010907629060447122,1.8222121909095446
1786995182.8490312,89.68231439590454,4.5107718465700435,-0.47002091387606976,1.6990409676527476,0.010759859536023486,1.8703940468930078
1786995182.8589542,89.69223737716675,4.48069209798758,-0.4665171290395094,1.6919257250162756,0.010612711385594092,3.1349235638787665
1786995182.8655415,89.69882464408875,4.45054100625003,-0.46302429730219646,1.684830938902649,0.010471913997752758,4.731990880496844
1786995182.884922,89.71820521354675,4.420310458354614,-0.45954401896394026,1.6777578627261656,0.010336323502478678,1.6119973776448515
1786995182.9034727,89.73675584793091,4.390001765649394,-0.4560736032808996,1.6707072594046837,0.010203244468961944,1.6878607150187328
1786995182.9107275,89.74401068687439,4.359614673173199,-0.45261392527833627,1.6636789484621575,0.010067648525895867,4.325471317001364
1786995182.9262497,89.7595329284668,4.3291512856202745,-0.4491662707044812,1.6566711945107415,0.009933520385564816,2.0260331341052624
1786995182.9433231,89.77660632133484,4.298603524744475,-0.44572861990459034,1.6496826989979543,0.009799170551945853,1.8464370868707036
1786995182.959252,89.7925353050232,4.2679704078439125,-0.44229220987669043,1.642715606118158,0.009666565535965342,1.9839811170984627
1786995182.972326,89.8056092262268,4.237267264456645,-0.4388556508574939,1.6357734814457232,0.00953639560751842,2.4220138514873395
1786995182.9806275,89.81391072273254,4.206484697441856,-0.43542059082909584,1.6288561655185771,0.009408000070912513,3.823004189566504
1786995182.992124,89.82540726661682,4.175615389708658,-0.43199388110444875,1.6219634222204191,0.009283682855059433,2.767315392780706
1786995183.0066206,89.83990383148193,4.144667539289024,-0.4285753994488496,1.6150958627507639,0.009159627811453084,2.199449388050586
1786995183.0162804,89.84956359863281,4.113657224928796,-0.42516966750082846,1.608254321933377,0.009040558133386042,3.306306181417744
1786995183.027937,89.86122012138367,4.082591319249631,-0.42178073834175156,1.6014386338057311,0.008924685978466762,2.743942107827037
1786995183.0400355,89.87331867218018,4.051486178569256,-0.4184065018168988,1.5946506136242762,0.008814409059355478,2.6462263189599313
1786995183.059128,89.89241123199463,4.020347457603073,-0.4150419942016646,1.5878924254261606,0.008709610927486188,1.6781825926136062
1786995183.0734,89.90668320655823,3.989156448642493,-0.41168465317602687,1.581164012187813,0.008606326954546157,2.24808500034051
1786995183.0802813,89.91356444358826,3.9578984102194754,-0.40833513140630445,1.5744610950781197,0.008507368898465251,4.671200286037155
1786995183.0935266,89.92680978775024,3.926550533775422,-0.40499730973865156,1.5677799728828306,0.008411206483353495,2.432950489266554
1786995183.1078544,89.94113755226135,3.895121666717784,-0.40166960420619247,1.56111903319371,0.008310509640128791,2.254283671456432
1786995183.1303678,89.96365094184875,3.8636180152736914,-0.39835089679040464,1.5544769982620257,0.008207478614707723,1.4376694188838146
1786995183.1313915,89.96467471122742,3.8320413670463687,-0.3950421148127549,1.5478523434370806,0.008105875365573294,31.680277244926828
1786995183.1405635,89.97384667396545,3.800391518013827,-0.39174063849149204,1.5412439653395578,0.008002037173331922,3.543463270933129
1786995183.1665719,89.9998550415039,3.768694215045127,-0.38844375071658827,1.5346572381016557,0.007900746176279352,1.2512078032461498
1786995183.1772368,90.01051998138428,3.736993052381304,-0.38514832921998987,1.5281003437337695,0.007798563735988739,3.051068191022506
1786995183.1880162,90.02129936218262,3.70531041613278,-0.38185795221427754,1.521572993033426,0.007698681160715797,3.0164028949695094
1786995183.2011256,90.03440880775452,3.6736416154788087,-0.37857103590018154,1.5150741389014453,0.007602834781083923,2.478778580644874
1786995183.2167556,90.05003881454468,3.6419775680899944,-0.3752795462821068,1.508603172321544,0.007508141095500583,2.078417330523419
1786995183.2251384,90.05842161178589,3.6102666529373044,-0.37198097159650007,1.5021596237582175,0.007411212667091885,3.880164951645467
1786995183.2373466,90.07062983512878,3.578472644750653,-0.368676630340271,1.495739186020479,0.007311380025101086,2.6706322834095424
1786995183.2502751,90.08355832099915,3.546589738183929,-0.3653692320068338,1.4893365243443222,0.0072092956784496455,2.5283080274780154
1786995183.2667515,90.10003471374512,3.514640971524872,-0.3620613292560413,1.4829517688851541,0.007104921700812299,1.98757052118491
1786995183.2789965,90.1122796535492,3.4826325290078364,-0.3587572518814797,1.4765830902703811,0.007000389177473617,2.678878335290989
1786995183.2897325,90.12301564216614,3.450548379293095,-0.35545606835274657,1.4702285799872263,0.006895302390132397,3.0619955901917124
1786995183.3032174,90.13650059700012,3.4184148280811324,-0.35215541484418084,1.4638919151315843,0.006791532563434718,2.441111163066033
1786995183.3186667,90.15194988250732,3.3862558103517673,-0.3488547222433323,1.457576329829952,0.0066930305020005305,2.132078495612802
1786995183.3294978,90.16278100013733,3.3540907163699956,-0.34555374376953935,1.4512842743322751,0.006596770282259808,3.0412879785071087
1786995183.3412619,90.17454504966736,3.3219200382677907,-0.34225245478609095,1.445018700746018,0.0065032925622200005,2.800139890601944
1786995183.3515987,90.18488192558289,3.2897624534172585,-0.33895349734261926,1.4387791005914559,0.0064137588601270576,3.185007890765174
1786995183.365006,90.19828915596008,3.257633998841456,-0.3356605451167425,1.432565753006097,0.006327231011811866,2.4530799128630636
1786995183.4032516,90.23653483390808,3.257633998841456,-0.3356605451167425,1.432565753006097,0.006327231011811866,0.0
1786995183.4037828,90.23706603050232,3.2255197590979225,-0.3323757223434056,1.4263777384248637,0.00623938438292932,61.878276341690274
1786995183.4043508,90.23763394355774,3.1933872004407178,-0.32910145043876077,1.4202145633923355,0.0061524093490031816,57.89919872878483
1786995183.4045904,90.23787355422974,3.161192211319489,-0.3258423998808892,1.41407508307576,0.006069623170257855,137.4596004604472
1786995183.4152267,90.24850988388062,3.1288827443388953,-0.32259837183706397,1.4079540072718648,0.005989094244006874,3.1066922980329665
1786995183.4269726,90.26025581359863,3.096450089165727,-0.31936804362523086,1.4018474387417206,0.00590899399518904,2.8231270681374934
1786995183.4400215,90.27330470085144,3.063915218118023,-0.3161455572334201,1.3957540375313753,0.005832459748936927,2.5486507480416365
1786995183.4582539,90.2915370464325,3.0313245189481646,-0.31292474046995195,1.3896795101348243,0.005750977743881019,1.826866717885739
1786995183.4663868,90.29966998100281,2.998735313028132,-0.30970534752589535,1.3836319527215122,0.005667195771920111,4.094654640998507
1786995183.485866,90.31914925575256,2.9661891258732465,-0.30648738941751563,1.3776138347729556,0.005582935126212066,1.7071468054542995
1786995183.4969902,90.33027338981628,2.933706574432482,-0.3032676731049738,1.3716265399245928,0.005501309091960409,2.983270293339476
1786995183.509234,90.34251713752747,2.901266944457814,-0.30004334713255904,1.3656664260826816,0.005427210458209799,2.7066743171185426
1786995183.520232,90.35351514816284,2.86882715955801,-0.2968184169514398,1.3597318858647705,0.005354936360209903,3.012859256608961
1786995183.531374,90.36465716362,2.8363563700932675,-0.2935949402789248,1.3538189056505263,0.005281612501474791,2.9762855851212526
1786995183.5444734,90.37775659561157,2.803829997904749,-0.29037050338709364,1.34792425853794,0.00520790604184139,2.5354596262200566
1786995183.5564077,90.38969087600708,2.7712551393215183,-0.2871452815826514,1.3420453754137323,0.0051321577854556285,2.786749692181381
1786995183.5691247,90.40240788459778,2.738616734239128,-0.28391739283541056,1.3361810243894037,0.005051508521359053,2.61993953075562
1786995183.5893164,90.42259955406189,2.7059079262927437,-0.2806794918030121,1.3303310837063713,0.0049649270430263456,1.65341480362015
1786995183.6051052,90.43838834762573,2.6731359645876904,-0.2774369366663311,1.3244983439875486,0.004873354552494494,2.118244717201157
1786995183.616856,90.45013928413391,2.6403081523527434,-0.27419178250841936,1.3186858075315218,0.004780630337414521,2.850496015644347
1786995183.625344,90.4586272239685,2.6074611589731185,-0.27094455540449275,1.3128976697981765,0.004683678875064774,3.948045696076779
1786995183.6351414,90.46842455863953,2.5746188851388188,-0.26769902349426095,1.307137689206232,0.004589468520809046,3.4194127806053185
1786995183.646142,90.47942519187927,2.5418060227596335,-0.26445656480399,1.3014063883454452,0.00450191816050401,3.042286467121624
1786995183.6660848,90.4993679523468,2.509023215671536,-0.26121804818025934,1.2957038301154273,0.004416952126779215,1.6764135425134972
1786995183.6747208,90.50800395011902,2.476256998902367,-0.25797786768691194,1.2900298060182671,0.004334682933641377,3.8688464791963626
1786995183.6836033,90.51688647270203,2.4434984907518045,-0.25473674893891607,1.284384344106958,0.004255803092774122,3.760085133427452
1786995183.7104547,90.54373788833618,2.410716934427691,-0.25149705628664787,1.278769048440211,0.004181470522826872,1.244494047830563
1786995183.717124,90.55040717124939,2.377880040050025,-0.24826408999040536,1.2731858206341016,0.004113824274454375,5.017735832681923
1786995183.7261827,90.55946588516235,2.345013255162283,-0.24503592139487165,1.2676387613533655,0.0040542891397396,3.696723125752705
1786995183.737864,90.57114720344543,2.3121558984819806,-0.24181539039286556,1.2621274400063163,0.003997796188127169,2.865401351465198
1786995183.7559085,90.58919167518616,2.279348338171121,-0.2386045321920001,1.2566523345062715,0.003942923613019233,1.8518636039577334
1786995183.7639928,90.59727597236633,2.2466147969376555,-0.23540343046140155,1.251213110274852,0.003892664818923627,4.123601569056092
1786995183.775795,90.60907816886902,2.213957461107793,-0.23221005239921533,1.2458103508172245,0.0038462680655681936,2.817688237700158
1786995183.7861295,90.61941266059875,2.1813818628803543,-0.22902513265899885,1.240442767360751,0.0038022550974068153,3.2094583938242973
1786995183.8081543,90.64143753051758,2.1488890213562404,-0.22584939413075986,1.2351095846588762,0.003766363897343621,1.5019566840868455
1786995183.8238013,90.65708446502686,2.1488890213562404,-0.22584939413075986,1.2351095846588762,0.003766363897343621,0.0
1786995183.8244958,90.65777897834778,2.1164814734362944,-0.22267997349249663,1.2298126854822227,0.003731902311412604,47.50113819827639
1786995183.8315587,90.66484189033508,2.084136700436592,-0.21951392924064347,1.22455595740761,0.003696838404236624,4.661214264741766
1786995183.8443394,90.6776225566864,2.0518351692988,-0.21635312764668724,1.2193407126494724,0.003663970132096215,2.572021740693981
1786995183.8711736,90.70445680618286,2.0195795337542237,-0.21319790172326095,1.2141648838081638,0.0036371282120404086,1.2230742089430267
1786995183.885616,90.71889925003052,1.9874021763282612,-0.21004400007239954,1.209029631475577,0.003613600738147754,2.2667100852474347
1786995183.8999226,90.73320579528809,1.9553485736566862,-0.20689737206893258,1.203937528343434,0.0035875246209008107,2.279217800559429
1786995183.9114203,90.74470353126526,1.923443623862893,-0.20376612342014463,1.1988876126951014,0.003560670494985961,2.822602551500403
1786995183.9253523,90.75863552093506,1.8916861292299354,-0.20065172122871333,1.193877460966842,0.003533367946713403,2.318460489320205
1786995183.9395247,90.77280783653259,1.8600687937006684,-0.19755480541800965,1.1889052405374032,0.0035079609914935826,2.2688882487200637
1786995183.9531205,90.78640365600586,1.8285893525103276,-0.1944757737357694,1.183969112785964,0.0034830700586629872,2.354585055515052
1786995183.9604719,90.79375505447388,1.7972470215757848,-0.19141113339133226,1.1790695507168545,0.0034532358954696505,4.335320345976636
1786995183.9722874,90.80557060241699,1.7660408944841186,-0.18835922774680772,1.1742079361421327,0.0034267178527663386,2.6854164985243454
1786995183.9983957,90.83167886734009,1.7349761923917801,-0.18531960885746332,1.16938396661313,0.003400766038779806,1.2097176908311709
1786995184.00923,90.84251308441162,1.7040623190270234,-0.18228816382815916,1.1645971968479802,0.0033764611562446638,2.9008847100106814
1786995184.0191805,90.852463722229,1.673314428796549,-0.1792623896685454,1.1598456357373754,0.0033489379062080172,3.1414714734238816
1786995184.0315676,90.86485075950623,1.6427419930080174,-0.17624523865224503,1.1551284574159477,0.003317919039245844,2.5091555934791896
1786995184.0563467,90.88962984085083,1.612343749041511,-0.17323947423701033,1.1504458675974583,0.0032869245111863056,1.2471531332886012
1786995184.0679767,90.9012598991394,1.58211421019227,-0.1702518260096396,1.145798916332304,0.003256210337425919,2.6423083740497946
1786995184.079235,90.91251826286316,1.5520502587480915,-0.16727977669394437,1.1411886236920032,0.003226843661174538,2.7144488808236344
1786995184.093634,90.92691707611084,1.522151326787887,-0.16432297161573653,1.1366169656693939,0.003200944541818461,2.1106326402305875
1786995184.1024525,90.93573570251465,1.49241934940232,-0.16138431123353958,1.1320837495291316,0.003179099819622005,3.4267021745835
1786995184.1172419,90.9505250453949,1.4628585079277592,-0.15846624399484827,1.1275876531061448,0.003164218908454543,2.03138562441121
1786995184.1312485,90.96453166007996,1.4334740776682944,-0.155568863883075,1.12312771496583,0.00315104373073195,2.131982589003312
1786995184.1453862,90.97866940498352,1.4042692075036058,-0.15269544614565372,1.1187031327108028,0.0031361233369890007,2.099172519090652
1786995184.164233,90.99751615524292,1.3752454152790174,-0.14984176061084095,1.1143141689564826,0.0031226564363007188,1.5648401848959992
1786995184.1833885,91.01667165756226,1.3464035766272264,-0.1470099605945274,1.109959790059744,0.003107395821852866,1.5298906941731814
1786995184.191264,91.02454710006714,1.317743194469668,-0.14420247985523316,1.1056399379467339,0.003095121252688088,3.697539867106715
1786995184.2006469,91.03393006324768,1.2892640843064629,-0.14142268721667425,1.1013547040675664,0.0030861335260394646,3.0836258557951615
1786995184.2282825,91.0615656375885,1.260966657195257,-0.13866612913569434,1.0971038972601124,0.0030756497727308352,1.0402312707068768
1786995184.2483103,91.08159351348877,1.2328516264043168,-0.1359323577233504,1.0928858950494271,0.0030631464771235894,1.4260529946326022
1786995184.2571886,91.09047174453735,1.204919965899295,-0.13322098769009663,1.0887013103849539,0.0030473704755506724,3.1958196980115323
1786995184.26633,91.09961318969727,1.1771727235681047,-0.13052833560117186,1.0845522071819191,0.0030274854665241343,3.0831730100680335
1786995184.2941809,91.12746405601501,1.1496108259302629,-0.12786200976841172,1.080439982192209,0.0030093944930620993,1.0051481742548376
1786995184.3033924,91.13667559623718,1.1222349276621755,-0.12522953261556063,1.0763653602943521,0.0029939809024896367,3.0182117717835633
1786995184.3163927,91.14967584609985,1.0950455698144144,-0.12263423520764605,1.0723279678081492,0.0029797419925066417,2.1237846990811247
1786995184.3286161,91.16189932823181,1.0680425894933054,-0.12007833101618624,1.0683272334586376,0.002966921383390081,2.242989184020519
1786995184.3392713,91.17255449295044,1.041227005636476,-0.11756316688217672,1.0643636896749422,0.002959400976275231,2.554944909554301
1786995184.3615215,91.19480466842651,1.0145991305734559,-0.11508740058986858,1.0604372423389545,0.0029522213840161913,1.2147963050786514
1786995184.3701434,91.20342659950256,0.988158711409894,-0.11264719185267547,1.0565495615065759,0.002940726071679367,3.1125138437761053
1786995184.3822165,91.21549963951111,0.96190600363707,-0.11024572261331461,1.0527004103803912,0.0029289034847674025,2.206721823101979
1786995184.3972633,91.23054647445679,0.9358413065577246,-0.10788183975248446,1.0488875297244753,0.002917674897787636,1.7577089931754946
1786995184.4172375,91.25052070617676,0.9099651941841777,-0.10555278339579786,1.0451116217425547,0.0029048029130592356,1.314376949952952
1786995184.4303594,91.26364254951477,0.8842782038594601,-0.1032547980552533,1.04137360181106,0.0028910476557987,1.9859303970285023
1786995184.4425206,91.27580380439758,0.8587803957813933,-0.1009879086947114,1.0376741443859077,0.002876365045503236,2.126780426514155
1786995184.4521139,91.28539705276489,0.833471563715078,-0.09875495996818053,1.0340130823870295,0.0028609080662781723,2.6757945860729286
1786995184.482426,91.3157091140747,0.808350185770229,-0.09655225339973839,1.0303904299735287,0.0028462167676523583,0.8404786190018341
1786995184.4916801,91.32496333122253,0.7834154525479458,-0.09437994662895911,1.0268043873064063,0.0028310953742838835,2.732242881375453
1786995184.5020576,91.33534073829651,0.75866736336891,-0.09224084316541063,1.0232545643140354,0.0028159144708828814,2.418015054752522
1786995184.5145864,91.3478696346283,0.7341053891203048,-0.0901326006361861,1.019741500813639,0.0027978428135812037,1.9875128894419862
1786995184.5382602,91.37154340744019,0.7097295896664094,-0.08805772645485317,1.016266705417746,0.002779330531570368,1.0437495694407244
1786995184.552282,91.3855652809143,0.6855406591734906,-0.08601652772940635,1.0128310151447946,0.0027597442861306072,1.7484701521993666
1786995184.5625956,91.39587879180908,0.6615402960609325,-0.08400971602653737,1.0094353928883153,0.0027399787226394657,2.3582962732348105
1786995184.572459,91.40574216842651,0.6377293011290811,-0.08203345265919633,1.0060788721496727,0.002721280904322319,2.4461684572831186
1786995184.6044414,91.43772459030151,0.6141072587677205,-0.08008337955546821,1.0027604608340162,0.002703231852067144,0.7483349727143608
1786995184.6224263,91.45570945739746,0.5906726500831672,-0.07815327581080155,0.9994803269886822,0.0026831281545932717,1.3200898134007468
1786995184.6292043,91.46248745918274,0.567423505729625,-0.07624079335580641,0.9962389839813974,0.002659050623359642,3.474738777811416
1786995184.6432235,91.47650671005249,0.5443583415847828,-0.07434495824222016,0.993036601306858,0.0026353268022295266,1.666526961877277
1786995184.6758728,91.50915598869324,0.5214770429740173,-0.07247265085342405,0.9898742511044325,0.0026106748429130075,0.7098028529408305
1786995184.6846263,91.51790952682495,0.4987800383256616,-0.0706227461436339,0.9867501992207544,0.002584294727227291,2.625859105119036
1786995184.6993537,91.53263688087463,0.4762682357838166,-0.06879858205527085,0.9836648993251186,0.0025612403091060895,1.5478237445116074
1786995184.7108948,91.5441780090332,0.45394239791643937,-0.06699781828588543,0.9806192037091646,0.002539537179403922,1.9586013901929717
1786995184.7193143,91.5525975227356,0.4318034240516449,-0.06522283767008805,0.9776119197365605,0.0025125315550556387,2.6619928912612876
1786995184.7430866,91.57636976242065,0.4098513926979602,-0.06347180351010695,0.974642617630313,0.002487007826936925,0.9347473729041298
1786995184.754158,91.5874412059784,0.3880859173070612,-0.061740125452159504,0.9717117854291045,0.0024602113363747123,1.9898109439776719
1786995184.7742803,91.60756349563599,0.3665053594224622,-0.06002619624578628,0.9688196790985745,0.002431164408720159,1.0854053295081503
1786995184.77941,91.61269307136536,0.34510788106708296,-0.058333313925132066,0.965967796887427,0.0023998627835034223,4.221201199216965
1786995184.8132472,91.64653038978577,0.32389148903781206,-0.05666257633069036,0.963156879483721,0.0023671386782292397,0.634415009858317
1786995184.8192759,91.65255904197693,0.30285556571886013,-0.055012222367914455,0.9603875897510207,0.002335226544615344,3.5300611425110935
1786995184.831734,91.66501712799072,0.2820000870675254,-0.053382294822311306,0.9576580523853088,0.0023060946063800094,1.6933900145305714
1786995184.846181,91.67946410179138,0.26132597813033914,-0.051774315461540835,0.9549665444870963,0.002277027096325476,1.4473958564056166
1786995184.8674507,91.70073390007019,0.24083439022591524,-0.05018829215419574,0.9523127901966146,0.0022490441148058813,0.9743153264866778
1786995184.8782163,91.71149945259094,0.2205265798254678,-0.0486279448713031,0.9496987273948891,0.0022243232117268624,1.9074479283944208
1786995184.891235,91.72451829910278,0.20040249752914638,-0.047093743369632526,0.9471234675998631,0.0021970480515439875,1.5628201559294277
1786995184.90455,91.73783326148987,0.18046125304286575,-0.04558741636026058,0.9445863749376967,0.0021684711245682975,1.51396225088458
1786995184.9307575,91.76404070854187,0.16070269467001147,-0.044114376944778176,0.9420881363554373,0.0021409032384598135,0.7620074406985499
1786995184.942979,91.7762622833252,0.14112598521792188,-0.04267408405018085,0.9396297825788825,0.0021191523544516998,1.618691550559131
1786995184.958706,91.79198908805847,0.12173088267802111,-0.041263151389053246,0.9372111232204126,0.0020994942354330835,1.2460375725546977
1786995184.970594,91.80387711524963,0.10251713072350065,-0.0398826628399343,0.93483168935418,0.002082047846196844,1.6327083320397744
1786995184.995834,91.82911729812622,0.08348420024147596,-0.0385294648741257,0.9324912938702801,0.002067982244691587,0.7616414868419028
1786995185.0092235,91.84250664710999,0.06463146824654936,-0.037199873105198046,0.9301894279607411,0.00205227362056373,1.4219675796936042
1786995185.0222974,91.8555805683136,0.045957504150509476,-0.03589162395735781,0.9279259809172986,0.0020366135854365977,1.4422663867485617
1786995185.0343244,91.86760759353638,0.027461098612298913,-0.03460453311823016,0.925700187666331,0.0020192758634134866,1.552691045676793
1786995185.0626976,91.89598083496094,0.009142536863199121,-0.033341544431934864,0.9235121618951404,0.002001865649291942,0.6517391536033957
1786995185.0918913,91.92517447471619,0.009142536863199121,-0.033341544431934864,0.9235121618951404,0.002001865649291942,0.0
1786995185.0924249,91.92570805549622,-0.008997654955022756,-0.03210712031310834,0.9213621923162615,0.001987305679131104,34.313109386377235
1786995185.0926445,91.92592763900757,-0.026959041171190405,-0.030895345495115883,0.9192503625494418,0.0019714634041628626,82.54564175413915
1786995185.0993493,91.93263244628906,-0.04474168607986753,-0.029704279460638222,0.9171753211643915,0.0019546763419168874,2.6761214629326653
1786995185.110486,91.94376921653748,-0.06234629657056062,-0.028533854252456584,0.9151363774475396,0.0019340127670691187,1.594797916025156
1786995185.140563,91.9738461971283,-0.07977423820416889,-0.027387024954393744,0.9131330480908336,0.001915926520541933,0.5845051686205586
1786995185.147484,91.98076725006104,-0.09702617332151868,-0.02626381090298903,0.9111648512630576,0.0018974291840058864,2.514087737032997
1786995185.1653109,91.99859404563904,-0.1141022989737851,-0.02516413407662723,0.9092315364525562,0.0018770316905450813,0.9659822255320049
1786995185.1703904,92.0036735534668,-0.13100268212930316,-0.024087245264436757,0.9073341201490009,0.001855943382618288,3.3547783528507127
1786995185.1976087,92.03089189529419,-0.14772802825857,-0.023033352336706107,0.905471530413054,0.0018306285414940342,0.6194979197304683
1786995185.2169397,92.05022287368774,-0.1642781719268398,-0.02199824113953625,0.9036434854637914,0.0018052110273394663,0.8630157676912016
1786995185.2273154,92.06059861183167,-0.1806531977735345,-0.02098024573895108,0.9018504521792723,0.0017806472554438937,1.5906651745954794
1786995185.2381494,92.07143259048462,-0.19685400339142636,-0.01998111017664196,0.9000923316636433,0.001753667423230912,1.5069739196634808
1786995185.2667537,92.10003685951233,-0.21287992329145147,-0.01900736943651897,0.8983694301692201,0.001726335026866818,0.5645189573573349
1786995185.2803738,92.11365699768066,-0.2287310051275024,-0.01806238171213423,0.896679726992587,0.0017004060799415657,1.1724457168921243
1786995185.293129,92.12641215324402,-0.2444079318281566,-0.01715192558950378,0.8950235942729063,0.0016796620945729083,1.2379646591177627
1786995185.3027875,92.136070728302,-0.2599107634695064,-0.01627461008563658,0.8934016324564643,0.0016615022579454168,1.6163997282169407
1786995185.3289633,92.16224646568298,-0.2752395430079393,-0.01542381795411996,0.8918148998301132,0.0016436634540536589,0.5896358079824034
1786995185.3403542,92.17363739013672,-0.29039375592895045,-0.014594543894072432,0.8902629454474739,0.0016226418870014957,1.3393144048798802
1786995185.3572538,92.1905369758606,-0.30537480315709115,-0.013782441576027246,0.8887446583133117,0.0015993043027034955,0.8923101073752143
1786995185.3645005,92.19778370857239,-0.3201837999863315,-0.012988425068014389,0.8872613957634542,0.0015771783289801737,2.056686640334645
1786995185.390193,92.22347617149353,-0.3348210567942692,-0.012214029206937448,0.8858132884779965,0.0015537503962425564,0.5732843360571154
1786995185.4193351,92.2526183128357,-0.3348210567942692,-0.012214029206937448,0.8858132884779965,0.0015537503962425564,0.0
1786995185.4199,92.25318312644958,-0.34928689149868103,-0.011457067458914085,0.884398810427926,0.001528793504041939,25.768716830943916
1786995185.4201305,92.25341367721558,-0.36358097068035755,-0.010714584423328625,0.883017497856694,0.001504628195955397,62.371717246132654
1786995185.4241016,92.25738477706909,-0.3777044159020347,-0.009985411971043972,0.8816703609628993,0.001480491059774725,3.5774150521429613
1786995185.4546335,92.28791666030884,-0.39165862254187195,-0.009268372934276382,0.8803550350504354,0.0014562031062596106,0.4596634330547295
1786995185.4696872,92.30297040939331,-0.4054432903633288,-0.008562145400123846,0.8790707750735747,0.0014315371640223236,0.9208579448064701
1786995185.4794772,92.31276035308838,-0.4190575263948422,-0.00786318535390864,0.8778190478941414,0.0014082184699591939,1.3983240611657524
1786995185.490397,92.32368016242981,-0.43250084625369567,-0.007175440693492166,0.8765997180887497,0.00138404211688413,1.2377517364661554
1786995185.5015478,92.33483099937439,-0.4457730895193347,-0.006495589951427145,0.8754135688309598,0.0013570140051818581,1.196544543269496
1786995185.5335634,92.36684656143188,-0.4588745082389343,-0.0058259672906904,0.8742606595610586,0.0013300513834861166,0.41133382959918247
1786995185.5452766,92.37855982780457,-0.47180653473307327,-0.0051683169091841005,0.8731389683175204,0.0013051633791624578,1.1096162448959817
1786995185.5548751,92.38815832138062,-0.48457029990306544,-0.004522533749158792,0.8720474442695016,0.0012844435303026721,1.3363158677444433
1786995185.567258,92.40054106712341,-0.4971671229779267,-0.00389385883091485,0.8709862370487108,0.0012645876816902903,1.0221535062882465
1786995185.5964153,92.42969846725464,-0.509598315083359,-0.0032810103468415403,0.869954755009326,0.0012440049710632653,0.4283289350854036
1786995185.6113863,92.44466948509216,-0.5218632919456471,-0.002684431900084259,0.8689526466337676,0.001224393903610559,0.8229433579294422
1786995185.6264932,92.45977640151978,-0.533960706787245,-0.002109027034415561,0.8679799721919199,0.001204038545113389,0.8042731818828388
1786995185.6426418,92.47592496871948,-0.5458905595915103,-0.0015578870818351725,0.8670377287208588,0.0011830490545582492,0.741842268611919
1786995185.6481483,92.48143148422241,-0.5576531189845528,-0.0010274279836527556,0.8661256200696777,0.001161293932533571,2.14469380567147
1786995185.6633,92.4965832233429,-0.5692489390514182,-0.0005192398694283558,0.8652413742815404,0.001141502450261627,0.7682671674840049
1786995185.6722267,92.50550985336304,-0.5806783249245929,-3.0565589959657274e-05,0.8643842733547907,0.0011229610947990868,1.2851312420583219
1786995185.686147,92.51943016052246,-0.5919413997186788,0.0004428287912794681,0.8635540740710288,0.0011069726430208513,0.8120185429075275
1786995185.7175715,92.55085468292236,-0.6030386377297485,0.0008997070713816363,0.862750914269645,0.001093967619784054,0.3543614953911022
1786995185.7313235,92.56460666656494,-0.6139698414928795,0.001340473205847068,0.8619742571684209,0.0010798624518908097,0.7975300296207207
1786995185.7438357,92.57711887359619,-0.624735172976358,0.0017644815733746499,0.8612245738404078,0.0010651170367630735,0.8631355018822241
1786995185.7512443,92.5845274925232,-0.6353357497977404,0.0021722492865399335,0.8605021855179367,0.0010525522925789877,1.4352181001439184
1786995185.7764955,92.60977864265442,-0.6457719832736898,0.002563674435575811,0.8598075395113414,0.001042024636301733,0.41450182396011176
1786995185.7959888,92.62927198410034,-0.6560460855329135,0.002937278994305817,0.8591383978346926,0.0010314512346016403,0.5285212756919362
1786995185.7994995,92.63278269767761,-0.6661595439283354,0.0032922991181703904,0.8584931334438833,0.0010212821301690096,2.8883697674146314
1786995185.8113482,92.64463138580322,-0.6761124251474144,0.003627580924798795,0.8578705702505047,0.0010121142817646727,0.8421158353213001
1786995185.8368502,92.67013335227966,-0.6859035283558644,0.003944126934600481,0.8572707226589329,0.001003841482826114,0.38485529192460877
1786995185.8512704,92.68455362319946,-0.6955313626954974,0.004242554859352991,0.8566930976776123,0.000995654088062822,0.6691803442321327
1786995185.864698,92.69798111915588,-0.7049952759207307,0.004527356868911638,0.8561377728676348,0.0009884646078218615,0.706346811503637
1786995185.8770056,92.71028876304626,-0.7142956314608769,0.00480133108483141,0.8556061352260854,0.0009820690931163785,0.7572177302627963
1786995185.8893497,92.72263288497925,-0.7234333948423812,0.005062472130826753,0.8550976279693218,0.0009750213028284483,0.7416992801459342
1786995185.912158,92.745441198349,-0.7324096700465419,0.0053166992184087635,0.854613457226746,0.0009696690191258152,0.39428245228474523
1786995185.9247935,92.75807666778564,-0.7412253345173103,0.005560489306812768,0.8541533739239239,0.0009626389505662729,0.698907765047219
1786995185.9364622,92.76974534988403,-0.7498805952954718,0.0057895061809618625,0.8537169723197627,0.0009557059319828797,0.7429528882841047
1786995185.945353,92.77863621711731,-0.7583768538056378,0.0060076072769941966,0.8533031603832703,0.0009473000553034221,0.9570636130969856
1786995185.970019,92.80330228805542,-0.7667144398616014,0.006212338772904627,0.8529118812411712,0.0009375494608809957,0.3384922057219057
1786995185.9872386,92.82052183151245,-0.7748928433562475,0.006396249973409545,0.8525424699279063,0.0009313105660388735,0.47555312566623636
1786995185.9972808,92.83056402206421,-0.7829120836332086,0.006554821537100411,0.8521938001702357,0.0009271131269397429,0.7994652904398439
1786995186.0079846,92.84126782417297,-0.7907720225612053,0.006685245568758484,0.8518666851643643,0.0009250790445773915,0.7350494644022496
1786995186.0332005,92.86648368835449,-0.7984721808337139,0.0067900742722027015,0.8515601122950903,0.000922201322507772,0.30563980217513753
1786995186.0423837,92.87566685676575,-0.8060129192469876,0.006870734733833612,0.851272934910036,0.0009177518796224383,0.8217899879810653
1786995186.054239,92.88752222061157,-0.8133944692275875,0.006926996270952262,0.8510048027644288,0.0009137467886463442,0.6230624921329305
1786995186.0679429,92.90122604370117,-0.8206164673374889,0.006960138468613197,0.8507581758375337,0.0009074191360608148,0.527318830515821
1786995186.0969162,92.93019938468933,-0.8276792118659688,0.006968144245254139,0.8505323404380105,0.00090113960059847,0.2438917470258885
1786995186.1086538,92.94193696975708,-0.8345842550058898,0.006953568344617587,0.8503263612651164,0.0008966662928542681,0.5885478145195138
1786995186.1224236,92.95570683479309,-0.8413325651532148,0.006920176687158549,0.8501395320241016,0.0008921313053432921,0.4902719402753205
1786995186.1333766,92.96665978431702,-0.8479244596881973,0.006874587182800597,0.8499728641126294,0.0008860047367208621,0.6020441138908701
1786995186.1570394,92.99032258987427,-0.8543607807667705,0.006819314652089115,0.849825972691719,0.0008787280180026006,0.27208245891032395
1786995186.188499,93.0217821598053,-0.8543607807667705,0.006819314652089115,0.849825972691719,0.0008787280180026006,0.0
1786995186.1897883,93.02307152748108,-0.8606408603816239,0.006757408196868188,0.8496989847445792,0.0008701234866557356,4.871898491143098
1786995186.1900625,93.02334570884705,-0.8667641436666357,0.006687077620410328,0.8495908132144072,0.0008620430159615833,22.337923916525344
1786995186.1979072,93.03119039535522,-0.8727298259170355,0.006603474035381689,0.8495013149897416,0.0008541114914883296,0.7606345084408439
1786995186.2278984,93.06118154525757,-0.8785378152359502,0.006508917017450193,0.8494301126382008,0.0008479769743001809,0.19369698658203313
1786995186.2453008,93.07858395576477,-0.8841888612027873,0.0064074259618748155,0.8493772322762553,0.0008433856777267832,0.3247943517435126
1786995186.254753,93.08803629875183,-0.8896846993147178,0.006296001067083241,0.8493420740657672,0.0008396764097081211,0.5815573952566131
1786995186.2662065,93.09948968887329,-0.8950274803851154,0.006174151508041804,0.8493237210138898,0.0008359145404818293,0.4666043696757473
1786995186.2744105,93.10769367218018,-0.9002180553282577,0.006046166378015029,0.8493224903543822,0.0008315863726689495,0.6328819225418106
1786995186.306897,93.1401801109314,-0.9052561973603387,0.005911320654368048,0.849337720382009,0.0008265310889674701,0.15514071363762152
1786995186.3336246,93.166907787323,-0.9101414843485728,0.005761825879463347,0.8493695100096388,0.0008220023246903204,0.18286951358497266
1786995186.335796,93.16907930374146,-0.9148739911580696,0.005592170903005411,0.8494171633788591,0.0008171109103043042,2.180866108724217
1786995186.3417788,93.17506194114685,-0.9194526360592961,0.005403299974513645,0.8494800477400795,0.0008139602490127441,0.7660451208673779
1786995186.3746655,93.20794868469238,-0.9238766358904464,0.005201179728330198,0.8495588509551775,0.0008117489715635245,0.1346839231667615
1786995186.3842742,93.21755743026733,-0.9281463466562979,0.0049831539945014245,0.8496546827792774,0.0008093716011764005,0.4450474402222578
1786995186.3910818,93.22436499595642,-0.9322625332412721,0.0047495495059262875,0.8497669874173214,0.0008074163483729382,0.6058464327509647
1786995186.4076438,93.24092698097229,-0.9362260863192904,0.004508220532374953,0.8498953487401204,0.0008058758883798582,0.23988473081993633
1786995186.4256449,93.25892806053162,-0.9400385488217291,0.004266469494559115,0.850038781687008,0.0008041163622342728,0.2123656736945353
1786995186.4377224,93.27100563049316,-0.9437012005289203,0.004026191664525423,0.8501946198064853,0.0008018661287043762,0.30418629908099337
1786995186.4498105,93.28309369087219,-0.947214144680637,0.003782718321159953,0.8503630390101845,0.0007969537137347813,0.2916428649558046
1786995186.4622014,93.29548454284668,-0.9505766079394307,0.003532956870356855,0.8505440435472786,0.0007893710226637923,0.2725059989273983
1786995186.4867208,93.32000398635864,-0.9537880507985984,0.0032778589355079647,0.8507360034363242,0.0007821164601976944,0.13162095844244048
1786995186.5020964,93.3353796005249,-0.9568479065633563,0.003020357011109192,0.8509380003950253,0.0007789225054287487,0.20014214843703895
1786995186.510178,93.34346127510071,-0.9597567713265784,0.0027638641538576506,0.8511494794510003,0.0007730262860355791,0.3622762629788307
1786995186.5233383,93.35662150382996,-0.9625163727032094,0.0025119748732992282,0.8513702874467759,0.0007654017070468467,0.21123165204494196
1786995186.5463917,93.37967491149902,-0.9651272456150873,0.0022577321698105755,0.8516023422337811,0.0007569028845224289,0.1142332882323183
1786995186.5592778,93.3925609588623,-0.9675886979764722,0.002003030751078195,0.8518470666009315,0.0007503961661803356,0.19297356939138172
1786995186.5720627,93.40534591674805,-0.9698997846561167,0.0017563721064052583,0.8521047984695296,0.0007442742373816241,0.18290701104547138
1786995186.5835476,93.41683077812195,-0.9720613845021212,0.0015202707346256244,0.8523737586555327,0.0007375067707408728,0.19077518453044234
1786995186.6142423,93.44752550125122,-0.9740745414469364,0.0012982655194454093,0.8526520298406915,0.0007256416999389003,0.06660388928078399
1786995186.630633,93.4639163017273,-0.9759400140299254,0.0010902902208822,0.8529389355604895,0.0007146599793886098,0.11584732059278395
1786995186.6389775,93.47226071357727,-0.9776587806583016,0.0008944450669473875,0.8532351116569437,0.0007051337791949081,0.21032754230427247
1786995186.654343,93.48762607574463,-0.9792308272645601,0.0007141141439375681,0.8535393364682093,0.0006951566713191888,0.10486805397876739
1786995186.6654108,93.49869394302368,-0.9806567819092117,0.0005496755564454289,0.8538501176007701,0.0006855892617307845,0.13269613450099246
1786995186.6926494,93.5259325504303,-0.9819376286736194,0.000404914567592539,0.8541672014726558,0.0006748566890771236,0.0487333458883777
1786995186.700427,93.53371024131775,-0.9830724385286911,0.000282632780991929,0.8544903766537668,0.0006629241844528297,0.1525195273074865
1786995186.7141714,93.5474545955658,-0.984060152533363,0.00017945267986599394,0.8548200840856424,0.0006545912329519038,0.07613235249115875
1786995186.7231467,93.55642986297607,-0.9848998144612175,9.378005578011378e-05,0.8551579136143249,0.0006502281243295837,0.10129178559535
1786995186.754695,93.58797812461853,-0.9855913387035202,2.9656068624462912e-05,0.8555042864773712,0.0006479742367247946,0.024599600252603045
1786995186.7644744,93.59775757789612,-0.9861365412952693,-1.2084257677209582e-05,0.8558576437363341,0.0006449291341554521,0.06657194531969725
1786995186.777161,93.61044406890869,-0.9865358152072495,-3.7180087795329e-05,0.8562185160411303,0.0006418839624310482,0.04246838568051384
1786995186.7897289,93.62301206588745,-0.986789682923383,-5.319121441679721e-05,0.8565866562449285,0.0006381849758605866,0.03560418840488481
1786995186.8149111,93.64819431304932,-0.9868992550335112,-6.187887611635199e-05,0.8569597587400704,0.0006371904459335768,0.015445654487743607
1786995186.8264592,93.65974235534668,-0.9868644005212804,-6.791265986672983e-05,0.857338494658982,0.000634641312611588,0.032939280140468916
1786995186.8404,93.6736831665039,-0.9866845743537136,-7.549544682218192e-05,0.8577230231071583,0.0006299692938966533,0.03045496589625903
1786995186.8493664,93.68264961242676,-0.9863600680560208,-8.681235993030066e-05,0.8581153014770397,0.0006267670908925071,0.056792797182591816
1786995186.8827517,93.71603488922119,-0.985890927946934,-9.679067634111128e-05,0.85851574385045,0.0006202808546597906,0.018477731762818632
1786995186.8894603,93.72274351119995,-0.9852792721719622,-0.00010027834784275108,0.8589243091618747,0.0006131165844809959,0.10964519897034528
1786995186.904239,93.73752212524414,-0.9845263621650967,-0.00010161994410762411,0.8593408664928335,0.0006071818647379214,0.058223474143873
1786995186.915408,93.74869108200073,-0.9836323514588181,-0.00010919701180165859,0.8597653215822074,0.0006019210281849935,0.08861025715116155
1786995186.9421275,93.77541065216064,-0.9825967828673451,-0.00012384444522586997,0.8601957704704487,0.0005976117665392795,0.04197533070496306
1786995186.957519,93.7908022403717,-0.9814186993135718,-0.00014023439645603975,0.8606324986043887,0.0005934176007588952,0.08163779331830558
1786995186.965941,93.79922413825989,-0.980097053326351,-0.00015099935355030407,0.8610766042798756,0.0005876719702009986,0.16555741693250708
1786995186.9761963,93.80947947502136,-0.9786311626130143,-0.00015054371715690724,0.861528652038951,0.0005805691388814545,0.14958151307889186
1786995187.002527,93.83581018447876,-0.977021450487315,-0.00013570979329303892,0.86198690127887,0.0005780001472673308,0.06356585315248109
1786995187.0204616,93.85374474525452,-0.9752689786097837,-0.00010538431326699438,0.8624504571344086,0.0005796630913968606,0.10108961753844746
1786995187.0286028,93.8618860244751,-0.9733750135425577,-5.912382275260378e-05,0.8629187986934803,0.000582797669151888,0.23971174881704843
1786995187.0381286,93.87141180038452,-0.9713403163796906,-4.646846789904902e-06,0.8633920011300699,0.0005865832244086313,0.21937407854294005
1786995187.0518863,93.885169506073,-0.9691654222827819,5.230718140061442e-05,0.8638688950358194,0.0005893136073769211,0.16189424681901246
1786995187.082356,93.9156391620636,-0.9691654222827819,5.230718140061442e-05,0.8638688950358194,0.0005893136073769211,0.0
1786995187.0836465,93.91692972183228,-0.9668507607163317,0.00010814081668976595,0.864350072949904,0.0005910096647384185,1.8323878731091987
1786995187.0912771,93.92456030845642,-0.9643956623423141,0.0001638043090247919,0.8648355957236248,0.0005904967255107506,0.32805677378301595
1786995187.0993855,93.93266868591309,-0.9618006452367968,0.00021941211929213863,0.8653252160198174,0.0005905249931011146,0.32576044613110083
1786995187.1122646,93.94554781913757,-0.9590660872553716,0.0002739710965641186,0.8658170635029376,0.0005892108862597414,0.21577339247926808
1786995187.1355035,93.96878671646118,-0.9561922926916497,0.0003247339068573306,0.8663104586093693,0.0005884211440665977,0.1254914847490227
1786995187.1553996,93.9886827468872,-0.9561922926916497,0.0003247339068573306,0.8663104586093693,0.0005884211440665977,0.0
1786995187.1559737,93.98925685882568,-0.9531797578897249,0.00037269582158413854,0.8668048152238066,0.0005873204570036164,5.318133638422547
1786995187.162326,93.99560928344727,-0.9500288683702512,0.00041713300140157924,0.8673001635085339,0.0005834815201463391,0.5021544064896457
1786995187.174187,94.00747013092041,-0.9467403747152958,0.00046129116040028167,0.8677965083260112,0.0005813392470941941,0.2804212327090625
1786995187.2025855,94.03586864471436,-0.9433138275344688,0.0005083475128019021,0.8682935398087339,0.0005796681299844052,0.12193339762858621
1786995187.2121797,94.04546284675598,-0.9397446401314726,0.0005622128097369858,0.868790900110728,0.0005767310303780706,0.3756515122280958
1786995187.2306123,94.06389546394348,-0.9360348775017723,0.0006228276072790256,0.8692896417235342,0.0005726313534059013,0.20309805703042602
1786995187.240034,94.07331728935242,-0.9321879352739462,0.0006899431681033395,0.8697897032328925,0.0005685615732711608,0.4117979035972747
1786995187.2651718,94.09845495223999,-0.9282049984019315,0.0007612837887456183,0.8702906300829122,0.0005625459333046536,0.1597184075742115
1786995187.2823722,94.1156554222107,-0.9282049984019315,0.0007612837887456183,0.8702906300829122,0.0005625459333046536,0.0
1786995187.2829235,94.11620664596558,-0.9240839189666588,0.0008344029223091258,0.8707918520640208,0.0005563659384803022,7.532497785708633
1786995187.2872984,94.12058162689209,-0.9198161108236654,0.0009089833498146976,0.8712937326769594,0.0005500894967179675,0.9823731378663386
1786995187.301371,94.13465428352356,-0.915395659769099,0.0009841429453549184,0.8717981534306247,0.0005447058030583946,0.31619990336282316
1786995187.3283744,94.1616575717926,-0.9108363117014733,0.001058566653787037,0.872307131505776,0.0005422174480863272,0.1699153565408801
1786995187.3340628,94.16734600067139,-0.9061455657913657,0.0011330308946026085,0.8728202358809105,0.000538687947115596,0.8296338797526939
1786995187.350711,94.18399429321289,-0.9013139989320019,0.001211986235902995,0.8733367625154178,0.0005327367067080184,0.29190620607820433
1786995187.3572307,94.19051384925842,-0.8963490422794274,0.0012964069714324808,0.8738578527782445,0.0005306318856331699,0.7658405925438807
1786995187.3944151,94.22769832611084,-0.8912510629046474,0.001383197960318307,0.8743832059548029,0.0005320378009624443,0.1378454753219422
1786995187.4043014,94.23758459091187,-0.8860049322198833,0.0014751487810014882,0.8749104013242527,0.0005372644331040479,0.5334021995620685
1786995187.4143467,94.24762988090515,-0.8806070723652787,0.0015718824308910636,0.8754410444222811,0.0005407631510014393,0.5400284551768099
1786995187.427228,94.26051115989685,-0.8750874921769226,0.0016683624169058925,0.8759802993674015,0.0005440553227248911,0.43060157290303225
1786995187.4419408,94.27522397041321,-0.8694553657916456,0.001763847914109413,0.8765258097111189,0.0005484467875108553,0.38465040523623395
1786995187.4589555,94.29223871231079,-0.8637172141797124,0.001864067150073736,0.8770786543522039,0.0005596099048575174,0.3388586932693658
1786995187.470404,94.30368709564209,-0.8578830313389837,0.0019677641032607913,0.8776406556256195,0.0005703244166474453,0.5120466295304191
1786995187.4883537,94.32163691520691,-0.8519696766674004,0.0020782987589315956,0.8782123008300413,0.0005757161428761348,0.3310311349849982
1786995187.4975462,94.33082938194275,-0.8459611736333507,0.002195302585170226,0.8787929469657308,0.0005789472707872013,0.6568016940463771
1786995187.5263398,94.35962295532227,-0.8398291006382038,0.0023160639631513457,0.8793802460690132,0.0005813208945431467,0.2139823550536255
1786995187.5402317,94.37351489067078,-0.8335714588890022,0.0024442062519272256,0.8799708497357623,0.0005864897904319268,0.45254723896260945
1786995187.5509214,94.38420462608337,-0.8271717368569614,0.002585330009410991,0.8805612318665691,0.0005970433650566002,0.601366175933364
1786995187.563191,94.3964741230011,-0.8206224219176642,0.00274659980947383,0.8811479623655338,0.0006113462885396214,0.5360872879006128
1786995187.594062,94.4273452758789,-0.813924348096332,0.002929551136010514,0.8817308990852889,0.000638655090727211,0.21786945667983132
1786995187.6083045,94.4415876865387,-0.8071026191984162,0.0031271470711520125,0.8823128993514573,0.0006655863944764317,0.48091307798693145
1786995187.6172442,94.45052742958069,-0.8001825663240267,0.0033372999614699,0.8828966073295813,0.0006894194356254473,0.7771818686188271
1786995187.6293828,94.46266603469849,-0.7932004588700756,0.003557644860925271,0.883487521471607,0.0007094258709183763,0.5775401470029041
1786995187.6550379,94.48832106590271,-0.7861586486807494,0.003787653216277841,0.8840856765599518,0.0007232554472078113,0.2756149881771618
1786995187.6732893,94.50657248497009,-0.779015244789606,0.004024763981665233,0.8846897564699583,0.0007329943975588143,0.39300069892074657
1786995187.6779566,94.51123976707458,-0.7717713148937487,0.004268775038724075,0.8852994625087465,0.0007404053209685279,1.5584310923524523
1786995187.698532,94.53181529045105,-0.7644541578815616,0.0045249387997673115,0.8859154293418762,0.0007473871908237438,0.3570992738830997
1786995187.7207534,94.55403661727905,-0.757068374398359,0.00479989104679794,0.8865369580672959,0.0007524266554123957,0.3337778583556361
1786995187.7376328,94.5709159374237,-0.7496070460460964,0.0050913497223400266,0.8871622359607637,0.0007554445505543822,0.4439250457119245
1786995187.7445552,94.57783842086792,-0.7420754012150542,0.005395053468656556,0.887789305612723,0.0007549985340058423,1.0926430875959654
1786995187.7558696,94.58915281295776,-0.734458176542192,0.005710127387149539,0.8884180418717568,0.000753558682933323,0.6760964583460769
1786995187.7835186,94.61680173873901,-0.7267553558660429,0.006030191500611835,0.8890468257508092,0.0007510955661142283,0.2797601159269972
1786995187.7944427,94.62772583961487,-0.7189788313183529,0.006350160473005933,0.8896737498220783,0.0007482995850097248,0.7147785284149252
1786995187.8105295,94.64381265640259,-0.7111483486639485,0.006668231423851438,0.8902985555390588,0.0007375874094693556,0.4887111690586281
1786995187.8273025,94.66058564186096,-0.7032819577104501,0.006982748462242157,0.8909244805137194,0.0007277520348804446,0.4708475560147224
1786995187.8323162,94.66559934616089,-0.6953626203876919,0.007296179726455578,0.891552187786332,0.0007187555663010864,1.5857249334090486
1786995187.8576896,94.6909728050232,-0.6873749832490088,0.007611417027212026,0.8921820881152732,0.0007101785813417566,0.3160244862026835
1786995187.8687124,94.7019956111908,-0.679333231772299,0.007926662337815648,0.8928116961118211,0.0007012220677886302,0.7323469392238251
1786995187.881566,94.71484923362732,-0.6712520044375525,0.008236362253658876,0.8934399495543467,0.0006867592726851777,0.6310692486050316
1786995187.8922536,94.7255368232727,-0.6631343183792474,0.008540026553183403,0.8940667169809755,0.0006712851451324485,0.762333476583807
1786995187.926309,94.759592294693,-0.6549838965471452,0.008836500241284616,0.8946909599864156,0.0006579987770485987,0.24018657343154012
1786995187.9341261,94.767409324646,-0.6468076681275664,0.009129617210402008,0.8953116766722309,0.0006470711271468006,1.049630553380671
1786995187.945193,94.77847623825073,-0.6386208922888628,0.00942295552933495,0.8959289267943341,0.0006401456977753862,0.7423253647972133
1786995187.9564955,94.78977870941162,-0.6304522805536305,0.009713831744312836,0.8965472361976093,0.0006327146154945313,0.7252521728864618
1786995187.9766593,94.80994248390198,-0.6222981693361064,0.010000049642155595,0.8971669301298437,0.0006261535655971194,0.4058085594166993
1786995187.9894428,94.82272601127625,-0.6141618183912675,0.01028711883994402,0.897788936075284,0.0006229010994124027,0.6387235300096928
1786995188.011428,94.84471130371094,-0.6060162345721717,0.010583228894683827,0.8984123918555219,0.0006179789655844083,0.37182916944993955
1786995188.0161011,94.84938430786133,-0.5978333436672489,0.010887128749003433,0.8990363214293234,0.0006146335312249058,1.7573851428815226
1786995188.0412154,94.87449860572815,-0.5895934942428444,0.011197514904311536,0.8996602960281258,0.0006151874224628941,0.32926536894984737
1786995188.058323,94.891606092453,-0.5813067547202023,0.011506975516460446,0.9002837587517349,0.0006175707379417157,0.4860982808279008
1786995188.0773427,94.91062593460083,-0.5729965893188469,0.011811128898183072,0.9009086596606586,0.0006198397217756239,0.4384461300428614
1786995188.0812895,94.91457271575928,-0.5647206931501794,0.012108149371218405,0.901541008397827,0.0006203540523178108,2.1043305667130174
1786995188.1128066,94.94608974456787,-0.556490123154699,0.01239752032618618,0.9021786170202549,0.0006194480475988641,0.26209007370682363
1786995188.125555,94.95883822441101,-0.5482908328885424,0.012683656721992148,0.9028185876809005,0.0006175750249506428,0.6455047215916476
1786995188.1398702,94.97315335273743,-0.5401016649162436,0.01296454271945868,0.9034591752818366,0.0006126662951816607,0.5741468216329437
1786995188.1516001,94.98488330841064,-0.5319097396551622,0.013239843392498386,0.9040984092531156,0.0006078544967491504,0.7008925411565661
1786995188.1742098,95.007493019104,-0.5237117476284278,0.013513307743595037,0.9047391359055406,0.0006003849003260201,0.3638940109823538
1786995188.1860228,95.01930594444275,-0.5155508215805811,0.013788437854766874,0.905384360758527,0.0005910863625765683,0.6933942862600225
1786995188.196405,95.0296881198883,-0.5074357482561375,0.014066076325652647,0.9060302097085924,0.0005820695038843554,0.7845625618525904
1786995188.2157187,95.04900193214417,-0.49934067515917924,0.014344865679899135,0.9066767304800823,0.0005687756261219408,0.4207161937357129
1786995188.2230535,95.05633664131165,-0.4912477631113396,0.01462498384869062,0.9073223577898217,0.0005551934375343277,1.1075361173448313
1786995188.2451782,95.07846140861511,-0.4831555460180295,0.01491416856833352,0.9079659410947992,0.0005409057709559696,0.36714142012354073
1786995188.261374,95.09465718269348,-0.47507200785599835,0.01521474117287151,0.9086062903421599,0.0005298030874593542,0.5010214598569027
1786995188.2720113,95.10529446601868,-0.46701802020812416,0.015526306430517806,0.9092472376703543,0.0005162073283945,0.7601053805689721
1786995188.283395,95.11667823791504,-0.4589695617616879,0.015843871702982012,0.9098809071108286,0.0005009382591921349,0.7097478967416105
1786995188.316358,95.14964127540588,-0.4508465776209383,0.016160626341815917,0.9104615980454003,0.00048221431869223174,0.24724273619830758
1786995188.3298573,95.16314053535461,-0.44259623446837854,0.016470863081353503,0.9109545446030263,0.00045999380456795757,0.6126911376381304
1786995188.3371847,95.17046785354614,-0.4342301205211942,0.016778100414153,0.9113396278618691,0.00043757205432100506,1.1437479794346137
1786995188.353551,95.18683409690857,-0.42581368178594114,0.017078006272883837,0.9116130138284374,0.0004136638522162497,0.5148534276858013
1786995188.37166,95.20494318008423,-0.41744183138689467,0.017373624405220233,0.9117770527564422,0.00038553635361774643,0.462677978564075
1786995188.385289,95.21857213973999,-0.40918930155602323,0.017669756401478765,0.9118283276089452,0.0003582968716063931,0.6059156887715423
1786995188.394187,95.22747015953064,-0.4011068650101878,0.017962458672655033,0.9117598682097933,0.00033354542812102006,0.9089690497293013
1786995188.4061434,95.239426612854,-0.3932194095929173,0.018254637299030298,0.9115664094990747,0.00031294044508195723,0.6603325868142931
1786995188.431294,95.26457715034485,-0.38550366252186546,0.01854501780142233,0.9112488239829144,0.0002891607215757035,0.30725935702471946
1786995188.4561486,95.28943181037903,-0.38550366252186546,0.01854501780142233,0.9112488239829144,0.0002891607215757035,0.0
1786995188.464064,95.29734706878662,-0.3779185036767203,0.01882649054608385,0.9108134091694919,0.00027074862416948077,0.9605318576638378
1786995188.4663086,95.29959177970886,-0.37043053580102214,0.019099760090984064,0.9102635956994263,0.00025182992234867207,3.347022292639439
1786995188.4738529,95.30713605880737,-0.3630184242582382,0.019357273751703687,0.9096003241235082,0.0002321384957240122,0.986997275280832
1786995188.4918551,95.3251383304596,-0.355685472682198,0.019598345187524936,0.9088238858995391,0.00021714486155786816,0.4098306407468572
1786995188.5120199,95.34530305862427,-0.34843730592673416,0.019830056489842655,0.9079365317077791,0.00020355512825678322,0.3623136907039874
1786995188.5200183,95.35330152511597,-0.3412923749106739,0.020054846438939802,0.9069382610997859,0.00018750131475306082,0.9024021115173847
1786995188.5324495,95.36573266983032,-0.3342603604772272,0.020279979077775383,0.905830985184391,0.00017372463001170214,0.5729333000963666
1786995188.5518935,95.38517665863037,-0.3273546909287188,0.020508667915556722,0.90461342988804,0.0001594826725887595,0.3608267508348192
1786995188.5638397,95.39712285995483,-0.3205838079771478,0.020739908518444712,0.9032861990138481,0.00014801465483934111,0.5778918864186534
1786995188.5764687,95.40975189208984,-0.3139541600222519,0.02096890875887151,0.9018523576446218,0.00013764710783352503,0.5373962176851304
1786995188.5874088,95.4206919670105,-0.30747354854993575,0.02120068953764557,0.9003136494452473,0.00013357831091200328,0.6092104849117871
1786995188.5997431,95.43302631378174,-0.30114313691329236,0.021437730735303882,0.8986720020914001,0.00013104461020317312,0.5305594856891938
1786995188.6273143,95.4605975151062,-0.2949729241528075,0.02167879626868283,0.8969304321938588,0.0001281090988189766,0.23269993262999106
1786995188.6419015,95.47518467903137,-0.2889387676765869,0.02192319848112167,0.8950956671841921,0.00012787814508498398,0.43268636483891343
1786995188.6485665,95.48184967041016,-0.28302253522460274,0.022170923720851377,0.893170375671856,0.00012698635094094869,0.9342172229743864
1786995188.6632595,95.49654269218445,-0.2772205113847703,0.02242075073054867,0.891156700505143,0.00012677821354833098,0.418335141614261
1786995188.674665,95.50794816017151,-0.27152691104283816,0.022677343250610073,0.8890565397899206,0.0001314667394048698,0.5325524723570236
1786995188.6883402,95.52162337303162,-0.2659557600320814,0.02294021831174258,0.8868715075056331,0.0001355208663082504,0.4380254474368571
1786995188.70344,95.53672313690186,-0.26051291735454235,0.02320447480529052,0.8846022503421965,0.00014070619563634368,0.3909247781965028
1786995188.7140458,95.54732894897461,-0.2551921823376486,0.02346713597781676,0.8822480707023568,0.00014758010553725606,0.5491522771172496
1786995188.7281759,95.56145906448364,-0.24998096689938806,0.023725782577314482,0.8798129396136783,0.00015329138927477374,0.4074920703056513
1786995188.743453,95.57673621177673,-0.24487931157751758,0.023973404596622103,0.8772985509061744,0.0001544141183199494,0.37264871087922735
1786995188.753335,95.58661818504333,-0.23989777028132211,0.024206828134144192,0.874704910069896,0.00015666803425497331,0.5688276704727272
1786995188.7651613,95.59844446182251,-0.23504558535913977,0.024431832782378475,0.8720331491575393,0.00015692882236594433,0.4687613958498399
1786995188.7810507,95.61433386802673,-0.23031614228284486,0.024657166966673996,0.8692852235915817,0.000158995644716429,0.34453400859199473
1786995188.789794,95.62307715415955,-0.22571603793274034,0.024875612932067453,0.8664642335605373,0.00015900259235733196,0.6176873164954716
1786995188.8075745,95.6408576965332,-0.22127023562705228,0.025086217750160397,0.8635703500963006,0.00016228955148780999,0.2985773650358744
1786995188.8137548,95.64703798294067,-0.21698287091970356,0.025288882820130486,0.8606039796299989,0.00017061036760170666,0.8442105962835216
1786995188.8366508,95.66993403434753,-0.2128574450751153,0.025488038887564575,0.8575647632009721,0.00018708393610584524,0.22396557268482079
1786995188.8454547,95.67873787879944,-0.2088721090613851,0.025685231926307815,0.8544563639430708,0.00020669495518123236,0.5745281384545677
1786995188.8575134,95.69079661369324,-0.20498205019890087,0.025875703190684166,0.8512878986759388,0.00022573844712888745,0.41635858951157384
1786995188.8702312,95.70351433753967,-0.20115926024812958,0.026056538116096126,0.8480631943596658,0.0002401680130268779,0.39350690775985964
1786995188.8980308,95.73131394386292,-0.19739453488584213,0.026225481269349527,0.8447830419614119,0.0002475755523077227,0.179718672532086
1786995188.910622,95.74390506744385,-0.19369291811086806,0.026386867369145237,0.8414464297910965,0.0002487910691093195,0.3959996016879075
1786995188.916519,95.74980211257935,-0.19007356961131203,0.026539500325859316,0.8380528957297376,0.0002476938290231542,0.8417392160569461
1786995188.9285705,95.76185369491577,-0.1865641884876593,0.026678824407145127,0.8346021920953733,0.00024899472874446397,0.40854964056429993
1786995188.9425452,95.77582836151123,-0.1831993146152845,0.026802803068705423,0.8310933329184966,0.00025302309076699907,0.3479947118960289
1786995188.9560883,95.78937149047852,-0.1799936225834919,0.026914263876794985,0.8275231136508072,0.00026462998788339765,0.3543875029000715
1786995188.982616,95.81589913368225,-0.1799936225834919,0.026914263876794985,0.8275231136508072,0.00026462998788339765,0.0
1786995188.9831605,95.81644368171692,-0.1769389948433814,0.027008524107805323,0.8238915557232169,0.0002811193936017936,8.71612930512176
1786995188.9895608,95.8228440284729,-0.1740128472898282,0.027085996633949894,0.8202021471328822,0.00030098507234578483,0.7358309035469536
1786995189.0024307,95.8357138633728,-0.1711855525473743,0.027145646394961732,0.8164594712130664,0.0003182036962356171,0.3644899073002069
1786995189.0190394,95.85232257843018,-0.1684321015021638,0.027185770657655234,0.8126654804905301,0.00032705468267290623,0.28226224799706284
1786995189.0315285,95.86481165885925,-0.16574525474008092,0.027210229612856462,0.8088209563719021,0.00033046776024630203,0.3755622725905064
1786995189.043324,95.87660717964172,-0.16312068267799615,0.02721772736189039,0.8049275695232978,0.00033214642065453135,0.3980673937671351
1786995189.0550125,95.88829565048218,-0.1605804495094984,0.027209948490194487,0.8009870225236728,0.0003308899061158494,0.4011101133405198
1786995189.074343,95.90762615203857,-0.15812689961417825,0.027194521290331772,0.796999680841483,0.00033024744777561795,0.24219637012859233
1786995189.091328,95.92461109161377,-0.1557591728069085,0.027176045192752785,0.7929646802585363,0.0003276958536759342,0.27544574664344373
1786995189.100145,95.9334282875061,-0.15349365088954595,0.02714969954945303,0.7888832857193216,0.00032364612287794444,0.5294302339838934
1786995189.1122184,95.94550156593323,-0.15132744915471605,0.027121438571933543,0.7847582229884751,0.000319301288400606,0.385920994950496
1786995189.1306965,95.96397972106934,-0.14924772879984188,0.027095565848164846,0.7805905022461661,0.00031083681936085796,0.25207469407408506
1786995189.149399,95.98268222808838,-0.14725892558911474,0.02706715057844955,0.7763824643967365,0.0003008349986063957,0.2488666905349701
1786995189.1628747,95.99615788459778,-0.1453691944791974,0.027033844923884918,0.7721324591713564,0.000293268701769988,0.34516430830186634
1786995189.1747332,96.00801634788513,-0.14355563744690525,0.027001395376455996,0.7678402576899777,0.0002844802331115929,0.39294508343617324
1786995189.1883404,96.0216236114502,-0.1418088357995951,0.026973392448098255,0.7635084004205858,0.0002770077064354551,0.3432634715994676
1786995189.1962473,96.02953052520752,-0.14011982584420743,0.02695052149724372,0.759135973574016,0.00026744983335231137,0.592818579708676
1786995189.212667,96.04595017433167,-0.13844918546492316,0.02692739097653945,0.7547325122075799,0.000259337366146869,0.28683816230555825
1786995189.2192895,96.05257272720337,-0.1368178786058012,0.02690035089990485,0.7502986320480196,0.0002520157347480581,0.713400162449784
1786995189.2497203,96.08300352096558,-0.13524951865510326,0.026870408555404506,0.7458320611352709,0.00024252818726716287,0.15556662093840318
1786995189.2683833,96.10166645050049,-0.13524951865510326,0.026870408555404506,0.7458320611352709,0.00024252818726716287,0.0
1786995189.269241,96.1025242805481,-0.13375586329951297,0.026840019037438476,0.741331277656116,0.0002356403153394594,5.5281986657749504
1786995189.2743213,96.10760450363159,-0.1323520964541716,0.026809993565129888,0.7367954744316335,0.0002309101717250322,0.9346350933615957
1786995189.2868552,96.12013840675354,-0.13105501210393686,0.0267767626660045,0.7322242258130242,0.0002271554254447114,0.37911778171893057
1786995189.2987154,96.13199853897095,-0.129852586042446,0.026736760083638286,0.7276187459870374,0.00022330836592856438,0.40134701672973266
1786995189.318284,96.15156722068787,-0.12871978101935988,0.026689804085893092,0.7229814708609206,0.00022110403048063417,0.2439542716961715
1786995189.3322988,96.16558194160461,-0.1276188929009002,0.026638876491601956,0.7183165036497327,0.00021659379548098586,0.3420244666738153
1786995189.3445487,96.17783188819885,-0.12654149837167789,0.026585102782055052,0.7136211230892782,0.000208289174651403,0.39328365139203164
1786995189.3546412,96.1879243850708,-0.12550166025476983,0.026528079058619952,0.7088940250470243,0.00019837802207828476,0.4796089194983371
1786995189.380544,96.21382713317871,-0.12450448176857347,0.026468595266249405,0.7041364089222321,0.00018503151813251942,0.18767735765067814
1786995189.3930597,96.22634291648865,-0.12355865244708725,0.02641182807272149,0.6993493783892024,0.00017152674830663982,0.3899001207362853
1786995189.4026058,96.2358889579773,-0.12267431781466696,0.026365340966507885,0.6945380702124189,0.00016427839628916721,0.5124769087519916
1786995189.4162073,96.24949049949646,-0.12185823878165082,0.02632723716336512,0.6897019539379488,0.00015899604898173784,0.36059415183975196
1786995189.4384205,96.27170372009277,-0.12108607653330641,0.02629309587133887,0.6848427245015283,0.00015026229230212136,0.22150395144142285
1786995189.4540858,96.28736901283264,-0.12032333731885601,0.026257426205255844,0.6799617399719534,0.0001418055797853692,0.31536911600243894
1786995189.4603937,96.29367685317993,-0.119568286438804,0.026215773873274117,0.6750583318675868,0.00013345240993774615,0.7865410855362337
1786995189.469661,96.30294418334961,-0.11884222756966673,0.02617021193849547,0.6701309325550264,0.00011978671240192216,0.5374593579406792
1786995189.5013967,96.33467984199524,-0.11817878362687467,0.02612451052361122,0.6651799637591328,0.0001009901937492254,0.15740753387689735
1786995189.5252402,96.35852336883545,-0.11759587646201372,0.02608280379450143,0.6602074707992517,8.144665693208618e-05,0.2099821963388062
1786995189.5270693,96.36035251617432,-0.11708756975841303,0.026050045743960113,0.6552122965510087,6.387968822904082e-05,2.745036950107752
1786995189.5323849,96.36566805839539,-0.11665064489377021,0.02602773655434826,0.650193717610215,4.8030756453320406e-05,0.9477136829592828
1786995189.552252,96.38553524017334,-0.1162559638987044,0.02601501591102333,0.6451561055907336,3.0097524328285657e-05,0.2543423339624957
1786995189.581275,96.41455817222595,-0.1162559638987044,0.02601501591102333,0.6451561055907336,3.0097524328285657e-05,0.0
1786995189.5817986,96.41508173942566,-0.1158489743969246,0.02600330304966123,0.6401044891031891,1.2842522133099858e-05,9.67974751708625
1786995189.5820327,96.41531586647034,-0.11541979130821854,0.025991629474272783,0.6350343456535436,-3.3948371590514122e-06,21.733027061545762
1786995189.5856907,96.41897392272949,-0.11498540033388367,0.02597390463218532,0.629945472308909,-1.9190975436171866e-05,1.3962088328087088
1786995189.611175,96.44445824623108,-0.1145587413040767,0.02594364543839822,0.624837512079985,-3.4039270980179265e-05,0.2011368916206985
1786995189.6272082,96.4604914188385,-0.11414509520695292,0.025902033276130512,0.6197109999814896,-4.526077289538976e-05,0.32079374094222374
1786995189.6333323,96.4666154384613,-0.1137504819266729,0.02585534588506537,0.6145645699644248,-5.457705371455898e-05,0.8428692602824523
1786995189.6473079,96.48059105873108,-0.11338372540722576,0.025805728368475608,0.6093981969833747,-6.330606563323849e-05,0.37061769350955803
1786995189.658628,96.49191117286682,-0.11308712820308456,0.025753194165661922,0.604214726080008,-7.06809241449366e-05,0.4586716439656699
1786995189.682652,96.51593518257141,-0.11286574478041575,0.025699620274567667,0.5990153491731511,-7.39878017965027e-05,0.21663176605286502
1786995189.691485,96.52476811408997,-0.11266598915578421,0.025649326017256915,0.5938068078426642,-7.343721477466665e-05,0.5901339798994014
1786995189.7028956,96.53617882728577,-0.11245394784499196,0.025604615762714413,0.5885867127119988,-7.239715789348417e-05,0.45786719526494873
1786995189.716294,96.54957723617554,-0.11223373407595637,0.025559581014560337,0.5833530242332279,-6.768702145831104e-05,0.3909802227749255
1786995189.7439337,96.5772168636322,-0.11199360129461895,0.025506300013138073,0.5781072196169672,-6.648271573668221e-05,0.190001410860551
1786995189.7580674,96.59135055541992,-0.11174786338751928,0.025452926454951258,0.5728493298581577,-6.313351779728776e-05,0.3724362911288874
1786995189.7700036,96.60328674316406,-0.11152242175442942,0.025405979304208334,0.5675795938994772,-5.989466416496873e-05,0.4419137031392592
1786995189.782701,96.61598420143127,-0.11133583291542122,0.02536595630896176,0.5622966576478988,-5.455332283527553e-05,0.4163338600363844
1786995189.8097544,96.64303755760193,-0.11119085476831081,0.025332392348482228,0.556996755414773,-4.910349437343986e-05,0.19598274597266255
1786995189.8194463,96.65272951126099,-0.1110870447348658,0.025297271272948462,0.5516794213676496,-4.010925367754657e-05,0.5487503800431791
1786995189.8363883,96.66967153549194,-0.11100973706959469,0.025263645570660676,0.5463463680742764,-2.9669329590465543e-05,0.31482186016005964
1786995189.8440156,96.67729878425598,-0.11093722895360442,0.025234157838657414,0.540998635427244,-1.7772709612550763e-05,0.7012103101709927
1786995189.8619146,96.69519782066345,-0.11086268139776595,0.025203472461951988,0.5356354149369787,-6.431737870692859e-06,0.29967123444042104
1786995189.8751082,96.70839142799377,-0.11077552144052076,0.025168531270141545,0.5302568605393442,2.1107064755666352e-06,0.4077257958182713
1786995189.8876278,96.72091102600098,-0.11068453656666323,0.025132292118320847,0.5248637816416991,4.091463806336686e-06,0.43084195395021707
1786995189.8951008,96.72838401794434,-0.11059651971629146,0.025093400365152917,0.519459423112347,6.314307421966391e-06,0.7233000082537283
1786995189.9164975,96.74978065490723,-0.1105089050716902,0.025054549132318152,0.514040837971088,1.2589370110657948e-05,0.25328432215859675
1786995189.9253821,96.75866532325745,-0.1104130066159156,0.02501882463522877,0.5086090139266627,1.9724146274243497e-05,0.6114789841167696
1786995189.9376912,96.7709743976593,-0.11032311119172396,0.024986170005725717,0.5031642553771482,3.086249994964002e-05,0.4424051992961255
1786995189.9509335,96.78421664237976,-0.11025003026891382,0.02495665269818373,0.497706009450369,3.7894365163252196e-05,0.41222731252344885
1786995189.9749677,96.80825090408325,-0.11020216485826177,0.024934451139214713,0.4922332317812702,4.344939644364009e-05,0.2277179170778593
1786995189.9872775,96.82056069374084,-0.11017719468758236,0.024918986177988583,0.4867465622396315,4.721699231363079e-05,0.4457223323213425
1786995189.993737,96.82702016830444,-0.1101815530087393,0.024910218818580344,0.4812475091618712,5.326375413416058e-05,0.851317199223893
1786995190.0105584,96.84384155273438,-0.11021172546199778,0.024908918330473536,0.475736960232086,6.033914615665381e-05,0.32759679850866547
1786995190.0214112,96.85469436645508,-0.11024642580701614,0.024917932026855136,0.47021531195742566,6.649943543416568e-05,0.5087864592886018
1786995190.0455694,96.8788526058197,-0.11028466249281606,0.02493570787189577,0.46468102847169984,7.006914561771703e-05,0.22909136867016305
1786995190.0521948,96.88547801971436,-0.11031683374578057,0.024966606976980325,0.45913502652978183,7.614182204794886e-05,0.8371071472156831
1786995190.0684366,96.90171980857849,-0.11032105343442304,0.025011894893546778,0.4535770924133823,8.434584470343152e-05,0.342211087226894
1786995190.0823038,96.91558694839478,-0.11030711475576956,0.025063568087191672,0.44800711589373,9.703679037191501e-05,0.4016858354771195
1786995190.1014318,96.93471503257751,-0.11029196772198589,0.025119314434763406,0.4424248588308688,0.0001082924443046289,0.2918512854103332
1786995190.1122973,96.94558048248291,-0.11026614162488552,0.025176667926450097,0.4368306661863207,0.00011739418574670293,0.5148931981385572
1786995190.121127,96.95441007614136,-0.11024102531536761,0.025239533463870468,0.4312249787588077,0.0001222520467160084,0.6349211982162485
1786995190.1346662,96.96794939041138,-0.11022513634932009,0.025308914230183263,0.4256081787877647,0.0001251179103026947,0.4148844485613199
1786995190.1473646,96.9806478023529,-0.11021685840821964,0.025382108251496647,0.4199827708168513,0.00012168472312184595,0.44303888095774147
1786995190.1624374,96.9957206249237,-0.11020838250514203,0.02545176151678392,0.41434727449958964,0.00011705844498905422,0.3739135849259066
1786995190.1703253,97.0036084651947,-0.1101982042660192,0.025522410246481334,0.40870149909923353,0.00011079671849429986,0.7158140120080924
1786995190.18249,97.0157732963562,-0.1101937253924687,0.025594124699957994,0.4030447925747279,0.00010426953611984394,0.4650424485138071
1786995190.2106137,97.04389691352844,-0.11020914154417723,0.02566403499983811,0.39737691649704476,0.00010014797571011672,0.20155046713351213
1786995190.2243283,97.0576114654541,-0.11025159533922081,0.025729605327379283,0.39169606614884556,9.939557898841276e-05,0.41425978791277923
1786995190.2331824,97.0664656162262,-0.11031337335013805,0.02578839735103731,0.3860024624376601,9.645200843384987e-05,0.6431155876241514
1786995190.2493374,97.08262062072754,-0.11037499983572714,0.025836447341037645,0.3802984209895326,9.895908279073983e-05,0.35311514223891194
1786995190.2646654,97.09794855117798,-0.1104458966736745,0.02586939405082458,0.37458529384370093,0.00010519960971550791,0.37276147842386437
1786995190.2750993,97.1083824634552,-0.1105147947319738,0.025891174514435605,0.3688666221068409,0.00011466126949292344,0.5481288401465625
1786995190.2898545,97.12313771247864,-0.11055753753340455,0.025908537271161065,0.36314316381051326,0.00012202844609027575,0.38790563424806374
1786995190.298996,97.13227915763855,-0.11057812546016979,0.025918497197527025,0.35741286465405997,0.00012284126422754574,0.6268532705858715
1786995190.320818,97.15410113334656,-0.11059202447752939,0.02592363743261474,0.35167570426242684,0.00012116202979715827,0.26290834556713627
1786995190.3342266,97.16750979423523,-0.11060488209620735,0.02593017720051034,0.3459313963877704,0.00012038879446997829,0.4284041512248279
1786995190.3497674,97.1830506324768,-0.11061189444945878,0.025941857548786335,0.34017926339926896,0.00012033089603258156,0.37013120093814755
1786995190.3613605,97.19464373588562,-0.1106066005999283,0.025959125981363757,0.33442231592051536,0.00011799810774398606,0.4965862555270379
1786995190.3702512,97.20353436470032,-0.11059391531342781,0.025973775565064895,0.3286638239147338,0.00012177554579028428,0.6477072355690263
1786995190.4062924,97.23957562446594,-0.11058330192201088,0.025985617862374175,0.32290228789761755,0.00012759739831497764,0.15986006039835113
1786995190.4073646,97.24064779281616,-0.11058534216046359,0.02599467592862857,0.3171347158914332,0.0001338397311561058,5.379359947323799
1786995190.4187286,97.25201177597046,-0.110600186742717,0.02600179464207244,0.3113613798406395,0.0001380568823742503,0.5080401339555117
1786995190.4300375,97.26332068443298,-0.1106188927190549,0.026005744120226174,0.30558360473772084,0.0001422456736503201,0.510907551584951
1786995190.4493935,97.28267669677734,-0.1106548088829184,0.02600400203918011,0.2998023060027382,0.00014598149869667485,0.29868810050436895
1786995190.4610677,97.29435086250305,-0.11072196680051155,0.02599564363528414,0.294016723974012,0.0001504044289180733,0.4956223825212098
1786995190.471459,97.30474209785461,-0.11081033726500926,0.025980823827486475,0.28823137344850475,0.00015562954458513858,0.556819684378399
1786995190.4871695,97.32045269012451,-0.11091260001478542,0.025964139284273477,0.28244701756427404,0.00016116616788064994,0.3682409761876957
1786995190.495606,97.32888913154602,-0.1110218027235534,0.025941073641929987,0.27666142356628776,0.00016291098837850016,0.6859136671548893
1786995190.5137522,97.34703540802002,-0.111132994202119,0.025910686866390923,0.2708724313274744,0.0001658314280092306,0.31908142333802436
1786995190.523245,97.35652828216553,-0.11123842080864912,0.025876275418845185,0.265078188413647,0.0001697396963134214,0.6104899351600324
1786995190.5377743,97.37105751037598,-0.11132066460374804,0.025836388630386606,0.2592788347324243,0.0001678550424405245,0.3992004180246327
1786995190.5615785,97.39486169815063,-0.1113931935451827,0.025791426534270252,0.25347482475712446,0.00016557494361103207,0.24384941525748055
1786995190.5793788,97.41266202926636,-0.1113931935451827,0.025791426534270252,0.25347482475712446,0.00016557494361103207,0.0
1786995190.5799217,97.41320490837097,-0.11147157263984951,0.025737188432906313,0.2476652081926908,0.0001652320661447155,10.702932495190694
1786995190.585125,97.41840815544128,-0.11156794767567121,0.025669256284557265,0.2418524161447852,0.00016632725837263868,1.117376848867344
1786995190.598321,97.4316041469574,-0.1116792754892209,0.02558683437279641,0.2360378136085577,0.00016691202244884597,0.4407590149421712
1786995190.6200774,97.45336055755615,-0.1117929627697143,0.025491706927459938,0.2302218610914628,0.00016718015011136633,0.2674081416554307
1786995190.6494684,97.4827516078949,-0.1117929627697143,0.025491706927459938,0.2302218610914628,0.00016718015011136633,0.0
1786995190.650231,97.48351407051086,-0.11189240365321812,0.025382435776634182,0.22440398592631428,0.00016750859136765273,7.632834373037385
1786995190.6507092,97.48399233818054,-0.11196606542762114,0.02526442852200683,0.21858307928324022,0.000166795015623145,12.174288665372465
1786995190.6586223,97.49190545082092,-0.11203155723139521,0.025139914212463643,0.21275858905650963,0.00016232657983054812,0.7362702088941019
1786995190.6956496,97.52893280982971,-0.11211825239779592,0.025016615429701967,0.20693218862656917,0.0001607469123851207,0.15740657419693652
1786995190.7131674,97.5464506149292,-0.11211825239779592,0.025016615429701967,0.20693218862656917,0.0001607469123851207,0.0
1786995190.713744,97.54702711105347,-0.11222971864668503,0.024899091389734847,0.2011042697158697,0.00016021121840278842,10.113111213734497
1786995190.716838,97.55012106895447,-0.11235572909089168,0.024785445431561085,0.19527417060751218,0.000160432289598902,1.8851478273419928
1786995190.7253258,97.55860900878906,-0.11250866081021431,0.024671289907606624,0.18944015455401636,0.00016182575941207933,0.6876976801107344
1786995190.7363703,97.56965351104736,-0.1126845922511029,0.02455484415040153,0.18360116378648328,0.00016673848236445615,0.5290234870934923
1786995190.763638,97.59692120552063,-0.11285373408818632,0.024436358113701172,0.17775959711635522,0.00017353659397002506,0.21436414135450751
1786995190.772469,97.60575222969055,-0.11301021903692955,0.02431905491731474,0.17191405580600652,0.00018056601768767728,0.6623027861948071
1786995190.7866762,97.61995935440063,-0.11313428502883997,0.024202752758972865,0.16606307406055482,0.00018507235248140644,0.41200824237875205
1786995190.7972808,97.6305639743805,-0.11322926195190262,0.024090028452631185,0.1602057001250811,0.00018767482867927942,0.5525165783086652
1786995190.8220093,97.65529251098633,-0.11331004634075657,0.023982363566480546,0.15434260706007197,0.0001932955006544941,0.2371607358193214
1786995190.8354056,97.66868877410889,-0.11338985135872491,0.023879557598341462,0.14847681871368804,0.00019996115352070767,0.4379752698885235
1786995190.848291,97.68157410621643,-0.11347256644992328,0.023780396760189698,0.1426065195137206,0.00020520046805012608,0.4556901782145783
1786995190.8569138,97.6901969909668,-0.11353063635108508,0.023676663675956645,0.1367325617069339,0.00020410148413259932,0.681345146922043
1786995190.8830242,97.7163074016571,-0.11355675671142543,0.023564638867591636,0.130855267947388,0.00020119217182351895,0.22513699210884286
1786995190.9023287,97.73561191558838,-0.1135590334867525,0.023445864701803848,0.12497334204693233,0.00019585808548831704,0.30475387505236307
1786995190.9134047,97.74668788909912,-0.11355367616532624,0.0233265227481825,0.11908671359384917,0.00018905436780704526,0.5315867263297124
1786995190.9235272,97.75681042671204,-0.1135743183125142,0.02320794190830162,0.11319844389839842,0.000186864714435622,0.5818204874569776
1786995190.9371908,97.77047395706177,-0.11362523989598346,0.023085499218977443,0.10730981762162664,0.0001877261154749603,0.43108326238093525
1786995190.9553647,97.78864789009094,-0.1137077459155452,0.022957094069728682,0.101417835352481,0.0001910063053243594,0.3243083804571379
1786995190.9621613,97.79544448852539,-0.11381178275301529,0.022827734503446443,0.09552405009095116,0.00019629570498197482,0.8675108150045974
1786995190.9729729,97.80625605583191,-0.11391342784580362,0.022696110779799772,0.08963147388224053,0.00020261757281664618,0.54524217451354
1786995190.9964066,97.82968974113464,-0.11400905160503776,0.0225597652279004,0.08373889841635111,0.00020661071284425254,0.2515578843644331
1786995191.0071912,97.84047436714172,-0.11400905160503776,0.0225597652279004,0.08373889841635111,0.00020661071284425254,0.0
1786995191.0092163,97.84249949455261,-0.11410540573251787,0.022415552962626147,0.07784337130826091,0.0002095194986939062,2.9124477408404457
1786995191.0181262,97.85140943527222,-0.11420225531180582,0.02226035586657369,0.0719452355553033,0.000211843889082184,0.6622908336967744
1786995191.0319917,97.86527490615845,-0.1142964924450825,0.02210239349091748,0.0660443186692758,0.0002169299876819206,0.42579029411333214
1786995191.0519996,97.88528275489807,-0.11437843226751922,0.021948141844760422,0.06013975068335161,0.00021995171063971008,0.29524167722637723
1786995191.0633633,97.89664649963379,-0.11444442876956407,0.02179999603404476,0.05423058246065433,0.00022191638090323756,0.5201976572713424
1786995191.0781758,97.91145896911621,-0.11450966133190045,0.02165661932350981,0.04831776250285541,0.00022287262172944995,0.3993201646597509
1786995191.0873718,97.92065501213074,-0.11458461483406568,0.021516958080432504,0.0424001634339305,0.0002212836868676047,0.6437248542012747
1786995191.0991917,97.93247485160828,-0.11465449920592358,0.02138332511957014,0.036480330044714064,0.00022328033116047991,0.5010012095103238
1786995191.1232986,97.9565818309784,-0.11469848015097375,0.021256983146785466,0.0305611099832096,0.0002277148637088235,0.24560238408234294
1786995191.1392658,97.9725489616394,-0.11473037795322617,0.021140826782590195,0.024642094028401472,0.00023109576125339182,0.3707767941998845
1786995191.1508567,97.984139919281,-0.11477376037031559,0.02102920463420815,0.018721938488256852,0.00023552204135370936,0.5108608663827964
1786995191.1620777,97.99536085128784,-0.11484140812274242,0.02091755903002129,0.012798508847676825,0.0002392627500993264,0.5280192322030287
1786995191.1769757,98.01025891304016,-0.11492094913107027,0.02080534335201762,0.006873832656579544,0.00024151677681091257,0.39778816284209206
1786995191.1893015,98.02258467674255,-0.11498850112995894,0.02068532751081907,0.0009494665220649914,0.00024279549357638963,0.4807788652829144
1786995191.1980438,98.03132700920105,-0.11498853747068992,0.020685334171736257,0.000965530848501879,0.00024276625502157057,0.0018375380939872569
1786995191.2110786,98.04436182975769,-0.11498856903135095,0.02068535204559076,0.0009789047625862954,0.00024274945586720103,0.001026018210963782
1786995191.227347,98.0606300830841,-0.11498859367592752,0.02068537284878577,0.0009903144839569847,0.00024274542686480928,0.0007013516892348083
1786995191.238123,98.07140612602234,-0.11498861905315386,0.020685393044877664,0.001001562945252027,0.00024274254419951483,0.0010438440266332854
1786995191.2521636,98.08544683456421,-0.11498864509201422,0.020685412664337884,0.001012655093691646,0.00024274063823701909,0.000790002607116056
1786995191.2621386,98.09542179107666,-0.11498867164627095,0.02068543162811489,0.0010235957669822368,0.00024273962941651826,0.0010968190124086119
1786995191.2863686,98.1196517944336,-0.11498869860921643,0.020685449950689175,0.0010343895932540606,0.000242739291731176,0.00044547560892648164
1786995191.2983992,98.13168239593506,-0.11498872424725252,0.02068546571012971,0.001045040993988,0.00024274043193569497,0.0008853624855441292
1786995191.309183,98.14246606826782,-0.11498874061600298,0.02068547106383109,0.0010555541122299963,0.0002427433694874483,0.0009749120729624785
1786995191.3203578,98.15364098548889,-0.11498876570809693,0.020685483626138524,0.001065933142977829,0.00024274642735348776,0.0009287826008802796
1786995191.3395753,98.1728584766388,-0.11498877937786202,0.020685483617767852,0.0010761820078869916,0.00024274950768726918,0.0005333096784314811
1786995191.3539917,98.18727493286133,-0.1149887942551546,0.02068548358998718,0.0010863046651238203,0.00024275228723079283,0.0007021606428932159
1786995191.375176,98.20845913887024,-0.1149888142837455,0.020685488821476413,0.0010963048352934657,0.0002427560619392638,0.00047205883433619597
1786995191.381946,98.21522927284241,-0.11498884472533323,0.020685505407281108,0.0011061862771210365,0.00024275618494388023,0.0014595726876184204
1786995191.3962164,98.22949957847595,-0.11498887506038806,0.020685521604999,0.0011159525265597298,0.00024275566072933405,0.0006843798747978826
1786995191.4116871,98.24497032165527,-0.11498890607425345,0.02068553703237879,0.0011256068547871798,0.00024275694892789693,0.0006240417966084785
1786995191.4203787,98.25366187095642,-0.11498893716845653,0.020685552119783138,0.001135152524587936,0.00024275789673749166,0.0010982774228571592
1786995191.4356906,98.26897382736206,-0.11498896809030815,0.020685566893877953,0.0011445929468869367,0.00024275796738866485,0.0006165433241286138
1786995191.44798,98.28126311302185,-0.11498899917610164,0.02068558122349635,0.0011539311548277378,0.0002427581532398964,0.000759870909838294
1786995191.4785585,98.3118417263031,-0.11498899917610164,0.02068558122349635,0.0011539311548277378,0.0002427581532398964,0.0
1786995191.479115,98.31239819526672,-0.11498903053091467,0.020685595138983784,0.001163170068485403,0.0002427586198614399,0.01660286187848596
1786995191.48542,98.31870317459106,-0.11498906220934997,0.020685608660254363,0.0011723126486571436,0.00024275947086386415,0.0014500674120512243
1786995191.4966617,98.32994484901428,-0.11498909288693847,0.020685618872503312,0.0011813617833068349,0.00024276441503026961,0.0008049683767298286
1786995191.5072925,98.34057569503784,-0.11498912499705263,0.020685631666530254,0.0011903204120796568,0.00024276549574284745,0.0008427076672966157
1786995191.5263674,98.35965061187744,-0.11498915736808002,0.02068564407862116,0.0011991910910289227,0.00024276686359015628,0.0004650477258542295
1786995191.5424063,98.37568950653076,-0.1149891897789297,0.02068565611761617,0.0012079765223891523,0.00024276806267295334,0.0005477621483887879
1786995191.5526228,98.38590598106384,-0.11498922249138908,0.020685667822928095,0.0012166791443152664,0.00024276955507846992,0.000851829195230805
1786995191.568235,98.40151810646057,-0.11498925498610306,0.02068567914129797,0.0012253016953675325,0.0002427704342264021,0.0005523027448695089
1786995191.5932806,98.42656373977661,-0.11498928783280628,0.020685690156782854,0.0012338462374994058,0.00024277168323559651,0.0003411617609533173
1786995191.6037,98.43698310852051,-0.11498932077626584,0.020685700843485342,0.0012423151474974942,0.00024277285052680864,0.0008128113153931473
1786995191.6100721,98.44335532188416,-0.11498934373600582,0.020685700834011667,0.0012507106025898343,0.00024277567319802885,0.0013175149682093687
1786995191.627754,98.46103715896606,-0.11498937737999002,0.02068571121715201,0.00125903493428986,0.00024277697918179334,0.00047078853431365813
1786995191.6442118,98.47749495506287,-0.1149894112818396,0.020685721296815136,0.0012672901808095521,0.0002427785384762435,0.0005016055756705659
1786995191.6593542,98.49263739585876,-0.11498944524389211,0.02068573109188343,0.0012754784526914711,0.00024277992399798177,0.0005407548414288819
1786995191.66513,98.4984130859375,-0.11498947913225298,0.020685740573478124,0.001283601830399314,0.00024278093140070418,0.0014064906212715685
1786995191.682324,98.51560711860657,-0.11498951336167863,0.0206857498048835,0.0012916619939991117,0.00024278229417093352,0.0004687813337758764
1786995191.697408,98.53069114685059,-0.11498954765286293,0.020685758756629327,0.0012996610085152516,0.0002427835114430134,0.0005303021777216618
1786995191.7067513,98.540034532547,-0.11498958205245317,0.020685767443702662,0.0013076007157605818,0.0002427846781577267,0.0008497761705634003
1786995191.725294,98.55857729911804,-0.11498961692332858,0.020685775889028528,0.0013154826109538845,0.00024278647896809366,0.0004250701654796961
1786995191.7320318,98.56531500816345,-0.11498965393960175,0.02068578409072952,0.0013233086114811388,0.00024278805284485227,0.0011615361116808728
1786995191.7524164,98.58569955825806,-0.11498968882789717,0.020685792045595338,0.0013310804723213818,0.00024278929949768016,0.00038126636018607135
1786995191.7730224,98.60630559921265,-0.11498972363327338,0.020685799737648173,0.0013387998320589442,0.000242790138947106,0.00037462033840143935
1786995191.781709,98.61499214172363,-0.11498975908844876,0.020685807231173848,0.0013464677932530852,0.00024279193732209658,0.0008827501637670295
1786995191.7976153,98.63089847564697,-0.11498979889133355,0.020685814488202666,0.0013540860536947683,0.00024279407188852457,0.0004789518384652625
1786995191.8077185,98.64100170135498,-0.11498984089662345,0.020685821526613652,0.0013616561774140307,0.0002427962934166704,0.000749289756471816
1786995191.818936,98.65221929550171,-0.11498988151742161,0.02068582694439651,0.0013691795187125017,0.00024280296611740767,0.0006706832866284975
1786995191.830923,98.6642062664032,-0.11498991976898297,0.020685833575656436,0.0013766575805776934,0.00024280548777860369,0.0006238575781798866
1786995191.843989,98.67727208137512,-0.11498995629547067,0.020685840007284288,0.0013840916635329409,0.00024280797748403568,0.0005689790868086528
1786995191.8559859,98.68926906585693,-0.11498999089164398,0.020685844179443812,0.001391483192695074,0.00024281051254498398,0.0006161224359631252
1786995191.8759904,98.70927357673645,-0.11499002775186512,0.02068585029955679,0.001398833363174902,0.00024281291799502146,0.00036743040088434614
1786995191.8912961,98.72457933425903,-0.11499006283036302,0.020685854287386743,0.0014061433856016603,0.00024281549050217765,0.00047760508870939246
1786995191.899182,98.7324652671814,-0.1149900998921246,0.020685860142661685,0.0014134145749292448,0.00024281747609292899,0.0009220578223609054
1786995191.9112287,98.74451184272766,-0.114990137274931,0.020685863919752943,0.0014206478581792054,0.00024282038841316435,0.0006004512077275679
1786995191.9444525,98.77773571014404,-0.114990137274931,0.020685863919752943,0.0014206478581792054,0.00024282038841316435,0.0
1786995191.9449928,98.77827596664429,-0.11499017322332265,0.02068586762877594,0.0014278444350600689,0.00024282334330183745,0.013320834858369181
1786995191.9517312,98.78501439094543,-0.11499021081572024,0.02068587308340595,0.0014350056139469866,0.00024282532066788635,0.001062752850464168
1786995191.9623604,98.79564356803894,-0.11499024867615604,0.02068587836800488,0.0014421321630588707,0.0002428275624682479,0.0006704800923258261
1786995191.9760737,98.8093569278717,-0.11499028682603915,0.020685883485137235,0.001449225229915016,0.0002428301032874082,0.0005172453273155126
1786995191.993446,98.82672929763794,-0.11499032272141985,0.02068588444450606,0.0014562857030491483,0.00024283618088094175,0.0004064249460276166
1786995192.0121286,98.84541177749634,-0.11499032272141985,0.02068588444450606,0.0014562857030491483,0.00024283618088094175,0.0
1786995192.0194204,98.85270357131958,-0.1149903597715606,0.02068588773610538,0.0014633146260586705,0.00024283903314954795,0.0009639632712329265
1786995192.020769,98.85405206680298,-0.11499039523383923,0.02068588801018409,0.0014702727152720932,0.00024284208621285085,0.005159957650291996
1786995192.0308807,98.86416387557983,-0.11499043545743023,0.020685892812776347,0.0014770337444056994,0.00024284490587439856,0.0006686390772555863
1786995192.051417,98.88470029830933,-0.11499047238368942,0.02068589646384187,0.0014835939224574282,0.0002428500845301453,0.00031944623849497597
1786995192.0662653,98.89954853057861,-0.11499050813326882,0.02068590101433389,0.0014899593140980036,0.0002428525967656425,0.0004287038039266182
1786995192.0793426,98.91262578964233,-0.1149905418970705,0.02068590540744885,0.0014961369598003038,0.0002428525012255384,0.00047240323841750306
1786995192.087931,98.92121410369873,-0.11499057466752899,0.020685909669117927,0.0015021311478523869,0.00024285229209212262,0.0006979576091028873
1786995192.1095731,98.9428563117981,-0.11499060660547024,0.0206859138043939,0.0015079472952017545,0.00024285215626332208,0.00026874505973419435
1786995192.1237476,98.95703077316284,-0.11499063766691249,0.020685917816975232,0.001513590679799337,0.0002428520085244221,0.00039814363029389114
1786995192.134212,98.96749520301819,-0.1149906691340009,0.020685921710407725,0.0015190664573729792,0.00024285199360306054,0.0005232840629713968
1786995192.1477432,98.98102641105652,-0.11499070192286778,0.020685925488293355,0.0015243795935879073,0.0002428519864582982,0.0003926655119558648
1786995192.1585946,98.99187779426575,-0.11499073056485681,0.020685929154007143,0.0015295349420536425,0.00024285192212556892,0.000475094209951529
1786995192.1714208,99.00470399856567,-0.11499076041029375,0.02068593271048093,0.0015345371723756648,0.00024285186667600989,0.0003900078701239513
1786995192.1801662,99.0134494304657,-0.1149907903799607,0.020685936161698608,0.001539390830899108,0.00024285165109752337,0.0005550042960947392
1786995192.193394,99.02667713165283,-0.11499081949340867,0.020685939510404518,0.0015441003091121938,0.00024285133892161444,0.000356038386724582
1786995192.2089946,99.04227781295776,-0.1149908475246461,0.020685942759512004,0.0015486699232584444,0.00024285120561679508,0.000292916776309828
1786995192.2382467,99.07152986526489,-0.11499087388359719,0.020685945912145908,0.0015531038200851666,0.00024285120694255306,0.00015157829784268357
1786995192.2440996,99.07738280296326,-0.11499089810293509,0.020685948971257435,0.0015574060072705634,0.00024285113610986192,0.0007350593267926525
1786995192.2633321,99.09661531448364,-0.11499092169882269,0.020685951939663022,0.0015615804177260273,0.00024285112680962062,0.0002170532014952377
1786995192.274888,99.10817122459412,-0.11499094453620366,0.020685954819436872,0.0015656308475390512,0.00024285099706199516,0.00035051286995681983
1786995192.3075137,99.14079689979553,-0.11499094453620366,0.020685954819436872,0.0015656308475390512,0.00024285099706199516,0.0
1786995192.3081043,99.14138746261597,-0.11499096726488238,0.020685957613558292,0.0015695609705521918,0.00024285093488824244,0.006654990107817755
1786995192.3083298,99.1416130065918,-0.11499098984199384,0.020685960325085205,0.0015733743600690187,0.00024285093743324485,0.016907821634002288
1786995192.312344,99.14562726020813,-0.11499101213961463,0.020685962956322537,0.0015770744616578208,0.00024285088128693462,0.000921757831607398
1786995192.3251474,99.15843057632446,-0.11499103335910156,0.020685965509670334,0.0015806647027202664,0.00024285084883873137,0.00028041990404967113
1786995192.3526685,99.18595170974731,-0.11499105322323605,0.02068596798717975,0.001584148289880384,0.00024285079108124843,0.00012658071242254982
1786995192.3623254,99.19560861587524,-0.11499107251469595,0.020685970390348227,0.0015875284494459782,0.00024285069265439786,0.0003500308924362415
1786995192.3733075,99.20659065246582,-0.11499109120127697,0.020685972722098482,0.001590808220118145,0.00024285053700140322,0.0002986535973719993
1786995192.3843906,99.21767377853394,-0.11499110941009856,0.020685974984680097,0.001593990584270344,0.0002428504347923889,0.00028714074260755473
1786995192.406591,99.23987412452698,-0.11499112703913948,0.020685977179777628,0.0015970784258535,0.00024285024559024998,0.0001390920973757751
1786995192.4242568,99.25753998756409,-0.11499114416043357,0.0206859793104399,0.0016000745232472163,0.00024285006982401335,0.00016960094532075622
1786995192.4352164,99.26849961280823,-0.1149911608613893,0.020685981377476948,0.0016029816189490828,0.0002428499414767763,0.00026525947230582596
1786995192.4470177,99.2803008556366,-0.11499117714680455,0.02068598338226376,0.0016058023683062084,0.0002428498230041611,0.00023902542482813222
1786995192.4628954,99.29617857933044,-0.11499119305102799,0.02068598532697014,0.0016085393506093879,0.00024284976764790927,0.00017238171258382378
1786995192.4714425,99.30472564697266,-0.11499120836066692,0.02068598721390962,0.0016111950664736766,0.00024284957436078908,0.00031072184915914954
1786995192.4818764,99.31515955924988,-0.11499122337762296,0.020685989045130256,0.0016137706067048396,0.00024284942332846203,0.00024684745206936086
1786995192.4946885,99.32797169685364,-0.11499123803895316,0.020685990822376023,0.0016162624608902845,0.00024284915208994508,0.00019449509733425254
1786995192.5028136,99.33609676361084,-0.11499125226491878,0.020685992547044525,0.001618676892459342,0.00024284889706015494,0.0002971636008546422
1786995192.5325792,99.36586236953735,-0.11499126606837823,0.020685994220566016,0.001621018314153809,0.00024284865738459618,7.86633736248008e-05
1786995192.5452833,99.37856650352478,-0.11499127946185575,0.020685995844409746,0.0016232896997870963,0.00024284843218715557,0.00017879421798440792
1786995192.5542452,99.38752841949463,-0.11499129245752053,0.02068599742003234,0.0016254934359559228,0.0002428482206188738,0.0002459044536423838
1786995192.5662057,99.39948892593384,-0.11499130506718622,0.020685998948859002,0.0016276316483752676,0.0002428480218745765,0.000178775886948044
1786995192.5942903,99.4275734424591,-0.11499131730231762,0.0206860004322771,0.0016297063273058854,0.00024284783519644342,7.387399873001047e-05
1786995192.6068456,99.44012880325317,-0.11499132917403972,0.020686001871634444,0.0016317193763999843,0.00024284765987274445,0.00016033665996794904
1786995192.62121,99.45449328422546,-0.11499134069314716,0.02068600326823953,0.0016336726323493006,0.00024284749523510908,0.00013598057725837924
1786995192.6288366,99.46211981773376,-0.114991351870114,0.020686004623362165,0.0016355678733562112,0.00024284734065560125,0.0002485106039931837
1786995192.652666,99.48594927787781,-0.11499136271510317,0.020686005938234543,0.0016374068233470235,0.00024284719554394668,7.717264377802768e-05
1786995192.6704125,99.50369572639465,-0.11499137323797566,0.02068600721405224,0.0016391911545035956,0.00024284705934502708,0.00010054759065640138
1786995192.675009,99.50829219818115,-0.11499138007900701,0.02068600804347467,0.001640351167958666,0.00024284697323807646,0.00025237485996869666
1786995192.686816,99.52009916305542,-0.11499139335535846,0.020686009653129604,0.0016426024013484822,0.0002428468116272226,0.00019067331330816902
1786995192.7074792,99.540762424469,-0.11499139979604345,0.02068601043401261,0.0016436945308966194,0.00024284673584646667,5.285461945274473e-05
1786995192.7173388,99.55062198638916,-0.11499141229544613,0.020686011949467602,0.0016458140222669476,0.00024284659368275678,0.0002149719009503704
1786995192.731312,99.56459522247314,-0.11499141835921467,0.020686012684652,0.0016468422404682312,0.00024284652705450538,7.358612835817305e-05
1786995192.7462816,99.5795648097992,-0.11499143012713864,0.020686014111420143,0.0016488376993365195,0.00024284640212784796,0.00013330321233217458
1786995192.7583673,99.59165048599243,-0.11499143583604929,0.02068601480358045,0.001649805746272888,0.00024284634361205378,8.010011205897693e-05
1786995192.7731843,99.60646748542786,-0.11499144691530318,0.02068601614685214,0.001651684431011477,0.00024284623396382988,0.0001267947600190597
1786995192.7901158,99.62339901924133,-0.11499145229012335,0.020686016798506318,0.0016525958279013445,0.00024284618263872626,5.3829321153870935e-05
1786995192.7990322,99.63231539726257,-0.11499146272101024,0.020686018063168117,0.001654364572122237,0.00024284608653298833,0.00019837375958818855
1786995192.8190377,99.6523208618164,-0.11499146778129184,0.02068601867668677,0.0016552226341212603,0.00024284604158157657,4.289213764622309e-05
1786995192.8253412,99.65862441062927,-0.11499147760175589,0.020686019867339228,0.0016568878715460672,0.00024284595747966228,0.0002641792515505136
1786995192.8383353,99.67161846160889,-0.11499148236590652,0.020686020444954163,0.001657695719812037,0.0002428459181777866,6.217172162111711e-05
1786995192.848018,99.68130111694336,-0.11499149161167108,0.020686021565928574,0.0016592635076551829,0.00024284584471586946,0.00016191999530743823
1786995192.8584034,99.69168663024902,-0.11499149609702099,0.02068602210974101,0.0016600240806979652,0.00024284581042165396,7.32353269872954e-05
1786995192.8892927,99.72257590293884,-0.11499150480171867,0.02068602316511513,0.001661500121711991,0.0002428457463908664,4.778574986675577e-05
1786995192.8961024,99.72938561439514,-0.11499150902458376,0.020686023677103267,0.0016622161860753368,0.00024284571653536554,0.00010515526284374734
1786995192.9070432,99.74032640457153,-0.11499151721987878,0.02068602467071619,0.001663605849276023,0.00024284566086419052,0.00012701895369899788
1786995192.9228706,99.75615382194519,-0.11499152119562014,0.020686025152742458,0.0016642800096101779,0.0002428456349430998,4.259521396161116e-05
1786995192.940964,99.77424716949463,-0.11499152891132355,0.020686026088208586,0.0016655883498261637,0.00024284558668175962,7.231184266099282e-05
1786995192.9506907,99.78397393226624,-0.11499153265440325,0.020686026542026427,0.001666223058351346,0.00024284556424807084,6.525498146693323e-05
1786995192.966644,99.79992723464966,-0.11499153991858137,0.02068602742274865,0.0016674548346052379,0.00024284552255469648,7.721272740549992e-05
1786995192.976372,99.80965518951416,-0.11499154344261503,0.020686027850008875,0.0016680524000406427,0.00024284550321218887,6.142873682654937e-05
1786995192.997481,99.83076429367065,-0.11499154689651994,0.020686028268766553,0.0016686380739074427,0.00024284548481995878,2.774557349570378e-05
1786995193.0047796,99.83806276321411,-0.11499155194893117,0.02068602888132996,0.0016694948043888616,0.00024284545893188248,0.00011738702107494201
1786995193.01863,99.85191321372986,-0.1149915568512798,0.020686029475699474,0.001670326089089215,0.000242845434977815,6.001966269010341e-05
1786995193.0281484,99.86143159866333,-0.11499156160802301,0.020686030052415476,0.0016711326837780677,0.0002428454128445793,8.474220432862002e-05
1786995193.0613453,99.89462852478027,-0.11499156622348541,0.020686030612002332,0.0016719153217718483,0.00024284539242561953,2.3576032322117797e-05
1786995193.0681713,99.90145444869995,-0.11499157070186333,0.02068603115496879,0.0016726747146089058,0.00024284537362061787,0.00011125325233422616
1786995193.0828834,99.91616654396057,-0.11499157504722836,0.020686031681808482,0.001673411552699941,0.0002428453563351263,5.0084714597218194e-05
1786995193.093638,99.92692112922668,-0.11499157926353114,0.020686032193000442,0.0016741265059396424,0.00024284534048022195,6.648009542701186e-05
1786995193.1202483,99.95353150367737,-0.11499158335460503,0.02068603268900939,0.0016748202243319424,0.00024284532597218875,2.606993125823558e-05
1786995193.1419463,99.97522950172424,-0.11499158335460503,0.02068603268900939,0.0016748202243319424,0.00024284532597218875,0.0
1786995193.142498,99.97578120231628,-0.11499158732416949,0.020686033170286323,0.001675493338576646,0.0002428453127322067,0.001220093165106982
1786995193.1427925,99.97607564926147,-0.1149915911758335,0.020686033637268772,0.0016761464606356025,0.00024284530068607093,0.0022181706881329254
1786995193.1528072,99.98609042167664,-0.11499159491309888,0.020686034090381302,0.0016767801842966015,0.0002428452897639185,6.328000442990153e-05
1786995193.1765754,100.00985860824585,-0.11499159853936343,0.020686034530035882,0.0016773950857168207,0.0002428452798999731,2.587123204007286e-05
1786995193.191075,100.02435827255249,-0.11499160205792401,0.020686034956632255,0.0016779917239343745,0.00024284527103230792,4.114914196442727e-05
1786995193.200174,100.03345727920532,-0.11499160547197955,0.020686035370558232,0.0016785706413845053,0.00024284526310262258,6.362536999691223e-05
1786995193.2195044,100.05278754234314,-0.11499160986684172,0.02068603590339888,0.0016793158731144425,0.00024284525389438162,3.85532713098454e-05
1786995193.234497,100.06778025627136,-0.11499161408852843,0.020686036415243435,0.0016800317397191455,0.00024284524613513153,4.774847564618152e-05
1786995193.2428792,100.07616233825684,-0.11499161408852843,0.020686036415243435,0.0016800317397191455,0.00024284524613513153,0.0
1786995193.2545726,100.08785581588745,-0.11499161814386351,0.020686036906919204,0.0016807193983033875,0.0002428452397129314,5.880805859587086e-05
1786995193.2661524,100.09943556785583,-0.11499162203940197,0.020686037379220933,0.0016813799603719384,0.00024284523452448707,5.7045584887831554e-05
1786995193.275701,100.10898423194885,-0.11499162578144045,0.020686037832912053,0.0016820144936418105,0.00024284523047448427,6.645374261406946e-05
1786995193.3250482,100.15833139419556,-0.11499162578144045,0.020686037832912053,0.0016820144936418105,0.00024284523047448427,0.0
1786995193.325578,100.15886116027832,-0.11499162578144045,0.020686037832912053,0.0016820144936418105,0.00024284523047448427,0.0
1786995193.3257968,100.15908002853394,-0.11499162937602747,0.020686038268725903,0.0016826240237498083,0.00024284522747497256,0.002784966971052875
1786995193.3354185,100.16870164871216,-0.11499163282897328,0.020686038687366935,0.001683209535919189,0.00024284522544479564,6.085487575387421e-05
1786995193.348005,100.18128824234009,-0.11499163282897328,0.020686038687366935,0.001683209535919189,0.00024284522544479564,0.0
1786995193.361452,100.19473528862,-0.11499163695445414,0.02068603918754725,0.0016839090891252115,0.00024284522415667545,5.2023733300400504e-05
1786995193.3696103,100.20289349555969,-0.11499164087774523,0.020686039663213713,0.0016845743572415015,0.0002428452241328823,8.154731297979103e-05
1786995193.38264,100.21592307090759,-0.11499164087774523,0.020686039663213713,0.0016845743572415015,0.0002428452241328823,0.0
1786995193.3934164,100.22669959068298,-0.11499164460875586,0.020686040115567787,0.001685207020580462,0.00024284522525252336,5.870861049992514e-05
1786995193.428458,100.26174116134644,-0.11499164460875586,0.020686040115567787,0.001685207020580462,0.00024284522525252336,0.0
1786995193.4324994,100.26578259468079,-0.11499164815690975,0.02068604054575198,0.0016858086770994221,0.00024284522740626664,0.0001488746900318104
1786995193.4432724,100.27655553817749,-0.11499164815690975,0.02068604054575198,0.0016858086770994221,0.00024284522740626664,0.0
1786995193.455911,100.28919410705566,-0.11499165218591062,0.020686041034234867,0.001686491870296812,0.0002428452312172289,5.405716886395419e-05
1786995193.4709268,100.30420994758606,-0.11499165218591062,0.020686041034234867,0.001686491870296812,0.0002428452312172289,0.0
1786995193.4813318,100.31461501121521,-0.11499165597913488,0.02068604149413179,0.0016871350831002552,0.00024284523622234748,6.181837762727751e-05
1786995193.5003452,100.3336284160614,-0.11499165597913488,0.02068604149413179,0.0016871350831002552,0.00024284523622234748,0.0
1786995193.5114272,100.34471035003662,-0.11499165955038021,0.02068604192711562,0.0016877406551607937,0.00024284524228594895,5.464594419692515e-05
1786995193.526063,100.35934615135193,-0.11499165955038021,0.02068604192711562,0.0016877406551607937,0.00024284524228594895,0.0
1786995193.5398712,100.37315440177917,-0.11499166345356394,0.020686042400344214,0.0016884025136327946,0.0002428452505382915,4.793294803740674e-05
1786995193.5503216,100.38360476493835,-0.11499166345356394,0.020686042400344214,0.0016884025136327946,0.0002428452505382915,0.0
1786995193.5676677,100.40095090866089,-0.11499166709158624,0.02068604284142421,0.0016890194089530172,0.0002428452599005312,3.556445829985742e-05
1786995193.5791442,100.41242742538452,-0.11499166709158624,0.02068604284142421,0.0016890194089530172,0.0002428452599005312,0.0
1786995193.6053863,100.4386694431305,-0.11499166709158624,0.02068604284142421,0.0016890194089530172,0.0002428452599005312,0.0
1786995193.606097,100.4393801689148,-0.11499166709158624,0.02068604284142421,0.0016890194089530172,0.0002428452599005312,0.0
1786995193.6063192,100.43960237503052,-0.11499167094768975,0.020686043308944746,0.0016896732840212814,0.00024284527177331286,0.00294270301018415
1786995193.6147528,100.44803595542908,-0.11499167094768975,0.020686043308944746,0.0016896732840212814,0.00024284527177331286,0.0
1786995193.6342642,100.46754741668701,-0.11499167094768975,0.020686043308944746,0.0016896732840212814,0.00024284527177331286,0.0
1786995193.654131,100.48741412162781,-0.11499167450588886,0.02068604374034685,0.0016902766437420225,0.00024284528471895314,3.0370933105035705e-05
1786995193.6694176,100.50270080566406,-0.11499167450588886,0.02068604374034685,0.0016902766437420225,0.00024284528471895314,0.0
1786995193.678971,100.51225423812866,-0.11499167450588886,0.02068604374034685,0.0016902766437420225,0.00024284528471895314,0.0
1786995193.6966317,100.52991485595703,-0.1149916781813599,0.02068604418596722,0.0016908998890827961,0.00024284530036771865,3.529074371797952e-05
1786995193.715381,100.54866409301758,-0.1149916781813599,0.02068604418596722,0.0016908998890827961,0.00024284530036771865,0.0
1786995193.7241113,100.55739450454712,-0.1149916781813599,0.02068604418596722,0.0016908998890827961,0.00024284530036771865,0.0
1786995193.7366035,100.56988668441772,-0.11499168189363014,0.020686044636049183,0.0016915293743733281,0.00024284531888024767,5.039123708302676e-05
1786995193.7474165,100.58069968223572,-0.11499168189363014,0.020686044636049183,0.0016915293743733281,0.00024284531888024767,0.0
1786995193.7655604,100.59884357452393,-0.11499168189363014,0.020686044636049183,0.0016915293743733281,0.00024284531888024767,0.0
1786995193.7827568,100.61603999137878,-0.11499168189363014,0.020686044636049183,0.0016915293743733281,0.00024284531888024767,0.0
1786995193.7833655,100.61664867401123,-0.11499168189363014,0.020686044636049183,0.0016915293743733281,0.00024284531888024767,0.0
1786995193.793836,100.62711930274963,-0.11499168556848512,0.020686045081594856,0.0016921525151385453,0.00024284534036349766,5.951426374223031e-05
1786995193.8041418,100.6374249458313,-0.11499168556848512,0.020686045081594856,0.0016921525151385453,0.00024284534036349766,0.0
1786995193.8303432,100.66362643241882,-0.11499168556848512,0.020686045081594856,0.0016921525151385453,0.00024284534036349766,0.0
1786995193.8406513,100.67393445968628,-0.11499168556848512,0.020686045081594856,0.0016921525151385453,0.00024284534036349766,0.0
1786995193.8531554,100.68643856048584,-0.11499168914018995,0.020686045514634478,0.0016927581647862774,0.00024284536487278278,4.8436936320882564e-05
1786995193.860196,100.69347929954529,-0.11499168914018995,0.020686045514634478,0.0016927581647862774,0.00024284536487278278,0.0
1786995193.8813293,100.71461248397827,-0.11499168914018995,0.020686045514634478,0.0016927581647862774,0.00024284536487278278,0.0
1786995193.899908,100.73319125175476,-0.11499168914018995,0.020686045514634478,0.0016927581647862774,0.00024284536487278278,0.0
1786995193.908547,100.74183011054993,-0.11499169255308797,0.0206860459284201,0.0016933368856867914,0.00024284539241802494,6.69916160846709e-05
1786995193.9188447,100.75212788581848,-0.11499169255308797,0.0206860459284201,0.0016933368856867914,0.00024284539241802494,0.0
1786995193.9362426,100.76952576637268,-0.11499169255308797,0.0206860459284201,0.0016933368856867914,0.00024284539241802494,0.0
1786995193.947695,100.78097820281982,-0.11499169255308797,0.0206860459284201,0.0016933368856867914,0.00024284539241802494,0.0
1786995193.9707658,100.80404901504517,-0.11499169255308797,0.0206860459284201,0.0016933368856867914,0.00024284539241802494,0.0
1786995193.9714832,100.80476641654968,-0.11499169255308797,0.0206860459284201,0.0016933368856867914,0.00024284539241802494,0.0
1786995193.9724648,100.80574798583984,-0.11499169597498002,0.02068604634329619,0.0016939171316057572,0.00024284542518439073,0.0005911514989262153
1786995193.9836633,100.81694650650024,-0.11499169597498002,0.02068604634329619,0.0016939171316057572,0.00024284542518439073,0.0
1786995194.0123687,100.8456518650055,-0.11499169597498002,0.02068604634329619,0.0016939171316057572,0.00024284542518439073,0.0
1786995194.0279655,100.86124873161316,-0.11499169597498002,0.02068604634329619,0.0016939171316057572,0.00024284542518439073,0.0
1786995194.0422294,100.87551259994507,-0.11499169597498002,0.02068604634329619,0.0016939171316057572,0.00024284542518439073,0.0
1786995194.0513504,100.88463354110718,-0.11499169597498002,0.02068604634329619,0.0016939171316057572,0.00024284542518439073,0.0
1786995194.0642014,100.89748454093933,-0.11499169945521982,0.020686046765246477,0.0016945072713910672,0.0002428454655285587,4.5922512318688603e-05
1786995194.086175,100.91945815086365,-0.11499169945521982,0.020686046765246477,0.0016945072713910672,0.0002428454655285587,0.0
1786995194.0890954,100.92237854003906,-0.11499169945521982,0.020686046765246477,0.0016945072713910672,0.0002428454655285587,0.0
1786995194.1033187,100.93660187721252,-0.11499169945521982,0.020686046765246477,0.0016945072713910672,0.0002428454655285587,0.0
1786995194.1304731,100.96375632286072,-0.11499169945521982,0.020686046765246477,0.0016945072713910672,0.0002428454655285587,0.0
1786995194.1426578,100.97594094276428,-0.11499169945521982,0.020686046765246477,0.0016945072713910672,0.0002428454655285587,0.0
1786995194.1451218,100.9784049987793,-0.11499169945521982,0.020686046765246477,0.0016945072713910672,0.0002428454655285587,0.0
1786995194.1585188,100.99180197715759,-0.11499169945521982,0.020686046765246477,0.0016945072713910672,0.0002428454655285587,0.0
1786995194.1712112,101.00449442863464,-0.11499170293663291,0.020686047187339053,0.0016950976099858253,0.0002428455158925778,4.651181941707542e-05
1786995194.183183,101.01646614074707,-0.11499170293663291,0.020686047187339053,0.0016950976099858253,0.0002428455158925778,0.0
1786995194.1957989,101.02908205986023,-0.11499170293663291,0.020686047187339053,0.0016950976099858253,0.0002428455158925778,0.0
1786995194.2044892,101.03777241706848,-0.11499170293663291,0.020686047187339053,0.0016950976099858253,0.0002428455158925778,0.0
1786995194.2182393,101.05152249336243,-0.11499170293663291,0.020686047187339053,0.0016950976099858253,0.0002428455158925778,0.0
1786995194.2402682,101.0735514163971,-0.11499170293663291,0.020686047187339053,0.0016950976099858253,0.0002428455158925778,0.0
1786995194.2798479,101.11313104629517,-0.11499170293663291,0.020686047187339053,0.0016950976099858253,0.0002428455158925778,0.0
1786995194.2803817,101.11366486549377,-0.11499170293663291,0.020686047187339053,0.0016950976099858253,0.0002428455158925778,0.0
1786995194.2806034,101.11388659477234,-0.11499170293663291,0.020686047187339053,0.0016950976099858253,0.0002428455158925778,0.0
1786995194.2807965,101.11407971382141,-0.11499170293663291,0.020686047187339053,0.0016950976099858253,0.0002428455158925778,0.0
1786995194.2895472,101.12283039093018,-0.11499170293663291,0.020686047187339053,0.0016950976099858253,0.0002428455158925778,0.0
1786995194.3130248,101.14630794525146,-0.11499170293663291,0.020686047187339053,0.0016950976099858253,0.0002428455158925778,0.0
1786995194.3206897,101.153972864151,-0.11499170638742348,0.020686047605718887,0.0016956827558204102,0.00024284558106395942,7.634212011080629e-05
1786995194.3211174,101.15440058708191,-0.11499170638742348,0.020686047605718887,0.0016956827558204102,0.00024284558106395942,0.0
1786995194.3352919,101.16857504844666,-0.11499170638742348,0.020686047605718887,0.0016956827558204102,0.00024284558106395942,0.0
1786995194.3455038,101.17878699302673,-0.11499170638742348,0.020686047605718887,0.0016956827558204102,0.00024284558106395942,0.0
1786995194.3658814,101.19916462898254,-0.11499170638742348,0.020686047605718887,0.0016956827558204102,0.00024284558106395942,0.0
1786995194.3809142,101.21419739723206,-0.11499170638742348,0.020686047605718887,0.0016956827558204102,0.00024284558106395942,0.0
1786995194.3967342,101.23001742362976,-0.11499170638742348,0.020686047605718887,0.0016956827558204102,0.00024284558106395942,0.0
1786995194.4054792,101.23876237869263,-0.11499170638742348,0.020686047605718887,0.0016956827558204102,0.00024284558106395942,0.0
1786995194.423223,101.2565062046051,-0.11499170638742348,0.020686047605718887,0.0016956827558204102,0.00024284558106395942,0.0
1786995194.434215,101.267498254776,-0.11499170638742348,0.020686047605718887,0.0016956827558204102,0.00024284558106395942,0.0
1786995194.444261,101.27754426002502,-0.11499170638742348,0.020686047605718887,0.0016956827558204102,0.00024284558106395942,0.0
1786995194.4582982,101.29158139228821,-0.11499170638742348,0.020686047605718887,0.0016956827558204102,0.00024284558106395942,0.0
1786995194.4800656,101.3133487701416,-0.11499170638742348,0.020686047605718887,0.0016956827558204102,0.00024284558106395942,0.0
1786995194.4934666,101.32674980163574,-0.11499170983051686,0.020686048023165655,0.0016962665962262369,0.0002428456729585878,4.356759460937098e-05
1786995194.504304,101.3375871181488,-0.11499170983051686,0.020686048023165655,0.0016962665962262369,0.0002428456729585878,0.0
1786995194.5132499,101.34653306007385,-0.11499170983051686,0.020686048023165655,0.0016962665962262369,0.0002428456729585878,0.0
1786995194.5366015,101.36988472938538,-0.11499170983051686,0.020686048023165655,0.0016962665962262369,0.0002428456729585878,0.0
1786995194.5511873,101.38447046279907,-0.11499170983051686,0.020686048023165655,0.0016962665962262369,0.0002428456729585878,0.0
1786995194.55926,101.39254307746887,-0.11499170983051686,0.020686048023165655,0.0016962665962262369,0.0002428456729585878,0.0
1786995194.5713491,101.4046323299408,-0.11499170983051686,0.020686048023165655,0.0016962665962262369,0.0002428456729585878,0.0
1786995194.5925524,101.42583560943604,-0.11499170983051686,0.020686048023165655,0.0016962665962262369,0.0002428456729585878,0.0
1786995194.611468,101.4447512626648,-0.11499170983051686,0.020686048023165655,0.0016962665962262369,0.0002428456729585878,0.0
1786995194.6181514,101.45143461227417,-0.11499170983051686,0.020686048023165655,0.0016962665962262369,0.0002428456729585878,0.0
1786995194.630737,101.46402025222778,-0.11499170983051686,0.020686048023165655,0.0016962665962262369,0.0002428456729585878,0.0
1786995194.6413968,101.47467994689941,-0.11499170983051686,0.020686048023165655,0.0016962665962262369,0.0002428456729585878,0.0
1786995194.6622949,101.4955780506134,-0.11499170983051686,0.020686048023165655,0.0016962665962262369,0.0002428456729585878,0.0
1786995194.6755054,101.50878858566284,-0.11499170983051686,0.020686048023165655,0.0016962665962262369,0.0002428456729585878,0.0
1786995194.694781,101.52806425094604,-0.11499170983051686,0.020686048023165655,0.0016962665962262369,0.0002428456729585878,0.0
1786995194.6997826,101.53306579589844,-0.11499170983051686,0.020686048023165655,0.0016962665962262369,0.0002428456729585878,0.0
1786995194.7241654,101.55744862556458,-0.11499170983051686,0.020686048023165655,0.0016962665962262369,0.0002428456729585878,0.0
1786995194.736338,101.5696210861206,-0.11499170983051686,0.020686048023165655,0.0016962665962262369,0.0002428456729585878,0.0
1786995194.7517755,101.58505868911743,-0.11499170983051686,0.020686048023165655,0.0016962665962262369,0.0002428456729585878,0.0
